{"scores":{"ACH-000004":0.139151265,"ACH-000005":3.572233482,"ACH-000007":3.644221006,"ACH-000009":3.213771281,"ACH-000011":3.428581327,"ACH-000012":-14.06906034,"ACH-000013":3.618074885,"ACH-000014":3.597670261,"ACH-000015":3.451051808,"ACH-000017":3.680760534,"ACH-000018":2.686930212,"ACH-000019":3.48164774,"ACH-000021":-8.339454885,"ACH-000022":3.611961838,"ACH-000024":2.098148966,"ACH-000025":3.185520817,"ACH-000028":3.26463872,"ACH-000029":-20,"ACH-000030":-10.69276246,"ACH-000035":3.54675378,"ACH-000036":3.688664163,"ACH-000037":0.117091579,"ACH-000039":3.600625504,"ACH-000040":3.444977739,"ACH-000041":3.630063019,"ACH-000042":1.376973134,"ACH-000045":2.356823135,"ACH-000047":-4.677587729,"ACH-000048":3.312693318,"ACH-000052":2.954621622,"ACH-000053":3.624282571,"ACH-000054":3.288222035,"ACH-000055":2.740051662,"ACH-000060":1.227057424,"ACH-000067":3.604023246,"ACH-000070":3.605642729,"ACH-000074":3.335588901,"ACH-000075":2.818366612,"ACH-000076":3.551359849,"ACH-000078":2.859104554,"ACH-000082":3.677036052,"ACH-000085":3.474747014,"ACH-000086":3.563834744,"ACH-000087":3.582808709,"ACH-000092":3.069005216,"ACH-000095":3.073827568,"ACH-000096":3.333457051,"ACH-000097":3.479507241,"ACH-000098":3.482754309,"ACH-000099":2.719345458,"ACH-000108":2.803217877,"ACH-000111":3.578991631,"ACH-000113":3.391165672,"ACH-000114":3.361847586,"ACH-000115":3.038338162,"ACH-000116":3.363699856,"ACH-000118":-15.71388736,"ACH-000120":-0.087595065,"ACH-000123":3.415677611,"ACH-000127":0.001089951,"ACH-000128":3.645738336,"ACH-000132":3.683250041,"ACH-000133":3.501342213,"ACH-000137":3.372189206,"ACH-000138":-3.672202884,"ACH-000141":3.206711979,"ACH-000142":3.112733815,"ACH-000143":2.629864743,"ACH-000146":-3.575871422,"ACH-000148":3.690001792,"ACH-000150":0.472160316,"ACH-000151":3.65632928,"ACH-000152":2.904695507,"ACH-000153":3.344965844,"ACH-000159":-2.632260571,"ACH-000160":2.555744744,"ACH-000163":3.639037592,"ACH-000164":-4.640150632,"ACH-000167":3.611214693,"ACH-000168":3.656314119,"ACH-000169":2.590833339,"ACH-000174":3.011640592,"ACH-000178":1.735609528,"ACH-000182":1.992797619,"ACH-000183":3.6491279,"ACH-000187":3.689470338,"ACH-000188":-0.147832564,"ACH-000189":2.94161389,"ACH-000190":3.480823523,"ACH-000198":3.598174069,"ACH-000200":2.891153476,"ACH-000202":3.365068993,"ACH-000204":3.586618405,"ACH-000206":3.478808797,"ACH-000207":2.684029896,"ACH-000209":3.419595445,"ACH-000211":3.377349396,"ACH-000212":3.537415541,"ACH-000215":3.202289564,"ACH-000217":3.682130021,"ACH-000219":3.270267769,"ACH-000221":3.532606709,"ACH-000222":3.336263095,"ACH-000223":0.355938674,"ACH-000226":2.330286414,"ACH-000227":3.415232666,"ACH-000228":2.791085191,"ACH-000231":1.385815322,"ACH-000232":2.835673147,"ACH-000233":1.605843921,"ACH-000234":0.528703565,"ACH-000235":-2.316253197,"ACH-000237":3.536859604,"ACH-000238":3.68370604,"ACH-000243":0.849512106,"ACH-000244":3.687075756,"ACH-000246":3.621869139,"ACH-000247":3.686791646,"ACH-000248":3.175562391,"ACH-000249":2.027676311,"ACH-000250":-15.52169476,"ACH-000251":3.370574305,"ACH-000253":0.050718226,"ACH-000255":3.489128135,"ACH-000256":-1.021473471,"ACH-000257":3.686485866,"ACH-000258":3.479179397,"ACH-000259":3.482134776,"ACH-000260":3.652109802,"ACH-000261":3.66073369,"ACH-000262":1.963532338,"ACH-000263":0.149099414,"ACH-000264":3.105822367,"ACH-000265":1.390103879,"ACH-000266":-0.262618157,"ACH-000271":3.213198355,"ACH-000272":3.616715937,"ACH-000273":2.04610969,"ACH-000274":3.675118044,"ACH-000276":3.618083725,"ACH-000277":3.516815991,"ACH-000278":3.495362931,"ACH-000279":3.689703228,"ACH-000280":1.871098487,"ACH-000281":3.269190895,"ACH-000286":3.230431914,"ACH-000288":3.53604416,"ACH-000290":3.496835538,"ACH-000291":3.626897799,"ACH-000292":1.802394489,"ACH-000293":2.262197854,"ACH-000294":3.279403905,"ACH-000295":2.2265417,"ACH-000296":2.889236804,"ACH-000302":3.435927759,"ACH-000304":3.557493849,"ACH-000305":3.127441636,"ACH-000307":3.375761935,"ACH-000308":2.368277433,"ACH-000310":1.565238196,"ACH-000311":3.159659932,"ACH-000312":1.936915286,"ACH-000315":3.680985575,"ACH-000316":3.689814736,"ACH-000317":2.646364816,"ACH-000318":3.663852109,"ACH-000319":2.934723594,"ACH-000320":3.236051871,"ACH-000322":3.668065562,"ACH-000323":1.409996208,"ACH-000324":-20,"ACH-000326":3.039636999,"ACH-000329":3.689882573,"ACH-000330":3.5357464,"ACH-000331":3.676196146,"ACH-000332":2.695342234,"ACH-000334":3.601384927,"ACH-000335":2.871007422,"ACH-000336":2.45684286,"ACH-000337":3.430143091,"ACH-000339":3.163195459,"ACH-000341":3.647576373,"ACH-000343":3.636789536,"ACH-000344":3.644520095,"ACH-000348":3.654222142,"ACH-000350":3.003378014,"ACH-000352":3.491214183,"ACH-000355":3.676896045,"ACH-000356":3.671530484,"ACH-000361":3.538111063,"ACH-000362":3.672915836,"ACH-000363":3.6785066,"ACH-000364":3.561886202,"ACH-000365":3.598604523,"ACH-000366":3.677248147,"ACH-000368":3.688779548,"ACH-000370":3.687795648,"ACH-000374":3.449365422,"ACH-000375":3.678192508,"ACH-000376":3.531173682,"ACH-000377":3.445937561,"ACH-000378":3.566139366,"ACH-000381":3.663053078,"ACH-000383":3.024095354,"ACH-000385":2.442480481,"ACH-000387":1.204569585,"ACH-000389":0.109065536,"ACH-000390":3.412259659,"ACH-000393":3.542413118,"ACH-000395":-2.501439672,"ACH-000397":2.979592732,"ACH-000401":2.759236043,"ACH-000402":2.261364008,"ACH-000403":1.668414065,"ACH-000404":3.68333025,"ACH-000405":3.676859367,"ACH-000406":3.560328265,"ACH-000407":2.411890218,"ACH-000408":1.272062845,"ACH-000410":2.547709695,"ACH-000411":3.295088069,"ACH-000414":3.690051455,"ACH-000415":3.467377758,"ACH-000416":3.557384702,"ACH-000420":3.572265935,"ACH-000421":3.498065777,"ACH-000422":3.673756455,"ACH-000424":3.543330628,"ACH-000425":3.655720357,"ACH-000426":3.683069174,"ACH-000427":-0.610590057,"ACH-000431":3.686868142,"ACH-000433":2.268963412,"ACH-000434":3.68973849,"ACH-000435":3.202352242,"ACH-000436":3.674569565,"ACH-000437":3.449311505,"ACH-000438":3.572210615,"ACH-000444":3.406848924,"ACH-000445":3.510343953,"ACH-000448":3.684082836,"ACH-000450":3.198969324,"ACH-000452":3.690082642,"ACH-000454":3.207862851,"ACH-000458":-0.883508729,"ACH-000459":3.536669682,"ACH-000460":-0.164706108,"ACH-000461":3.600360982,"ACH-000463":1.747919491,"ACH-000464":3.628443527,"ACH-000466":3.51318677,"ACH-000467":2.614979168,"ACH-000468":3.589133938,"ACH-000469":3.637997934,"ACH-000470":-6.727542484,"ACH-000471":3.133740824,"ACH-000472":3.484557446,"ACH-000473":2.902479252,"ACH-000475":3.441385942,"ACH-000476":1.792253123,"ACH-000477":3.531535035,"ACH-000478":3.59469208,"ACH-000480":1.859318667,"ACH-000481":3.533899404,"ACH-000483":3.306502653,"ACH-000484":3.169234176,"ACH-000485":3.063193042,"ACH-000486":3.261748781,"ACH-000487":3.641009417,"ACH-000488":3.02344225,"ACH-000490":3.550297279,"ACH-000491":3.613653345,"ACH-000493":3.630127935,"ACH-000495":3.307458539,"ACH-000496":2.525076089,"ACH-000498":3.207748303,"ACH-000499":3.065961293,"ACH-000500":3.603747398,"ACH-000502":2.229732884,"ACH-000503":2.420196922,"ACH-000504":1.533252466,"ACH-000505":3.554908728,"ACH-000507":3.227330413,"ACH-000510":1.664589424,"ACH-000511":2.990946641,"ACH-000512":3.64687445,"ACH-000514":1.06159851,"ACH-000516":3.406086584,"ACH-000517":3.355066157,"ACH-000518":0.721464478,"ACH-000520":3.653469254,"ACH-000521":1.385950619,"ACH-000522":3.28976698,"ACH-000524":3.689791355,"ACH-000527":-9.065087671,"ACH-000528":3.294817809,"ACH-000535":3.543098183,"ACH-000537":2.71877787,"ACH-000541":2.496180539,"ACH-000542":3.683626691,"ACH-000544":3.600548599,"ACH-000545":2.061541339,"ACH-000547":3.538873701,"ACH-000548":3.660809563,"ACH-000549":2.507504708,"ACH-000550":3.688264658,"ACH-000551":3.631384654,"ACH-000552":3.53833229,"ACH-000556":3.669457445,"ACH-000557":3.636612513,"ACH-000563":0.203749401,"ACH-000570":-0.525969296,"ACH-000571":3.678270892,"ACH-000573":3.293277701,"ACH-000576":3.550181204,"ACH-000577":3.410016169,"ACH-000579":3.656525411,"ACH-000580":3.623236126,"ACH-000581":3.677281983,"ACH-000583":3.434310391,