{"scores":{"ACH-000004":0,"ACH-000005":0.821094087,"ACH-000007":2.295889736,"ACH-000009":2.840621298,"ACH-000011":2.845199055,"ACH-000012":-8.040062479,"ACH-000013":2.695560143,"ACH-000014":2.728200247,"ACH-000015":0,"ACH-000017":2.846425182,"ACH-000018":-0.252873733,"ACH-000019":2.79551533,"ACH-000021":2.707191844,"ACH-000022":2.695780565,"ACH-000024":2.736437452,"ACH-000025":2.539700308,"ACH-000028":-5.240512603,"ACH-000029":0,"ACH-000030":-20,"ACH-000035":0,"ACH-000036":2.547670423,"ACH-000037":-0.89703922,"ACH-000039":2.652854319,"ACH-000040":-0.858307172,"ACH-000041":2.67820021,"ACH-000042":-1.351830136,"ACH-000045":-20,"ACH-000047":-13.02239348,"ACH-000048":2.305380288,"ACH-000052":2.028621777,"ACH-000053":2.684554535,"ACH-000054":2.73885213,"ACH-000055":2.141887196,"ACH-000060":2.661455313,"ACH-000067":2.407883911,"ACH-000070":2.63038645,"ACH-000074":2.865385674,"ACH-000075":2.401901932,"ACH-000076":1.903684706,"ACH-000078":2.368315761,"ACH-000082":2.864854733,"ACH-000085":2.773206987,"ACH-000086":1.384726246,"ACH-000087":2.14801676,"ACH-000092":2.427578939,"ACH-000095":1.748977934,"ACH-000096":2.767636026,"ACH-000097":2.864707442,"ACH-000098":2.595298958,"ACH-000099":2.614804557,"ACH-000108":1.778731863,"ACH-000111":0.748169798,"ACH-000113":-17.59099319,"ACH-000114":2.844672391,"ACH-000115":1.43112569,"ACH-000116":2.865085665,"ACH-000118":1.798844801,"ACH-000120":2.75808079,"ACH-000123":-2.238326008,"ACH-000127":-20,"ACH-000128":0,"ACH-000132":2.846242099,"ACH-000133":2.749913111,"ACH-000137":2.793639083,"ACH-000138":2.667594163,"ACH-000141":0,"ACH-000142":2.842064166,"ACH-000143":0.695061419,"ACH-000146":-20,"ACH-000148":2.865334312,"ACH-000150":2.862571568,"ACH-000151":1.444593761,"ACH-000152":2.614230584,"ACH-000153":-8.535992234,"ACH-000159":2.86443433,"ACH-000160":2.865801187,"ACH-000163":0.830178312,"ACH-000164":-5.763012547,"ACH-000167":2.64409661,"ACH-000168":-20,"ACH-000169":0.453669423,"ACH-000174":2.865505688,"ACH-000178":-12.20592957,"ACH-000182":0,"ACH-000183":-20,"ACH-000187":0,"ACH-000188":1.840519314,"ACH-000189":2.728936156,"ACH-000190":2.049210904,"ACH-000198":-18.81146321,"ACH-000200":2.109553766,"ACH-000202":2.863071099,"ACH-000204":2.62003975,"ACH-000206":-11.73579239,"ACH-000207":1.642312153,"ACH-000209":2.823373782,"ACH-000211":2.698256725,"ACH-000212":2.66204419,"ACH-000215":2.8450884,"ACH-000217":2.861412807,"ACH-000219":2.838622496,"ACH-000221":2.307326956,"ACH-000222":2.815864845,"ACH-000223":2.837839669,"ACH-000226":2.862938184,"ACH-000227":2.865885607,"ACH-000228":0,"ACH-000231":2.865852812,"ACH-000232":2.703949321,"ACH-000233":-11.79596536,"ACH-000234":2.544859398,"ACH-000235":2.569811719,"ACH-000237":2.805207432,"ACH-000238":2.618750644,"ACH-000243":2.466677006,"ACH-000244":2.848761883,"ACH-000246":2.865885607,"ACH-000247":2.245740838,"ACH-000248":1.99967592,"ACH-000249":2.860495605,"ACH-000250":2.463388453,"ACH-000251":0,"ACH-000253":1.311822994,"ACH-000255":2.864676872,"ACH-000256":2.854752709,"ACH-000257":2.865885607,"ACH-000258":0,"ACH-000259":-20,"ACH-000260":2.396192946,"ACH-000261":2.865885607,"ACH-000262":-1.828900544,"ACH-000263":-20,"ACH-000264":2.633255719,"ACH-000265":-1.305969948,"ACH-000266":-20,"ACH-000271":2.498821333,"ACH-000272":2.841870526,"ACH-000273":0,"ACH-000274":2.767029891,"ACH-000276":2.744464934,"ACH-000277":1.088940777,"ACH-000278":2.841783465,"ACH-000279":2.329552758,"ACH-000280":2.824705786,"ACH-000281":2.461079502,"ACH-000286":2.492760427,"ACH-000288":2.746716685,"ACH-000290":2.647129478,"ACH-000291":0,"ACH-000292":1.683525315,"ACH-000293":2.865498659,"ACH-000294":-7.164446733,"ACH-000295":2.511232858,"ACH-000296":2.452939389,"ACH-000302":2.008077135,"ACH-000304":0.993508132,"ACH-000305":2.771975258,"ACH-000307":2.741970541,"ACH-000308":2.712357967,"ACH-000310":2.285411134,"ACH-000311":1.877269416,"ACH-000312":2.725947106,"ACH-000315":0.595869223,"ACH-000316":1.722124412,"ACH-000317":2.4344633,"ACH-000318":-3.275028566,"ACH-000319":2.767115141,"ACH-000320":-20,"ACH-000322":0,"ACH-000323":2.865885607,"ACH-000324":-3.120359656,"ACH-000326":-20,"ACH-000329":2.210464789,"ACH-000330":0,"ACH-000331":1.527115461,"ACH-000332":2.208991725,"ACH-000334":-3.708871987,"ACH-000335":2.684090507,"ACH-000336":2.827233016,"ACH-000337":2.760315694,"ACH-000339":2.523558707,"ACH-000341":2.418531868,"ACH-000343":2.394878427,"ACH-000344":1.643965116,"ACH-000348":2.412130023,"ACH-000350":2.831944758,"ACH-000352":2.815226934,"ACH-000355":2.831443401,"ACH-000356":-7.241409294,"ACH-000361":-20,"ACH-000362":-20,"ACH-000363":2.846425324,"ACH-000364":2.865885607,"ACH-000365":-2.450356028,"ACH-000366":1.138602675,"ACH-000368":0.852805472,"ACH-000370":2.707435638,"ACH-000374":1.63114428,"ACH-000375":2.753300627,"ACH-000376":2.306256711,"ACH-000377":2.554154774,"ACH-000378":2.783570251,"ACH-000381":2.709924741,"ACH-000383":0,"ACH-000385":1.073691159,"ACH-000387":1.804640774,"ACH-000389":2.788255322,"ACH-000390":2.649710899,"ACH-000393":2.856142382,"ACH-000395":1.417974903,"ACH-000397":2.613954827,"ACH-000401":0.546148381,"ACH-000402":-5.454790464,"ACH-000403":1.386893565,"ACH-000404":2.639814288,"ACH-000405":-15.73431397,"ACH-000406":2.816699477,"ACH-000407":1.756683782,"ACH-000408":2.302050055,"ACH-000410":1.502795295,"ACH-000411":2.590588378,"ACH-000414":2.734560989,"ACH-000415":2.742607728,"ACH-000416":2.191373422,"ACH-000420":2.741195752,"ACH-000421":2.559267517,"ACH-000422":2.649178651,"ACH-000424":2.616617565,"ACH-000425":2.603762276,"ACH-000426":2.702537017,"ACH-000427":2.430550587,"ACH-000431":2.829643966,"ACH-000433":2.111615417,"ACH-000434":2.862334921,"ACH-000435":2.327343976,"ACH-000436":2.863291916,"ACH-000437":2.846624006,"ACH-000438":2.832369422,"ACH-000444":2.409775955,"ACH-000445":2.631959682,"ACH-000448":-3.825757177,"ACH-000450":-10.10278556,"ACH-000452":2.60475706,"ACH-000454":2.846102154,"ACH-000458":1.758635281,"ACH-000459":-20,"ACH-000460":-20,"ACH-000461":-0.008046128,"ACH-000463":2.865885607,"ACH-000464":2.77394304,"ACH-000466":2.688590477,"ACH-000467":0,"ACH-000468":2.861454298,"ACH-000469":-20,"ACH-000470":2.723864941,"ACH-000471":0,"ACH-000472":2.412747806,"ACH-000473":2.862900795,"ACH-000475":2.865865874,"ACH-000476":-2.506490121,"ACH-000477":0,"ACH-000478":2.603741418,"ACH-000480":0,"ACH-000481":2.840087111,"ACH-000483":0,"ACH-000484":-0.889665221,"ACH-000485":2.587021628,"ACH-000486":2.065192257,"ACH-000487":2.86374529,"ACH-000488":2.859954159,"ACH-000490":1.210850348,"ACH-000491":2.843487937,"ACH-000493":1.264215883,"ACH-000495":-5.921090792,"ACH-000496":-20,"ACH-000498":2.526507099,"ACH-000499":2.581003592,"ACH-000500":2.823106623,"ACH-000502":2.647492871,"ACH-000503":0.729236724,"ACH-000504":1.520662257,"ACH-000505":2.740730598,"ACH-000507":2.806128807,"ACH-000510":2.865885607,"ACH-000511":-0.348559349,"ACH-000512":2.008024413,"ACH-000514":2.537389383,"ACH-000516":2.725487351,"ACH-000517":1.756765441,"ACH-000518":2.122208077,"ACH-000520":0,"ACH-000521":1.863793652,"ACH-000522":2.860848061,"ACH-000524":2.865797473,"ACH-000527":1.91584705,"ACH-000528":2.236312971,"ACH-000535":2.105367644,"ACH-000537":1.116827072,"ACH-000541":1.893920844,"ACH-000542":-1.597406074,"ACH-000544":2.814646371,"ACH-000545":-1.179889291,"ACH-000547":2.743469318,"ACH-000548":1.124242285,"ACH-000549":2.860585533,"ACH-000550":1.478686095,"ACH-000551":2.712756215,"ACH-000552":2.862746766,"ACH-000556":1.666735261,"ACH-000557":2.440801283,"ACH-000563":2.675027803,"ACH-000570":2.094088968,"ACH-000571":1.048485736,"ACH-000573":2.794482403,"ACH-000576":2.507769622,"ACH-000577":2.857002645,"ACH-000579":2.834407404,"ACH-000580":1.373188575,"ACH-000581":-1.189082402,"ACH-000583":-20,"ACH-000584":1.043491658,"ACH-000585":2.865556638,"ACH-000587":0.874288934,"ACH-000588":2.157119105,"ACH-000589":2.14297348,"ACH-000591":2.077752792,"ACH-000592":2.852926646,"ACH-000593":0,"ACH-000596":2.800670033,"ACH-000599":2.865885607,"ACH-000600":2.827847983,"ACH-000601":2.638705969,"ACH-000604":-20,"ACH-000605":2.863567963,