{"scores":{"ACH-000004":1.688660013,"ACH-000005":1.6594879,"ACH-000007":0.910829503,"ACH-000009":1.00859399,"ACH-000011":1.203481036,"ACH-000012":-3.46672068,"ACH-000013":1.649122052,"ACH-000014":1.596216087,"ACH-000015":1.265631203,"ACH-000017":1.688093886,"ACH-000018":1.539890278,"ACH-000019":1.535412124,"ACH-000021":1.445831627,"ACH-000022":1.094099608,"ACH-000024":0.26597433,"ACH-000025":0.481269034,"ACH-000028":-0.867498645,"ACH-000029":0.159939878,"ACH-000030":-0.252745897,"ACH-000035":1.618931601,"ACH-000036":-0.12042088,"ACH-000037":-1.125673646,"ACH-000039":1.460984839,"ACH-000040":1.624791432,"ACH-000041":1.23633643,"ACH-000042":0.974936077,"ACH-000045":1.645739131,"ACH-000047":1.209875574,"ACH-000048":1.434665221,"ACH-000052":1.596848317,"ACH-000053":1.232062139,"ACH-000054":1.165720286,"ACH-000055":-3.761095162,"ACH-000060":1.2466576,"ACH-000067":1.236920557,"ACH-000070":1.686445689,"ACH-000074":1.685658734,"ACH-000075":1.66580313,"ACH-000076":1.622371611,"ACH-000078":1.56979517,"ACH-000082":1.67842851,"ACH-000085":0.994416944,"ACH-000086":1.682719041,"ACH-000087":0.282790199,"ACH-000092":1.688748114,"ACH-000095":1.67677294,"ACH-000096":1.679947765,"ACH-000097":1.187442976,"ACH-000098":0.905224402,"ACH-000099":1.367842243,"ACH-000108":0.662956944,"ACH-000111":0.340145311,"ACH-000113":1.644046946,"ACH-000114":0.739506355,"ACH-000115":-1.021718677,"ACH-000116":-0.24031221,"ACH-000118":1.469157983,"ACH-000120":-0.164539059,"ACH-000123":1.659967172,"ACH-000127":1.492271065,"ACH-000128":-3.325368398,"ACH-000132":0.810062869,"ACH-000133":1.522675869,"ACH-000137":1.459794664,"ACH-000138":-4.078847201,"ACH-000141":0.101964262,"ACH-000142":-4.573313482,"ACH-000143":1.155788713,"ACH-000146":1.684384853,"ACH-000148":1.138009451,"ACH-000150":-1.192136692,"ACH-000151":1.414007953,"ACH-000152":1.360260671,"ACH-000153":1.519196181,"ACH-000159":-3.581388827,"ACH-000160":-1.026695323,"ACH-000163":1.63359474,"ACH-000164":1.688063666,"ACH-000167":1.442091308,"ACH-000168":1.685766498,"ACH-000169":1.554247593,"ACH-000174":0.88978182,"ACH-000178":1.298472576,"ACH-000182":-1.248949644,"ACH-000183":1.355530877,"ACH-000187":1.680115385,"ACH-000188":-0.897499828,"ACH-000189":-0.32360434,"ACH-000190":0.450468015,"ACH-000198":1.673519556,"ACH-000200":1.688484149,"ACH-000202":0.280622535,"ACH-000204":1.626329447,"ACH-000206":1.66404857,"ACH-000207":-0.27312347,"ACH-000209":0.736295243,"ACH-000211":-1.069909184,"ACH-000212":0.257345959,"ACH-000215":1.688768814,"ACH-000217":1.665331775,"ACH-000219":-3.943503737,"ACH-000221":1.295740812,"ACH-000222":0.596006175,"ACH-000223":1.682586378,"ACH-000226":1.471798497,"ACH-000227":1.677070877,"ACH-000228":1.591567788,"ACH-000231":1.092893693,"ACH-000232":1.005993407,"ACH-000233":-0.521948815,"ACH-000234":1.649627326,"ACH-000235":1.555703276,"ACH-000237":1.440804305,"ACH-000238":-0.339186018,"ACH-000243":1.248152899,"ACH-000244":-5.375686583,"ACH-000246":0.675650416,"ACH-000247":0.443992544,"ACH-000248":1.603250177,"ACH-000249":0.452305839,"ACH-000250":0.944809336,"ACH-000251":-1.927607127,"ACH-000253":0.191313104,"ACH-000255":1.520322832,"ACH-000256":-0.421188157,"ACH-000257":0.223305386,"ACH-000258":1.610775761,"ACH-000259":1.673305291,"ACH-000260":0.489914558,"ACH-000261":0.052755397,"ACH-000262":-2.917919169,"ACH-000263":1.198049805,"ACH-000264":1.663096846,"ACH-000265":0.863629348,"ACH-000266":-1.028168884,"ACH-000271":-0.677512107,"ACH-000272":1.688255642,"ACH-000273":1.170948343,"ACH-000274":1.643445567,"ACH-000276":-7.110314377,"ACH-000277":1.465519363,"ACH-000278":1.673732301,"ACH-000279":1.360831914,"ACH-000280":-2.726773375,"ACH-000281":1.218802211,"ACH-000286":1.003185815,"ACH-000288":0.493386563,"ACH-000290":1.568609086,"ACH-000291":-5.507221769,"ACH-000292":1.629821729,"ACH-000293":0.656762344,"ACH-000294":1.678439356,"ACH-000295":-0.806144778,"ACH-000296":1.254999922,"ACH-000302":1.237127748,"ACH-000304":0.63080196,"ACH-000305":1.200878631,"ACH-000307":0.629138181,"ACH-000308":1.266329668,"ACH-000310":1.465840842,"ACH-000311":-1.023999072,"ACH-000312":1.482205227,"ACH-000315":0.762450609,"ACH-000316":1.050968028,"ACH-000317":0.974740411,"ACH-000318":1.569391883,"ACH-000319":1.666436933,"ACH-000320":-2.717863397,"ACH-000322":0.873022092,"ACH-000323":-2.274598508,"ACH-000324":-3.617328516,"ACH-000326":1.646783783,"ACH-000329":-0.153153557,"ACH-000330":0.716507621,"ACH-000331":1.139636499,"ACH-000332":0.574609521,"ACH-000334":1.684211856,"ACH-000335":-4.793403997,"ACH-000336":1.661442712,"ACH-000337":1.62031387,"ACH-000339":-3.787479862,"ACH-000341":1.684078451,"ACH-000343":1.54448528,"ACH-000344":-1.784069337,"ACH-000348":1.681973971,"ACH-000350":-1.336742743,"ACH-000352":1.68610108,"ACH-000355":1.587830349,"ACH-000356":1.670155574,"ACH-000361":1.022043814,"ACH-000362":1.509644655,"ACH-000363":0.555602787,"ACH-000364":1.533457755,"ACH-000365":1.667653371,"ACH-000366":1.663129688,"ACH-000368":1.605398692,"ACH-000370":1.48877234,"ACH-000374":-1.416601457,"ACH-000375":0.547463515,"ACH-000376":-0.707407163,"ACH-000377":-0.701574586,"ACH-000378":0.611481693,"ACH-000381":1.576248777,"ACH-000383":1.108279227,"ACH-000385":1.125179639,"ACH-000387":1.58712623,"ACH-000389":0.824662104,"ACH-000390":0.548802861,"ACH-000393":1.281097382,"ACH-000395":0.561949053,"ACH-000397":1.688574411,"ACH-000401":1.688298611,"ACH-000402":1.608618881,"ACH-000403":-1.315749101,"ACH-000404":1.688172189,"ACH-000405":0.980508507,"ACH-000406":1.688697846,"ACH-000407":-3.190762193,"ACH-000408":1.096489066,"ACH-000410":1.568690588,"ACH-000411":0.068570472,"ACH-000414":1.07422043,"ACH-000415":1.294222038,"ACH-000416":1.082998999,"ACH-000420":0.540890265,"ACH-000421":0.056394561,"ACH-000422":0.119289512,"ACH-000424":0.372429794,"ACH-000425":1.673804098,"ACH-000426":-1.238560941,"ACH-000427":-0.139868086,"ACH-000431":1.682342032,"ACH-000433":-3.879495767,"ACH-000434":0.889994417,"ACH-000435":0.644149745,"ACH-000436":1.030211498,"ACH-000437":1.628754847,"ACH-000438":1.626644927,"ACH-000444":1.352593252,"ACH-000445":1.249965976,"ACH-000448":1.540180524,"ACH-000450":1.31988623,"ACH-000452":1.641182401,"ACH-000454":-3.282052843,"ACH-000458":-4.790722019,"ACH-000459":0.963086362,"ACH-000460":-0.91552265,"ACH-000461":1.382605541,"ACH-000463":1.311444877,"ACH-000464":-1.509386177,"ACH-000466":-0.254289218,"ACH-000467":0.72589181,"ACH-000468":1.555031849,"ACH-000469":1.588492453,"ACH-000470":1.053546247,"ACH-000471":1.58267207,"ACH-000472":1.335814815,"ACH-000473":-0.938978371,"ACH-000475":1.62841995,"ACH-000476":-0.512380477,"ACH-000477":1.022731988,"ACH-000478":-2.431131714,"ACH-000480":1.444786329,"ACH-000481":1.262387984,"ACH-000483":1.597479186,"ACH-000484":0.255446451,"ACH-000485":1.666900977,"ACH-000486":1.427502525,"ACH-000487":1.611390991,"ACH-000488":-7.626424714,"ACH-000490":-5.244693409,"ACH-000491":1.674304388,"ACH-000493":0.071882012,"ACH-000495":1.538332811,"ACH-000496":0.766858031,"ACH-000498":1.348450959,"ACH-000499":1.604253477,"ACH-000500":-3.830764097,"ACH-000502":1.546790079,"ACH-000503":-1.272771198,"ACH-000504":-0.409871845,"ACH-000505":1.656517857,"ACH-000507":-0.593031423,"ACH-000510":1.660380235,"ACH-000511":0.874638444,"ACH-000512":1.680603246,"ACH-000514":1.29440434,"ACH-000516":0.071260469,"ACH-000517":1.640917764,"ACH-000518":0.63794404,"ACH-000520":-2.965036496,"ACH-000521":-0.720468125,"ACH-000522":-0.580967923,"ACH-000524":0.904989531,"ACH-000527":0.312270973,"ACH-000528":1.687843157,"ACH-000535":-4.352370521,"ACH-000537":1.510212518,"ACH-000541":1.68831423,"ACH-000542":1.08387056,"ACH-000544":-3.649024398,"ACH-000545":0.960544966,"ACH-000547":1.034367268,"ACH-000548":1.214697028,"ACH-000549":1.148411918,"ACH-000550":1.496330716,"ACH-000551":0.953662759,"ACH-000552":1.59903756,"ACH-000556":-2.861242292,"ACH-000557":1.398553795,"ACH-000563":0.923346268,"ACH-000570":1.025021034,"ACH-000571":1.362135909,"ACH-000573":1.240115719,"ACH-000576":1.185934003,"ACH-000577":1.482709413,"ACH-000579":1.688746907,"ACH-000580":0.762980426,