{"scores":{"ACH-000004":3.646646348,"ACH-000005":3.607342027,"ACH-000007":-12.44105992,"ACH-000009":3.500699123,"ACH-000011":3.566658813,"ACH-000012":3.831656191,"ACH-000013":3.673726269,"ACH-000014":2.45925856,"ACH-000015":3.589397846,"ACH-000017":3.793538111,"ACH-000018":3.75499683,"ACH-000019":3.88288813,"ACH-000021":3.671525413,"ACH-000022":-6.160944324,"ACH-000024":2.800760409,"ACH-000025":3.458847772,"ACH-000028":3.688970552,"ACH-000029":3.741516323,"ACH-000030":3.899924048,"ACH-000035":-20,"ACH-000036":3.084510454,"ACH-000037":3.856120767,"ACH-000039":3.882436378,"ACH-000040":3.858388841,"ACH-000041":3.17669195,"ACH-000042":3.743600841,"ACH-000045":2.240513947,"ACH-000047":2.982328124,"ACH-000048":3.502654653,"ACH-000052":3.788148456,"ACH-000053":3.283496807,"ACH-000054":3.624681655,"ACH-000055":3.714337586,"ACH-000060":3.206134554,"ACH-000067":3.775760976,"ACH-000070":3.667334261,"ACH-000074":3.849811333,"ACH-000075":3.865392876,"ACH-000076":3.29001968,"ACH-000078":3.827540112,"ACH-000082":3.896201141,"ACH-000085":2.148833008,"ACH-000086":2.963396675,"ACH-000087":3.749640157,"ACH-000092":3.259880632,"ACH-000095":3.858669997,"ACH-000096":3.076664447,"ACH-000097":-20,"ACH-000098":3.763114662,"ACH-000099":2.086751546,"ACH-000108":3.452556864,"ACH-000111":2.913085884,"ACH-000113":3.899768635,"ACH-000114":3.730025505,"ACH-000115":3.453713364,"ACH-000116":3.773482205,"ACH-000118":3.770215531,"ACH-000120":3.879394676,"ACH-000123":3.654091016,"ACH-000127":3.711164301,"ACH-000128":3.244100911,"ACH-000132":3.567305023,"ACH-000133":3.868639962,"ACH-000137":3.269660717,"ACH-000138":2.646866118,"ACH-000141":3.64052757,"ACH-000142":3.722338431,"ACH-000143":3.724933866,"ACH-000146":3.897363547,"ACH-000148":3.898164848,"ACH-000150":3.78885511,"ACH-000151":3.888724741,"ACH-000152":3.82183869,"ACH-000153":3.899927865,"ACH-000159":3.410135342,"ACH-000160":3.663195835,"ACH-000163":0.844431122,"ACH-000164":3.163241833,"ACH-000167":3.873387261,"ACH-000168":3.870422906,"ACH-000169":3.898017707,"ACH-000174":3.543914443,"ACH-000178":3.507000402,"ACH-000182":3.871284017,"ACH-000183":3.811381339,"ACH-000187":3.871219261,"ACH-000188":3.878885047,"ACH-000189":3.629455246,"ACH-000190":3.753710831,"ACH-000198":3.41222717,"ACH-000200":3.867318367,"ACH-000202":3.890777017,"ACH-000204":3.851751836,"ACH-000206":3.558508681,"ACH-000207":3.849641379,"ACH-000209":-0.478641738,"ACH-000211":3.677678582,"ACH-000212":3.856685118,"ACH-000215":3.834465895,"ACH-000217":3.73224181,"ACH-000219":3.830374149,"ACH-000221":3.761704603,"ACH-000222":3.432684754,"ACH-000223":3.822317901,"ACH-000226":2.89348465,"ACH-000227":3.889307153,"ACH-000228":3.794829293,"ACH-000231":3.548769584,"ACH-000232":3.562309443,"ACH-000233":3.786701951,"ACH-000234":3.863994264,"ACH-000235":3.685643808,"ACH-000237":3.885692083,"ACH-000238":1.551565228,"ACH-000243":2.529378237,"ACH-000244":3.455553435,"ACH-000246":3.756631288,"ACH-000247":-5.926346146,"ACH-000248":3.85385317,"ACH-000249":-0.995558819,"ACH-000250":3.686889489,"ACH-000251":2.115738066,"ACH-000253":2.69879422,"ACH-000255":3.815127696,"ACH-000256":3.670444149,"ACH-000257":3.589492484,"ACH-000258":2.307651686,"ACH-000259":2.906214665,"ACH-000260":3.881663854,"ACH-000261":3.711001945,"ACH-000262":3.795431803,"ACH-000263":2.951485616,"ACH-000264":2.967729355,"ACH-000265":3.699605824,"ACH-000266":2.204337792,"ACH-000271":3.888747567,"ACH-000272":3.863506639,"ACH-000273":3.893256846,"ACH-000274":2.874846518,"ACH-000276":2.638705155,"ACH-000277":2.575405315,"ACH-000278":3.721603111,"ACH-000279":3.58031097,"ACH-000280":3.84896338,"ACH-000281":2.133826717,"ACH-000286":3.516516573,"ACH-000288":3.594982939,"ACH-000290":2.57076548,"ACH-000291":3.756317956,"ACH-000292":3.89456218,"ACH-000293":3.72128997,"ACH-000294":3.885078203,"ACH-000295":3.875383792,"ACH-000296":3.222917999,"ACH-000302":3.812992179,"ACH-000304":1.976165146,"ACH-000305":3.689043156,"ACH-000307":3.770735862,"ACH-000308":3.741261932,"ACH-000310":3.831695617,"ACH-000311":-3.432007364,"ACH-000312":3.474637405,"ACH-000315":3.886569282,"ACH-000316":3.880719583,"ACH-000317":3.89860115,"ACH-000318":3.899686539,"ACH-000319":-1.141671951,"ACH-000320":3.785136225,"ACH-000322":3.813125436,"ACH-000323":3.741787151,"ACH-000324":3.544778611,"ACH-000326":3.60343909,"ACH-000329":3.891276902,"ACH-000330":3.85609137,"ACH-000331":3.884877306,"ACH-000332":3.409031802,"ACH-000334":3.867022611,"ACH-000335":3.879974877,"ACH-000336":2.555241668,"ACH-000337":2.660335022,"ACH-000339":2.44875921,"ACH-000341":3.900196744,"ACH-000343":2.362663679,"ACH-000344":3.049226618,"ACH-000348":3.804094772,"ACH-000350":3.89678218,"ACH-000352":3.022701952,"ACH-000355":3.723493474,"ACH-000356":1.451679944,"ACH-000361":3.506400577,"ACH-000362":3.892007844,"ACH-000363":3.899987306,"ACH-000364":3.855335091,"ACH-000365":2.662567291,"ACH-000366":3.774792481,"ACH-000368":3.177287717,"ACH-000370":2.98461705,"ACH-000374":3.765250309,"ACH-000375":3.723390342,"ACH-000376":3.272105052,"ACH-000377":3.899269239,"ACH-000378":3.459377951,"ACH-000381":3.699361658,"ACH-000383":3.810032912,"ACH-000385":3.898336639,"ACH-000387":3.857009873,"ACH-000389":2.666211863,"ACH-000390":3.840805365,"ACH-000393":3.734968683,"ACH-000395":3.850344743,"ACH-000397":3.784806905,"ACH-000401":3.024988223,"ACH-000402":3.62464099,"ACH-000403":-0.68500496,"ACH-000404":3.582470201,"ACH-000405":3.534911575,"ACH-000406":3.591197542,"ACH-000407":3.646476086,"ACH-000408":-20,"ACH-000410":3.882991849,"ACH-000411":3.475597905,"ACH-000414":3.546264623,"ACH-000415":2.770543679,"ACH-000416":-20,"ACH-000420":3.892491684,"ACH-000421":3.344773754,"ACH-000422":2.358737654,"ACH-000424":3.723644205,"ACH-000425":2.256735773,"ACH-000426":3.895408836,"ACH-000427":3.804884808,"ACH-000431":3.805372695,"ACH-000433":3.898543957,"ACH-000434":2.103164543,"ACH-000435":-20,"ACH-000436":3.714611032,"ACH-000437":3.797233225,"ACH-000438":2.390414319,"ACH-000444":3.132553827,"ACH-000445":3.731406635,"ACH-000448":3.896203915,"ACH-000450":3.320970593,"ACH-000452":2.757336031,"ACH-000454":3.864689506,"ACH-000458":2.735968847,"ACH-000459":3.808372395,"ACH-000460":3.88763001,"ACH-000461":3.809637248,"ACH-000463":3.143902232,"ACH-000464":3.676345336,"ACH-000466":3.884847842,"ACH-000467":-6.462111243,"ACH-000468":3.758899317,"ACH-000469":2.994324166,"ACH-000470":3.87018391,"ACH-000471":3.889676978,"ACH-000472":3.832123647,"ACH-000473":3.818373741,"ACH-000475":3.895155971,"ACH-000476":3.726010925,"ACH-000477":3.618292736,"ACH-000478":3.493605443,"ACH-000480":3.050228921,"ACH-000481":3.356546915,"ACH-000483":3.677213736,"ACH-000484":2.85152999,"ACH-000485":3.801521946,"ACH-000486":3.897524122,"ACH-000487":3.635318222,"ACH-000488":3.452838781,"ACH-000490":3.85317848,"ACH-000491":3.767919338,"ACH-000493":3.265112052,"ACH-000495":3.761844871,"ACH-000496":3.849394845,"ACH-000498":3.584555386,"ACH-000499":3.900214988,"ACH-000500":3.601890533,"ACH-000502":3.899504708,"ACH-000503":3.382302681,"ACH-000504":3.872666347,"ACH-000505":3.899939268,"ACH-000507":3.751880837,"ACH-000510":3.057597474,"ACH-000511":3.752787418,"ACH-000512":3.897537535,"ACH-000514":3.672275866,"ACH-000516":3.57655478,"ACH-000517":3.621584349,"ACH-000518":3.870415407,"ACH-000520":2.96771118,"ACH-000521":2.649476205,"ACH-000522":3.060454818,"ACH-000524":3.89931952,"ACH-000527":3.897793147,"ACH-000528":3.89467697,"ACH-000535":2.987932047,"ACH-000537":3.900218828,"ACH-000541":2.458898964,"ACH-000542":3.830708977,"ACH-000544":3.501412013,"ACH-000545":3.702133237,"ACH-000547":3.386810433,"ACH-000548":2.141682692,"ACH-000549":3.784627769,"ACH-000550":3.635640393,"ACH-000551":3.512481989,"ACH-000552":-3.128145658,"ACH-000556":3.792383877,"ACH-000557":3.72393284,"ACH-000563":3.488644024,"ACH-000570":3.544461158,"ACH-000571":3.272762901,"ACH-000573":3.86268304,"ACH-000576":3.733255574,"ACH-000577":3.868637816,"ACH-000579":2.922896952,"ACH-000580":-0.283615495,"ACH-000581":2.158477909,"ACH-000583":3.724897609,"ACH-000584":3.301353362,"ACH-000585":3.271828691,