{"scores":{"ACH-000004":2.015446772,"ACH-000005":2.001274256,"ACH-000007":2.017861022,"ACH-000009":1.517731094,"ACH-000011":1.96776686,"ACH-000012":1.531445284,"ACH-000013":1.618948718,"ACH-000014":1.700306248,"ACH-000015":1.887783656,"ACH-000017":1.33153147,"ACH-000018":1.671504727,"ACH-000019":1.753907864,"ACH-000021":1.509312435,"ACH-000022":1.7273517,"ACH-000024":1.565329074,"ACH-000025":1.238010729,"ACH-000028":1.507180637,"ACH-000029":-3.261618587,"ACH-000030":-20,"ACH-000035":1.637708382,"ACH-000036":1.467258797,"ACH-000037":1.576485041,"ACH-000039":0.954880511,"ACH-000040":1.527933809,"ACH-000041":1.555273526,"ACH-000042":-20,"ACH-000045":-10.04779179,"ACH-000047":-4.15781036,"ACH-000048":2.013276187,"ACH-000052":0.511733838,"ACH-000053":1.954499562,"ACH-000054":0.797133464,"ACH-000055":1.28197376,"ACH-000060":1.483836839,"ACH-000067":1.977106505,"ACH-000070":1.321639019,"ACH-000074":-20,"ACH-000075":1.956150889,"ACH-000076":-5.049200072,"ACH-000078":1.97088295,"ACH-000082":2.009839021,"ACH-000085":1.988638569,"ACH-000086":1.525689925,"ACH-000087":-0.022549329,"ACH-000092":-20,"ACH-000095":2.014784038,"ACH-000096":1.729581408,"ACH-000097":1.977841225,"ACH-000098":1.403405002,"ACH-000099":1.611494623,"ACH-000108":1.32947993,"ACH-000111":1.884353985,"ACH-000113":-16.94204499,"ACH-000114":1.947352307,"ACH-000115":-20,"ACH-000116":1.59157833,"ACH-000118":-1.341036204,"ACH-000120":1.424590436,"ACH-000123":2.017861022,"ACH-000127":1.828444042,"ACH-000128":-20,"ACH-000132":2.015292911,"ACH-000133":1.619833816,"ACH-000137":1.913607959,"ACH-000138":-0.216753989,"ACH-000141":1.947906067,"ACH-000142":1.846705838,"ACH-000143":1.944931131,"ACH-000146":-20,"ACH-000148":1.843670117,"ACH-000150":-20,"ACH-000151":2.00658223,"ACH-000152":1.671079974,"ACH-000153":1.325908411,"ACH-000159":-20,"ACH-000160":-0.483169706,"ACH-000163":1.268611901,"ACH-000164":1.549190106,"ACH-000167":-20,"ACH-000168":1.886835407,"ACH-000169":1.924064796,"ACH-000174":1.791063411,"ACH-000178":1.916627169,"ACH-000182":2.012417569,"ACH-000183":-5.43585673,"ACH-000187":-3.958472182,"ACH-000188":1.564875597,"ACH-000189":-20,"ACH-000190":1.989354132,"ACH-000198":-8.27876085,"ACH-000200":-20,"ACH-000202":-20,"ACH-000204":1.638643852,"ACH-000206":-20,"ACH-000207":1.910069672,"ACH-000209":2.017034407,"ACH-000211":1.989440499,"ACH-000212":2.017859161,"ACH-000215":2.008312731,"ACH-000217":-20,"ACH-000219":1.556755075,"ACH-000221":1.860249009,"ACH-000222":-20,"ACH-000223":2.002111455,"ACH-000226":-3.989605586,"ACH-000227":1.944987284,"ACH-000228":-0.250108643,"ACH-000231":1.94960231,"ACH-000232":0.934840395,"ACH-000233":-20,"ACH-000234":1.62392379,"ACH-000235":1.659569619,"ACH-000237":0.537262119,"ACH-000238":2.017861022,"ACH-000243":1.673636901,"ACH-000244":1.349909084,"ACH-000246":2.016976661,"ACH-000247":2.017764747,"ACH-000248":1.773669423,"ACH-000249":1.57009583,"ACH-000250":1.848181773,"ACH-000251":-20,"ACH-000253":1.980145568,"ACH-000255":-20,"ACH-000256":1.607868642,"ACH-000257":1.722765268,"ACH-000258":1.676762569,"ACH-000259":1.914926706,"ACH-000260":2.007097422,"ACH-000261":1.897024972,"ACH-000262":1.940525098,"ACH-000263":1.901865833,"ACH-000264":1.380575162,"ACH-000265":1.909491463,"ACH-000266":1.372420675,"ACH-000271":1.142171373,"ACH-000272":1.989593756,"ACH-000273":1.84868998,"ACH-000274":1.824356396,"ACH-000276":1.940461387,"ACH-000277":1.143786359,"ACH-000278":1.886353218,"ACH-000279":1.285018596,"ACH-000280":-20,"ACH-000281":1.349961643,"ACH-000286":2.007253391,"ACH-000288":2.004053392,"ACH-000290":1.546568936,"ACH-000291":1.546524592,"ACH-000292":1.938344121,"ACH-000293":1.610533551,"ACH-000294":0.672482622,"ACH-000295":1.236799468,"ACH-000296":2.017861022,"ACH-000302":1.978497002,"ACH-000304":1.997501298,"ACH-000305":1.704047277,"ACH-000307":1.181708874,"ACH-000308":2.004572935,"ACH-000310":1.653098256,"ACH-000311":1.7141772,"ACH-000312":1.551668427,"ACH-000315":-1.977569943,"ACH-000316":1.390385659,"ACH-000317":-20,"ACH-000318":-20,"ACH-000319":1.861727845,"ACH-000320":-20,"ACH-000322":1.977840246,"ACH-000323":2.010769196,"ACH-000324":1.933314234,"ACH-000326":-10.25851369,"ACH-000329":-20,"ACH-000330":1.575656982,"ACH-000331":1.996881032,"ACH-000332":1.972673321,"ACH-000334":-20,"ACH-000335":1.348679101,"ACH-000336":1.952855751,"ACH-000337":1.314516292,"ACH-000339":-20,"ACH-000341":1.958091776,"ACH-000343":1.746250215,"ACH-000344":-20,"ACH-000348":1.767539775,"ACH-000350":1.229796137,"ACH-000352":-20,"ACH-000355":1.784276935,"ACH-000356":1.584673591,"ACH-000361":1.996105857,"ACH-000362":-12.4855471,"ACH-000363":1.802882387,"ACH-000364":1.945794246,"ACH-000365":-4.894930322,"ACH-000366":1.515931925,"ACH-000368":2.013796496,"ACH-000370":1.262723102,"ACH-000374":1.916805631,"ACH-000375":1.704545267,"ACH-000376":1.766247825,"ACH-000377":1.997678845,"ACH-000378":-0.709033473,"ACH-000381":-20,"ACH-000383":-20,"ACH-000385":-0.354936554,"ACH-000387":1.981523587,"ACH-000389":1.489607154,"ACH-000390":-1.294485652,"ACH-000393":2.005762636,"ACH-000395":2.016662516,"ACH-000397":1.977701637,"ACH-000401":1.928864981,"ACH-000402":-20,"ACH-000403":1.971644455,"ACH-000404":1.820261413,"ACH-000405":-0.702340719,"ACH-000406":-14.64405498,"ACH-000407":1.851685588,"ACH-000408":1.257916225,"ACH-000410":1.75853998,"ACH-000411":-20,"ACH-000414":1.338280728,"ACH-000415":1.66206235,"ACH-000416":1.891033852,"ACH-000420":1.77753696,"ACH-000421":-20,"ACH-000422":1.762627451,"ACH-000424":-0.436206562,"ACH-000425":1.56620207,"ACH-000426":1.606100964,"ACH-000427":1.295395005,"ACH-000431":1.982362023,"ACH-000433":2.009116506,"ACH-000434":1.241945286,"ACH-000435":1.646213467,"ACH-000436":1.780424687,"ACH-000437":1.884105342,"ACH-000438":2.014202692,"ACH-000444":1.520969551,"ACH-000445":1.629367331,"ACH-000448":-20,"ACH-000450":0.900895145,"ACH-000452":2.015589531,"ACH-000454":-0.970968069,"ACH-000458":1.893351558,"ACH-000459":-20,"ACH-000460":2.002538258,"ACH-000461":-20,"ACH-000463":1.86176645,"ACH-000464":1.386940119,"ACH-000466":1.436189372,"ACH-000467":1.328537072,"ACH-000468":-20,"ACH-000469":1.970085042,"ACH-000470":2.017861022,"ACH-000471":1.898453425,"ACH-000472":1.972110104,"ACH-000473":1.566873734,"ACH-000475":1.711903886,"ACH-000476":1.755356917,"ACH-000477":1.562742923,"ACH-000478":2.015368498,"ACH-000480":1.975412557,"ACH-000481":-20,"ACH-000483":-20,"ACH-000484":1.475808668,"ACH-000485":1.405421413,"ACH-000486":1.721301943,"ACH-000487":0.691893732,"ACH-000488":-1.354499186,"ACH-000490":1.689629376,"ACH-000491":1.900530607,"ACH-000493":1.841602289,"ACH-000495":1.72331839,"ACH-000496":1.945746609,"ACH-000498":2.01751408,"ACH-000499":2.016253536,"ACH-000500":-20,"ACH-000502":2.013627381,"ACH-000503":2.011606739,"ACH-000504":1.95562465,"ACH-000505":1.859384488,"ACH-000507":1.729922241,"ACH-000510":1.908348534,"ACH-000511":1.846713209,"ACH-000512":-1.45745165,"ACH-000514":1.66853504,"ACH-000516":2.001752263,"ACH-000517":1.608503402,"ACH-000518":2.015545224,"ACH-000520":1.855685642,"ACH-000521":-20,"ACH-000522":1.70601871,"ACH-000524":2.01784716,"ACH-000527":2.017582115,"ACH-000528":1.812287865,"ACH-000535":2.01341196,"ACH-000537":1.60675471,"ACH-000541":-20,"ACH-000542":1.938118691,"ACH-000544":-0.375499108,"ACH-000545":0.935378447,"ACH-000547":1.872249021,"ACH-000548":1.561251055,"ACH-000549":1.849545699,"ACH-000550":1.577400273,"ACH-000551":1.698027441,"ACH-000552":-20,"ACH-000556":2.011181284,"ACH-000557":2.005857955,"ACH-000563":-20,"ACH-000570":1.996053978,"ACH-000571":-20,"ACH-000573":-20,"ACH-000576":1.99487494,"ACH-000577":1.97115984,"ACH-000579":1.968918653,"ACH-000580":1.921815265,"ACH-000581":1.933611587,"ACH-000583":-1.817198057,"ACH-000584":2.016111424,"ACH-000585":1.840029762,"ACH-000587":2.012332936,"ACH-000588":-4.299026845,"ACH-000589":1.975043422,"ACH-000591":1.405407834,"ACH-000592":1.879343255,"ACH-000593":1.371339577,"ACH-000596":2.017071902,"ACH-000599":1.939111709,"ACH-000600":1.930718911,"ACH-000601":1.483903039,"ACH-000604":1.875059557,"ACH-000605":-0.31413301,