{"scores":{"ACH-000004":-2.1521411,"ACH-000005":-2.534623134,"ACH-000007":7.47149505,"ACH-000009":-2.523985649,"ACH-000011":-1.612829523,"ACH-000012":0.184637781,"ACH-000013":-2.024974891,"ACH-000014":-0.28690035,"ACH-000015":-2.46683644,"ACH-000017":-2.514726904,"ACH-000018":-0.923275551,"ACH-000019":-2.547879862,"ACH-000021":-1.766167846,"ACH-000022":-0.628499414,"ACH-000024":-1.546842129,"ACH-000025":-0.959701643,"ACH-000028":-2.529320147,"ACH-000029":2.047152916,"ACH-000030":-2.006499265,"ACH-000035":-1.605267948,"ACH-000036":0.069978535,"ACH-000037":-0.515435829,"ACH-000039":-1.80091396,"ACH-000040":1.782568957,"ACH-000041":0.40742417,"ACH-000042":0.467688362,"ACH-000045":-1.642269767,"ACH-000047":-2.490940311,"ACH-000048":-2.367497277,"ACH-000052":-0.645749458,"ACH-000053":-0.634905602,"ACH-000054":-1.948347626,"ACH-000055":-1.258468213,"ACH-000060":1.027963134,"ACH-000067":-1.245340884,"ACH-000070":1.733597242,"ACH-000074":-2.529252862,"ACH-000075":-1.056471431,"ACH-000076":-2.085408392,"ACH-000078":-0.500307656,"ACH-000082":-2.262910779,"ACH-000085":-2.504401331,"ACH-000086":-0.473442494,"ACH-000087":-1.832828618,"ACH-000092":-0.515888398,"ACH-000095":3.185533609,"ACH-000096":3.693481962,"ACH-000097":-2.509469558,"ACH-000098":0.679320039,"ACH-000099":-0.214944498,"ACH-000108":-0.913763626,"ACH-000111":-0.262442434,"ACH-000113":-2.32303775,"ACH-000114":-2.286784574,"ACH-000115":4.946872206,"ACH-000116":-1.655332827,"ACH-000118":-2.300969528,"ACH-000120":-1.779737266,"ACH-000123":2.334580467,"ACH-000127":-1.18765517,"ACH-000128":-0.499938375,"ACH-000132":-0.828475236,"ACH-000133":-2.003836904,"ACH-000137":-1.914449497,"ACH-000138":-2.417441847,"ACH-000141":5.852436865,"ACH-000142":2.65141557,"ACH-000143":7.657872429,"ACH-000146":-2.404958752,"ACH-000148":1.342810479,"ACH-000150":-0.275169776,"ACH-000151":0.09835246,"ACH-000152":-0.494298959,"ACH-000153":-0.728674064,"ACH-000159":-0.464227243,"ACH-000160":-2.50802532,"ACH-000163":-0.945705493,"ACH-000164":0.170877695,"ACH-000167":-2.383423241,"ACH-000168":-2.550863095,"ACH-000169":-2.508147404,"ACH-000174":2.810734941,"ACH-000178":-2.506302482,"ACH-000182":-2.069355787,"ACH-000183":-2.53977565,"ACH-000187":-1.372113389,"ACH-000188":-2.512408098,"ACH-000189":-2.357639364,"ACH-000190":-0.825810232,"ACH-000198":-2.538297645,"ACH-000200":-2.395049505,"ACH-000202":-0.282910881,"ACH-000204":-2.115401326,"ACH-000206":-1.560984676,"ACH-000207":-1.758511198,"ACH-000209":-2.415715611,"ACH-000211":-0.17517778,"ACH-000212":-2.331946137,"ACH-000215":-0.542690743,"ACH-000217":-1.482201217,"ACH-000219":-2.542636434,"ACH-000221":-1.573266701,"ACH-000222":-1.22600554,"ACH-000223":-1.958757495,"ACH-000226":-1.402349473,"ACH-000227":-2.319038777,"ACH-000228":-2.303967679,"ACH-000231":-1.700790631,"ACH-000232":5.13335185,"ACH-000233":0.805271428,"ACH-000234":5.075294726,"ACH-000235":-1.451045065,"ACH-000237":0.452558301,"ACH-000238":-2.52095457,"ACH-000243":-2.394375378,"ACH-000244":-1.539815965,"ACH-000246":-0.600279632,"ACH-000247":-2.00954867,"ACH-000248":-2.551309601,"ACH-000249":-2.063988493,"ACH-000250":-2.21714446,"ACH-000251":0.38331396,"ACH-000253":-2.29594584,"ACH-000255":-1.257317026,"ACH-000256":-1.51975184,"ACH-000257":-2.119668606,"ACH-000258":-1.83152415,"ACH-000259":-1.095648056,"ACH-000260":4.087749239,"ACH-000261":-2.45557444,"ACH-000262":-2.108371387,"ACH-000263":-2.283927224,"ACH-000264":-1.835550885,"ACH-000265":-2.284915172,"ACH-000266":-0.714443394,"ACH-000271":-2.545761658,"ACH-000272":-0.740809459,"ACH-000273":-1.577702464,"ACH-000274":-2.500867327,"ACH-000276":-2.396866916,"ACH-000277":-2.472628609,"ACH-000278":-2.210285465,"ACH-000279":-0.962195114,"ACH-000280":0.318737111,"ACH-000281":-1.002580148,"ACH-000286":-2.543469752,"ACH-000288":-1.43235512,"ACH-000290":-1.342673102,"ACH-000291":-2.050944926,"ACH-000292":-2.077469316,"ACH-000293":-2.546178716,"ACH-000294":-2.215621543,"ACH-000295":-2.527643991,"ACH-000296":-2.220403624,"ACH-000302":-1.142877211,"ACH-000304":-1.130786695,"ACH-000305":-2.248527605,"ACH-000307":-0.002853098,"ACH-000308":-1.816711695,"ACH-000310":-0.878534218,"ACH-000311":1.627768677,"ACH-000312":-0.140865108,"ACH-000315":-2.314098638,"ACH-000316":-2.503278682,"ACH-000317":-2.529962472,"ACH-000318":-1.267495649,"ACH-000319":-2.444702628,"ACH-000320":2.894012774,"ACH-000322":-0.814271255,"ACH-000323":4.983382003,"ACH-000324":-1.810692992,"ACH-000326":-2.301169369,"ACH-000329":-2.547003708,"ACH-000330":-2.417472915,"ACH-000331":0.788123789,"ACH-000332":-1.971366934,"ACH-000334":-0.49639123,"ACH-000335":-1.126134411,"ACH-000336":5.023641607,"ACH-000337":-2.466536029,"ACH-000339":-1.545387276,"ACH-000341":3.932752991,"ACH-000343":-1.312819564,"ACH-000344":-1.55528399,"ACH-000348":-2.226513465,"ACH-000350":-1.680991904,"ACH-000352":-2.311801616,"ACH-000355":-2.20711789,"ACH-000356":-1.970374572,"ACH-000361":-0.784309784,"ACH-000362":1.122421246,"ACH-000363":-0.764718963,"ACH-000364":-1.318584652,"ACH-000365":-0.930726074,"ACH-000366":-1.060214421,"ACH-000368":0.56375122,"ACH-000370":-0.933217075,"ACH-000374":-2.29455376,"ACH-000375":1.740010179,"ACH-000376":4.447070428,"ACH-000377":-0.237149199,"ACH-000378":-2.551015193,"ACH-000381":-0.643256942,"ACH-000383":-0.2883537,"ACH-000385":0.918459959,"ACH-000387":-2.078720327,"ACH-000389":-2.248586977,"ACH-000390":0.783090444,"ACH-000393":-2.11435746,"ACH-000395":0.886715786,"ACH-000397":-2.425244637,"ACH-000401":-2.415661002,"ACH-000402":-1.400274215,"ACH-000403":-0.727976255,"ACH-000404":6.536932112,"ACH-000405":-2.061695521,"ACH-000406":-2.165716453,"ACH-000407":1.320371672,"ACH-000408":-2.417626501,"ACH-000410":-0.697876318,"ACH-000411":0.506503395,"ACH-000414":0.989552177,"ACH-000415":-2.550706458,"ACH-000416":-0.197879237,"ACH-000420":-2.391781729,"ACH-000421":-1.086874989,"ACH-000422":-2.442193376,"ACH-000424":1.131622975,"ACH-000425":2.969045241,"ACH-000426":-2.268812454,"ACH-000427":-2.31201987,"ACH-000431":-1.835825162,"ACH-000433":-1.693775005,"ACH-000434":-0.946209192,"ACH-000435":-1.865186155,"ACH-000436":-2.043947081,"ACH-000437":-2.332799945,"ACH-000438":-2.125485048,"ACH-000444":-1.530532672,"ACH-000445":-1.506391776,"ACH-000448":-1.11731564,"ACH-000450":0.078490969,"ACH-000452":-1.978878308,"ACH-000454":-2.453700213,"ACH-000458":-2.221588531,"ACH-000459":-2.287780295,"ACH-000460":-2.542999406,"ACH-000461":-2.526311153,"ACH-000463":2.785111536,"ACH-000464":7.243243413,"ACH-000466":-2.518714639,"ACH-000467":0.506031189,"ACH-000468":-2.082213096,"ACH-000469":-1.584270011,"ACH-000470":-2.30493095,"ACH-000471":-2.001666048,"ACH-000472":-2.550447363,"ACH-000473":2.030314299,"ACH-000475":3.130766484,"ACH-000476":-1.569516736,"ACH-000477":4.083974327,"ACH-000478":0.016181525,"ACH-000480":0.062243012,"ACH-000481":-0.568729587,"ACH-000483":-2.340353864,"ACH-000484":-2.209420552,"ACH-000485":-2.217496665,"ACH-000486":-2.322573108,"ACH-000487":-2.546436076,"ACH-000488":-2.00709513,"ACH-000490":-1.549349346,"ACH-000491":-1.043680435,"ACH-000493":-1.585729597,"ACH-000495":-1.746896719,"ACH-000496":10.59484622,"ACH-000498":-1.632334625,"ACH-000499":-1.936242849,"ACH-000500":-1.405608995,"ACH-000502":-2.423575462,"ACH-000503":-1.397638774,"ACH-000504":-1.969178003,"ACH-000505":0.389567014,"ACH-000507":-2.482707561,"ACH-000510":-1.703001634,"ACH-000511":-0.343159984,"ACH-000512":-2.156975902,"ACH-000514":-1.183405218,"ACH-000516":-0.488159875,"ACH-000517":-2.541234,"ACH-000518":-2.452104496,"ACH-000520":-1.374017838,"ACH-000521":3.002966484,"ACH-000522":-1.398325182,"ACH-000524":-2.073893699,"ACH-000527":-1.90150682,"ACH-000528":-1.25541375,"ACH-000535":1.64175395,"ACH-000537":-2.545984962,"ACH-000541":-2.291253193,"ACH-000542":1.144442968,"ACH-000544":-1.916360294,"ACH-000545":-0.816721817,"ACH-000547":-2.095111583,"ACH-000548":-2.414009689,"ACH-000549":-1.346115201,"ACH-000550":-0.856814025,"ACH-000551":-1.798406641,"ACH-000552":2.357218333,"ACH-000556":-1.384901773,"ACH-000557":0.159668796,"ACH-000563":-2.456458846,