{"scores":{"ACH-000004":0,"ACH-000005":1.405334799,"ACH-000007":-2.020772545,"ACH-000009":2.47292915,"ACH-000011":-0.72889581,"ACH-000012":1.970034775,"ACH-000013":2.235740761,"ACH-000014":2.500865844,"ACH-000015":0,"ACH-000017":2.236673189,"ACH-000018":2.469151531,"ACH-000019":2.430093006,"ACH-000021":2.431120291,"ACH-000022":2.027881616,"ACH-000024":2.229919557,"ACH-000025":0.396025815,"ACH-000028":1.56602131,"ACH-000029":0,"ACH-000030":2.499483569,"ACH-000035":0,"ACH-000036":-9.184921385,"ACH-000037":2.422641372,"ACH-000039":0.483084476,"ACH-000040":0.735675515,"ACH-000041":2.488547807,"ACH-000042":2.334186156,"ACH-000045":2.2145099,"ACH-000047":2.117557395,"ACH-000048":-0.368343245,"ACH-000052":2.048636748,"ACH-000053":2.486470711,"ACH-000054":-1.84130587,"ACH-000055":2.12744547,"ACH-000060":2.49962106,"ACH-000067":-2.83538149,"ACH-000070":2.465768982,"ACH-000074":1.920519167,"ACH-000075":-4.464493882,"ACH-000076":0.923995928,"ACH-000078":2.467587914,"ACH-000082":1.272548671,"ACH-000085":2.09811913,"ACH-000086":1.284187462,"ACH-000087":-0.768632746,"ACH-000092":1.541291106,"ACH-000095":2.417437439,"ACH-000096":1.017421038,"ACH-000097":1.272475294,"ACH-000098":2.499665038,"ACH-000099":-0.342331384,"ACH-000108":2.501228998,"ACH-000111":2.491907433,"ACH-000113":2.385711724,"ACH-000114":1.705653989,"ACH-000115":1.256361956,"ACH-000116":1.795659122,"ACH-000118":-1.770933706,"ACH-000120":-20,"ACH-000123":0.594127178,"ACH-000127":0.252953252,"ACH-000128":0,"ACH-000132":0.936617705,"ACH-000133":1.52865332,"ACH-000137":1.851742091,"ACH-000138":2.492215473,"ACH-000141":0,"ACH-000142":1.947591438,"ACH-000143":2.298820038,"ACH-000146":2.505140739,"ACH-000148":-2.179511665,"ACH-000150":2.032468039,"ACH-000151":0.820056269,"ACH-000152":-15.68995756,"ACH-000153":1.425222278,"ACH-000159":-1.073581578,"ACH-000160":2.234644418,"ACH-000163":0.582226527,"ACH-000164":2.503619253,"ACH-000167":2.233294764,"ACH-000168":2.505343136,"ACH-000169":-8.283804602,"ACH-000174":-20,"ACH-000178":-20,"ACH-000182":0,"ACH-000183":1.790929899,"ACH-000187":0,"ACH-000188":2.453667006,"ACH-000189":-0.102179369,"ACH-000190":1.703529728,"ACH-000198":2.5019593,"ACH-000200":-2.932988663,"ACH-000202":2.430901657,"ACH-000204":2.073314822,"ACH-000206":2.486782671,"ACH-000207":1.884221035,"ACH-000209":-1.250740796,"ACH-000211":-1.29731103,"ACH-000212":-7.63444277,"ACH-000215":1.764605794,"ACH-000217":-0.485394976,"ACH-000219":2.391277614,"ACH-000221":2.503793722,"ACH-000222":2.505343136,"ACH-000223":-20,"ACH-000226":2.232941986,"ACH-000227":0.249565027,"ACH-000228":0,"ACH-000231":2.27465004,"ACH-000232":-6.703895512,"ACH-000233":2.449982538,"ACH-000234":1.015047293,"ACH-000235":1.600521878,"ACH-000237":1.485250455,"ACH-000238":2.464001195,"ACH-000243":2.505343136,"ACH-000244":-20,"ACH-000246":2.447703606,"ACH-000247":1.695928527,"ACH-000248":2.31038506,"ACH-000249":0.912538603,"ACH-000250":1.837515636,"ACH-000251":0,"ACH-000253":2.505343136,"ACH-000255":-20,"ACH-000256":2.219000781,"ACH-000257":2.338843548,"ACH-000258":0,"ACH-000259":2.464398264,"ACH-000260":2.505343136,"ACH-000261":-20,"ACH-000262":2.182180354,"ACH-000263":2.384659461,"ACH-000264":2.472236508,"ACH-000265":2.313665325,"ACH-000266":2.498948837,"ACH-000271":1.549176334,"ACH-000272":0.295667944,"ACH-000273":0,"ACH-000274":-0.363141676,"ACH-000276":2.485678999,"ACH-000277":2.367750348,"ACH-000278":1.805529232,"ACH-000279":2.224314653,"ACH-000280":2.500764878,"ACH-000281":1.161157499,"ACH-000286":2.038374853,"ACH-000288":-0.570068219,"ACH-000290":2.323900439,"ACH-000291":0,"ACH-000292":0.86457818,"ACH-000293":2.493420825,"ACH-000294":2.404251619,"ACH-000295":2.399033183,"ACH-000296":2.214628005,"ACH-000302":2.49068408,"ACH-000304":2.083243103,"ACH-000305":2.477862198,"ACH-000307":2.411831973,"ACH-000308":2.505343136,"ACH-000310":1.895476525,"ACH-000311":-20,"ACH-000312":2.146455906,"ACH-000315":0.94801501,"ACH-000316":1.901416946,"ACH-000317":2.481836618,"ACH-000318":2.471140826,"ACH-000319":2.358960956,"ACH-000320":1.727142862,"ACH-000322":0,"ACH-000323":-3.643083549,"ACH-000324":-20,"ACH-000326":1.78884295,"ACH-000329":2.349472294,"ACH-000330":0,"ACH-000331":-5.742314876,"ACH-000332":2.49945593,"ACH-000334":-1.125795907,"ACH-000335":-0.141851349,"ACH-000336":2.452018869,"ACH-000337":2.266598908,"ACH-000339":-0.274305404,"ACH-000341":2.388509494,"ACH-000343":2.313723349,"ACH-000344":2.491275723,"ACH-000348":0.782934689,"ACH-000350":2.316160379,"ACH-000352":2.504090075,"ACH-000355":2.209308691,"ACH-000356":2.289007669,"ACH-000361":2.086560926,"ACH-000362":2.019058965,"ACH-000363":1.382645049,"ACH-000364":1.178280832,"ACH-000365":2.359079314,"ACH-000366":0.091507366,"ACH-000368":2.47533528,"ACH-000370":1.462809045,"ACH-000374":-3.683764809,"ACH-000375":-20,"ACH-000376":2.433684824,"ACH-000377":0.310632455,"ACH-000378":2.505007695,"ACH-000381":2.483289626,"ACH-000383":0,"ACH-000385":0.367845708,"ACH-000387":2.353868523,"ACH-000389":1.062724303,"ACH-000390":2.254912631,"ACH-000393":2.504815256,"ACH-000395":2.193223127,"ACH-000397":-12.69996151,"ACH-000401":-1.561491956,"ACH-000402":1.032204453,"ACH-000403":-3.342274716,"ACH-000404":0.739910084,"ACH-000405":2.097930855,"ACH-000406":2.459952837,"ACH-000407":-5.196098806,"ACH-000408":2.22967804,"ACH-000410":1.648943163,"ACH-000411":-4.739338525,"ACH-000414":2.475677182,"ACH-000415":2.321605421,"ACH-000416":2.477294064,"ACH-000420":2.505226833,"ACH-000421":2.033961629,"ACH-000422":1.798788137,"ACH-000424":1.329923546,"ACH-000425":-2.119666039,"ACH-000426":2.484117258,"ACH-000427":1.861747036,"ACH-000431":2.493425071,"ACH-000433":0.949242683,"ACH-000434":2.184461402,"ACH-000435":2.390464378,"ACH-000436":0.908638948,"ACH-000437":2.46823324,"ACH-000438":1.534917362,"ACH-000444":1.776717198,"ACH-000445":2.50160775,"ACH-000448":1.014763228,"ACH-000450":2.365398948,"ACH-000452":2.131984662,"ACH-000454":-0.221756197,"ACH-000458":2.501719521,"ACH-000459":2.461921399,"ACH-000460":2.424406719,"ACH-000461":0.531134604,"ACH-000463":2.289535213,"ACH-000464":0.357595653,"ACH-000466":2.454617045,"ACH-000467":0,"ACH-000468":-2.875908896,"ACH-000469":2.11148185,"ACH-000470":2.378877162,"ACH-000471":0,"ACH-000472":-20,"ACH-000473":2.300760516,"ACH-000475":1.125159802,"ACH-000476":0.014738092,"ACH-000477":0,"ACH-000478":1.87596524,"ACH-000480":0,"ACH-000481":2.177342141,"ACH-000483":0,"ACH-000484":0.535718594,"ACH-000485":2.250543151,"ACH-000486":0.10493734,"ACH-000487":2.499563557,"ACH-000488":1.735728777,"ACH-000490":1.941678262,"ACH-000491":2.505343136,"ACH-000493":-12.34727487,"ACH-000495":-20,"ACH-000496":1.407734676,"ACH-000498":-0.222532653,"ACH-000499":0.223213193,"ACH-000500":2.505287788,"ACH-000502":2.239402649,"ACH-000503":2.387966857,"ACH-000504":1.959103344,"ACH-000505":1.634703613,"ACH-000507":2.423664731,"ACH-000510":2.505343136,"ACH-000511":-20,"ACH-000512":0.919030317,"ACH-000514":2.289168712,"ACH-000516":2.406135145,"ACH-000517":1.610586022,"ACH-000518":-9.141548864,"ACH-000520":0,"ACH-000521":2.456801662,"ACH-000522":2.013535467,"ACH-000524":1.882473904,"ACH-000527":1.989604157,"ACH-000528":-1.347190746,"ACH-000535":1.099643891,"ACH-000537":1.83505583,"ACH-000541":2.158751993,"ACH-000542":1.430081796,"ACH-000544":1.690932156,"ACH-000545":1.941463278,"ACH-000547":1.456659188,"ACH-000548":2.441516126,"ACH-000549":2.386422227,"ACH-000550":1.749251294,"ACH-000551":2.438083424,"ACH-000552":2.464639084,"ACH-000556":2.380814249,"ACH-000557":1.375990971,"ACH-000563":2.148570389,"ACH-000570":1.659968828,"ACH-000571":-18.12924802,"ACH-000573":-20,"ACH-000576":-0.761185602,"ACH-000577":-20,"ACH-000579":0.087260261,"ACH-000580":2.386052812,"ACH-000581":2.505343136,"ACH-000583":-2.307862516,"ACH-000584":-20,"ACH-000585":2.496441113,"ACH-000587":2.488403865,"ACH-000588":2.435320666,"ACH-000589":2.355869982,"ACH-000591":1.349189772,"ACH-000592":2.505343136,"ACH-000593":0,"ACH-000596":2.486035525,"ACH-000599":-20,"ACH-000600":2.366795418,"ACH-000601":2.114631124,"ACH-000604":1.970296882,