{"scores":{"ACH-000004":2.251299495,"ACH-000005":2.254957163,"ACH-000007":2.140328762,"ACH-000009":-0.747708653,"ACH-000011":2.128395164,"ACH-000012":2.179757448,"ACH-000013":1.838021819,"ACH-000014":1.273418955,"ACH-000015":2.289011015,"ACH-000017":-1.417470645,"ACH-000018":1.521010239,"ACH-000019":1.989861021,"ACH-000021":2.26967518,"ACH-000022":2.239221636,"ACH-000024":-0.014769222,"ACH-000025":2.023608881,"ACH-000028":1.892039584,"ACH-000029":2.283601012,"ACH-000030":1.843456505,"ACH-000035":-1.789609508,"ACH-000036":2.199765229,"ACH-000037":2.259502051,"ACH-000039":0.145437499,"ACH-000040":2.291887776,"ACH-000041":0.979031774,"ACH-000042":1.166607535,"ACH-000045":1.100767631,"ACH-000047":0.587741834,"ACH-000048":-0.115266119,"ACH-000052":-0.874746202,"ACH-000053":2.287502562,"ACH-000054":1.932162459,"ACH-000055":2.243849216,"ACH-000060":0.779774245,"ACH-000067":-0.701674751,"ACH-000070":1.096302805,"ACH-000074":1.595275657,"ACH-000075":2.026703248,"ACH-000076":0.784915804,"ACH-000078":2.24441966,"ACH-000082":2.20164204,"ACH-000085":0.777104965,"ACH-000086":2.148691077,"ACH-000087":2.199059249,"ACH-000092":-0.411310538,"ACH-000095":1.831069772,"ACH-000096":0.70973174,"ACH-000097":-1.586323225,"ACH-000098":1.494944755,"ACH-000099":2.270532865,"ACH-000108":-1.479717284,"ACH-000111":1.992407174,"ACH-000113":2.277758182,"ACH-000114":1.851060896,"ACH-000115":2.276367588,"ACH-000116":1.502876058,"ACH-000118":1.471783367,"ACH-000120":1.347923664,"ACH-000123":1.438757191,"ACH-000127":0.697130719,"ACH-000128":2.171983176,"ACH-000132":1.745237035,"ACH-000133":1.100031309,"ACH-000137":2.2561056,"ACH-000138":0.74558842,"ACH-000141":1.71997669,"ACH-000142":2.131822018,"ACH-000143":1.757255209,"ACH-000146":2.015825482,"ACH-000148":-0.750508623,"ACH-000150":2.043972586,"ACH-000151":2.039402614,"ACH-000152":0.479764995,"ACH-000153":1.532894312,"ACH-000159":1.505598019,"ACH-000160":2.257593304,"ACH-000163":-1.379047975,"ACH-000164":2.287311063,"ACH-000167":2.056147775,"ACH-000168":1.674426592,"ACH-000169":1.934729488,"ACH-000174":0.760230647,"ACH-000178":-0.895258401,"ACH-000182":0.538492553,"ACH-000183":2.0087192,"ACH-000187":2.273847081,"ACH-000188":-1.963107842,"ACH-000189":0.078406294,"ACH-000190":2.008861203,"ACH-000198":2.286442648,"ACH-000200":1.735646126,"ACH-000202":2.019929531,"ACH-000204":0.147721408,"ACH-000206":1.781416163,"ACH-000207":-1.055778922,"ACH-000209":1.525453357,"ACH-000211":1.970394855,"ACH-000212":2.028677195,"ACH-000215":1.441182371,"ACH-000217":1.674769964,"ACH-000219":2.187971969,"ACH-000221":2.213291402,"ACH-000222":1.945352937,"ACH-000223":2.151988778,"ACH-000226":1.364560669,"ACH-000227":1.566331457,"ACH-000228":1.958710874,"ACH-000231":2.147129354,"ACH-000232":2.133829994,"ACH-000233":1.200482562,"ACH-000234":-0.287845237,"ACH-000235":0.470159535,"ACH-000237":2.050973443,"ACH-000238":-4.415964252,"ACH-000243":1.081614242,"ACH-000244":1.436107724,"ACH-000246":-3.695593075,"ACH-000247":1.882850092,"ACH-000248":1.376586731,"ACH-000249":2.207898978,"ACH-000250":2.11813689,"ACH-000251":2.189411838,"ACH-000253":2.097732888,"ACH-000255":-2.923577709,"ACH-000256":-0.508766666,"ACH-000257":2.041382984,"ACH-000258":2.029310661,"ACH-000259":2.212504794,"ACH-000260":2.260748972,"ACH-000261":2.263494163,"ACH-000262":-0.805266777,"ACH-000263":-1.264062722,"ACH-000264":2.22745048,"ACH-000265":2.283044628,"ACH-000266":0.398762502,"ACH-000271":1.996407406,"ACH-000272":-0.832057916,"ACH-000273":1.878899381,"ACH-000274":2.019847441,"ACH-000276":2.060700415,"ACH-000277":2.177701968,"ACH-000278":2.010782032,"ACH-000279":2.275163473,"ACH-000280":2.209537281,"ACH-000281":0.792767574,"ACH-000286":1.284307077,"ACH-000288":2.07358916,"ACH-000290":1.603861047,"ACH-000291":2.130049648,"ACH-000292":1.281050093,"ACH-000293":2.157157783,"ACH-000294":1.05577667,"ACH-000295":0.778562449,"ACH-000296":0.723588614,"ACH-000302":-1.731666772,"ACH-000304":1.770862355,"ACH-000305":1.478266517,"ACH-000307":1.901173534,"ACH-000308":-5.08503762,"ACH-000310":2.272125665,"ACH-000311":1.582287433,"ACH-000312":2.291421517,"ACH-000315":-0.608839081,"ACH-000316":2.171644257,"ACH-000317":1.65276507,"ACH-000318":-1.333413095,"ACH-000319":1.903826535,"ACH-000320":2.046587371,"ACH-000322":1.600665874,"ACH-000323":-0.379859098,"ACH-000324":-2.366677541,"ACH-000326":2.240081805,"ACH-000329":0.674348104,"ACH-000330":1.707957434,"ACH-000331":-1.78628833,"ACH-000332":2.268936164,"ACH-000334":0.290906795,"ACH-000335":1.380104946,"ACH-000336":-0.253048907,"ACH-000337":0.613667496,"ACH-000339":1.963794285,"ACH-000341":1.892191877,"ACH-000343":2.159869163,"ACH-000344":-9.349588265,"ACH-000348":2.051353699,"ACH-000350":2.027899752,"ACH-000352":2.181617409,"ACH-000355":2.178958364,"ACH-000356":2.127910334,"ACH-000361":2.190988247,"ACH-000362":-12.78142426,"ACH-000363":1.782973585,"ACH-000364":2.039333274,"ACH-000365":1.169145316,"ACH-000366":0.39529892,"ACH-000368":2.268703083,"ACH-000370":1.147559998,"ACH-000374":-7.38509202,"ACH-000375":1.847938541,"ACH-000376":2.174527479,"ACH-000377":1.542219832,"ACH-000378":1.415469105,"ACH-000381":1.87697279,"ACH-000383":-3.819595728,"ACH-000385":1.208982814,"ACH-000387":2.293208707,"ACH-000389":0.000531386,"ACH-000390":2.23476886,"ACH-000393":2.29131327,"ACH-000395":2.203572324,"ACH-000397":2.292691865,"ACH-000401":-0.081528809,"ACH-000402":0.946935596,"ACH-000403":-0.156395577,"ACH-000404":2.291942846,"ACH-000405":-5.634059119,"ACH-000406":1.858574935,"ACH-000407":1.284863101,"ACH-000408":-4.606212951,"ACH-000410":-3.168586531,"ACH-000411":-0.254504063,"ACH-000414":1.919745419,"ACH-000415":-15.13574788,"ACH-000416":0.552389596,"ACH-000420":0.847442351,"ACH-000421":-0.984767289,"ACH-000422":0.485022299,"ACH-000424":2.018657009,"ACH-000425":2.12436761,"ACH-000426":2.291383897,"ACH-000427":2.170241493,"ACH-000431":2.271290481,"ACH-000433":1.566030852,"ACH-000434":1.991132412,"ACH-000435":1.189693842,"ACH-000436":-0.003714845,"ACH-000437":0.392979372,"ACH-000438":1.12047803,"ACH-000444":1.018806591,"ACH-000445":1.525128398,"ACH-000448":1.049711734,"ACH-000450":2.288084991,"ACH-000452":1.535691252,"ACH-000454":-0.885515147,"ACH-000458":-0.726755467,"ACH-000459":-0.126053652,"ACH-000460":1.754976802,"ACH-000461":2.27911658,"ACH-000463":1.41563468,"ACH-000464":2.119535827,"ACH-000466":1.954072555,"ACH-000467":1.854035663,"ACH-000468":0.939579903,"ACH-000469":1.994095739,"ACH-000470":1.616416165,"ACH-000471":2.094115684,"ACH-000472":1.737566234,"ACH-000473":2.230534277,"ACH-000475":2.288452887,"ACH-000476":1.521432883,"ACH-000477":2.239690355,"ACH-000478":-0.342132883,"ACH-000480":-0.416433028,"ACH-000481":1.245712343,"ACH-000483":1.601877865,"ACH-000484":1.277215812,"ACH-000485":1.36504474,"ACH-000486":2.196013869,"ACH-000487":2.29196817,"ACH-000488":2.271676631,"ACH-000490":1.390491423,"ACH-000491":-3.541433296,"ACH-000493":1.146079445,"ACH-000495":1.118392262,"ACH-000496":0.824376369,"ACH-000498":1.309995016,"ACH-000499":0.98944978,"ACH-000500":1.949612053,"ACH-000502":2.127080316,"ACH-000503":-0.396400348,"ACH-000504":0.529837058,"ACH-000505":1.684343442,"ACH-000507":-1.570327978,"ACH-000510":2.251951378,"ACH-000511":2.188902554,"ACH-000512":1.781712748,"ACH-000514":2.286371486,"ACH-000516":2.066505569,"ACH-000517":1.954731512,"ACH-000518":2.259005893,"ACH-000520":1.377117608,"ACH-000521":1.222118743,"ACH-000522":1.739202764,"ACH-000524":2.180138779,"ACH-000527":1.156272287,"ACH-000528":0.732868782,"ACH-000535":2.287158437,"ACH-000537":-1.675623332,"ACH-000541":0.715548575,"ACH-000542":1.751325207,"ACH-000544":0.326470028,"ACH-000545":2.004891523,"ACH-000547":-3.054599751,"ACH-000548":-1.096965453,"ACH-000549":1.85464025,"ACH-000550":1.449678274,"ACH-000551":2.278015833,"ACH-000552":-0.491347599,"ACH-000556":2.288741213,"ACH-000557":2.233674671,"ACH-000563":1.817219154,"ACH-000570":2.280965576,"ACH-000571":-0.973993201,"ACH-000573":0.846270729,"ACH-000576":1.618326741,"ACH-000577":0.598333813,"ACH-000579":1.821376133,"ACH-000580":2.169516526,