{"scores":{"ACH-000004":1.158141461,"ACH-000005":2.504078149,"ACH-000007":1.546179021,"ACH-000009":2.548104853,"ACH-000011":2.461442688,"ACH-000012":2.642451551,"ACH-000013":2.655223909,"ACH-000014":2.619000307,"ACH-000015":2.137242718,"ACH-000017":1.931136064,"ACH-000018":1.109271046,"ACH-000019":2.654752608,"ACH-000021":1.450818343,"ACH-000022":2.636282276,"ACH-000024":2.548211972,"ACH-000025":2.623369026,"ACH-000028":2.653433831,"ACH-000029":2.46494817,"ACH-000030":1.851239722,"ACH-000035":2.526459634,"ACH-000036":2.630156131,"ACH-000037":2.562501225,"ACH-000039":2.263411443,"ACH-000040":-1.027917799,"ACH-000041":1.212702071,"ACH-000042":2.190952786,"ACH-000045":2.214537982,"ACH-000047":2.298564833,"ACH-000048":2.637824725,"ACH-000052":2.650079315,"ACH-000053":1.842377867,"ACH-000054":2.2852095,"ACH-000055":-0.427928923,"ACH-000060":2.601932212,"ACH-000067":-2.158220268,"ACH-000070":-20,"ACH-000074":1.21861206,"ACH-000075":2.044328304,"ACH-000076":2.510889154,"ACH-000078":-4.743375433,"ACH-000082":2.558447199,"ACH-000085":1.493742899,"ACH-000086":2.533716763,"ACH-000087":2.512972372,"ACH-000092":0.699855752,"ACH-000095":1.930704828,"ACH-000096":2.539294759,"ACH-000097":2.60450613,"ACH-000098":2.506582391,"ACH-000099":2.655223909,"ACH-000108":-7.932956115,"ACH-000111":2.654329112,"ACH-000113":2.437605293,"ACH-000114":2.427277963,"ACH-000115":2.327109106,"ACH-000116":2.636358548,"ACH-000118":2.58360776,"ACH-000120":2.603093159,"ACH-000123":2.551137959,"ACH-000127":0.722755052,"ACH-000128":1.346205167,"ACH-000132":1.554161581,"ACH-000133":-20,"ACH-000137":2.654857634,"ACH-000138":2.303560264,"ACH-000141":2.630286128,"ACH-000142":2.287329708,"ACH-000143":2.309850663,"ACH-000146":2.30874136,"ACH-000148":2.623864019,"ACH-000150":0.94285105,"ACH-000151":2.64967799,"ACH-000152":2.505907123,"ACH-000153":0.508739827,"ACH-000159":2.589466635,"ACH-000160":0,"ACH-000163":2.403917714,"ACH-000164":2.575873508,"ACH-000167":2.541296511,"ACH-000168":2.249355912,"ACH-000169":2.581005734,"ACH-000174":0.288308709,"ACH-000178":-4.135370357,"ACH-000182":2.594729326,"ACH-000183":1.067077612,"ACH-000187":-20,"ACH-000188":2.649691202,"ACH-000189":2.566421534,"ACH-000190":2.653139387,"ACH-000198":0,"ACH-000200":2.419221434,"ACH-000202":2.399945085,"ACH-000204":2.618990469,"ACH-000206":2.486819969,"ACH-000207":1.550402877,"ACH-000209":2.233535518,"ACH-000211":-3.258636078,"ACH-000212":2.08513255,"ACH-000215":2.418160786,"ACH-000217":2.585442894,"ACH-000219":2.157020304,"ACH-000221":2.596157799,"ACH-000222":0.856913831,"ACH-000223":2.230602613,"ACH-000226":2.325664517,"ACH-000227":1.424074476,"ACH-000228":2.510547249,"ACH-000231":2.614878944,"ACH-000232":2.471559833,"ACH-000233":2.315820189,"ACH-000234":1.530619589,"ACH-000235":0.500364073,"ACH-000237":2.233424739,"ACH-000238":2.605330808,"ACH-000243":0.643866978,"ACH-000244":2.28115164,"ACH-000246":2.258717458,"ACH-000247":-0.968633409,"ACH-000248":2.53136497,"ACH-000249":2.624981287,"ACH-000250":2.057427785,"ACH-000251":2.404766914,"ACH-000253":2.523497527,"ACH-000255":2.053126174,"ACH-000256":2.629241712,"ACH-000257":2.51711322,"ACH-000258":1.14947183,"ACH-000259":2.436885985,"ACH-000260":2.646851591,"ACH-000261":1.663817308,"ACH-000262":2.156637445,"ACH-000263":2.515587094,"ACH-000264":1.816965436,"ACH-000265":2.499437876,"ACH-000266":1.875886053,"ACH-000271":1.734449063,"ACH-000272":2.461149409,"ACH-000273":0,"ACH-000274":1.718104281,"ACH-000276":2.191838674,"ACH-000277":1.199669723,"ACH-000278":-20,"ACH-000279":2.27572408,"ACH-000280":0.118917793,"ACH-000281":2.564667318,"ACH-000286":2.386152958,"ACH-000288":2.573758255,"ACH-000290":1.603475395,"ACH-000291":0.771530055,"ACH-000292":2.549472811,"ACH-000293":2.33320813,"ACH-000294":2.33618812,"ACH-000295":2.303969132,"ACH-000296":2.578006174,"ACH-000302":2.622603944,"ACH-000304":2.523511286,"ACH-000305":2.509524381,"ACH-000307":2.635181577,"ACH-000308":2.651504165,"ACH-000310":-2.139760232,"ACH-000311":2.162763001,"ACH-000312":2.638415827,"ACH-000315":-14.61310852,"ACH-000316":1.644061369,"ACH-000317":-0.509564566,"ACH-000318":1.226092558,"ACH-000319":2.492005063,"ACH-000320":-20,"ACH-000322":1.389066597,"ACH-000323":2.65195374,"ACH-000324":2.192245003,"ACH-000326":-1.303634496,"ACH-000329":2.460940248,"ACH-000330":1.314907459,"ACH-000331":2.559249164,"ACH-000332":2.296645484,"ACH-000334":2.197592629,"ACH-000335":2.654006413,"ACH-000336":1.001916688,"ACH-000337":2.541912671,"ACH-000339":2.458454688,"ACH-000341":2.422036529,"ACH-000343":2.4840308,"ACH-000344":1.794722429,"ACH-000348":1.215397651,"ACH-000350":2.147617551,"ACH-000352":2.31590286,"ACH-000355":1.780341778,"ACH-000356":1.562807449,"ACH-000361":1.421518918,"ACH-000362":2.467953376,"ACH-000363":2.63245427,"ACH-000364":2.642421806,"ACH-000365":1.229921128,"ACH-000366":1.505700264,"ACH-000368":-2.877978569,"ACH-000370":2.407620865,"ACH-000374":2.402246188,"ACH-000375":2.425914255,"ACH-000376":2.614505838,"ACH-000377":2.249580955,"ACH-000378":2.654669239,"ACH-000381":2.497228235,"ACH-000383":2.645963236,"ACH-000385":2.425266182,"ACH-000387":2.533123731,"ACH-000389":1.839120492,"ACH-000390":2.64836022,"ACH-000393":1.657785599,"ACH-000395":0.910593367,"ACH-000397":2.481722193,"ACH-000401":2.655215223,"ACH-000402":2.308366751,"ACH-000403":2.562950007,"ACH-000404":2.645552718,"ACH-000405":2.536453618,"ACH-000406":-20,"ACH-000407":2.473757823,"ACH-000408":2.138190991,"ACH-000410":2.442827961,"ACH-000411":2.654005202,"ACH-000414":2.625187799,"ACH-000415":2.521723693,"ACH-000416":2.496809816,"ACH-000420":-8.178783735,"ACH-000421":2.653241365,"ACH-000422":-20,"ACH-000424":2.365205089,"ACH-000425":2.654359008,"ACH-000426":1.518233656,"ACH-000427":2.477425423,"ACH-000431":2.328069572,"ACH-000433":1.813182938,"ACH-000434":2.594734514,"ACH-000435":-9.017322029,"ACH-000436":2.648010906,"ACH-000437":1.082776325,"ACH-000438":2.528965757,"ACH-000444":2.237750962,"ACH-000445":1.251547837,"ACH-000448":2.456503612,"ACH-000450":1.407507202,"ACH-000452":1.731129966,"ACH-000454":2.379617256,"ACH-000458":2.529706426,"ACH-000459":2.449046933,"ACH-000460":2.619647464,"ACH-000461":1.593215183,"ACH-000463":-0.252810468,"ACH-000464":2.473483336,"ACH-000466":-16.94532215,"ACH-000467":2.655208679,"ACH-000468":2.007874369,"ACH-000469":-3.921719675,"ACH-000470":1.651018084,"ACH-000471":-0.367230253,"ACH-000472":2.340509689,"ACH-000473":2.07645419,"ACH-000475":-15.8860399,"ACH-000476":2.291950591,"ACH-000477":2.626729386,"ACH-000478":0.683973356,"ACH-000480":2.596723112,"ACH-000481":2.537454484,"ACH-000483":-2.166949595,"ACH-000484":1.750074832,"ACH-000485":2.232806497,"ACH-000486":2.205299385,"ACH-000487":2.487919037,"ACH-000488":2.256428239,"ACH-000490":2.500478015,"ACH-000491":2.571435808,"ACH-000493":-20,"ACH-000495":2.61720253,"ACH-000496":2.651839315,"ACH-000498":2.59914498,"ACH-000499":2.191816611,"ACH-000500":2.638394095,"ACH-000502":2.563404118,"ACH-000503":2.395301277,"ACH-000504":2.651804889,"ACH-000505":0.796943155,"ACH-000507":2.570040071,"ACH-000510":2.440757646,"ACH-000511":-20,"ACH-000512":2.605727557,"ACH-000514":2.467322795,"ACH-000516":2.608001362,"ACH-000517":1.873353437,"ACH-000518":-0.208446755,"ACH-000520":1.720635731,"ACH-000521":2.636140017,"ACH-000522":1.259247878,"ACH-000524":2.646604006,"ACH-000527":-12.33101054,"ACH-000528":2.459842707,"ACH-000535":-1.977588506,"ACH-000537":2.236478062,"ACH-000541":2.594484386,"ACH-000542":2.454727779,"ACH-000544":2.548474285,"ACH-000545":1.156152396,"ACH-000547":2.648175897,"ACH-000548":1.965585559,"ACH-000549":2.533107901,"ACH-000550":1.666182307,"ACH-000551":2.069886751,"ACH-000552":0.650915296,"ACH-000556":2.371418031,"ACH-000557":2.49346219,"ACH-000563":2.388309352,"ACH-000570":-4.723245928,"ACH-000571":1.40667504,"ACH-000573":2.459525506,"ACH-000576":1.75195296,"ACH-000577":1.904701498,"ACH-000579":2.594925525,"ACH-000580":1.693132963,"ACH-000581":2.042976715,"ACH-000583":1.242538071,"ACH-000584":2.141568317,"ACH-000585":1.391229058,"ACH-000587":2.539286052,