{"scores":{"ACH-000004":-4.190359913,"ACH-000005":-3.158395364,"ACH-000007":-2.908899742,"ACH-000009":-2.085235179,"ACH-000011":-2.329878297,"ACH-000012":-2.747848128,"ACH-000013":1.245669213,"ACH-000014":-3.243818971,"ACH-000015":2.291159657,"ACH-000017":-1.579620187,"ACH-000018":-3.32770279,"ACH-000019":-4.689915896,"ACH-000021":-4.654445104,"ACH-000022":0.079848246,"ACH-000024":-3.978690217,"ACH-000025":-2.802523037,"ACH-000028":1.654531632,"ACH-000029":-2.762913697,"ACH-000030":-4.441291873,"ACH-000035":3.16515343,"ACH-000036":3.792039754,"ACH-000037":-2.406533516,"ACH-000039":-2.476656405,"ACH-000040":2.918569066,"ACH-000041":4.237144426,"ACH-000042":-3.046158382,"ACH-000045":-2.226220309,"ACH-000047":-1.447673122,"ACH-000048":1.57896821,"ACH-000052":-0.091031193,"ACH-000053":-4.632447106,"ACH-000054":-4.301703764,"ACH-000055":-3.385189451,"ACH-000060":-3.055626208,"ACH-000067":-2.021973247,"ACH-000070":-0.044790383,"ACH-000074":-2.574659926,"ACH-000075":1.242213578,"ACH-000076":-3.291228297,"ACH-000078":4.776021271,"ACH-000082":-0.134989578,"ACH-000085":-4.656566992,"ACH-000086":6.621476097,"ACH-000087":0.446791391,"ACH-000092":1.005041477,"ACH-000095":5.12535155,"ACH-000096":-2.254045144,"ACH-000097":-2.575660891,"ACH-000098":6.365522087,"ACH-000099":11.6578066,"ACH-000108":-3.207152296,"ACH-000111":-2.914170256,"ACH-000113":-4.484919808,"ACH-000114":-2.149718561,"ACH-000115":6.75780543,"ACH-000116":5.985104552,"ACH-000118":-3.049387671,"ACH-000120":1.446683002,"ACH-000123":1.89685463,"ACH-000127":-3.189332513,"ACH-000128":0.639634089,"ACH-000132":-0.331898338,"ACH-000133":5.019761245,"ACH-000137":1.804452904,"ACH-000138":-4.735549231,"ACH-000141":2.128432057,"ACH-000142":-2.710063036,"ACH-000143":-1.417656851,"ACH-000146":-5.621830937,"ACH-000148":-2.28556031,"ACH-000150":-1.966758544,"ACH-000151":-3.405484338,"ACH-000152":-4.302176258,"ACH-000153":3.938235787,"ACH-000159":-5.880969311,"ACH-000160":-1.24760572,"ACH-000163":4.311263971,"ACH-000164":0.619006071,"ACH-000167":-3.402816878,"ACH-000168":-2.093078346,"ACH-000169":-0.697885761,"ACH-000174":-2.754834372,"ACH-000178":-3.10622757,"ACH-000182":-4.738695416,"ACH-000183":-3.655653273,"ACH-000187":0.706730026,"ACH-000188":-4.612208929,"ACH-000189":-1.14482179,"ACH-000190":-2.79028024,"ACH-000198":-4.182762488,"ACH-000200":-4.323436625,"ACH-000202":-1.847710654,"ACH-000204":-1.924168595,"ACH-000206":-4.957014063,"ACH-000207":-5.389202788,"ACH-000209":0.572641786,"ACH-000211":-3.739460484,"ACH-000212":-3.683171737,"ACH-000215":2.586997852,"ACH-000217":-6.799612276,"ACH-000219":-2.838070574,"ACH-000221":6.523972946,"ACH-000222":-4.410536598,"ACH-000223":5.801948256,"ACH-000226":-3.448869425,"ACH-000227":2.60480587,"ACH-000228":-3.050285626,"ACH-000231":-3.344225802,"ACH-000232":3.353187464,"ACH-000233":-1.657718152,"ACH-000234":-5.696758468,"ACH-000235":-5.770749421,"ACH-000237":1.115178748,"ACH-000238":-0.556473373,"ACH-000243":-3.638550947,"ACH-000244":-1.044694562,"ACH-000246":2.089612661,"ACH-000247":-3.187743663,"ACH-000248":6.912024826,"ACH-000249":-0.077188154,"ACH-000250":-4.777162519,"ACH-000251":-2.494713864,"ACH-000253":-5.329588036,"ACH-000255":-4.282265194,"ACH-000256":-0.289175005,"ACH-000257":2.969918102,"ACH-000258":-4.3505116,"ACH-000259":14.37771729,"ACH-000260":0.815620217,"ACH-000261":-5.759678353,"ACH-000262":1.010367161,"ACH-000263":-2.814637392,"ACH-000264":8.685867999,"ACH-000265":-2.761132376,"ACH-000266":-2.301678372,"ACH-000271":-2.595307736,"ACH-000272":-4.381576617,"ACH-000273":-3.729163772,"ACH-000274":7.20328376,"ACH-000276":-1.034138773,"ACH-000277":-4.585032925,"ACH-000278":-2.533190739,"ACH-000279":-2.507132645,"ACH-000280":0.324657536,"ACH-000281":-3.162004985,"ACH-000286":-4.05214931,"ACH-000288":-2.945807184,"ACH-000290":2.229042467,"ACH-000291":-2.753550759,"ACH-000292":-0.982973626,"ACH-000293":-3.048909307,"ACH-000294":-4.559079658,"ACH-000295":-1.7477893,"ACH-000296":-1.334995365,"ACH-000302":4.564938833,"ACH-000304":-2.313583656,"ACH-000305":-6.791563055,"ACH-000307":-5.50359341,"ACH-000308":-4.701808376,"ACH-000310":1.238795834,"ACH-000311":-3.740212797,"ACH-000312":6.945537856,"ACH-000315":-4.183720727,"ACH-000316":-3.942498776,"ACH-000317":-4.726171976,"ACH-000318":-5.436889212,"ACH-000319":0.545116563,"ACH-000320":-3.229547653,"ACH-000322":-5.091122573,"ACH-000323":0.24492408,"ACH-000324":-0.83952377,"ACH-000326":-4.477133322,"ACH-000329":0.756466022,"ACH-000330":0.120662109,"ACH-000331":5.782532777,"ACH-000332":-3.756901925,"ACH-000334":-0.875949749,"ACH-000335":-1.363616674,"ACH-000336":-4.783998065,"ACH-000337":-3.099574807,"ACH-000339":-5.447095154,"ACH-000341":3.30243857,"ACH-000343":-2.823640789,"ACH-000344":-1.729139331,"ACH-000348":-3.65481628,"ACH-000350":0.731312511,"ACH-000352":-2.181258071,"ACH-000355":3.035621137,"ACH-000356":-4.36626889,"ACH-000361":0.879785405,"ACH-000362":-4.175473826,"ACH-000363":7.067008804,"ACH-000364":-0.332251458,"ACH-000365":-3.344998769,"ACH-000366":9.622578978,"ACH-000368":-1.492013594,"ACH-000370":-2.293951413,"ACH-000374":-3.301523465,"ACH-000375":-3.876628013,"ACH-000376":-3.757640655,"ACH-000377":-3.461268788,"ACH-000378":-4.270497225,"ACH-000381":-3.975342096,"ACH-000383":-5.697978643,"ACH-000385":-1.264342603,"ACH-000387":1.564182907,"ACH-000389":-0.965059623,"ACH-000390":-5.348500269,"ACH-000393":-2.219566608,"ACH-000395":-3.939509211,"ACH-000397":-6.179460727,"ACH-000401":-2.481499308,"ACH-000402":-3.628193449,"ACH-000403":-1.019317227,"ACH-000404":-1.492237115,"ACH-000405":-5.699253936,"ACH-000406":-5.780245286,"ACH-000407":0.943484683,"ACH-000408":-2.98294411,"ACH-000410":-1.154293397,"ACH-000411":-3.597899689,"ACH-000414":-2.950731257,"ACH-000415":-1.259860214,"ACH-000416":-3.443970039,"ACH-000420":-0.781777476,"ACH-000421":-4.733266009,"ACH-000422":1.132849522,"ACH-000424":0.399015243,"ACH-000425":-5.291239356,"ACH-000426":-5.621225407,"ACH-000427":1.874730899,"ACH-000431":4.333176177,"ACH-000433":1.850395612,"ACH-000434":-2.768574714,"ACH-000435":-3.662706974,"ACH-000436":-4.90435282,"ACH-000437":-2.207722529,"ACH-000438":-3.307620241,"ACH-000444":-1.771483409,"ACH-000445":2.79517514,"ACH-000448":-4.590344099,"ACH-000450":-4.436237911,"ACH-000452":-6.186251735,"ACH-000454":-4.66392349,"ACH-000458":-4.073074844,"ACH-000459":-6.112846018,"ACH-000460":-3.763059853,"ACH-000461":-5.405672233,"ACH-000463":-3.003281431,"ACH-000464":2.542331814,"ACH-000466":1.351478425,"ACH-000467":-4.010790982,"ACH-000468":1.259478188,"ACH-000469":5.714408937,"ACH-000470":-4.488691542,"ACH-000471":-4.187884773,"ACH-000472":2.078713884,"ACH-000473":7.381881172,"ACH-000475":-4.593416173,"ACH-000476":-4.612054573,"ACH-000477":-6.384941062,"ACH-000478":6.195527408,"ACH-000480":8.124722473,"ACH-000481":-4.374377096,"ACH-000483":0.796800979,"ACH-000484":-6.003138654,"ACH-000485":-4.423352394,"ACH-000486":1.973544559,"ACH-000487":-4.153026258,"ACH-000488":-4.333065741,"ACH-000490":-2.948076889,"ACH-000491":-1.370155862,"ACH-000493":-2.627491136,"ACH-000495":-1.859955624,"ACH-000496":-5.004964468,"ACH-000498":-1.396010324,"ACH-000499":0.405733102,"ACH-000500":-4.70610017,"ACH-000502":-5.44037441,"ACH-000503":-1.433700845,"ACH-000504":5.085638438,"ACH-000505":1.094237361,"ACH-000507":-5.126187036,"ACH-000510":0.047305688,"ACH-000511":8.700030225,"ACH-000512":-4.065380685,"ACH-000514":3.49558747,"ACH-000516":2.484953041,"ACH-000517":1.781504436,"ACH-000518":-1.204704838,"ACH-000520":-1.805523039,"ACH-000521":-4.05114063,"ACH-000522":-4.268728844,"ACH-000524":10.61484298,"ACH-000527":-3.416123281,"ACH-000528":-4.022696731,"ACH-000535":-2.885483962,"ACH-000537":-3.873103068,"ACH-000541":-2.727396139,"ACH-000542":-0.552731406,"ACH-000544":-3.140792514,"ACH-000545":-0.144614885,"ACH-000547":-1.640472372,"ACH-000548":-0.778225569,"ACH-000549":-3.048803231,"ACH-000550":6.724455074,"ACH-000551":-1.300617981,"ACH-000552":-3.199110691,"ACH-000556":-4.410307565,"ACH-000557":8.327715486,"ACH-000563":-2.582951152,"ACH-000570":2.246244732,