{"scores":{"ACH-000004":1.661679455,"ACH-000005":2.46259376,"ACH-000007":-3.230562502,"ACH-000009":2.234269493,"ACH-000011":2.890485931,"ACH-000012":2.324579156,"ACH-000013":2.799586778,"ACH-000014":2.776028037,"ACH-000015":2.761840739,"ACH-000017":1.75408916,"ACH-000018":-1.046831945,"ACH-000019":2.869318789,"ACH-000021":1.367398559,"ACH-000022":-0.352123486,"ACH-000024":-1.854995577,"ACH-000025":1.638075426,"ACH-000028":0.135654933,"ACH-000029":2.838469265,"ACH-000030":1.099349356,"ACH-000035":2.7675508,"ACH-000036":2.183489251,"ACH-000037":2.301642821,"ACH-000039":1.9731271,"ACH-000040":-1.035545681,"ACH-000041":2.74491525,"ACH-000042":-0.372660475,"ACH-000045":-0.030130053,"ACH-000047":-4.018561324,"ACH-000048":-2.020829986,"ACH-000052":1.232604963,"ACH-000053":2.557596972,"ACH-000054":2.821360942,"ACH-000055":1.459637819,"ACH-000060":0.335883427,"ACH-000067":-10.62892065,"ACH-000070":2.797183124,"ACH-000074":-2.048878962,"ACH-000075":2.819909955,"ACH-000076":1.735191093,"ACH-000078":2.828030923,"ACH-000082":-3.141223669,"ACH-000085":1.056799873,"ACH-000086":2.568409598,"ACH-000087":2.822737906,"ACH-000092":2.231848788,"ACH-000095":2.895935572,"ACH-000096":0.825986504,"ACH-000097":2.701848043,"ACH-000098":1.480879543,"ACH-000099":2.888226845,"ACH-000108":1.807801864,"ACH-000111":0.695152356,"ACH-000113":-2.423565569,"ACH-000114":2.616635675,"ACH-000115":-0.295073862,"ACH-000116":2.241419847,"ACH-000118":-2.027149913,"ACH-000120":2.016521473,"ACH-000123":2.717333196,"ACH-000127":-8.967597017,"ACH-000128":2.462778285,"ACH-000132":2.74181556,"ACH-000133":1.057611861,"ACH-000137":1.794584805,"ACH-000138":-1.146553134,"ACH-000141":-0.726435039,"ACH-000142":2.600987277,"ACH-000143":0.055597434,"ACH-000146":2.405336807,"ACH-000148":1.645550906,"ACH-000150":1.331495427,"ACH-000151":-1.199147155,"ACH-000152":1.704061716,"ACH-000153":-0.312203068,"ACH-000159":2.602247299,"ACH-000160":1.441284139,"ACH-000163":-2.530503014,"ACH-000164":-4.651039183,"ACH-000167":2.850418911,"ACH-000168":2.363012124,"ACH-000169":-3.836805713,"ACH-000174":0.689444716,"ACH-000178":2.219413908,"ACH-000182":-3.918047731,"ACH-000183":2.881715372,"ACH-000187":1.876089676,"ACH-000188":1.658612081,"ACH-000189":0.774434913,"ACH-000190":2.25315789,"ACH-000198":-5.283996613,"ACH-000200":2.89450014,"ACH-000202":0.250914045,"ACH-000204":2.748720638,"ACH-000206":-0.340893221,"ACH-000207":0.554224498,"ACH-000209":1.658397199,"ACH-000211":0.48836978,"ACH-000212":2.043785292,"ACH-000215":-4.158624133,"ACH-000217":2.690616152,"ACH-000219":1.729859414,"ACH-000221":-0.359746217,"ACH-000222":2.651871246,"ACH-000223":1.776721675,"ACH-000226":2.225418718,"ACH-000227":2.20982239,"ACH-000228":2.437905666,"ACH-000231":2.888727192,"ACH-000232":1.646757326,"ACH-000233":2.514496901,"ACH-000234":1.156526133,"ACH-000235":1.284336584,"ACH-000237":1.474918647,"ACH-000238":1.648761771,"ACH-000243":-1.733730257,"ACH-000244":2.667476808,"ACH-000246":2.5634024,"ACH-000247":-2.648568525,"ACH-000248":0.546753622,"ACH-000249":2.09607119,"ACH-000250":2.827808226,"ACH-000251":-2.756217775,"ACH-000253":-7.60508533,"ACH-000255":2.670042816,"ACH-000256":2.872568741,"ACH-000257":2.303005359,"ACH-000258":1.323099867,"ACH-000259":2.889200022,"ACH-000260":-3.092447386,"ACH-000261":2.690037954,"ACH-000262":2.498885414,"ACH-000263":2.592417309,"ACH-000264":-7.945507678,"ACH-000265":-3.296566651,"ACH-000266":2.868314792,"ACH-000271":1.655468534,"ACH-000272":2.858264727,"ACH-000273":0.019945116,"ACH-000274":2.895510271,"ACH-000276":-0.100737397,"ACH-000277":-0.029227544,"ACH-000278":1.117512692,"ACH-000279":2.642623098,"ACH-000280":2.874262011,"ACH-000281":0.464050776,"ACH-000286":-0.06736999,"ACH-000288":2.063333945,"ACH-000290":2.13059321,"ACH-000291":-1.444120855,"ACH-000292":2.844618061,"ACH-000293":2.772933645,"ACH-000294":0.663930393,"ACH-000295":1.438628866,"ACH-000296":-0.841338395,"ACH-000302":2.834441039,"ACH-000304":2.244754156,"ACH-000305":-0.078867338,"ACH-000307":-2.074505348,"ACH-000308":2.684912809,"ACH-000310":2.76459632,"ACH-000311":2.15151472,"ACH-000312":2.750439473,"ACH-000315":-6.180632074,"ACH-000316":2.881787367,"ACH-000317":1.527708043,"ACH-000318":2.792797954,"ACH-000319":1.54394081,"ACH-000320":0.22584169,"ACH-000322":1.914295645,"ACH-000323":1.634542506,"ACH-000324":2.423686755,"ACH-000326":2.756722584,"ACH-000329":0.934016593,"ACH-000330":0.913321195,"ACH-000331":2.735304741,"ACH-000332":1.902665619,"ACH-000334":0.778962844,"ACH-000335":1.061246514,"ACH-000336":1.93234381,"ACH-000337":0.556922389,"ACH-000339":1.861490243,"ACH-000341":1.396212152,"ACH-000343":2.354882378,"ACH-000344":-0.874490923,"ACH-000348":2.624793869,"ACH-000350":1.485114382,"ACH-000352":2.632687785,"ACH-000355":2.093276362,"ACH-000356":2.600781389,"ACH-000361":-0.908005059,"ACH-000362":-2.081673892,"ACH-000363":1.85431772,"ACH-000364":1.620235703,"ACH-000365":1.669661342,"ACH-000366":2.57054805,"ACH-000368":1.219671229,"ACH-000370":2.212021187,"ACH-000374":-1.520305483,"ACH-000375":2.869756146,"ACH-000376":2.250117496,"ACH-000377":-0.191105951,"ACH-000378":1.611444582,"ACH-000381":-0.036549871,"ACH-000383":2.510707753,"ACH-000385":1.326166868,"ACH-000387":-1.665851116,"ACH-000389":1.686572847,"ACH-000390":1.961859268,"ACH-000393":1.318050908,"ACH-000395":1.957345734,"ACH-000397":1.539904764,"ACH-000401":1.391619171,"ACH-000402":-0.366720225,"ACH-000403":0.837882828,"ACH-000404":2.7611589,"ACH-000405":-1.664127476,"ACH-000406":2.613359233,"ACH-000407":2.812129219,"ACH-000408":2.433683813,"ACH-000410":1.27863521,"ACH-000411":2.241090758,"ACH-000414":1.22934999,"ACH-000415":2.355926513,"ACH-000416":2.602175072,"ACH-000420":2.213897073,"ACH-000421":1.884061859,"ACH-000422":2.740311239,"ACH-000424":2.752986287,"ACH-000425":2.877395143,"ACH-000426":1.219205478,"ACH-000427":2.104011605,"ACH-000431":2.720910017,"ACH-000433":2.630694035,"ACH-000434":2.03968616,"ACH-000435":1.670634895,"ACH-000436":2.00629302,"ACH-000437":2.76051609,"ACH-000438":-0.970294867,"ACH-000444":1.499134537,"ACH-000445":2.77493548,"ACH-000448":2.466307846,"ACH-000450":2.663740746,"ACH-000452":2.071146868,"ACH-000454":2.629901759,"ACH-000458":1.128924884,"ACH-000459":1.699957774,"ACH-000460":2.739973815,"ACH-000461":2.417185326,"ACH-000463":2.892205671,"ACH-000464":2.536045313,"ACH-000466":2.479438312,"ACH-000467":-11.92631409,"ACH-000468":0.889740421,"ACH-000469":1.860823618,"ACH-000470":1.893212695,"ACH-000471":2.427266558,"ACH-000472":1.220580793,"ACH-000473":2.784430019,"ACH-000475":1.164459435,"ACH-000476":1.332282777,"ACH-000477":2.876302737,"ACH-000478":2.276456007,"ACH-000480":2.098776879,"ACH-000481":2.608860999,"ACH-000483":-0.248670739,"ACH-000484":-0.430472641,"ACH-000485":-4.815991632,"ACH-000486":0.995440699,"ACH-000487":2.707780691,"ACH-000488":-3.767005208,"ACH-000490":2.650800636,"ACH-000491":-3.560905633,"ACH-000493":2.729902266,"ACH-000495":2.472159266,"ACH-000496":1.99198673,"ACH-000498":2.372433484,"ACH-000499":2.515253406,"ACH-000500":1.317366767,"ACH-000502":1.736166416,"ACH-000503":0.262530058,"ACH-000504":2.351904573,"ACH-000505":2.566522778,"ACH-000507":-7.612256251,"ACH-000510":-0.469830991,"ACH-000511":2.129594296,"ACH-000512":0.751153852,"ACH-000514":1.357389092,"ACH-000516":1.358685735,"ACH-000517":1.895689332,"ACH-000518":2.85709929,"ACH-000520":2.684756201,"ACH-000521":2.857773511,"ACH-000522":1.588324252,"ACH-000524":2.451814908,"ACH-000527":2.559962052,"ACH-000528":2.775994288,"ACH-000535":2.392924237,"ACH-000537":2.874722687,"ACH-000541":2.717385636,"ACH-000542":-6.406501821,"ACH-000544":-0.048476381,"ACH-000545":2.428900161,"ACH-000547":2.078646101,"ACH-000548":0.681015069,"ACH-000549":2.255252631,"ACH-000550":0.708062834,"ACH-000551":2.016670826,"ACH-000552":-6.87675496,"ACH-000556":2.37275179,"ACH-000557":2.256854653,"ACH-000563":2.488415802,"ACH-000570":2.675683117,"ACH-000571":1.35249484,"ACH-000573":2.280131641,"ACH-000576":-0.432266919,"ACH-000577":-2.141619675,"ACH-000579":2.82501473,"ACH-000580":1.6507793,