{"scores":{"ACH-000004":1.32932625,"ACH-000005":1.650040741,"ACH-000007":1.40932043,"ACH-000009":-1.46021584,"ACH-000011":1.500866604,"ACH-000012":1.898535343,"ACH-000013":-0.186552799,"ACH-000014":1.476208919,"ACH-000015":-1.634410639,"ACH-000017":1.795605253,"ACH-000018":1.861230083,"ACH-000019":0.811087348,"ACH-000021":1.16134286,"ACH-000022":-2.057117918,"ACH-000024":1.894331306,"ACH-000025":-0.609231896,"ACH-000028":1.809452943,"ACH-000029":1.005505417,"ACH-000030":1.831196847,"ACH-000035":0.029025574,"ACH-000036":0.497035572,"ACH-000037":0.272549778,"ACH-000039":1.891497347,"ACH-000040":1.926571552,"ACH-000041":1.127967699,"ACH-000042":1.916458967,"ACH-000045":-2.94077465,"ACH-000047":-2.889466469,"ACH-000048":0.918220231,"ACH-000052":-0.797017879,"ACH-000053":1.871587359,"ACH-000054":1.890186747,"ACH-000055":1.896339796,"ACH-000060":1.607658157,"ACH-000067":1.748806465,"ACH-000070":0.578924384,"ACH-000074":0.379658675,"ACH-000075":1.635558578,"ACH-000076":1.758372965,"ACH-000078":1.891177028,"ACH-000082":1.076012121,"ACH-000085":1.769110176,"ACH-000086":1.090516937,"ACH-000087":-2.760186688,"ACH-000092":1.870396443,"ACH-000095":1.571220735,"ACH-000096":1.816728364,"ACH-000097":1.887507347,"ACH-000098":1.793277016,"ACH-000099":1.777346643,"ACH-000108":1.812312418,"ACH-000111":1.908447791,"ACH-000113":-6.049764458,"ACH-000114":1.91507239,"ACH-000115":1.603178654,"ACH-000116":1.901123291,"ACH-000118":-0.469533456,"ACH-000120":1.810361398,"ACH-000123":1.837527767,"ACH-000127":-4.328005893,"ACH-000128":1.918460146,"ACH-000132":0.647753533,"ACH-000133":1.904589856,"ACH-000137":1.721358686,"ACH-000138":0.805680078,"ACH-000141":1.919450331,"ACH-000142":0.319540155,"ACH-000143":1.919289994,"ACH-000146":0.583078852,"ACH-000148":0.679419659,"ACH-000150":-1.180404565,"ACH-000151":0.954726059,"ACH-000152":1.424293202,"ACH-000153":-2.788383195,"ACH-000159":1.926960733,"ACH-000160":1.489386179,"ACH-000163":1.571150872,"ACH-000164":1.923984531,"ACH-000167":1.52095204,"ACH-000168":1.719376824,"ACH-000169":-8.520858412,"ACH-000174":1.36523657,"ACH-000178":1.914904308,"ACH-000182":1.126380493,"ACH-000183":1.053005717,"ACH-000187":1.708519124,"ACH-000188":1.850094633,"ACH-000189":1.177161823,"ACH-000190":1.899350243,"ACH-000198":-3.45768873,"ACH-000200":1.926892214,"ACH-000202":1.923500829,"ACH-000204":0.750820561,"ACH-000206":1.922146777,"ACH-000207":-0.426014399,"ACH-000209":1.593683378,"ACH-000211":1.919445368,"ACH-000212":1.926840875,"ACH-000215":1.927021588,"ACH-000217":-3.902554845,"ACH-000219":-5.082178261,"ACH-000221":1.363339908,"ACH-000222":1.577210322,"ACH-000223":1.410675503,"ACH-000226":1.888269013,"ACH-000227":1.327695313,"ACH-000228":1.495899994,"ACH-000231":1.919313024,"ACH-000232":-0.024384526,"ACH-000233":-1.358203351,"ACH-000234":0.827905655,"ACH-000235":1.922361753,"ACH-000237":1.879311171,"ACH-000238":-1.428064321,"ACH-000243":0.624127741,"ACH-000244":0.964910621,"ACH-000246":-0.765608992,"ACH-000247":1.92665483,"ACH-000248":0.669725963,"ACH-000249":1.901376515,"ACH-000250":1.855704136,"ACH-000251":1.822926976,"ACH-000253":1.719974443,"ACH-000255":1.464589883,"ACH-000256":1.616741688,"ACH-000257":-0.616241336,"ACH-000258":0.209568722,"ACH-000259":1.542993258,"ACH-000260":1.915534926,"ACH-000261":1.924706638,"ACH-000262":0.054494888,"ACH-000263":1.448472239,"ACH-000264":1.915510071,"ACH-000265":-8.1886179,"ACH-000266":1.915758807,"ACH-000271":1.589478657,"ACH-000272":1.797385512,"ACH-000273":1.922206052,"ACH-000274":1.349069579,"ACH-000276":1.367179057,"ACH-000277":1.294644575,"ACH-000278":1.450968441,"ACH-000279":-1.079639367,"ACH-000280":1.146848562,"ACH-000281":0.23134573,"ACH-000286":0.967235202,"ACH-000288":-3.973622969,"ACH-000290":1.877578693,"ACH-000291":1.635663274,"ACH-000292":-14.21946393,"ACH-000293":0.880781504,"ACH-000294":1.843911778,"ACH-000295":1.055692035,"ACH-000296":-0.491500917,"ACH-000302":1.592104762,"ACH-000304":1.772390968,"ACH-000305":1.821437326,"ACH-000307":1.810953313,"ACH-000308":1.880092556,"ACH-000310":1.910332945,"ACH-000311":1.767951716,"ACH-000312":0.521577846,"ACH-000315":1.860788027,"ACH-000316":1.402721679,"ACH-000317":1.927020093,"ACH-000318":1.152251959,"ACH-000319":1.581197072,"ACH-000320":1.450432233,"ACH-000322":-1.51294485,"ACH-000323":0.973721065,"ACH-000324":1.894112323,"ACH-000326":-0.75091655,"ACH-000329":1.838952141,"ACH-000330":1.923623281,"ACH-000331":0.637577002,"ACH-000332":1.904732425,"ACH-000334":1.600557731,"ACH-000335":1.884757757,"ACH-000336":1.46795245,"ACH-000337":1.645539046,"ACH-000339":1.817468131,"ACH-000341":1.103399463,"ACH-000343":1.757013744,"ACH-000344":1.200392237,"ACH-000348":1.608984827,"ACH-000350":0.415938602,"ACH-000352":1.864449505,"ACH-000355":-2.001303485,"ACH-000356":0.236387666,"ACH-000361":1.150720575,"ACH-000362":1.739196885,"ACH-000363":1.769194446,"ACH-000364":-3.491994026,"ACH-000365":1.599160728,"ACH-000366":1.344646855,"ACH-000368":1.603407005,"ACH-000370":0.950321834,"ACH-000374":-1.161528745,"ACH-000375":1.681779554,"ACH-000376":1.383139724,"ACH-000377":1.890359483,"ACH-000378":0.772915596,"ACH-000381":1.344899202,"ACH-000383":0.54263219,"ACH-000385":1.26416611,"ACH-000387":1.897146881,"ACH-000389":1.628586381,"ACH-000390":1.69074904,"ACH-000393":1.888211405,"ACH-000395":1.919486276,"ACH-000397":1.843005333,"ACH-000401":0.60952312,"ACH-000402":1.075014891,"ACH-000403":1.154749756,"ACH-000404":1.61717701,"ACH-000405":0.683957649,"ACH-000406":0.290957806,"ACH-000407":1.261011118,"ACH-000408":0.45961646,"ACH-000410":1.901275563,"ACH-000411":1.89005981,"ACH-000414":1.696886296,"ACH-000415":1.398922804,"ACH-000416":1.817277208,"ACH-000420":1.065131454,"ACH-000421":1.870668464,"ACH-000422":-1.048714142,"ACH-000424":-2.375944606,"ACH-000425":1.677789972,"ACH-000426":1.889780173,"ACH-000427":0.039107034,"ACH-000431":1.922839725,"ACH-000433":1.865799857,"ACH-000434":0.750257799,"ACH-000435":1.334728446,"ACH-000436":1.248940808,"ACH-000437":1.879706613,"ACH-000438":0.754463831,"ACH-000444":-0.40483892,"ACH-000445":-2.282889821,"ACH-000448":1.902586734,"ACH-000450":1.192377619,"ACH-000452":1.43365692,"ACH-000454":-0.747176899,"ACH-000458":1.908460866,"ACH-000459":-4.431179623,"ACH-000460":-1.294458993,"ACH-000461":0.714667933,"ACH-000463":1.921794025,"ACH-000464":0.762203075,"ACH-000466":1.917210748,"ACH-000467":1.137565817,"ACH-000468":0.146427468,"ACH-000469":-1.662808823,"ACH-000470":1.044150706,"ACH-000471":1.854519087,"ACH-000472":1.918999863,"ACH-000473":1.842611789,"ACH-000475":1.689799026,"ACH-000476":1.642047702,"ACH-000477":1.489216594,"ACH-000478":1.782408706,"ACH-000480":1.231138268,"ACH-000481":1.915770662,"ACH-000483":0.800669109,"ACH-000484":1.925324179,"ACH-000485":1.760644318,"ACH-000486":1.642499578,"ACH-000487":1.392494125,"ACH-000488":-0.379346846,"ACH-000490":1.897625597,"ACH-000491":1.852189923,"ACH-000493":1.909949761,"ACH-000495":0.783750901,"ACH-000496":0.45996538,"ACH-000498":1.910396243,"ACH-000499":0.790433191,"ACH-000500":1.727308706,"ACH-000502":1.327294974,"ACH-000503":1.911283729,"ACH-000504":-0.747306975,"ACH-000505":1.380874441,"ACH-000507":-2.741440009,"ACH-000510":-3.033823817,"ACH-000511":1.636792576,"ACH-000512":1.489582057,"ACH-000514":1.849016031,"ACH-000516":1.835559533,"ACH-000517":-2.667809764,"ACH-000518":1.525708766,"ACH-000520":1.894687582,"ACH-000521":1.76480882,"ACH-000522":1.923779842,"ACH-000524":1.915167944,"ACH-000527":-1.036687667,"ACH-000528":1.799937036,"ACH-000535":1.415725084,"ACH-000537":1.724660872,"ACH-000541":1.815624452,"ACH-000542":1.575880659,"ACH-000544":-1.41807598,"ACH-000545":1.156262479,"ACH-000547":-0.606336745,"ACH-000548":0.691768533,"ACH-000549":1.926529623,"ACH-000550":0.915312592,"ACH-000551":-0.639124767,"ACH-000552":-0.25880663,"ACH-000556":0.870827642,"ACH-000557":0.557391049,"ACH-000563":1.920676435,"ACH-000570":1.323302095,"ACH-000571":1.923371369,"ACH-000573":-0.034900757,"ACH-000576":1.651583625,"ACH-000577":-0.032346221,"ACH-000579":1.671610714,"ACH-000580":0.029321727,