{"scores":{"ACH-000004":-4.019096788,"ACH-000005":-0.564010938,"ACH-000007":1.525700802,"ACH-000009":1.682302494,"ACH-000011":0.062201592,"ACH-000012":2.581976932,"ACH-000013":3.217098217,"ACH-000014":1.269199403,"ACH-000015":3.289797391,"ACH-000017":-7.677779744,"ACH-000018":1.387447751,"ACH-000019":2.703085359,"ACH-000021":2.61105537,"ACH-000022":1.292872679,"ACH-000024":-0.011319827,"ACH-000025":1.961104959,"ACH-000028":1.17851684,"ACH-000029":-3.555631309,"ACH-000030":-8.450439296,"ACH-000035":2.49741186,"ACH-000036":2.668439013,"ACH-000037":1.843644985,"ACH-000039":2.845592435,"ACH-000040":2.304194835,"ACH-000041":2.518553594,"ACH-000042":0.555644031,"ACH-000045":-0.648160115,"ACH-000047":-0.455662098,"ACH-000048":3.118412038,"ACH-000052":2.313517726,"ACH-000053":-3.379188819,"ACH-000054":3.047686276,"ACH-000055":0.5650048,"ACH-000060":2.437336574,"ACH-000067":2.10709534,"ACH-000070":0.288074441,"ACH-000074":-0.915332382,"ACH-000075":2.327272427,"ACH-000076":-1.840363791,"ACH-000078":2.619423298,"ACH-000082":2.523447553,"ACH-000085":1.765238438,"ACH-000086":3.293095044,"ACH-000087":2.986138077,"ACH-000092":0.854999099,"ACH-000095":0.919659707,"ACH-000096":3.286804483,"ACH-000097":-3.851318512,"ACH-000098":2.807412266,"ACH-000099":0.982192007,"ACH-000108":-1.517160932,"ACH-000111":0.264924717,"ACH-000113":3.242879987,"ACH-000114":1.487558522,"ACH-000115":1.608021827,"ACH-000116":2.796255296,"ACH-000118":3.294514692,"ACH-000120":2.955166478,"ACH-000123":3.110478936,"ACH-000127":2.131790125,"ACH-000128":2.235291592,"ACH-000132":1.563245074,"ACH-000133":3.184925485,"ACH-000137":1.545351004,"ACH-000138":0.015125998,"ACH-000141":1.312222276,"ACH-000142":3.031244728,"ACH-000143":2.452635771,"ACH-000146":-2.970023226,"ACH-000148":3.230020329,"ACH-000150":2.563749126,"ACH-000151":-2.151630251,"ACH-000152":2.163769264,"ACH-000153":0.984128581,"ACH-000159":1.061098691,"ACH-000160":1.292777037,"ACH-000163":2.356781172,"ACH-000164":3.285789162,"ACH-000167":0.611572547,"ACH-000168":-2.26431387,"ACH-000169":2.006159211,"ACH-000174":2.133955299,"ACH-000178":1.808721118,"ACH-000182":0.00116559,"ACH-000183":-4.52112009,"ACH-000187":0.194847354,"ACH-000188":0.971685367,"ACH-000189":1.202351166,"ACH-000190":2.388320331,"ACH-000198":-2.855581697,"ACH-000200":2.837585345,"ACH-000202":0.144520626,"ACH-000204":0.861985709,"ACH-000206":-0.756444284,"ACH-000207":-2.536925002,"ACH-000209":1.699758273,"ACH-000211":3.00210817,"ACH-000212":-1.065378843,"ACH-000215":3.257379527,"ACH-000217":-18.10034761,"ACH-000219":-1.160777422,"ACH-000221":3.236984641,"ACH-000222":1.355646657,"ACH-000223":-0.806007199,"ACH-000226":-5.766929988,"ACH-000227":2.033141389,"ACH-000228":1.788535907,"ACH-000231":2.647473417,"ACH-000232":3.304909951,"ACH-000233":-4.667089324,"ACH-000234":2.56902377,"ACH-000235":-14.12876365,"ACH-000237":2.228969948,"ACH-000238":1.460574873,"ACH-000243":2.59196727,"ACH-000244":2.327272667,"ACH-000246":2.944777436,"ACH-000247":-1.17948638,"ACH-000248":-4.203645247,"ACH-000249":1.987925764,"ACH-000250":1.148183128,"ACH-000251":2.84836223,"ACH-000253":-3.718048106,"ACH-000255":2.800989225,"ACH-000256":2.660603501,"ACH-000257":0.985261475,"ACH-000258":-0.985458711,"ACH-000259":3.21695969,"ACH-000260":3.306108167,"ACH-000261":3.128211427,"ACH-000262":1.788837006,"ACH-000263":2.083511873,"ACH-000264":2.861749241,"ACH-000265":2.365012668,"ACH-000266":1.633843109,"ACH-000271":2.125813705,"ACH-000272":-0.686054823,"ACH-000273":-1.822539969,"ACH-000274":2.537944452,"ACH-000276":2.483981519,"ACH-000277":1.936730507,"ACH-000278":1.24983679,"ACH-000279":-0.59224545,"ACH-000280":3.142164556,"ACH-000281":1.280754879,"ACH-000286":0.920346399,"ACH-000288":1.919400082,"ACH-000290":2.585395967,"ACH-000291":2.736532659,"ACH-000292":0.059274131,"ACH-000293":2.417908832,"ACH-000294":0.442523692,"ACH-000295":-1.258682559,"ACH-000296":2.962271042,"ACH-000302":2.996631993,"ACH-000304":1.3839298,"ACH-000305":3.134490769,"ACH-000307":-6.211958451,"ACH-000308":2.490234148,"ACH-000310":3.168694863,"ACH-000311":-0.984968894,"ACH-000312":1.967315602,"ACH-000315":0.442760324,"ACH-000316":1.414035679,"ACH-000317":-3.726601976,"ACH-000318":1.118313808,"ACH-000319":2.728888426,"ACH-000320":2.02578644,"ACH-000322":2.56420123,"ACH-000323":2.264041608,"ACH-000324":0.431087825,"ACH-000326":-6.136987464,"ACH-000329":2.658342275,"ACH-000330":0.493836823,"ACH-000331":3.203533402,"ACH-000332":3.272722538,"ACH-000334":0.899338183,"ACH-000335":2.29513773,"ACH-000336":2.197156575,"ACH-000337":0.695626485,"ACH-000339":-12.78577601,"ACH-000341":2.264401225,"ACH-000343":3.163569897,"ACH-000344":3.209285184,"ACH-000348":1.080074027,"ACH-000350":1.83174776,"ACH-000352":1.19980212,"ACH-000355":-0.462431762,"ACH-000356":-2.165999142,"ACH-000361":0.459004589,"ACH-000362":-3.04628345,"ACH-000363":-5.738705486,"ACH-000364":2.69135553,"ACH-000365":2.446259826,"ACH-000366":-6.855803835,"ACH-000368":1.60092651,"ACH-000370":1.2974549,"ACH-000374":2.853708474,"ACH-000375":-0.423833198,"ACH-000376":3.279715603,"ACH-000377":-0.122504522,"ACH-000378":1.202968013,"ACH-000381":-4.794112491,"ACH-000383":-7.808111271,"ACH-000385":2.959106981,"ACH-000387":-8.242980035,"ACH-000389":2.296497507,"ACH-000390":-4.62333435,"ACH-000393":1.744506309,"ACH-000395":2.417145257,"ACH-000397":2.928798327,"ACH-000401":-4.712199702,"ACH-000402":1.382505111,"ACH-000403":3.054398421,"ACH-000404":0.378169587,"ACH-000405":-1.473749634,"ACH-000406":-9.741701237,"ACH-000407":2.575031339,"ACH-000408":2.040183425,"ACH-000410":3.092006801,"ACH-000411":-2.019949656,"ACH-000414":0.904218252,"ACH-000415":2.730692962,"ACH-000416":-9.499555277,"ACH-000420":2.422950492,"ACH-000421":0.006072999,"ACH-000422":3.131948637,"ACH-000424":2.693199493,"ACH-000425":-5.188761613,"ACH-000426":-5.02065976,"ACH-000427":0.746691113,"ACH-000431":2.453512413,"ACH-000433":2.050284647,"ACH-000434":2.86563961,"ACH-000435":-2.439301373,"ACH-000436":1.867284982,"ACH-000437":3.306504464,"ACH-000438":2.754484355,"ACH-000444":1.254268968,"ACH-000445":1.75293026,"ACH-000448":-3.909438104,"ACH-000450":2.575389567,"ACH-000452":2.240610955,"ACH-000454":-0.640523293,"ACH-000458":0.861341033,"ACH-000459":-3.572297092,"ACH-000460":-1.325066684,"ACH-000461":-1.70474805,"ACH-000463":1.701372763,"ACH-000464":1.429989277,"ACH-000466":0.606175038,"ACH-000467":-0.319788647,"ACH-000468":0.931668695,"ACH-000469":2.381985948,"ACH-000470":2.566842423,"ACH-000471":2.652822289,"ACH-000472":2.834316929,"ACH-000473":3.272052101,"ACH-000475":1.478686514,"ACH-000476":3.227641422,"ACH-000477":1.079794443,"ACH-000478":2.523715019,"ACH-000480":3.232022761,"ACH-000481":0.670420826,"ACH-000483":2.707680541,"ACH-000484":2.359387949,"ACH-000485":-4.812135158,"ACH-000486":1.039001456,"ACH-000487":-1.606466393,"ACH-000488":3.254838187,"ACH-000490":3.078992623,"ACH-000491":2.745831487,"ACH-000493":-1.312581813,"ACH-000495":1.849733697,"ACH-000496":0.106025998,"ACH-000498":0.423967047,"ACH-000499":1.669879906,"ACH-000500":1.355980932,"ACH-000502":2.768273094,"ACH-000503":2.01592812,"ACH-000504":2.580072015,"ACH-000505":1.387187189,"ACH-000507":-2.09719307,"ACH-000510":2.597880948,"ACH-000511":2.042036092,"ACH-000512":0.364971296,"ACH-000514":1.283358822,"ACH-000516":1.539453779,"ACH-000517":1.147717531,"ACH-000518":2.506874729,"ACH-000520":2.682364798,"ACH-000521":1.510345263,"ACH-000522":1.136428174,"ACH-000524":2.981252689,"ACH-000527":3.268619211,"ACH-000528":3.307189873,"ACH-000535":3.119458063,"ACH-000537":2.640632644,"ACH-000541":2.68865139,"ACH-000542":0.628079503,"ACH-000544":1.249522755,"ACH-000545":1.894282551,"ACH-000547":2.297915805,"ACH-000548":2.706604053,"ACH-000549":1.915651113,"ACH-000550":1.601830447,"ACH-000551":-0.405747199,"ACH-000552":0.173938033,"ACH-000556":3.161355416,"ACH-000557":-5.950435521,"ACH-000563":2.985405281,"ACH-000570":3.1176385,"ACH-000571":2.207426105,"ACH-000573":-8.380426246,"ACH-000576":-1.219020847,"ACH-000577":0.656178993,"ACH-000579":2.921957209,"ACH-000580":1.39360753,