{"scores":{"ACH-000004":-0.363210248,"ACH-000005":-8.220709177,"ACH-000007":-6.103906918,"ACH-000009":2.954453896,"ACH-000011":-4.3770607,"ACH-000012":4.255197971,"ACH-000013":4.485942103,"ACH-000014":-5.063797816,"ACH-000015":1.021327326,"ACH-000017":1.240539487,"ACH-000018":-1.714069612,"ACH-000019":0.953926502,"ACH-000021":-0.756840823,"ACH-000022":-2.931771198,"ACH-000024":-10.74731259,"ACH-000025":-4.971211493,"ACH-000028":3.71291598,"ACH-000029":4.461337163,"ACH-000030":4.113168153,"ACH-000035":-2.131123053,"ACH-000036":-5.089885666,"ACH-000037":-4.190053731,"ACH-000039":2.580693943,"ACH-000040":-4.386371355,"ACH-000041":3.344870797,"ACH-000042":-2.221844795,"ACH-000045":-3.878143405,"ACH-000047":4.259574501,"ACH-000048":-0.266061094,"ACH-000052":2.564462926,"ACH-000053":3.11903907,"ACH-000054":-1.204779054,"ACH-000055":-3.212798564,"ACH-000060":-3.090594844,"ACH-000067":-3.157892447,"ACH-000070":-4.327839206,"ACH-000074":-5.488387765,"ACH-000075":3.714461875,"ACH-000076":4.097868063,"ACH-000078":-0.704071821,"ACH-000082":3.112719787,"ACH-000085":1.882833108,"ACH-000086":0.0699802,"ACH-000087":3.731975266,"ACH-000092":1.733682311,"ACH-000095":-8.130802449,"ACH-000096":1.280957897,"ACH-000097":4.186622356,"ACH-000098":-3.285700174,"ACH-000099":-3.068755478,"ACH-000108":-2.780999223,"ACH-000111":0.235833287,"ACH-000113":-7.151654817,"ACH-000114":-0.733537088,"ACH-000115":2.735738868,"ACH-000116":4.189014226,"ACH-000118":1.007960779,"ACH-000120":2.038213727,"ACH-000123":5.729774221,"ACH-000127":2.941601292,"ACH-000128":4.442183529,"ACH-000132":-1.665651588,"ACH-000133":4.687749015,"ACH-000137":3.532809484,"ACH-000138":-4.232214161,"ACH-000141":-10.9642772,"ACH-000142":-0.96203737,"ACH-000143":4.043778988,"ACH-000146":-16.83916722,"ACH-000148":-0.985933885,"ACH-000150":-2.83999231,"ACH-000151":-4.469775593,"ACH-000152":3.857195036,"ACH-000153":-2.468005684,"ACH-000159":-3.987241943,"ACH-000160":-6.696659229,"ACH-000163":-4.473282274,"ACH-000164":0.008904382,"ACH-000167":-0.800146517,"ACH-000168":-8.418332246,"ACH-000169":-7.922132054,"ACH-000174":0.392502306,"ACH-000178":-6.466094827,"ACH-000182":2.182133657,"ACH-000183":-9.900658761,"ACH-000187":3.27660462,"ACH-000188":-0.360750727,"ACH-000189":-3.93058421,"ACH-000190":1.072453548,"ACH-000198":-9.786673375,"ACH-000200":-1.980546688,"ACH-000202":-2.402813926,"ACH-000204":-4.249904125,"ACH-000206":0.31992962,"ACH-000207":-3.711498829,"ACH-000209":0.028055325,"ACH-000211":-3.162839087,"ACH-000212":4.366302139,"ACH-000215":-0.335793301,"ACH-000217":-3.461175868,"ACH-000219":-2.918050222,"ACH-000221":1.908428728,"ACH-000222":-2.052095302,"ACH-000223":3.740378499,"ACH-000226":2.291742994,"ACH-000227":-3.010277928,"ACH-000228":-0.819131518,"ACH-000231":4.287101719,"ACH-000232":-4.739839454,"ACH-000233":1.416583702,"ACH-000234":-8.542518252,"ACH-000235":-1.228500941,"ACH-000237":-0.673121471,"ACH-000238":-7.106507901,"ACH-000243":0.377081694,"ACH-000244":-1.983913455,"ACH-000246":-7.764076117,"ACH-000247":-0.134920435,"ACH-000248":3.449848763,"ACH-000249":1.095248341,"ACH-000250":2.214087666,"ACH-000251":1.028934054,"ACH-000253":1.857686734,"ACH-000255":-1.600631387,"ACH-000256":4.520125865,"ACH-000257":1.971594696,"ACH-000258":3.208188705,"ACH-000259":-2.548285525,"ACH-000260":-8.706213022,"ACH-000261":-0.1083683,"ACH-000262":-0.851502337,"ACH-000263":-1.81790876,"ACH-000264":-4.37925521,"ACH-000265":3.48854744,"ACH-000266":-11.44038604,"ACH-000271":-3.382337855,"ACH-000272":-4.566942906,"ACH-000273":4.374928979,"ACH-000274":0.934625631,"ACH-000276":-2.961995406,"ACH-000277":-0.408211147,"ACH-000278":3.713721273,"ACH-000279":4.244798234,"ACH-000280":-4.74349652,"ACH-000281":-1.047630597,"ACH-000286":3.248479418,"ACH-000288":3.842293247,"ACH-000290":4.017020938,"ACH-000291":2.366093451,"ACH-000292":-2.082901708,"ACH-000293":3.528143193,"ACH-000294":-0.348595684,"ACH-000295":-2.80108064,"ACH-000296":2.576994321,"ACH-000302":4.463529247,"ACH-000304":-1.116977292,"ACH-000305":-2.208649197,"ACH-000307":-3.723160451,"ACH-000308":4.74448143,"ACH-000310":-4.99006786,"ACH-000311":-4.29562841,"ACH-000312":-4.581130989,"ACH-000315":-8.392030172,"ACH-000316":2.069450849,"ACH-000317":0.089285319,"ACH-000318":-6.912920305,"ACH-000319":4.896391447,"ACH-000320":-1.874611858,"ACH-000322":0.945898877,"ACH-000323":-6.059740022,"ACH-000324":-1.356409836,"ACH-000326":-5.825412419,"ACH-000329":3.385127529,"ACH-000330":3.674016827,"ACH-000331":-4.227259322,"ACH-000332":-3.342277819,"ACH-000334":-17.4703749,"ACH-000335":1.816183517,"ACH-000336":-5.735793734,"ACH-000337":2.18730147,"ACH-000339":-13.95646387,"ACH-000341":-5.568008304,"ACH-000343":3.092988757,"ACH-000344":-3.019018209,"ACH-000348":-1.131309912,"ACH-000350":3.729214501,"ACH-000352":3.989954305,"ACH-000355":2.307220273,"ACH-000356":1.810489274,"ACH-000361":0.46502953,"ACH-000362":-14.4351767,"ACH-000363":0.736141656,"ACH-000364":-2.348354069,"ACH-000365":-13.53644605,"ACH-000366":-10.85340465,"ACH-000368":-8.575817882,"ACH-000370":0.999339276,"ACH-000374":3.314745984,"ACH-000375":3.853075231,"ACH-000376":-4.45571732,"ACH-000377":0.961576091,"ACH-000378":0.137966696,"ACH-000381":1.613317255,"ACH-000383":-1.512983107,"ACH-000385":-5.253104433,"ACH-000387":3.934603655,"ACH-000389":-0.134435124,"ACH-000390":-7.349293181,"ACH-000393":3.405721093,"ACH-000395":-2.956047209,"ACH-000397":3.885909034,"ACH-000401":-5.613333355,"ACH-000402":-2.631921388,"ACH-000403":1.264359697,"ACH-000404":-0.943778928,"ACH-000405":1.857640756,"ACH-000406":-18.83086387,"ACH-000407":3.293241849,"ACH-000408":-7.554951572,"ACH-000410":3.862940851,"ACH-000411":-1.34389742,"ACH-000414":-6.455589281,"ACH-000415":-3.134358155,"ACH-000416":-10.60143666,"ACH-000420":2.278678018,"ACH-000421":5.010667835,"ACH-000422":-0.74280536,"ACH-000424":4.558657451,"ACH-000425":-2.847266859,"ACH-000426":-6.36590638,"ACH-000427":3.866761909,"ACH-000431":3.755741198,"ACH-000433":-0.594757651,"ACH-000434":3.761061225,"ACH-000435":2.903915298,"ACH-000436":0.949316359,"ACH-000437":-1.762774188,"ACH-000438":4.237522384,"ACH-000444":1.322167869,"ACH-000445":-1.358795934,"ACH-000448":-1.469937744,"ACH-000450":-3.502009684,"ACH-000452":0.238976012,"ACH-000454":-0.186345846,"ACH-000458":-0.210950474,"ACH-000459":1.022158538,"ACH-000460":3.945155764,"ACH-000461":0.196430912,"ACH-000463":-1.234663658,"ACH-000464":-6.902927353,"ACH-000466":-7.304498435,"ACH-000467":2.418633337,"ACH-000468":-7.956497823,"ACH-000469":-9.757927275,"ACH-000470":4.043479655,"ACH-000471":2.070837509,"ACH-000472":-12.19069038,"ACH-000473":-3.446688134,"ACH-000475":-0.691045003,"ACH-000476":-0.929576891,"ACH-000477":-3.899895449,"ACH-000478":0.411334682,"ACH-000480":1.168178479,"ACH-000481":0.122527457,"ACH-000483":2.425683373,"ACH-000484":-0.122054477,"ACH-000485":-4.860880977,"ACH-000486":2.359046004,"ACH-000487":-7.894585918,"ACH-000488":3.717817749,"ACH-000490":4.051742436,"ACH-000491":-2.670528743,"ACH-000493":2.299676529,"ACH-000495":-1.848970014,"ACH-000496":0.998692998,"ACH-000498":-2.822230362,"ACH-000499":1.877702221,"ACH-000500":-0.132606606,"ACH-000502":0.296224956,"ACH-000503":-6.14399077,"ACH-000504":2.562535577,"ACH-000505":-7.146583968,"ACH-000507":1.347334553,"ACH-000510":-2.412484581,"ACH-000511":-7.972305601,"ACH-000512":2.173359824,"ACH-000514":2.797924358,"ACH-000516":3.961384561,"ACH-000517":1.358265925,"ACH-000518":-2.612122523,"ACH-000520":-1.276846679,"ACH-000521":-6.23457899,"ACH-000522":-7.171672503,"ACH-000524":3.395486352,"ACH-000527":4.855598173,"ACH-000528":-2.087772588,"ACH-000535":-7.768932586,"ACH-000537":1.076168626,"ACH-000541":1.002427812,"ACH-000542":-6.254234573,"ACH-000544":-8.268097721,"ACH-000545":-5.068381128,"ACH-000547":-1.531292713,"ACH-000548":-3.758030315,"ACH-000549":-5.529553311,"ACH-000550":-9.663242429,"ACH-000551":2.171638174,"ACH-000552":-2.284384291,"ACH-000556":4.446524407,"ACH-000557":-14.7085893,"ACH-000563":-4.615396746,"ACH-000570":-2.486777752,"ACH-000571":-0.726046857,