{"scores":{"ACH-000004":-3.248926837,"ACH-000005":-3.17058122,"ACH-000007":-2.349880311,"ACH-000009":-3.289715191,"ACH-000011":-0.528295206,"ACH-000012":-3.067151362,"ACH-000013":-3.190829372,"ACH-000014":4.253179877,"ACH-000015":-2.747984403,"ACH-000017":-3.147283838,"ACH-000018":-3.139561997,"ACH-000019":-0.811406734,"ACH-000021":-3.27114281,"ACH-000022":-2.802620501,"ACH-000024":-3.288744561,"ACH-000025":-3.047039374,"ACH-000028":0.00638027,"ACH-000029":-3.28657364,"ACH-000030":-3.285465596,"ACH-000035":-2.687387724,"ACH-000036":2.401187302,"ACH-000037":-2.893420496,"ACH-000039":-3.253062158,"ACH-000040":0.644770248,"ACH-000041":-3.200939045,"ACH-000042":-3.154652018,"ACH-000045":-3.251854908,"ACH-000047":-3.222910715,"ACH-000048":-2.783996069,"ACH-000052":-3.259329598,"ACH-000053":-2.504867192,"ACH-000054":0.219580993,"ACH-000055":-3.140383969,"ACH-000060":-3.289719191,"ACH-000067":-3.045188591,"ACH-000070":-0.766468179,"ACH-000074":-2.634327585,"ACH-000075":3.347767225,"ACH-000076":-3.288979071,"ACH-000078":-2.294763302,"ACH-000082":-2.870444574,"ACH-000085":-3.207823359,"ACH-000086":-3.081334195,"ACH-000087":-3.190838409,"ACH-000092":-3.134775544,"ACH-000095":-2.982868228,"ACH-000096":6.599086177,"ACH-000097":-0.341671487,"ACH-000098":-1.119953745,"ACH-000099":-2.986934813,"ACH-000108":-3.275600962,"ACH-000111":-2.479609861,"ACH-000113":-3.063567432,"ACH-000114":-3.128620105,"ACH-000115":-3.289436709,"ACH-000116":-3.264793766,"ACH-000118":-3.158520168,"ACH-000120":-3.278647676,"ACH-000123":2.224245317,"ACH-000127":-3.26777581,"ACH-000128":-3.148047284,"ACH-000132":-3.151511507,"ACH-000133":-2.146528578,"ACH-000137":-1.101474312,"ACH-000138":-3.210078064,"ACH-000141":7.041983115,"ACH-000142":-1.065315285,"ACH-000143":-2.933929218,"ACH-000146":-2.870013751,"ACH-000148":-1.28778448,"ACH-000150":-2.881858382,"ACH-000151":-3.262687827,"ACH-000152":-2.309695711,"ACH-000153":4.179712577,"ACH-000159":-0.136665777,"ACH-000160":-3.033069174,"ACH-000163":-3.020318047,"ACH-000164":-2.849819103,"ACH-000167":-3.234542911,"ACH-000168":-3.165945008,"ACH-000169":-3.269070169,"ACH-000174":-2.572468172,"ACH-000178":-3.286100115,"ACH-000182":-2.725429653,"ACH-000183":-3.283659959,"ACH-000187":-2.700791867,"ACH-000188":-3.268447723,"ACH-000189":-0.402047491,"ACH-000190":-1.817718002,"ACH-000198":-3.125135136,"ACH-000200":20,"ACH-000202":-2.859602907,"ACH-000204":-2.855432741,"ACH-000206":-3.280509637,"ACH-000207":-3.253246652,"ACH-000209":2.307682754,"ACH-000211":0.409199657,"ACH-000212":-3.214815977,"ACH-000215":1.156656078,"ACH-000217":-3.084339595,"ACH-000219":-3.180767943,"ACH-000221":-1.687314501,"ACH-000222":-2.684732606,"ACH-000223":-2.830149185,"ACH-000226":-2.45480372,"ACH-000227":-3.262802644,"ACH-000228":-3.246904434,"ACH-000231":-2.992842811,"ACH-000232":-2.828401927,"ACH-000233":3.121142916,"ACH-000234":20,"ACH-000235":-3.289206428,"ACH-000237":-3.077674179,"ACH-000238":-3.064724469,"ACH-000243":-3.289386714,"ACH-000244":20,"ACH-000246":8.686143935,"ACH-000247":-0.660772573,"ACH-000248":-3.063364635,"ACH-000249":-3.02320262,"ACH-000250":-3.18963666,"ACH-000251":-3.015690326,"ACH-000253":-3.27788393,"ACH-000255":-2.340315869,"ACH-000256":-3.242886697,"ACH-000257":-3.188368665,"ACH-000258":-3.241914559,"ACH-000259":-3.251659292,"ACH-000260":-3.152251381,"ACH-000261":-3.246192926,"ACH-000262":12.12787064,"ACH-000263":-2.692734031,"ACH-000264":-2.920321837,"ACH-000265":-3.258686018,"ACH-000266":-2.174149043,"ACH-000271":-1.659936185,"ACH-000272":-3.132006092,"ACH-000273":-0.259270656,"ACH-000274":4.127791976,"ACH-000276":-2.283855841,"ACH-000277":-2.329320881,"ACH-000278":-3.288505398,"ACH-000279":-3.282903703,"ACH-000280":1.19143129,"ACH-000281":-3.240310444,"ACH-000286":-3.272602496,"ACH-000288":-3.155782225,"ACH-000290":-3.093937434,"ACH-000291":-3.254542731,"ACH-000292":-1.396989866,"ACH-000293":-3.190824977,"ACH-000294":-2.905081488,"ACH-000295":-3.289574316,"ACH-000296":-2.585028135,"ACH-000302":-3.001983873,"ACH-000304":8.03758472,"ACH-000305":-3.272652027,"ACH-000307":-3.287076803,"ACH-000308":-3.124167665,"ACH-000310":-3.188471919,"ACH-000311":20,"ACH-000312":-2.696551875,"ACH-000315":-2.36976835,"ACH-000316":-2.899434302,"ACH-000317":-2.935680349,"ACH-000318":-2.767186975,"ACH-000319":-2.674594111,"ACH-000320":-2.336729423,"ACH-000322":-2.533209279,"ACH-000323":-2.169539453,"ACH-000324":-0.365947295,"ACH-000326":-2.945445333,"ACH-000329":-1.400786749,"ACH-000330":-1.990309173,"ACH-000331":-3.104842641,"ACH-000332":-3.237991098,"ACH-000334":-2.791180854,"ACH-000335":-2.664138711,"ACH-000336":-3.03591591,"ACH-000337":-2.844429956,"ACH-000339":-3.248490786,"ACH-000341":-2.617259174,"ACH-000343":-2.167351408,"ACH-000344":0.474909105,"ACH-000348":-1.744118172,"ACH-000350":-1.593301313,"ACH-000352":-3.257715743,"ACH-000355":-3.024742871,"ACH-000356":-3.151881024,"ACH-000361":11.85487761,"ACH-000362":-2.200890326,"ACH-000363":-2.474680942,"ACH-000364":-3.190530259,"ACH-000365":-3.140947612,"ACH-000366":-3.039644975,"ACH-000368":-3.223646419,"ACH-000370":-3.193092638,"ACH-000374":-2.365140615,"ACH-000375":2.504940783,"ACH-000376":-2.637018328,"ACH-000377":-2.120280173,"ACH-000378":-3.219126897,"ACH-000381":-3.221046494,"ACH-000383":-1.438237311,"ACH-000385":2.204941776,"ACH-000387":-3.187796658,"ACH-000389":4.713343343,"ACH-000390":-2.552014115,"ACH-000393":-3.283583806,"ACH-000395":-3.012441628,"ACH-000397":-3.288873076,"ACH-000401":-1.370143015,"ACH-000402":-3.08414319,"ACH-000403":-3.178966232,"ACH-000404":2.959736211,"ACH-000405":-3.213523053,"ACH-000406":-2.99932125,"ACH-000407":-3.110736771,"ACH-000408":-2.737287043,"ACH-000410":-2.853699254,"ACH-000411":0.859960616,"ACH-000414":4.932467561,"ACH-000415":-3.205207133,"ACH-000416":-2.671285794,"ACH-000420":-3.039842254,"ACH-000421":-2.848030822,"ACH-000422":-1.755532862,"ACH-000424":-3.094724416,"ACH-000425":20,"ACH-000426":-3.275087571,"ACH-000427":-3.278162196,"ACH-000431":-3.101695567,"ACH-000433":-2.591967964,"ACH-000434":-3.228180605,"ACH-000435":-3.209640014,"ACH-000436":-1.462225019,"ACH-000437":-2.681601588,"ACH-000438":-3.255099156,"ACH-000444":-3.01857617,"ACH-000445":-3.158224063,"ACH-000448":6.419894777,"ACH-000450":3.310552867,"ACH-000452":-3.280064835,"ACH-000454":-3.096062698,"ACH-000458":-3.289720488,"ACH-000459":-2.992498074,"ACH-000460":-3.280238883,"ACH-000461":-3.229859818,"ACH-000463":0.45724038,"ACH-000464":-2.08192484,"ACH-000466":-2.519265392,"ACH-000467":-3.239819348,"ACH-000468":-3.141483368,"ACH-000469":-2.067554253,"ACH-000470":-2.256964811,"ACH-000471":-1.661742687,"ACH-000472":-1.882946199,"ACH-000473":-3.17470621,"ACH-000475":-3.254090604,"ACH-000476":-2.967399986,"ACH-000477":6.087318368,"ACH-000478":0.387131012,"ACH-000480":-3.161240021,"ACH-000481":-3.284723801,"ACH-000483":-2.748132748,"ACH-000484":-1.604506262,"ACH-000485":6.432922634,"ACH-000486":-0.944925754,"ACH-000487":-2.904430475,"ACH-000488":-3.143224789,"ACH-000490":-1.422151458,"ACH-000491":-3.077499322,"ACH-000493":-2.63811879,"ACH-000495":-0.074752482,"ACH-000496":0.08167405,"ACH-000498":-2.885756919,"ACH-000499":-3.023997467,"ACH-000500":-2.975535755,"ACH-000502":-3.259620586,"ACH-000503":4.467735718,"ACH-000504":-1.818405483,"ACH-000505":-2.703216784,"ACH-000507":-3.193199387,"ACH-000510":-3.064853243,"ACH-000511":-3.237805915,"ACH-000512":-0.977653673,"ACH-000514":-3.222528564,"ACH-000516":6.598525193,"ACH-000517":-3.285179946,"ACH-000518":-2.67112234,"ACH-000520":-3.285405445,"ACH-000521":3.690566145,"ACH-000522":3.367553479,"ACH-000524":-1.912661139,"ACH-000527":-1.616508309,"ACH-000528":-3.242005688,"ACH-000535":-2.175014974,"ACH-000537":-1.760664002,"ACH-000541":-2.814263163,"ACH-000542":1.47144457,"ACH-000544":-1.283971456,"ACH-000545":-3.275692544,"ACH-000547":-3.010288488,"ACH-000548":-2.827969869,"ACH-000549":-1.829920788,"ACH-000550":-3.274768853,"ACH-000551":-2.663041426,"ACH-000552":-3.12347589,"ACH-000556":-3.269473874,"ACH-000557":-3.256890575,"ACH-000563":-3.026562588,