{"scores":{"ACH-000004":4.509107225,"ACH-000005":3.387620906,"ACH-000007":-7.370337253,"ACH-000009":3.356876239,"ACH-000011":3.92545125,"ACH-000012":1.717335274,"ACH-000013":4.432027969,"ACH-000014":2.848784916,"ACH-000015":-10.24533612,"ACH-000017":3.798508264,"ACH-000018":2.862867356,"ACH-000019":2.122197773,"ACH-000021":2.161098994,"ACH-000022":3.980840566,"ACH-000024":1.929911438,"ACH-000025":0.17837685,"ACH-000028":-0.655012055,"ACH-000029":3.973060639,"ACH-000030":0.276598046,"ACH-000035":3.223348259,"ACH-000036":1.8060818,"ACH-000037":2.396963504,"ACH-000039":3.3796541,"ACH-000040":-8.028615115,"ACH-000041":4.426222537,"ACH-000042":3.461466882,"ACH-000045":-15.1633769,"ACH-000047":4.249084629,"ACH-000048":3.874914582,"ACH-000052":-5.88259234,"ACH-000053":-11.14324814,"ACH-000054":3.187459078,"ACH-000055":-0.862998595,"ACH-000060":0.053778303,"ACH-000067":3.983314814,"ACH-000070":4.464646235,"ACH-000074":3.243708027,"ACH-000075":-3.409595324,"ACH-000076":3.406713619,"ACH-000078":-8.572496864,"ACH-000082":3.473948533,"ACH-000085":3.117916204,"ACH-000086":-7.449188632,"ACH-000087":3.660641264,"ACH-000092":2.514297956,"ACH-000095":4.306605588,"ACH-000096":3.87321138,"ACH-000097":4.509420501,"ACH-000098":1.207787519,"ACH-000099":-1.856417691,"ACH-000108":3.687499177,"ACH-000111":0.531985546,"ACH-000113":4.465075218,"ACH-000114":4.412628704,"ACH-000115":2.948190858,"ACH-000116":3.902253237,"ACH-000118":-15.13114743,"ACH-000120":2.488254767,"ACH-000123":-4.407169287,"ACH-000127":-1.555436066,"ACH-000128":3.653225953,"ACH-000132":3.203617252,"ACH-000133":3.515698695,"ACH-000137":1.87115348,"ACH-000138":0.911081414,"ACH-000141":3.267549306,"ACH-000142":4.11693175,"ACH-000143":0.193198399,"ACH-000146":-8.121622121,"ACH-000148":4.100526713,"ACH-000150":4.49334578,"ACH-000151":4.235572946,"ACH-000152":3.179450052,"ACH-000153":2.587941162,"ACH-000159":4.349769115,"ACH-000160":4.291361054,"ACH-000163":0.058195095,"ACH-000164":4.367031323,"ACH-000167":-6.439305181,"ACH-000168":2.765217678,"ACH-000169":4.344641507,"ACH-000174":2.598897672,"ACH-000178":2.913444719,"ACH-000182":4.261839352,"ACH-000183":4.495181169,"ACH-000187":3.229792153,"ACH-000188":2.83063372,"ACH-000189":3.458270293,"ACH-000190":1.893403019,"ACH-000198":4.471239492,"ACH-000200":2.721856867,"ACH-000202":4.192724818,"ACH-000204":4.405985538,"ACH-000206":-0.741996869,"ACH-000207":3.118897962,"ACH-000209":4.16577157,"ACH-000211":3.244995956,"ACH-000212":4.052011779,"ACH-000215":3.813871687,"ACH-000217":2.628068943,"ACH-000219":4.359556413,"ACH-000221":3.320152889,"ACH-000222":2.930839551,"ACH-000223":2.521172264,"ACH-000226":4.376589884,"ACH-000227":3.300858931,"ACH-000228":2.333076389,"ACH-000231":2.71299933,"ACH-000232":3.610401614,"ACH-000233":3.741249743,"ACH-000234":3.888567871,"ACH-000235":3.255957388,"ACH-000237":-0.282523864,"ACH-000238":2.793302056,"ACH-000243":1.566211687,"ACH-000244":1.853499471,"ACH-000246":4.430063149,"ACH-000247":3.975410374,"ACH-000248":4.204038125,"ACH-000249":1.803890049,"ACH-000250":4.211675278,"ACH-000251":3.413652565,"ACH-000253":4.308102882,"ACH-000255":4.506720219,"ACH-000256":4.031364569,"ACH-000257":2.673579629,"ACH-000258":3.501781877,"ACH-000259":2.793933029,"ACH-000260":4.499772728,"ACH-000261":-3.56183419,"ACH-000262":-1.543492945,"ACH-000263":3.650546371,"ACH-000264":-3.768822806,"ACH-000265":-2.448786812,"ACH-000266":4.199561029,"ACH-000271":4.486620692,"ACH-000272":2.171746445,"ACH-000273":4.127071523,"ACH-000274":4.053760688,"ACH-000276":4.028005628,"ACH-000277":4.207843093,"ACH-000278":3.42503835,"ACH-000279":-12.23550207,"ACH-000280":2.752693759,"ACH-000281":1.373900652,"ACH-000286":3.713286284,"ACH-000288":2.184996677,"ACH-000290":2.330899415,"ACH-000291":0.500464044,"ACH-000292":3.776862924,"ACH-000293":4.468348832,"ACH-000294":3.275233494,"ACH-000295":4.436894061,"ACH-000296":-2.88255378,"ACH-000302":3.947805362,"ACH-000304":3.724626348,"ACH-000305":2.10965984,"ACH-000307":-16.08096619,"ACH-000308":3.835951811,"ACH-000310":2.579381613,"ACH-000311":4.508810974,"ACH-000312":2.189428586,"ACH-000315":-7.876007823,"ACH-000316":2.828099154,"ACH-000317":2.619687888,"ACH-000318":3.566164556,"ACH-000319":3.422192072,"ACH-000320":0.585574918,"ACH-000322":4.507332272,"ACH-000323":0.758291707,"ACH-000324":2.556763306,"ACH-000326":4.493043844,"ACH-000329":2.845100785,"ACH-000330":-1.990481303,"ACH-000331":3.750174964,"ACH-000332":4.002939418,"ACH-000334":-2.092273984,"ACH-000335":2.821822976,"ACH-000336":3.674735849,"ACH-000337":4.484479905,"ACH-000339":4.383369911,"ACH-000341":3.722833242,"ACH-000343":4.240818268,"ACH-000344":1.707466356,"ACH-000348":4.090684757,"ACH-000350":4.088484893,"ACH-000352":4.493684117,"ACH-000355":3.277450858,"ACH-000356":4.392400599,"ACH-000361":2.934508069,"ACH-000362":2.593335766,"ACH-000363":4.273249169,"ACH-000364":4.061570359,"ACH-000365":-9.314753072,"ACH-000366":-5.775545513,"ACH-000368":0.144882135,"ACH-000370":2.756618175,"ACH-000374":-3.680533364,"ACH-000375":-1.166575947,"ACH-000376":3.296881211,"ACH-000377":3.555551628,"ACH-000378":4.328377389,"ACH-000381":4.437707023,"ACH-000383":3.963062327,"ACH-000385":3.610404572,"ACH-000387":4.016934086,"ACH-000389":3.205718973,"ACH-000390":3.94466838,"ACH-000393":2.899157745,"ACH-000395":2.522621654,"ACH-000397":2.288033141,"ACH-000401":3.656151258,"ACH-000402":2.058535645,"ACH-000403":2.946904943,"ACH-000404":4.26377196,"ACH-000405":2.694186078,"ACH-000406":2.773381666,"ACH-000407":2.479957454,"ACH-000408":3.071946001,"ACH-000410":3.568037157,"ACH-000411":-7.707726722,"ACH-000414":4.435996386,"ACH-000415":-0.865906647,"ACH-000416":4.185227627,"ACH-000420":4.505894591,"ACH-000421":4.375085535,"ACH-000422":2.2902924,"ACH-000424":1.177130492,"ACH-000425":4.340080091,"ACH-000426":0.611818845,"ACH-000427":1.40814435,"ACH-000431":4.291414041,"ACH-000433":1.247217724,"ACH-000434":4.061611273,"ACH-000435":4.460244018,"ACH-000436":4.507442766,"ACH-000437":3.776489239,"ACH-000438":4.19342029,"ACH-000444":3.696602634,"ACH-000445":-4.794034257,"ACH-000448":1.580961642,"ACH-000450":4.357080821,"ACH-000452":2.798428283,"ACH-000454":2.068709806,"ACH-000458":4.490752491,"ACH-000459":3.90571457,"ACH-000460":-3.522407457,"ACH-000461":3.268773556,"ACH-000463":2.022788122,"ACH-000464":-0.997844819,"ACH-000466":-0.121918664,"ACH-000467":0.774699883,"ACH-000468":3.277223649,"ACH-000469":1.590182323,"ACH-000470":4.346582293,"ACH-000471":3.219473406,"ACH-000472":-4.698272712,"ACH-000473":0.312091394,"ACH-000475":4.38520901,"ACH-000476":4.302920921,"ACH-000477":3.964189744,"ACH-000478":4.211977075,"ACH-000480":3.699513655,"ACH-000481":2.991957185,"ACH-000483":3.997110671,"ACH-000484":4.509409985,"ACH-000485":4.121911198,"ACH-000486":3.279966279,"ACH-000487":2.871389438,"ACH-000488":0.462130365,"ACH-000490":-2.059124967,"ACH-000491":3.44585382,"ACH-000493":3.142245867,"ACH-000495":4.474703728,"ACH-000496":3.380639277,"ACH-000498":3.994640897,"ACH-000499":1.78566811,"ACH-000500":0.751657027,"ACH-000502":4.5092081,"ACH-000503":1.41950854,"ACH-000504":2.40607274,"ACH-000505":2.736343446,"ACH-000507":4.509020834,"ACH-000510":4.313801028,"ACH-000511":4.280154042,"ACH-000512":0.283150104,"ACH-000514":2.918079187,"ACH-000516":3.511950404,"ACH-000517":4.508371186,"ACH-000518":4.011718458,"ACH-000520":3.737525444,"ACH-000521":3.560343302,"ACH-000522":-1.288311687,"ACH-000524":-10.10940429,"ACH-000527":2.692233059,"ACH-000528":4.071716686,"ACH-000535":-16.17124994,"ACH-000537":2.105515156,"ACH-000541":4.168620962,"ACH-000542":-10.35199527,"ACH-000544":1.512369935,"ACH-000545":-6.11196978,"ACH-000547":2.266221166,"ACH-000548":-3.557022087,"ACH-000549":-4.611691643,"ACH-000550":3.546173938,"ACH-000551":3.007632047,"ACH-000552":4.415908479,"ACH-000556":4.397820527,"ACH-000557":4.203285302,"ACH-000563":4.001087825,"ACH-000570":3.288433689,"ACH-000571":1.670334975,"ACH-000573":4.502746631,"ACH-000576":1.690038621,"ACH-000577":0.541637893,"ACH-000579":1.804073144,"ACH-000580":3.024854609,"ACH-000581":1.971769881,