{"scores":{"ACH-000004":1.613711376,"ACH-000005":1.684334691,"ACH-000007":1.309179639,"ACH-000009":1.776244667,"ACH-000011":-1.179296993,"ACH-000012":1.243715212,"ACH-000013":1.769105937,"ACH-000014":-3.749622121,"ACH-000015":0.678855202,"ACH-000017":1.372156057,"ACH-000018":-11.88796281,"ACH-000019":1.729556375,"ACH-000021":1.62176275,"ACH-000022":1.45028077,"ACH-000024":1.565730302,"ACH-000025":1.623745207,"ACH-000028":1.416479765,"ACH-000029":1.650393958,"ACH-000030":1.261764681,"ACH-000035":-20,"ACH-000036":-3.946041401,"ACH-000037":1.777030314,"ACH-000039":1.68530218,"ACH-000040":0.704301733,"ACH-000041":-0.830699398,"ACH-000042":1.667839417,"ACH-000045":0.580852346,"ACH-000047":1.601950208,"ACH-000048":1.282456442,"ACH-000052":-11.60744378,"ACH-000053":1.758361988,"ACH-000054":-0.812751019,"ACH-000055":1.773774808,"ACH-000060":1.27350975,"ACH-000067":0.590032371,"ACH-000070":1.301168068,"ACH-000074":1.794452704,"ACH-000075":-0.994165055,"ACH-000076":0.005263405,"ACH-000078":-2.353599706,"ACH-000082":1.377701507,"ACH-000085":-1.469213832,"ACH-000086":1.101961878,"ACH-000087":-2.209995835,"ACH-000092":1.669591817,"ACH-000095":1.614712582,"ACH-000096":1.099137714,"ACH-000097":0.802959605,"ACH-000098":1.228553526,"ACH-000099":1.780270924,"ACH-000108":1.712158457,"ACH-000111":1.684474811,"ACH-000113":1.794640102,"ACH-000114":1.609984149,"ACH-000115":1.758376537,"ACH-000116":1.794110159,"ACH-000118":1.11337185,"ACH-000120":1.482103788,"ACH-000123":1.757690855,"ACH-000127":1.733950468,"ACH-000128":1.769415034,"ACH-000132":1.778848697,"ACH-000133":1.022124719,"ACH-000137":1.758476915,"ACH-000138":-20,"ACH-000141":1.679189636,"ACH-000142":1.7594558,"ACH-000143":1.703934209,"ACH-000146":0.996436824,"ACH-000148":-0.147219804,"ACH-000150":1.784316206,"ACH-000151":1.7945636,"ACH-000152":1.306041112,"ACH-000153":0.809452408,"ACH-000159":1.421921581,"ACH-000160":1.792411751,"ACH-000163":0.138311791,"ACH-000164":1.251082503,"ACH-000167":1.429794855,"ACH-000168":-2.74306707,"ACH-000169":1.794841231,"ACH-000174":-1.278821139,"ACH-000178":-1.451783495,"ACH-000182":1.690664612,"ACH-000183":1.569667232,"ACH-000187":1.675635288,"ACH-000188":-0.236495551,"ACH-000189":0.448128431,"ACH-000190":-3.029207583,"ACH-000198":1.788435907,"ACH-000200":-0.178113626,"ACH-000202":0.654795695,"ACH-000204":1.713337585,"ACH-000206":1.782365319,"ACH-000207":0.438981712,"ACH-000209":-0.183016461,"ACH-000211":1.774895667,"ACH-000212":1.535629282,"ACH-000215":-1.295923172,"ACH-000217":0.70876868,"ACH-000219":-6.870686627,"ACH-000221":1.794841231,"ACH-000222":1.389123568,"ACH-000223":0.87223491,"ACH-000226":-0.550307103,"ACH-000227":1.297401866,"ACH-000228":1.778567844,"ACH-000231":-20,"ACH-000232":1.79482512,"ACH-000233":1.110312162,"ACH-000234":-1.065029486,"ACH-000235":1.786358602,"ACH-000237":-5.85039498,"ACH-000238":1.462227546,"ACH-000243":1.45317627,"ACH-000244":1.440231774,"ACH-000246":1.582266912,"ACH-000247":1.37034449,"ACH-000248":1.783968151,"ACH-000249":1.794841231,"ACH-000250":1.403343539,"ACH-000251":0.894734316,"ACH-000253":1.767502275,"ACH-000255":-2.838240865,"ACH-000256":1.793574921,"ACH-000257":1.040343922,"ACH-000258":1.753898415,"ACH-000259":0.9960384,"ACH-000260":1.666887839,"ACH-000261":-0.029330349,"ACH-000262":0.560560887,"ACH-000263":1.076512524,"ACH-000264":1.748755479,"ACH-000265":1.065291859,"ACH-000266":1.052801669,"ACH-000271":1.668910304,"ACH-000272":1.368432683,"ACH-000273":-2.594851538,"ACH-000274":0.951509813,"ACH-000276":1.736859236,"ACH-000277":0.499235017,"ACH-000278":1.536514165,"ACH-000279":-4.664588829,"ACH-000280":0.609353522,"ACH-000281":1.588389232,"ACH-000286":-20,"ACH-000288":1.743017515,"ACH-000290":1.6837651,"ACH-000291":1.793874012,"ACH-000292":1.539180408,"ACH-000293":-20,"ACH-000294":1.747492308,"ACH-000295":1.777334961,"ACH-000296":1.780923907,"ACH-000302":1.790785379,"ACH-000304":-0.165413302,"ACH-000305":1.789855877,"ACH-000307":1.775555286,"ACH-000308":1.441027036,"ACH-000310":-0.797305178,"ACH-000311":1.172818253,"ACH-000312":-13.79411144,"ACH-000315":-20,"ACH-000316":-1.325025064,"ACH-000317":1.574376827,"ACH-000318":1.666833818,"ACH-000319":-20,"ACH-000320":-4.674485837,"ACH-000322":1.573032503,"ACH-000323":1.616532468,"ACH-000324":1.330849637,"ACH-000326":1.786173915,"ACH-000329":-4.073739312,"ACH-000330":1.755801987,"ACH-000331":1.636480492,"ACH-000332":-0.155150917,"ACH-000334":1.744314371,"ACH-000335":1.156785153,"ACH-000336":1.754546761,"ACH-000337":1.687349896,"ACH-000339":0.555100099,"ACH-000341":-20,"ACH-000343":0.54048998,"ACH-000344":0.982945391,"ACH-000348":1.608072886,"ACH-000350":0.55989583,"ACH-000352":1.57566322,"ACH-000355":1.528073617,"ACH-000356":1.686077304,"ACH-000361":-0.652023758,"ACH-000362":1.727029485,"ACH-000363":1.788325871,"ACH-000364":1.48377585,"ACH-000365":1.786212398,"ACH-000366":1.790683923,"ACH-000368":0.971547648,"ACH-000370":1.722225113,"ACH-000374":-4.475130207,"ACH-000375":-20,"ACH-000376":-10.91483015,"ACH-000377":1.77081597,"ACH-000378":1.783937111,"ACH-000381":1.775886516,"ACH-000383":0.639649644,"ACH-000385":1.688558646,"ACH-000387":1.520180306,"ACH-000389":0.848415357,"ACH-000390":1.078612974,"ACH-000393":1.564571401,"ACH-000395":1.745661266,"ACH-000397":1.38816708,"ACH-000401":1.243985094,"ACH-000402":1.032807615,"ACH-000403":0.93426379,"ACH-000404":-1.198707658,"ACH-000405":1.499380822,"ACH-000406":1.744044158,"ACH-000407":-0.061816581,"ACH-000408":1.723852918,"ACH-000410":-1.563498595,"ACH-000411":-0.266987422,"ACH-000414":0.847137215,"ACH-000415":1.76246527,"ACH-000416":1.042426484,"ACH-000420":-0.595698012,"ACH-000421":0.525241982,"ACH-000422":-20,"ACH-000424":-4.386892707,"ACH-000425":1.042932605,"ACH-000426":1.568495439,"ACH-000427":1.744789874,"ACH-000431":1.293980694,"ACH-000433":-5.382742432,"ACH-000434":1.404525413,"ACH-000435":1.601976387,"ACH-000436":1.744053178,"ACH-000437":-0.260657201,"ACH-000438":1.71534517,"ACH-000444":0.858156061,"ACH-000445":-3.41026108,"ACH-000448":-3.943776824,"ACH-000450":0.923245896,"ACH-000452":1.096207986,"ACH-000454":1.791594602,"ACH-000458":1.619753908,"ACH-000459":1.491999754,"ACH-000460":0.917262879,"ACH-000461":0.934178174,"ACH-000463":1.772300685,"ACH-000464":1.622134278,"ACH-000466":1.475564677,"ACH-000467":1.753071258,"ACH-000468":1.752308723,"ACH-000469":0.99645164,"ACH-000470":-20,"ACH-000471":1.785412562,"ACH-000472":-0.070918646,"ACH-000473":0.559003696,"ACH-000475":1.763943832,"ACH-000476":1.784311513,"ACH-000477":1.102251461,"ACH-000478":1.633585523,"ACH-000480":1.79417468,"ACH-000481":1.711331714,"ACH-000483":1.082154531,"ACH-000484":0.588356254,"ACH-000485":1.792214895,"ACH-000486":1.419665972,"ACH-000487":1.739726906,"ACH-000488":1.742720214,"ACH-000490":1.230481176,"ACH-000491":1.491436933,"ACH-000493":1.057521688,"ACH-000495":-1.629892137,"ACH-000496":1.543772876,"ACH-000498":1.71845064,"ACH-000499":1.649914372,"ACH-000500":1.558121623,"ACH-000502":1.741764669,"ACH-000503":0.435695161,"ACH-000504":1.792521526,"ACH-000505":-2.211015604,"ACH-000507":1.699551755,"ACH-000510":1.768166381,"ACH-000511":1.522637428,"ACH-000512":1.246431018,"ACH-000514":1.581108794,"ACH-000516":1.209455016,"ACH-000517":-0.996241921,"ACH-000518":-1.940448971,"ACH-000520":-12.55715176,"ACH-000521":0.920787808,"ACH-000522":1.248866632,"ACH-000524":1.729449091,"ACH-000527":1.019572782,"ACH-000528":1.730688306,"ACH-000535":1.598454862,"ACH-000537":0.878856108,"ACH-000541":0.890714728,"ACH-000542":-3.954895084,"ACH-000544":-20,"ACH-000545":1.72155779,"ACH-000547":0.457083843,"ACH-000548":1.239726437,"ACH-000549":1.456797769,"ACH-000550":1.74594052,"ACH-000551":1.683126303,"ACH-000552":1.595904577,"ACH-000556":1.730985521,"ACH-000557":-1.688952367,"ACH-000563":1.770641758,"ACH-000570":-20,"ACH-000571":-6.559510959,"ACH-000573":1.580613856,"ACH-000576":1.487090444,"ACH-000577":1.7678909,"ACH-000579":1.726401563,"ACH-000580":1.753414547,"ACH-000581":1.358974796,"ACH-000583":1.17342889,"ACH-000584":1.534221971,"ACH-000585":0.886505062,