{"scores":{"ACH-000004":-0.718068703,"ACH-000005":0.319173089,"ACH-000007":2.072896721,"ACH-000009":-2.492816149,"ACH-000011":1.775371716,"ACH-000012":0.382987316,"ACH-000013":-3.230420643,"ACH-000014":1.438730367,"ACH-000015":2.300242185,"ACH-000017":0.64195787,"ACH-000018":2.332486753,"ACH-000019":2.281486002,"ACH-000021":1.996633781,"ACH-000022":-6.7792811,"ACH-000024":0.381846154,"ACH-000025":-1.110488014,"ACH-000028":-0.494456876,"ACH-000029":1.071154009,"ACH-000030":2.291366012,"ACH-000035":-0.923119121,"ACH-000036":1.723518663,"ACH-000037":2.229208557,"ACH-000039":2.114933064,"ACH-000040":2.151014262,"ACH-000041":0.830446777,"ACH-000042":1.541845922,"ACH-000045":2.272490066,"ACH-000047":-2.002102639,"ACH-000048":-0.842442068,"ACH-000052":2.314246388,"ACH-000053":2.310171226,"ACH-000054":1.99420707,"ACH-000055":1.995190483,"ACH-000060":1.580334343,"ACH-000067":2.08446126,"ACH-000070":1.859519964,"ACH-000074":1.873992052,"ACH-000075":1.421754142,"ACH-000076":2.332765035,"ACH-000078":1.747926541,"ACH-000082":2.275943777,"ACH-000085":1.495327367,"ACH-000086":2.285573956,"ACH-000087":2.156703294,"ACH-000092":2.106113635,"ACH-000095":2.321079091,"ACH-000096":2.070193819,"ACH-000097":1.141616752,"ACH-000098":1.962057902,"ACH-000099":1.772532955,"ACH-000108":1.704549437,"ACH-000111":1.186427005,"ACH-000113":0.041317545,"ACH-000114":2.301408508,"ACH-000115":2.327896503,"ACH-000116":1.175342126,"ACH-000118":1.732064913,"ACH-000120":2.101760826,"ACH-000123":-0.382737249,"ACH-000127":0.197444946,"ACH-000128":-0.183448129,"ACH-000132":0.620017002,"ACH-000133":0.96751027,"ACH-000137":2.015822771,"ACH-000138":2.195894785,"ACH-000141":2.329668143,"ACH-000142":2.221785944,"ACH-000143":2.250999259,"ACH-000146":1.952028477,"ACH-000148":2.048987349,"ACH-000150":0.078611569,"ACH-000151":-0.384186678,"ACH-000152":1.719874345,"ACH-000153":2.331523806,"ACH-000159":2.332494477,"ACH-000160":-12.0710152,"ACH-000163":1.527158972,"ACH-000164":2.115493499,"ACH-000167":1.306483088,"ACH-000168":2.265945102,"ACH-000169":2.117562387,"ACH-000174":2.00274443,"ACH-000178":1.870949289,"ACH-000182":-0.460074811,"ACH-000183":2.323751925,"ACH-000187":2.044975135,"ACH-000188":-0.560820751,"ACH-000189":1.519709898,"ACH-000190":1.58063152,"ACH-000198":0.632934167,"ACH-000200":1.457664782,"ACH-000202":1.556998455,"ACH-000204":-0.585052285,"ACH-000206":2.078021097,"ACH-000207":2.315903488,"ACH-000209":-0.938800241,"ACH-000211":2.33044414,"ACH-000212":1.077297746,"ACH-000215":2.262487738,"ACH-000217":0.676808738,"ACH-000219":-1.53587891,"ACH-000221":2.297385597,"ACH-000222":0.841880283,"ACH-000223":1.334567619,"ACH-000226":1.881439043,"ACH-000227":2.173381626,"ACH-000228":1.827805802,"ACH-000231":2.093533158,"ACH-000232":2.33233698,"ACH-000233":1.747393657,"ACH-000234":2.088899606,"ACH-000235":1.326648216,"ACH-000237":-2.432307602,"ACH-000238":1.718582419,"ACH-000243":-0.188309406,"ACH-000244":0.365891419,"ACH-000246":1.258342065,"ACH-000247":-0.299499173,"ACH-000248":1.248432119,"ACH-000249":1.845754756,"ACH-000250":2.330668073,"ACH-000251":2.278796731,"ACH-000253":0.77215558,"ACH-000255":0.969880165,"ACH-000256":-3.62699865,"ACH-000257":-1.915190312,"ACH-000258":2.155408283,"ACH-000259":-1.588049712,"ACH-000260":2.193954188,"ACH-000261":2.010336383,"ACH-000262":1.054519086,"ACH-000263":-1.611377888,"ACH-000264":2.134130511,"ACH-000265":-1.968255959,"ACH-000266":2.257541106,"ACH-000271":-12.58673205,"ACH-000272":0.674609869,"ACH-000273":1.910281718,"ACH-000274":1.194954186,"ACH-000276":-7.059082797,"ACH-000277":1.893331648,"ACH-000278":0.237385847,"ACH-000279":2.227167025,"ACH-000280":2.076717894,"ACH-000281":1.677886961,"ACH-000286":-1.499129063,"ACH-000288":0.767161156,"ACH-000290":0.925347945,"ACH-000291":1.317872738,"ACH-000292":1.37403461,"ACH-000293":-0.030670154,"ACH-000294":-0.104672193,"ACH-000295":-0.210113142,"ACH-000296":-5.489445013,"ACH-000302":-3.119411837,"ACH-000304":2.332754847,"ACH-000305":1.750065247,"ACH-000307":2.266063895,"ACH-000308":2.056166278,"ACH-000310":1.521878506,"ACH-000311":1.501944015,"ACH-000312":2.24831204,"ACH-000315":2.043271069,"ACH-000316":2.274382788,"ACH-000317":2.269686402,"ACH-000318":-0.04377969,"ACH-000319":0.912702183,"ACH-000320":2.306406436,"ACH-000322":1.247033161,"ACH-000323":-0.091363276,"ACH-000324":0.786703614,"ACH-000326":1.866977852,"ACH-000329":2.213961097,"ACH-000330":-2.18393641,"ACH-000331":0.003303517,"ACH-000332":0.335286585,"ACH-000334":2.207455964,"ACH-000335":2.329457685,"ACH-000336":2.308562741,"ACH-000337":2.297847408,"ACH-000339":1.407171036,"ACH-000341":2.105759168,"ACH-000343":-1.185661413,"ACH-000344":1.088818459,"ACH-000348":2.271168787,"ACH-000350":1.505508442,"ACH-000352":-7.559195337,"ACH-000355":0.961451346,"ACH-000356":2.297068503,"ACH-000361":0.602672651,"ACH-000362":2.175467929,"ACH-000363":2.107648546,"ACH-000364":2.21967396,"ACH-000365":2.312152095,"ACH-000366":2.308580984,"ACH-000368":2.206193583,"ACH-000370":-0.971306549,"ACH-000374":1.35335281,"ACH-000375":-2.548377623,"ACH-000376":-2.805813044,"ACH-000377":2.036155806,"ACH-000378":2.07638776,"ACH-000381":2.219064576,"ACH-000383":1.904652491,"ACH-000385":2.030553278,"ACH-000387":2.076046558,"ACH-000389":1.37344145,"ACH-000390":2.310385302,"ACH-000393":2.261828101,"ACH-000395":2.256497729,"ACH-000397":2.325955796,"ACH-000401":1.717941974,"ACH-000402":2.285055265,"ACH-000403":2.315945116,"ACH-000404":0.889576204,"ACH-000405":1.597256421,"ACH-000406":-2.742469879,"ACH-000407":2.114573429,"ACH-000408":1.199805571,"ACH-000410":-1.175495777,"ACH-000411":2.213548467,"ACH-000414":0.722914223,"ACH-000415":1.181325802,"ACH-000416":-0.041734698,"ACH-000420":0.806928295,"ACH-000421":-0.049746968,"ACH-000422":2.225586096,"ACH-000424":0.333637897,"ACH-000425":-3.158059944,"ACH-000426":-0.957619531,"ACH-000427":1.977977408,"ACH-000431":2.277367386,"ACH-000433":1.269376473,"ACH-000434":1.972041167,"ACH-000435":-1.018388363,"ACH-000436":2.138717309,"ACH-000437":1.05897163,"ACH-000438":1.867709028,"ACH-000444":0.939188923,"ACH-000445":-0.028565979,"ACH-000448":0.635242428,"ACH-000450":0.547003256,"ACH-000452":2.22555401,"ACH-000454":0.865844862,"ACH-000458":2.17704926,"ACH-000459":-0.497178309,"ACH-000460":1.567722624,"ACH-000461":-1.853768598,"ACH-000463":1.699146706,"ACH-000464":-0.412741116,"ACH-000466":2.119126942,"ACH-000467":2.321397889,"ACH-000468":1.440202529,"ACH-000469":1.982256789,"ACH-000470":-4.540050547,"ACH-000471":1.975348209,"ACH-000472":2.32902681,"ACH-000473":2.236718997,"ACH-000475":2.329886076,"ACH-000476":0.265644574,"ACH-000477":-0.377424635,"ACH-000478":2.332491345,"ACH-000480":1.908218422,"ACH-000481":-0.931678058,"ACH-000483":-4.398802475,"ACH-000484":1.726640849,"ACH-000485":1.352360451,"ACH-000486":1.695383581,"ACH-000487":-5.369050566,"ACH-000488":-10.09741428,"ACH-000490":1.797071721,"ACH-000491":-3.246873907,"ACH-000493":-3.045278006,"ACH-000495":-4.425388118,"ACH-000496":1.823449917,"ACH-000498":0.853522091,"ACH-000499":0.785220006,"ACH-000500":1.828432222,"ACH-000502":1.81197464,"ACH-000503":2.194775513,"ACH-000504":2.280852347,"ACH-000505":2.287529827,"ACH-000507":0.629405467,"ACH-000510":1.435657012,"ACH-000511":0.868950996,"ACH-000512":2.092253693,"ACH-000514":-0.554179465,"ACH-000516":-0.212525548,"ACH-000517":1.509836615,"ACH-000518":-0.680694382,"ACH-000520":0.83979499,"ACH-000521":2.16835451,"ACH-000522":-4.543112985,"ACH-000524":0.474343733,"ACH-000527":-6.945018347,"ACH-000528":1.02674804,"ACH-000535":2.270236186,"ACH-000537":1.224121093,"ACH-000541":1.156829238,"ACH-000542":1.84057404,"ACH-000544":1.935167411,"ACH-000545":1.361717823,"ACH-000547":-1.229573159,"ACH-000548":2.057939206,"ACH-000549":2.330904023,"ACH-000550":2.008094722,"ACH-000551":-7.001598754,"ACH-000552":2.008926155,"ACH-000556":2.292096692,"ACH-000557":2.290131761,"ACH-000563":-0.852437019,"ACH-000570":1.202112258,"ACH-000571":2.325898269,"ACH-000573":0.175559042,"ACH-000576":1.625512535,"ACH-000577":1.906289587,"ACH-000579":1.424715173,"ACH-000580":1.459360453,