{"scores":{"ACH-000004":-4.140690421,"ACH-000005":1.138339072,"ACH-000007":1.492607629,"ACH-000009":1.438331837,"ACH-000011":1.782146781,"ACH-000012":1.781973707,"ACH-000013":1.780911214,"ACH-000014":-0.970661601,"ACH-000015":1.781639988,"ACH-000017":-0.148944819,"ACH-000018":1.777741919,"ACH-000019":1.183728206,"ACH-000021":1.611167716,"ACH-000022":1.702221254,"ACH-000024":1.140010654,"ACH-000025":1.111395184,"ACH-000028":-17.38480299,"ACH-000029":1.756078172,"ACH-000030":1.71322706,"ACH-000035":1.762287048,"ACH-000036":0.769097554,"ACH-000037":-0.110344962,"ACH-000039":0.796813105,"ACH-000040":1.768512,"ACH-000041":-17.38480299,"ACH-000042":1.461019293,"ACH-000045":1.646801779,"ACH-000047":1.441989656,"ACH-000048":1.249142089,"ACH-000052":1.26085978,"ACH-000053":1.429268758,"ACH-000054":1.708782928,"ACH-000055":1.777209956,"ACH-000060":1.781220287,"ACH-000067":1.360927844,"ACH-000070":1.739706259,"ACH-000074":1.416873061,"ACH-000075":1.540534858,"ACH-000076":1.184391771,"ACH-000078":1.655018125,"ACH-000082":1.747967863,"ACH-000085":1.731927669,"ACH-000086":-17.38480299,"ACH-000087":1.779964543,"ACH-000092":1.079263059,"ACH-000095":1.480556195,"ACH-000096":-0.041778326,"ACH-000097":1.605937264,"ACH-000098":1.611027884,"ACH-000099":-17.38480299,"ACH-000108":1.53892449,"ACH-000111":1.681321899,"ACH-000113":1.704293029,"ACH-000114":1.591058318,"ACH-000115":1.695171072,"ACH-000116":1.772852686,"ACH-000118":1.552132311,"ACH-000120":1.239486977,"ACH-000123":1.758219362,"ACH-000127":1.697626469,"ACH-000128":-17.38480299,"ACH-000132":-0.309150317,"ACH-000133":1.358632563,"ACH-000137":1.760742486,"ACH-000138":1.41365435,"ACH-000141":1.7820764,"ACH-000142":1.702811541,"ACH-000143":1.060963837,"ACH-000146":0.899656775,"ACH-000148":1.764805038,"ACH-000150":1.759031273,"ACH-000151":0.998403861,"ACH-000152":1.781182112,"ACH-000153":1.760651135,"ACH-000159":0.993171337,"ACH-000160":1.439901731,"ACH-000163":1.531868813,"ACH-000164":1.641042772,"ACH-000167":1.75108677,"ACH-000168":1.775339839,"ACH-000169":1.781535019,"ACH-000174":0.371799262,"ACH-000178":1.753652116,"ACH-000182":1.780191726,"ACH-000183":0.796853008,"ACH-000187":1.328295519,"ACH-000188":1.62218426,"ACH-000189":-0.776057022,"ACH-000190":1.725083418,"ACH-000198":1.27099008,"ACH-000200":1.682478746,"ACH-000202":1.656603933,"ACH-000204":0.846507141,"ACH-000206":1.033859485,"ACH-000207":1.781741152,"ACH-000209":1.261039716,"ACH-000211":1.496531828,"ACH-000212":-17.38480299,"ACH-000215":1.683264201,"ACH-000217":1.575886365,"ACH-000219":1.584722534,"ACH-000221":0.967414967,"ACH-000222":1.549379036,"ACH-000223":1.644592334,"ACH-000226":1.108448883,"ACH-000227":1.727699524,"ACH-000228":-17.38480299,"ACH-000231":1.470880442,"ACH-000232":1.740923305,"ACH-000233":1.718814966,"ACH-000234":1.349508288,"ACH-000235":1.309101748,"ACH-000237":1.458365473,"ACH-000238":-2.187927016,"ACH-000243":0.872871239,"ACH-000244":-0.621491339,"ACH-000246":1.407886561,"ACH-000247":1.0262074,"ACH-000248":1.307544568,"ACH-000249":-0.645232009,"ACH-000250":-17.38480299,"ACH-000251":1.776564566,"ACH-000253":1.769591441,"ACH-000255":1.746540351,"ACH-000256":1.103771919,"ACH-000257":1.75899345,"ACH-000258":1.751189566,"ACH-000259":1.761616299,"ACH-000260":1.743294517,"ACH-000261":1.118320999,"ACH-000262":-1.144085606,"ACH-000263":-0.551493441,"ACH-000264":1.426734042,"ACH-000265":1.780847165,"ACH-000266":1.757931277,"ACH-000271":0.745162693,"ACH-000272":1.334447884,"ACH-000273":1.780745942,"ACH-000274":-17.38480299,"ACH-000276":1.572136525,"ACH-000277":1.191385678,"ACH-000278":1.51563405,"ACH-000279":1.68369014,"ACH-000280":-0.371547659,"ACH-000281":1.322127942,"ACH-000286":0.663227571,"ACH-000288":1.717829734,"ACH-000290":1.652706959,"ACH-000291":1.712573357,"ACH-000292":1.78002062,"ACH-000293":1.777320717,"ACH-000294":1.652613179,"ACH-000295":-17.38480299,"ACH-000296":-17.38480299,"ACH-000302":1.734748236,"ACH-000304":-17.38480299,"ACH-000305":0.94019387,"ACH-000307":1.250202127,"ACH-000308":1.254232107,"ACH-000310":1.767515022,"ACH-000311":-5.991124566,"ACH-000312":1.333482035,"ACH-000315":1.166759164,"ACH-000316":0.245932819,"ACH-000317":1.782150907,"ACH-000318":1.71384657,"ACH-000319":1.761166901,"ACH-000320":-17.38480299,"ACH-000322":-2.260052265,"ACH-000323":1.767652582,"ACH-000324":1.577082932,"ACH-000326":0.958418287,"ACH-000329":1.224608631,"ACH-000330":-17.38480299,"ACH-000331":0.813073142,"ACH-000332":1.58408441,"ACH-000334":1.74859248,"ACH-000335":1.482103093,"ACH-000336":-0.236358838,"ACH-000337":1.780691975,"ACH-000339":1.66816662,"ACH-000341":1.269834772,"ACH-000343":1.566449074,"ACH-000344":-7.374136049,"ACH-000348":-1.068020515,"ACH-000350":1.245707579,"ACH-000352":-0.265045907,"ACH-000355":-17.38480299,"ACH-000356":1.471522817,"ACH-000361":1.7741404,"ACH-000362":1.66024161,"ACH-000363":1.517926305,"ACH-000364":1.115900774,"ACH-000365":1.752127651,"ACH-000366":1.27478491,"ACH-000368":1.73434618,"ACH-000370":1.782150907,"ACH-000374":1.441215201,"ACH-000375":1.590983162,"ACH-000376":1.476756405,"ACH-000377":-1.337719975,"ACH-000378":0.946261404,"ACH-000381":-17.38480299,"ACH-000383":1.741616462,"ACH-000385":-0.385400605,"ACH-000387":-17.38480299,"ACH-000389":-17.38480299,"ACH-000390":-8.569532935,"ACH-000393":-17.38480299,"ACH-000395":-17.38480299,"ACH-000397":1.781924261,"ACH-000401":-0.122124015,"ACH-000402":1.709907267,"ACH-000403":1.695909901,"ACH-000404":-10.41771871,"ACH-000405":1.687029862,"ACH-000406":1.754878526,"ACH-000407":-0.787204583,"ACH-000408":1.778455564,"ACH-000410":1.659794764,"ACH-000411":1.75426862,"ACH-000414":-13.39698594,"ACH-000415":1.615977777,"ACH-000416":1.59226873,"ACH-000420":1.560171246,"ACH-000421":0.947048911,"ACH-000422":1.717781658,"ACH-000424":1.67987599,"ACH-000425":-0.953691799,"ACH-000426":1.159968329,"ACH-000427":1.756348775,"ACH-000431":-17.38480299,"ACH-000433":-1.83386092,"ACH-000434":0.981515869,"ACH-000435":1.773025396,"ACH-000436":-17.38480299,"ACH-000437":-0.765431353,"ACH-000438":-1.504122103,"ACH-000444":1.752833172,"ACH-000445":0.837629321,"ACH-000448":1.754921517,"ACH-000450":-6.825810646,"ACH-000452":-17.38480299,"ACH-000454":1.600440696,"ACH-000458":1.659061275,"ACH-000459":1.558188243,"ACH-000460":1.765390024,"ACH-000461":1.739507352,"ACH-000463":1.255376463,"ACH-000464":1.778423312,"ACH-000466":1.735279788,"ACH-000467":1.779166751,"ACH-000468":0.996316108,"ACH-000469":1.612452392,"ACH-000470":1.782150907,"ACH-000471":-17.38480299,"ACH-000472":1.300218505,"ACH-000473":0.801432782,"ACH-000475":1.158245883,"ACH-000476":-17.38480299,"ACH-000477":-5.704556169,"ACH-000478":1.309594712,"ACH-000480":-17.38480299,"ACH-000481":1.626841327,"ACH-000483":1.591222849,"ACH-000484":1.452775348,"ACH-000485":0.952448077,"ACH-000486":1.300286181,"ACH-000487":1.765662282,"ACH-000488":1.423419136,"ACH-000490":-17.38480299,"ACH-000491":1.279808453,"ACH-000493":-17.38480299,"ACH-000495":-17.38480299,"ACH-000496":0.544733021,"ACH-000498":0.800499054,"ACH-000499":-17.38480299,"ACH-000500":1.387315005,"ACH-000502":0.795850917,"ACH-000503":-17.38480299,"ACH-000504":1.34126098,"ACH-000505":-17.38480299,"ACH-000507":-17.38480299,"ACH-000510":1.750081489,"ACH-000511":1.459869991,"ACH-000512":1.746797382,"ACH-000514":1.751562571,"ACH-000516":1.018358244,"ACH-000517":-0.274134324,"ACH-000518":1.682782176,"ACH-000520":1.597473283,"ACH-000521":1.188329202,"ACH-000522":1.776339376,"ACH-000524":-17.38480299,"ACH-000527":1.644548053,"ACH-000528":1.670268605,"ACH-000535":1.707871795,"ACH-000537":1.75399985,"ACH-000541":1.652546667,"ACH-000542":1.710262151,"ACH-000544":1.389185877,"ACH-000545":1.012184718,"ACH-000547":1.442467441,"ACH-000548":1.718303532,"ACH-000549":0.82179364,"ACH-000550":1.268529743,"ACH-000551":0.934852133,"ACH-000552":1.646506203,"ACH-000556":-1.209947581,"ACH-000557":1.695352609,"ACH-000563":0.918015633,"ACH-000570":1.727971632,"ACH-000571":1.667519744,"ACH-000573":1.765237336,"ACH-000576":-0.541251759,"ACH-000577":1.679258697,"ACH-000579":-7.019513173,"ACH-000580":-0.198235533,