{"scores":{"ACH-000004":0,"ACH-000005":1.857446938,"ACH-000007":2.911631107,"ACH-000009":3.158468368,"ACH-000011":3.161609127,"ACH-000012":0.532633984,"ACH-000013":2.713773641,"ACH-000014":0.74983896,"ACH-000015":0,"ACH-000017":-0.61616181,"ACH-000018":2.281113603,"ACH-000019":3.129581757,"ACH-000021":3.072129286,"ACH-000022":2.494066477,"ACH-000024":3.06800067,"ACH-000025":0.835468017,"ACH-000028":3.156392345,"ACH-000029":0,"ACH-000030":3.030158874,"ACH-000035":0,"ACH-000036":3.160670851,"ACH-000037":2.505894482,"ACH-000039":-8.142171966,"ACH-000040":2.924232689,"ACH-000041":1.887687668,"ACH-000042":2.657787757,"ACH-000045":3.162412726,"ACH-000047":2.863435657,"ACH-000048":1.744081236,"ACH-000052":-20,"ACH-000053":-10.49629266,"ACH-000054":2.679444232,"ACH-000055":-0.949468229,"ACH-000060":3.025408754,"ACH-000067":3.056286511,"ACH-000070":2.759743579,"ACH-000074":1.247587078,"ACH-000075":2.894934391,"ACH-000076":3.146182245,"ACH-000078":2.443786035,"ACH-000082":2.869158511,"ACH-000085":3.035281191,"ACH-000086":1.648628252,"ACH-000087":3.163024387,"ACH-000092":3.155536693,"ACH-000095":-0.912093715,"ACH-000096":2.729984385,"ACH-000097":3.161568652,"ACH-000098":2.891905486,"ACH-000099":2.175598484,"ACH-000108":2.694633998,"ACH-000111":2.26874421,"ACH-000113":-9.794063628,"ACH-000114":2.863264787,"ACH-000115":-7.596416045,"ACH-000116":2.562120403,"ACH-000118":2.770982885,"ACH-000120":-20,"ACH-000123":-20,"ACH-000127":2.765056828,"ACH-000128":0,"ACH-000132":2.98996981,"ACH-000133":0.948238401,"ACH-000137":2.657180934,"ACH-000138":-5.127613492,"ACH-000141":0,"ACH-000142":2.987417061,"ACH-000143":-20,"ACH-000146":2.869507836,"ACH-000148":2.970627932,"ACH-000150":2.78483337,"ACH-000151":3.060332327,"ACH-000152":3.050733092,"ACH-000153":2.728617752,"ACH-000159":2.951780333,"ACH-000160":1.628105657,"ACH-000163":2.99436697,"ACH-000164":3.145711533,"ACH-000167":3.011769292,"ACH-000168":2.906231736,"ACH-000169":2.981021803,"ACH-000174":0,"ACH-000178":3.144505531,"ACH-000182":3.02538687,"ACH-000183":0,"ACH-000187":2.015383904,"ACH-000188":0,"ACH-000189":3.056077161,"ACH-000190":1.473430999,"ACH-000198":2.735642921,"ACH-000200":3.076358895,"ACH-000202":3.161523295,"ACH-000204":1.48095844,"ACH-000206":1.041216068,"ACH-000207":3.132648079,"ACH-000209":3.157696418,"ACH-000211":3.139389755,"ACH-000212":0,"ACH-000215":3.018333014,"ACH-000217":2.612771959,"ACH-000219":3.162985642,"ACH-000221":3.094240949,"ACH-000222":2.725277565,"ACH-000223":-2.115346288,"ACH-000226":-20,"ACH-000227":2.696337906,"ACH-000228":3.162824136,"ACH-000231":3.162856506,"ACH-000232":0,"ACH-000233":2.092040842,"ACH-000234":2.923246274,"ACH-000235":2.581995769,"ACH-000237":3.162896579,"ACH-000238":3.16302373,"ACH-000243":3.117680244,"ACH-000244":2.060522352,"ACH-000246":-6.531352856,"ACH-000247":3.162690196,"ACH-000248":-20,"ACH-000249":3.109232285,"ACH-000250":2.974785873,"ACH-000251":2.457133696,"ACH-000253":3.159581872,"ACH-000255":0,"ACH-000256":3.094910684,"ACH-000257":2.541433303,"ACH-000258":2.401213728,"ACH-000259":2.127920279,"ACH-000260":0,"ACH-000261":3.136299528,"ACH-000262":3.162842827,"ACH-000263":3.161741891,"ACH-000264":3.063455633,"ACH-000265":2.747048208,"ACH-000266":0.571346221,"ACH-000271":3.111652873,"ACH-000272":2.93256223,"ACH-000273":2.699763994,"ACH-000274":3.134129797,"ACH-000276":0,"ACH-000277":2.511857412,"ACH-000278":3.065499291,"ACH-000279":-0.756622956,"ACH-000280":1.979826192,"ACH-000281":-20,"ACH-000286":3.162729929,"ACH-000288":3.153921277,"ACH-000290":3.163025274,"ACH-000291":3.100166081,"ACH-000292":0,"ACH-000293":3.110898832,"ACH-000294":0,"ACH-000295":1.692172352,"ACH-000296":2.455056694,"ACH-000302":-4.867921317,"ACH-000304":-1.245589588,"ACH-000305":-20,"ACH-000307":2.26964955,"ACH-000308":-1.645824938,"ACH-000310":3.146346348,"ACH-000311":-20,"ACH-000312":3.127017729,"ACH-000315":2.879784851,"ACH-000316":3.05570556,"ACH-000317":2.912825436,"ACH-000318":3.146923905,"ACH-000319":2.045350951,"ACH-000320":3.069934111,"ACH-000322":3.0853296,"ACH-000323":3.163025274,"ACH-000324":3.107312872,"ACH-000326":0,"ACH-000329":2.806750084,"ACH-000330":2.241891606,"ACH-000331":3.092700914,"ACH-000332":3.139796747,"ACH-000334":0,"ACH-000335":2.356740045,"ACH-000336":1.920643945,"ACH-000337":-4.754077476,"ACH-000339":2.093741256,"ACH-000341":2.898373729,"ACH-000343":-20,"ACH-000344":2.877989899,"ACH-000348":-0.757859393,"ACH-000350":3.054766656,"ACH-000352":2.768275735,"ACH-000355":-0.235739204,"ACH-000356":2.542793525,"ACH-000361":2.058949666,"ACH-000362":2.97147456,"ACH-000363":3.161366987,"ACH-000364":2.467537588,"ACH-000365":2.658486675,"ACH-000366":3.074329154,"ACH-000368":3.113402805,"ACH-000370":2.806247994,"ACH-000374":3.128552877,"ACH-000375":2.86193616,"ACH-000376":3.161808589,"ACH-000377":1.484462902,"ACH-000378":3.119979946,"ACH-000381":2.875922126,"ACH-000383":2.925285497,"ACH-000385":3.162541922,"ACH-000387":3.153582444,"ACH-000389":0,"ACH-000390":3.06464296,"ACH-000393":2.715388824,"ACH-000395":1.156537634,"ACH-000397":0.607098195,"ACH-000401":3.116847156,"ACH-000402":2.983611467,"ACH-000403":2.967120374,"ACH-000404":3.06113944,"ACH-000405":2.611321556,"ACH-000406":1.816656404,"ACH-000407":2.899134815,"ACH-000408":1.916479554,"ACH-000410":2.982145156,"ACH-000411":3.062916721,"ACH-000414":2.701394605,"ACH-000415":3.082496661,"ACH-000416":2.855337726,"ACH-000420":2.899882138,"ACH-000421":2.673448235,"ACH-000422":2.943926531,"ACH-000424":-5.328916641,"ACH-000425":3.140723811,"ACH-000426":2.562533491,"ACH-000427":2.79013029,"ACH-000431":2.984277526,"ACH-000433":3.093527972,"ACH-000434":3.06482985,"ACH-000435":2.354763563,"ACH-000436":3.162212316,"ACH-000437":3.082219516,"ACH-000438":3.03272979,"ACH-000444":2.484093938,"ACH-000445":2.828438188,"ACH-000448":2.892096318,"ACH-000450":3.017768792,"ACH-000452":2.828115212,"ACH-000454":3.0062866,"ACH-000458":2.845439751,"ACH-000459":3.085147509,"ACH-000460":2.954212983,"ACH-000461":3.162517573,"ACH-000463":3.134079669,"ACH-000464":1.376814992,"ACH-000466":3.138017808,"ACH-000467":2.842383598,"ACH-000468":2.7773907,"ACH-000469":3.141882142,"ACH-000470":0,"ACH-000471":2.773218463,"ACH-000472":3.159846844,"ACH-000473":2.943535815,"ACH-000475":0,"ACH-000476":2.61347259,"ACH-000477":3.010460844,"ACH-000478":3.067640773,"ACH-000480":1.830166319,"ACH-000481":0,"ACH-000483":3.104580939,"ACH-000484":0,"ACH-000485":0.538452692,"ACH-000486":0,"ACH-000487":3.155473107,"ACH-000488":2.947471072,"ACH-000490":0.143113937,"ACH-000491":-20,"ACH-000493":3.163025274,"ACH-000495":-20,"ACH-000496":3.04368301,"ACH-000498":-3.157941693,"ACH-000499":-20,"ACH-000500":3.145507986,"ACH-000502":2.211570432,"ACH-000503":2.863746276,"ACH-000504":2.742454713,"ACH-000505":2.977477851,"ACH-000507":-0.431095786,"ACH-000510":-20,"ACH-000511":-2.24670754,"ACH-000512":-20,"ACH-000514":3.156338261,"ACH-000516":3.00704062,"ACH-000517":2.979844946,"ACH-000518":1.999898501,"ACH-000520":3.099967,"ACH-000521":2.968276792,"ACH-000522":3.161009442,"ACH-000524":0,"ACH-000527":-20,"ACH-000528":2.299343282,"ACH-000535":2.318340637,"ACH-000537":3.1625902,"ACH-000541":3.163007625,"ACH-000542":2.997907286,"ACH-000544":2.783908707,"ACH-000545":2.891549575,"ACH-000547":2.980929357,"ACH-000548":3.159879416,"ACH-000549":2.724435901,"ACH-000550":1.894609562,"ACH-000551":1.984065914,"ACH-000552":3.120811687,"ACH-000556":2.752976762,"ACH-000557":2.637625148,"ACH-000563":3.075158647,"ACH-000570":3.163003439,"ACH-000571":3.058544313,"ACH-000573":2.928586669,"ACH-000576":3.160312786,"ACH-000577":2.735365046,"ACH-000579":1.720391817,"ACH-000580":3.128743605,"ACH-000581":2.854597139,"ACH-000583":3.138720966,"ACH-000584":2.871981731,"ACH-000585":3.088455053,"ACH-000587":2.718204355,"ACH-000588":2.520782563,"ACH-000589":3.117787607,"ACH-000591":1.609432579,"ACH-000592":1.672293369,"ACH-000593":3.112768856,"ACH-000596":3.149768678,"ACH-000599":2.423138854,"ACH-000600":0,"ACH-000601":3.133245889,"ACH-000604":2.723874758,"ACH-000605":2.422420733,"ACH-000606":3.163025274,