{"scores":{"ACH-000004":1.969600364,"ACH-000005":3.475123379,"ACH-000007":-0.949122872,"ACH-000009":-17.76107239,"ACH-000011":1.977845676,"ACH-000012":3.52063917,"ACH-000013":3.538442628,"ACH-000014":3.432379958,"ACH-000015":-20,"ACH-000017":3.481532236,"ACH-000018":3.463907564,"ACH-000019":3.536336593,"ACH-000021":3.495522811,"ACH-000022":-20,"ACH-000024":3.392649246,"ACH-000025":3.550996843,"ACH-000028":2.085171646,"ACH-000029":3.554129042,"ACH-000030":3.307766498,"ACH-000035":3.079296613,"ACH-000036":2.484290596,"ACH-000037":3.316984737,"ACH-000039":3.46487996,"ACH-000040":1.104427235,"ACH-000041":3.550376517,"ACH-000042":2.169388097,"ACH-000045":2.410330067,"ACH-000047":3.533682717,"ACH-000048":-4.67775752,"ACH-000052":3.474852226,"ACH-000053":3.339681943,"ACH-000054":2.417150195,"ACH-000055":3.112824821,"ACH-000060":3.225646009,"ACH-000067":3.219102116,"ACH-000070":3.44610875,"ACH-000074":3.550420901,"ACH-000075":1.803242458,"ACH-000076":3.548011571,"ACH-000078":3.553988328,"ACH-000082":2.617412729,"ACH-000085":3.096487704,"ACH-000086":3.05095525,"ACH-000087":2.692699152,"ACH-000092":2.157700855,"ACH-000095":3.497579624,"ACH-000096":3.551666423,"ACH-000097":3.01578381,"ACH-000098":3.551842208,"ACH-000099":3.439375123,"ACH-000108":3.399912615,"ACH-000111":0.509745229,"ACH-000113":3.170580578,"ACH-000114":3.042423674,"ACH-000115":3.153717238,"ACH-000116":3.12851403,"ACH-000118":3.374709629,"ACH-000120":3.523138383,"ACH-000123":3.270880858,"ACH-000127":3.203057349,"ACH-000128":3.029611474,"ACH-000132":3.552933902,"ACH-000133":2.664005469,"ACH-000137":3.363392486,"ACH-000138":-6.347479863,"ACH-000141":3.445787989,"ACH-000142":3.455574205,"ACH-000143":3.144730974,"ACH-000146":3.47979777,"ACH-000148":3.552420376,"ACH-000150":3.554060018,"ACH-000151":2.102943634,"ACH-000152":3.551818565,"ACH-000153":2.660920602,"ACH-000159":-0.748994375,"ACH-000160":0,"ACH-000163":-14.07054999,"ACH-000164":3.399012639,"ACH-000167":2.864752069,"ACH-000168":3.550505353,"ACH-000169":-0.054454855,"ACH-000174":3.503880137,"ACH-000178":0.138353606,"ACH-000182":-20,"ACH-000183":3.543810707,"ACH-000187":3.521372533,"ACH-000188":3.554108721,"ACH-000189":3.376246431,"ACH-000190":2.779652897,"ACH-000198":0,"ACH-000200":-0.526860583,"ACH-000202":-7.718507252,"ACH-000204":3.525850378,"ACH-000206":3.414734385,"ACH-000207":3.554202895,"ACH-000209":3.55422712,"ACH-000211":3.419298873,"ACH-000212":1.774667894,"ACH-000215":2.787361154,"ACH-000217":3.317634535,"ACH-000219":-0.248977578,"ACH-000221":-20,"ACH-000222":-6.17916788,"ACH-000223":3.545537352,"ACH-000226":3.083035136,"ACH-000227":3.531073122,"ACH-000228":3.379383502,"ACH-000231":3.038116194,"ACH-000232":3.513334143,"ACH-000233":3.183794664,"ACH-000234":3.521306688,"ACH-000235":-20,"ACH-000237":3.329347979,"ACH-000238":3.552061285,"ACH-000243":3.484421738,"ACH-000244":3.382845836,"ACH-000246":3.160548546,"ACH-000247":-20,"ACH-000248":1.991504847,"ACH-000249":-4.335815337,"ACH-000250":2.895288889,"ACH-000251":3.468785185,"ACH-000253":-20,"ACH-000255":-0.704552356,"ACH-000256":2.814902314,"ACH-000257":3.021533119,"ACH-000258":-20,"ACH-000259":3.325969428,"ACH-000260":1.322458702,"ACH-000261":2.719125043,"ACH-000262":1.591857396,"ACH-000263":3.142982748,"ACH-000264":2.085039318,"ACH-000265":3.142786495,"ACH-000266":0.790884558,"ACH-000271":3.008092419,"ACH-000272":3.310982416,"ACH-000273":0,"ACH-000274":1.262893004,"ACH-000276":3.297599795,"ACH-000277":3.305245106,"ACH-000278":3.533710086,"ACH-000279":3.25977776,"ACH-000280":2.727730057,"ACH-000281":-20,"ACH-000286":-20,"ACH-000288":3.143907749,"ACH-000290":2.98155404,"ACH-000291":3.546705629,"ACH-000292":3.122644712,"ACH-000293":3.538646033,"ACH-000294":3.312686197,"ACH-000295":3.51678461,"ACH-000296":-9.546343184,"ACH-000302":3.480617152,"ACH-000304":3.463105679,"ACH-000305":3.234305111,"ACH-000307":3.494681428,"ACH-000308":3.491736291,"ACH-000310":2.9616341,"ACH-000311":-5.78157848,"ACH-000312":2.005905407,"ACH-000315":2.998614961,"ACH-000316":3.142398736,"ACH-000317":2.965683575,"ACH-000318":3.371568532,"ACH-000319":2.152275247,"ACH-000320":2.999540257,"ACH-000322":3.518251896,"ACH-000323":1.572724831,"ACH-000324":1.532582253,"ACH-000326":3.523437494,"ACH-000329":3.341105114,"ACH-000330":2.897213052,"ACH-000331":1.700404718,"ACH-000332":-20,"ACH-000334":1.195124753,"ACH-000335":3.37520887,"ACH-000336":3.411023737,"ACH-000337":3.534042092,"ACH-000339":-2.32826814,"ACH-000341":3.45681417,"ACH-000343":3.552321368,"ACH-000344":3.008106074,"ACH-000348":3.462831471,"ACH-000350":-20,"ACH-000352":3.528835707,"ACH-000355":3.290273986,"ACH-000356":-8.198238291,"ACH-000361":3.440064759,"ACH-000362":3.549381868,"ACH-000363":3.54888291,"ACH-000364":0.842747407,"ACH-000365":3.219355884,"ACH-000366":3.524034618,"ACH-000368":3.387440743,"ACH-000370":1.04145837,"ACH-000374":3.536622242,"ACH-000375":3.118121061,"ACH-000376":2.975249941,"ACH-000377":2.673894072,"ACH-000378":3.15639749,"ACH-000381":-20,"ACH-000383":3.551780032,"ACH-000385":3.330995341,"ACH-000387":2.626658812,"ACH-000389":3.004118256,"ACH-000390":2.789836933,"ACH-000393":-1.086387002,"ACH-000395":3.071420134,"ACH-000397":3.322825335,"ACH-000401":1.432115671,"ACH-000402":3.377523748,"ACH-000403":3.332208267,"ACH-000404":2.67719465,"ACH-000405":3.54457459,"ACH-000406":3.502603153,"ACH-000407":3.46173346,"ACH-000408":3.511674141,"ACH-000410":2.265318811,"ACH-000411":3.255379403,"ACH-000414":-1.113152343,"ACH-000415":3.553634085,"ACH-000416":3.553540135,"ACH-000420":3.292849418,"ACH-000421":-1.112200509,"ACH-000422":3.55422712,"ACH-000424":3.506985419,"ACH-000425":2.621566492,"ACH-000426":3.386066283,"ACH-000427":3.225187734,"ACH-000431":3.544254916,"ACH-000433":3.51275256,"ACH-000434":3.124654183,"ACH-000435":3.500772651,"ACH-000436":3.53121402,"ACH-000437":2.950628279,"ACH-000438":1.421087,"ACH-000444":3.006950471,"ACH-000445":-1.038187552,"ACH-000448":3.533788712,"ACH-000450":3.382899013,"ACH-000452":3.47094515,"ACH-000454":3.54153513,"ACH-000458":3.507052625,"ACH-000459":3.434223995,"ACH-000460":3.553414651,"ACH-000461":-20,"ACH-000463":3.3365885,"ACH-000464":3.497543765,"ACH-000466":3.460797686,"ACH-000467":-6.859167957,"ACH-000468":3.450277041,"ACH-000469":2.092758781,"ACH-000470":-20,"ACH-000471":1.758177284,"ACH-000472":3.443710011,"ACH-000473":2.21885384,"ACH-000475":-7.10145175,"ACH-000476":-11.93653703,"ACH-000477":1.500949299,"ACH-000478":3.362545676,"ACH-000480":-9.494975737,"ACH-000481":3.364031196,"ACH-000483":0.549899672,"ACH-000484":2.803332048,"ACH-000485":-20,"ACH-000486":1.297177184,"ACH-000487":3.488648943,"ACH-000488":3.545311118,"ACH-000490":2.55602553,"ACH-000491":3.313048054,"ACH-000493":3.289118324,"ACH-000495":2.845206934,"ACH-000496":3.550887963,"ACH-000498":2.920518672,"ACH-000499":2.882682709,"ACH-000500":2.805948121,"ACH-000502":3.43847297,"ACH-000503":3.474135402,"ACH-000504":3.10657525,"ACH-000505":3.49845738,"ACH-000507":-20,"ACH-000510":0.827886922,"ACH-000511":0.751874261,"ACH-000512":3.373982658,"ACH-000514":3.55422712,"ACH-000516":2.440317128,"ACH-000517":3.50215728,"ACH-000518":3.180869494,"ACH-000520":3.128753202,"ACH-000521":3.274210498,"ACH-000522":3.432363336,"ACH-000524":-7.030674342,"ACH-000527":3.551485477,"ACH-000528":3.546915163,"ACH-000535":3.226872828,"ACH-000537":3.04256215,"ACH-000541":3.477075534,"ACH-000542":3.194391461,"ACH-000544":3.237795843,"ACH-000545":3.330526926,"ACH-000547":-10.42348034,"ACH-000548":3.500539631,"ACH-000549":1.867016378,"ACH-000550":3.428214265,"ACH-000551":3.451021875,"ACH-000552":-20,"ACH-000556":3.487638284,"ACH-000557":3.54641675,"ACH-000563":3.352111892,"ACH-000570":-1.379794878,"ACH-000571":2.331171204,"ACH-000573":3.486292038,"ACH-000576":3.553785677,"ACH-000577":2.22684437,"ACH-000579":3.404148736,"ACH-000580":2.509529262,"ACH-000581":3.542450493,"ACH-000583":3.539498657,"ACH-000584":3.510226762,"ACH-000585":2.800303565,"ACH-000587":1.425371724,"ACH-000588":3.031995681,"ACH-000589":2.946420361,"ACH-000591":3.469629848,"ACH-000592":3.400201919,