{"scores":{"ACH-000004":1.978930897,"ACH-000005":1.98831397,"ACH-000007":1.977288025,"ACH-000009":-1.515398808,"ACH-000011":-20,"ACH-000012":1.998365282,"ACH-000013":-0.288724548,"ACH-000014":1.982482645,"ACH-000015":-0.978800372,"ACH-000017":1.890774129,"ACH-000018":-20,"ACH-000019":1.772039839,"ACH-000021":-20,"ACH-000022":1.998365282,"ACH-000024":1.907598618,"ACH-000025":1.876706065,"ACH-000028":-20,"ACH-000029":0.525089352,"ACH-000030":1.891888468,"ACH-000035":-2.306153909,"ACH-000036":1.943084096,"ACH-000037":1.827574147,"ACH-000039":-0.755086003,"ACH-000040":1.340859926,"ACH-000041":1.975472672,"ACH-000042":1.910173135,"ACH-000045":1.963817859,"ACH-000047":-0.516035565,"ACH-000048":1.841045469,"ACH-000052":-20,"ACH-000053":1.970307409,"ACH-000054":-2.629583413,"ACH-000055":1.998365282,"ACH-000060":-0.157683741,"ACH-000067":1.96634249,"ACH-000070":1.449565635,"ACH-000074":1.983215622,"ACH-000075":1.875500233,"ACH-000076":1.802231391,"ACH-000078":1.994265742,"ACH-000082":1.690406372,"ACH-000085":0.556500981,"ACH-000086":1.588801557,"ACH-000087":1.523225784,"ACH-000092":1.674736505,"ACH-000095":1.975091327,"ACH-000096":1.788203736,"ACH-000097":1.991125197,"ACH-000098":1.997388265,"ACH-000099":1.920483932,"ACH-000108":1.998331853,"ACH-000111":1.9982105,"ACH-000113":1.935900378,"ACH-000114":-1.093640786,"ACH-000115":1.993075566,"ACH-000116":1.949128536,"ACH-000118":-5.176451981,"ACH-000120":1.687266583,"ACH-000123":1.515233783,"ACH-000127":-20,"ACH-000128":1.953190293,"ACH-000132":1.627225615,"ACH-000133":1.516135088,"ACH-000137":1.917828872,"ACH-000138":-1.046402111,"ACH-000141":1.045651572,"ACH-000142":-20,"ACH-000143":1.370969805,"ACH-000146":1.973917024,"ACH-000148":1.998362877,"ACH-000150":1.990405466,"ACH-000151":1.877527158,"ACH-000152":1.990609612,"ACH-000153":1.895312839,"ACH-000159":-20,"ACH-000160":1.435149338,"ACH-000163":1.869080602,"ACH-000164":1.50046297,"ACH-000167":-20,"ACH-000168":1.989419824,"ACH-000169":1.960776252,"ACH-000174":1.714978164,"ACH-000178":-0.225014447,"ACH-000182":1.7022934,"ACH-000183":1.654868195,"ACH-000187":1.889276373,"ACH-000188":-2.257516484,"ACH-000189":-20,"ACH-000190":1.983555607,"ACH-000198":1.821384952,"ACH-000200":-20,"ACH-000202":1.993166689,"ACH-000204":1.987935756,"ACH-000206":1.99243956,"ACH-000207":1.702994997,"ACH-000209":1.998365282,"ACH-000211":1.878197362,"ACH-000212":1.896394989,"ACH-000215":1.422740163,"ACH-000217":1.964331248,"ACH-000219":-4.522427457,"ACH-000221":1.699413117,"ACH-000222":1.642049885,"ACH-000223":1.74694606,"ACH-000226":1.988936298,"ACH-000227":-20,"ACH-000228":-4.079547047,"ACH-000231":1.984810775,"ACH-000232":-20,"ACH-000233":1.186114433,"ACH-000234":-1.396819861,"ACH-000235":-9.22523565,"ACH-000237":1.956090858,"ACH-000238":-3.820650868,"ACH-000243":1.441826073,"ACH-000244":1.709238741,"ACH-000246":1.996713506,"ACH-000247":1.654457308,"ACH-000248":1.988549207,"ACH-000249":1.99751454,"ACH-000250":1.587766645,"ACH-000251":1.993688405,"ACH-000253":1.52749701,"ACH-000255":1.998189821,"ACH-000256":1.771237641,"ACH-000257":1.998365282,"ACH-000258":1.998365282,"ACH-000259":1.535305594,"ACH-000260":1.658702067,"ACH-000261":1.508124902,"ACH-000262":-0.435625729,"ACH-000263":1.761013433,"ACH-000264":1.885194103,"ACH-000265":1.986363963,"ACH-000266":1.998365282,"ACH-000271":1.675582362,"ACH-000272":-20,"ACH-000273":1.479278709,"ACH-000274":1.536484421,"ACH-000276":1.920326753,"ACH-000277":-1.912268332,"ACH-000278":1.997571053,"ACH-000279":1.951096062,"ACH-000280":-20,"ACH-000281":1.835848099,"ACH-000286":-20,"ACH-000288":1.875974011,"ACH-000290":1.998365282,"ACH-000291":1.529900542,"ACH-000292":1.892772152,"ACH-000293":1.9706288,"ACH-000294":1.968013713,"ACH-000295":1.788600015,"ACH-000296":0.15167877,"ACH-000302":-20,"ACH-000304":1.594013077,"ACH-000305":1.839878406,"ACH-000307":-20,"ACH-000308":-20,"ACH-000310":1.991199578,"ACH-000311":0.840827508,"ACH-000312":1.17627264,"ACH-000315":-20,"ACH-000316":1.960707613,"ACH-000317":1.99755274,"ACH-000318":1.508471101,"ACH-000319":1.998291932,"ACH-000320":1.729504042,"ACH-000322":-20,"ACH-000323":1.80818432,"ACH-000324":-20,"ACH-000326":1.996514348,"ACH-000329":1.966013888,"ACH-000330":1.992007142,"ACH-000331":-20,"ACH-000332":1.998365282,"ACH-000334":1.987120389,"ACH-000335":1.860061674,"ACH-000336":1.943728581,"ACH-000337":1.987427338,"ACH-000339":-20,"ACH-000341":1.99749195,"ACH-000343":1.997857134,"ACH-000344":1.814875851,"ACH-000348":1.42535664,"ACH-000350":1.322714358,"ACH-000352":-20,"ACH-000355":1.98747757,"ACH-000356":1.920119107,"ACH-000361":1.995777256,"ACH-000362":1.896343472,"ACH-000363":1.891531996,"ACH-000364":1.962073382,"ACH-000365":1.974517392,"ACH-000366":1.920328129,"ACH-000368":1.998364229,"ACH-000370":1.928078243,"ACH-000374":1.998115648,"ACH-000375":1.725020125,"ACH-000376":1.754227229,"ACH-000377":0.800390524,"ACH-000378":1.69048191,"ACH-000381":1.998365282,"ACH-000383":1.763867606,"ACH-000385":1.883201371,"ACH-000387":1.926524688,"ACH-000389":-20,"ACH-000390":-20,"ACH-000393":-20,"ACH-000395":-1.797535446,"ACH-000397":-0.418161358,"ACH-000401":1.842009881,"ACH-000402":-20,"ACH-000403":-2.128292561,"ACH-000404":-20,"ACH-000405":1.902422511,"ACH-000406":1.903133257,"ACH-000407":1.941805679,"ACH-000408":-1.264485843,"ACH-000410":1.96599416,"ACH-000411":-0.310418303,"ACH-000414":1.753502449,"ACH-000415":-2.780728595,"ACH-000416":1.412338396,"ACH-000420":1.910510863,"ACH-000421":1.994923661,"ACH-000422":1.911790905,"ACH-000424":1.98329619,"ACH-000425":1.949111185,"ACH-000426":1.610614718,"ACH-000427":1.952421555,"ACH-000431":1.684098115,"ACH-000433":-20,"ACH-000434":-20,"ACH-000435":1.674152197,"ACH-000436":1.981750907,"ACH-000437":1.984661355,"ACH-000438":1.971942867,"ACH-000444":1.648406905,"ACH-000445":1.836469416,"ACH-000448":1.757810754,"ACH-000450":1.507280662,"ACH-000452":1.435974076,"ACH-000454":-20,"ACH-000458":-20,"ACH-000459":1.954921279,"ACH-000460":-5.076030291,"ACH-000461":-20,"ACH-000463":1.702662988,"ACH-000464":1.793367963,"ACH-000466":-7.531466789,"ACH-000467":-20,"ACH-000468":1.963918733,"ACH-000469":-20,"ACH-000470":-20,"ACH-000471":-20,"ACH-000472":1.946347959,"ACH-000473":-20,"ACH-000475":1.998365282,"ACH-000476":-9.333637891,"ACH-000477":1.996034096,"ACH-000478":1.993181375,"ACH-000480":1.888323044,"ACH-000481":1.573620008,"ACH-000483":-20,"ACH-000484":-20,"ACH-000485":1.992705886,"ACH-000486":1.666844716,"ACH-000487":1.997105944,"ACH-000488":-20,"ACH-000490":1.996395844,"ACH-000491":1.675039223,"ACH-000493":-20,"ACH-000495":1.842853275,"ACH-000496":1.95658922,"ACH-000498":1.993461034,"ACH-000499":1.888144275,"ACH-000500":-20,"ACH-000502":1.002904623,"ACH-000503":-20,"ACH-000504":1.984299127,"ACH-000505":0.989091563,"ACH-000507":1.996077326,"ACH-000510":-2.006921963,"ACH-000511":-1.162983105,"ACH-000512":-20,"ACH-000514":1.998365282,"ACH-000516":1.996619081,"ACH-000517":1.918130705,"ACH-000518":1.98588959,"ACH-000520":1.602033288,"ACH-000521":0.396514414,"ACH-000522":1.996484338,"ACH-000524":1.512251378,"ACH-000527":-18.93908363,"ACH-000528":-1.448224808,"ACH-000535":-0.004536656,"ACH-000537":1.571504345,"ACH-000541":-20,"ACH-000542":1.950892548,"ACH-000544":1.528531966,"ACH-000545":-0.329384311,"ACH-000547":-20,"ACH-000548":-20,"ACH-000549":-20,"ACH-000550":1.984372141,"ACH-000551":1.683882584,"ACH-000552":-0.288037707,"ACH-000556":1.736038986,"ACH-000557":1.980083825,"ACH-000563":1.926506522,"ACH-000570":1.799415172,"ACH-000571":1.778036691,"ACH-000573":1.294250811,"ACH-000576":1.964556718,"ACH-000577":1.998365282,"ACH-000579":1.918659045,"ACH-000580":1.815125331,"ACH-000581":1.835100297,"ACH-000583":1.895968486,"ACH-000584":-0.820105733,"ACH-000585":1.979430393,"ACH-000587":1.96335098,"ACH-000588":1.946449979,"ACH-000589":-20,"ACH-000591":1.890648874,"ACH-000592":1.863823279,"ACH-000593":1.619610356,"ACH-000596":1.996267757,"ACH-000599":-20,"ACH-000600":1.859190827,"ACH-000601":1.535829437,"ACH-000604":1.964211535,"ACH-000605":1.794236024,"ACH-000606":-20,"ACH-000608":-2.644883293,