{"scores":{"ACH-000004":0,"ACH-000005":-1.020052912,"ACH-000007":2.836269267,"ACH-000009":2.435396469,"ACH-000011":2.780199578,"ACH-000012":2.61311397,"ACH-000013":0.845605968,"ACH-000014":2.32077604,"ACH-000015":0,"ACH-000017":2.225418028,"ACH-000018":0.666682098,"ACH-000019":1.626063268,"ACH-000021":2.829844054,"ACH-000022":2.842030672,"ACH-000024":1.545251221,"ACH-000025":2.145089446,"ACH-000028":-4.516920019,"ACH-000029":0,"ACH-000030":-20,"ACH-000035":0,"ACH-000036":1.592439968,"ACH-000037":2.544952921,"ACH-000039":2.769338691,"ACH-000040":2.841912941,"ACH-000041":2.278141566,"ACH-000042":-1.635919108,"ACH-000045":2.132630314,"ACH-000047":1.157050603,"ACH-000048":2.842531438,"ACH-000052":1.1163068,"ACH-000053":2.705976197,"ACH-000054":2.825367233,"ACH-000055":2.832163065,"ACH-000060":2.744238494,"ACH-000067":1.15076357,"ACH-000070":-0.885263808,"ACH-000074":1.854805365,"ACH-000075":2.785329881,"ACH-000076":-20,"ACH-000078":2.838037853,"ACH-000082":2.626345704,"ACH-000085":2.544146394,"ACH-000086":2.286983642,"ACH-000087":2.843662915,"ACH-000092":2.677077664,"ACH-000095":2.714676374,"ACH-000096":1.640090774,"ACH-000097":2.432588232,"ACH-000098":-20,"ACH-000099":1.438859462,"ACH-000108":2.782499,"ACH-000111":0.909226658,"ACH-000113":1.986717682,"ACH-000114":2.569364736,"ACH-000115":2.787526814,"ACH-000116":2.503058476,"ACH-000118":2.815836173,"ACH-000120":2.74221985,"ACH-000123":2.696953955,"ACH-000127":2.732095855,"ACH-000128":0,"ACH-000132":2.619228759,"ACH-000133":2.583959489,"ACH-000137":1.056717892,"ACH-000138":2.589558832,"ACH-000141":0,"ACH-000142":2.844492453,"ACH-000143":2.416650574,"ACH-000146":1.824566937,"ACH-000148":2.458855992,"ACH-000150":1.748232228,"ACH-000151":2.628281132,"ACH-000152":2.630753809,"ACH-000153":2.821092707,"ACH-000159":2.573133174,"ACH-000160":-4.636632579,"ACH-000163":-20,"ACH-000164":1.885711101,"ACH-000167":2.820300209,"ACH-000168":-20,"ACH-000169":2.84449386,"ACH-000174":0,"ACH-000178":2.725196988,"ACH-000182":-20,"ACH-000183":0,"ACH-000187":2.843485658,"ACH-000188":0,"ACH-000189":2.587125655,"ACH-000190":2.728577721,"ACH-000198":1.552534342,"ACH-000200":2.710027094,"ACH-000202":2.73651916,"ACH-000204":2.837897834,"ACH-000206":2.175395245,"ACH-000207":1.796877855,"ACH-000209":1.903363046,"ACH-000211":2.541604764,"ACH-000212":0,"ACH-000215":2.683900451,"ACH-000217":2.568825667,"ACH-000219":2.184422659,"ACH-000221":0.344760277,"ACH-000222":2.460590891,"ACH-000223":2.836861673,"ACH-000226":2.772123673,"ACH-000227":1.903578972,"ACH-000228":-4.312405807,"ACH-000231":-20,"ACH-000232":0,"ACH-000233":2.836499506,"ACH-000234":0.698489123,"ACH-000235":2.192876222,"ACH-000237":1.797656924,"ACH-000238":2.011962784,"ACH-000243":-0.294778167,"ACH-000244":-20,"ACH-000246":2.712948413,"ACH-000247":1.511933596,"ACH-000248":2.721252665,"ACH-000249":-10.52646493,"ACH-000250":2.84449386,"ACH-000251":-20,"ACH-000253":-20,"ACH-000255":0,"ACH-000256":2.33974095,"ACH-000257":2.115447903,"ACH-000258":2.089992096,"ACH-000259":2.734484597,"ACH-000260":0,"ACH-000261":2.84449386,"ACH-000262":-20,"ACH-000263":2.843069811,"ACH-000264":1.876221396,"ACH-000265":1.324633364,"ACH-000266":2.330660635,"ACH-000271":2.791121397,"ACH-000272":-12.68381986,"ACH-000273":2.664255902,"ACH-000274":2.844181069,"ACH-000276":0,"ACH-000277":2.602425933,"ACH-000278":2.024867894,"ACH-000279":2.045045407,"ACH-000280":2.519822608,"ACH-000281":0.560849291,"ACH-000286":2.752171646,"ACH-000288":2.388511696,"ACH-000290":1.526262047,"ACH-000291":2.837755505,"ACH-000292":0,"ACH-000293":2.833128155,"ACH-000294":0,"ACH-000295":2.729898454,"ACH-000296":2.316406491,"ACH-000302":-0.000324235,"ACH-000304":2.498953933,"ACH-000305":2.815995667,"ACH-000307":2.708959125,"ACH-000308":2.5009335,"ACH-000310":2.801055782,"ACH-000311":2.822553533,"ACH-000312":0.74717146,"ACH-000315":1.851933305,"ACH-000316":2.84433085,"ACH-000317":2.739070677,"ACH-000318":2.833146859,"ACH-000319":2.663090632,"ACH-000320":2.325220613,"ACH-000322":2.371266355,"ACH-000323":2.812804302,"ACH-000324":2.844331895,"ACH-000326":0,"ACH-000329":2.776835685,"ACH-000330":0.596840432,"ACH-000331":2.827162044,"ACH-000332":2.746039448,"ACH-000334":0,"ACH-000335":-2.61167671,"ACH-000336":2.710124759,"ACH-000337":2.777423076,"ACH-000339":2.632562235,"ACH-000341":2.317567959,"ACH-000343":2.655511659,"ACH-000344":1.537431261,"ACH-000348":0.334263986,"ACH-000350":2.820256774,"ACH-000352":-6.938149496,"ACH-000355":1.029578065,"ACH-000356":1.749463422,"ACH-000361":2.316141538,"ACH-000362":2.757466012,"ACH-000363":2.562327935,"ACH-000364":2.795542494,"ACH-000365":2.84449386,"ACH-000366":0.149550944,"ACH-000368":-20,"ACH-000370":1.964144584,"ACH-000374":2.517944271,"ACH-000375":2.834156461,"ACH-000376":1.866256191,"ACH-000377":2.085158107,"ACH-000378":2.837982921,"ACH-000381":2.841739199,"ACH-000383":2.84449386,"ACH-000385":-20,"ACH-000387":2.197169977,"ACH-000389":0,"ACH-000390":2.806720801,"ACH-000393":2.842231478,"ACH-000395":2.660733074,"ACH-000397":2.345948483,"ACH-000401":2.611983874,"ACH-000402":2.201968934,"ACH-000403":2.843734942,"ACH-000404":1.070405612,"ACH-000405":2.366169026,"ACH-000406":2.133816302,"ACH-000407":2.841422808,"ACH-000408":-20,"ACH-000410":2.202177189,"ACH-000411":2.742233829,"ACH-000414":2.365175419,"ACH-000415":2.824314466,"ACH-000416":2.573678493,"ACH-000420":2.843745642,"ACH-000421":2.744700007,"ACH-000422":-3.538471008,"ACH-000424":2.593587069,"ACH-000425":0.691505724,"ACH-000426":-20,"ACH-000427":2.234041431,"ACH-000431":-0.271961751,"ACH-000433":2.844307599,"ACH-000434":2.670926843,"ACH-000435":2.107698259,"ACH-000436":2.831704232,"ACH-000437":2.76061169,"ACH-000438":2.257571666,"ACH-000444":2.57442137,"ACH-000445":2.612658825,"ACH-000448":1.862017265,"ACH-000450":2.740343828,"ACH-000452":2.838454055,"ACH-000454":2.844338882,"ACH-000458":1.83515288,"ACH-000459":-1.275079948,"ACH-000460":2.827992798,"ACH-000461":2.053550877,"ACH-000463":0.857673362,"ACH-000464":1.912679822,"ACH-000466":-20,"ACH-000467":2.843110464,"ACH-000468":2.577807636,"ACH-000469":2.584549083,"ACH-000470":0,"ACH-000471":0.648927753,"ACH-000472":0.224016515,"ACH-000473":2.776767029,"ACH-000475":0,"ACH-000476":1.606469062,"ACH-000477":2.746989007,"ACH-000478":2.837039228,"ACH-000480":2.585790579,"ACH-000481":0,"ACH-000483":2.84449386,"ACH-000484":0,"ACH-000485":-20,"ACH-000486":0,"ACH-000487":1.195821774,"ACH-000488":2.794907699,"ACH-000490":2.694257061,"ACH-000491":2.84449386,"ACH-000493":-20,"ACH-000495":0.113254174,"ACH-000496":-20,"ACH-000498":2.379161679,"ACH-000499":1.815358097,"ACH-000500":2.840710813,"ACH-000502":2.814249664,"ACH-000503":2.84449386,"ACH-000504":-20,"ACH-000505":2.667840474,"ACH-000507":1.814133649,"ACH-000510":-2.254325355,"ACH-000511":-20,"ACH-000512":2.767283347,"ACH-000514":1.58422759,"ACH-000516":-0.612268245,"ACH-000517":-20,"ACH-000518":1.853868327,"ACH-000520":0.432677635,"ACH-000521":2.12865282,"ACH-000522":2.694893043,"ACH-000524":0,"ACH-000527":2.840954404,"ACH-000528":-20,"ACH-000535":2.232099386,"ACH-000537":-2.214635222,"ACH-000541":-20,"ACH-000542":2.737969059,"ACH-000544":2.614842117,"ACH-000545":2.057713423,"ACH-000547":2.629986825,"ACH-000548":2.677022205,"ACH-000549":2.79694941,"ACH-000550":2.587737378,"ACH-000551":2.537068595,"ACH-000552":2.152379543,"ACH-000556":2.54542034,"ACH-000557":-0.117757487,"ACH-000563":-20,"ACH-000570":2.842478661,"ACH-000571":2.800573962,"ACH-000573":2.734401825,"ACH-000576":2.600264331,"ACH-000577":2.471258345,"ACH-000579":2.840520249,"ACH-000580":2.165615216,"ACH-000581":2.808961874,"ACH-000583":2.84449386,"ACH-000584":-20,"ACH-000585":2.84449386,"ACH-000587":-2.504501133,"ACH-000588":-20,"ACH-000589":2.840102901,"ACH-000591":2.844269164,"ACH-000592":2.82261548,"ACH-000593":0.431707986,"ACH-000596":2.540938442,"ACH-000599":2.842319317,"ACH-000600":0,"ACH-000601":2.843969189,"ACH-000604":2.84138654,"ACH-000605":2.811558444,"ACH-000606":2.84449386,"ACH-000608":2.712848507,"ACH-000614":2.825234406,"ACH-000616":-20,"ACH-000618":2.771230362,