{"scores":{"ACH-000004":2.916403133,"ACH-000005":2.827014591,"ACH-000007":2.278519001,"ACH-000009":2.305226367,"ACH-000011":2.648586474,"ACH-000012":2.616852798,"ACH-000013":2.902616221,"ACH-000014":2.076727549,"ACH-000015":2.716726652,"ACH-000017":1.041543508,"ACH-000018":3.046126892,"ACH-000019":1.439526337,"ACH-000021":3.01209713,"ACH-000022":3.02363302,"ACH-000024":3.013550962,"ACH-000025":3.061936824,"ACH-000028":3.007737042,"ACH-000029":2.972447246,"ACH-000030":3.079734354,"ACH-000035":3.066443146,"ACH-000036":2.829804311,"ACH-000037":1.392457798,"ACH-000039":2.873681095,"ACH-000040":2.900144314,"ACH-000041":2.880514682,"ACH-000042":0.460498586,"ACH-000045":-0.020178357,"ACH-000047":3.078925026,"ACH-000048":2.98302039,"ACH-000052":3.031622467,"ACH-000053":-12.28002719,"ACH-000054":3.027942347,"ACH-000055":2.524410876,"ACH-000060":3.079002334,"ACH-000067":1.218683183,"ACH-000070":2.951806193,"ACH-000074":2.620506573,"ACH-000075":2.999149928,"ACH-000076":3.080876695,"ACH-000078":2.894454645,"ACH-000082":2.47748349,"ACH-000085":3.079559447,"ACH-000086":3.03902859,"ACH-000087":2.934339103,"ACH-000092":2.985166517,"ACH-000095":2.864340362,"ACH-000096":2.945178997,"ACH-000097":2.066626351,"ACH-000098":2.814447432,"ACH-000099":2.977186839,"ACH-000108":0.691784325,"ACH-000111":2.603268514,"ACH-000113":2.648780045,"ACH-000114":2.823231215,"ACH-000115":2.191608808,"ACH-000116":2.716950135,"ACH-000118":-17.27953789,"ACH-000120":0.79239124,"ACH-000123":2.530387014,"ACH-000127":2.970837554,"ACH-000128":2.758659976,"ACH-000132":2.957072034,"ACH-000133":2.798864718,"ACH-000137":0.616260577,"ACH-000138":3.057379663,"ACH-000141":2.951958605,"ACH-000142":2.29460012,"ACH-000143":2.989211594,"ACH-000146":2.963998234,"ACH-000148":3.06300056,"ACH-000150":-2.923141166,"ACH-000151":2.426230289,"ACH-000152":3.033695756,"ACH-000153":3.066612158,"ACH-000159":2.921962822,"ACH-000160":0.545569102,"ACH-000163":3.074895544,"ACH-000164":2.917928147,"ACH-000167":1.545629973,"ACH-000168":2.981560957,"ACH-000169":3.022653418,"ACH-000174":1.820465375,"ACH-000178":2.045191881,"ACH-000182":1.243168736,"ACH-000183":3.037699487,"ACH-000187":1.996863034,"ACH-000188":-2.289731549,"ACH-000189":1.972453214,"ACH-000190":-13.65398245,"ACH-000198":2.477350037,"ACH-000200":2.501878489,"ACH-000202":1.14584389,"ACH-000204":1.126948986,"ACH-000206":1.551374686,"ACH-000207":2.778767538,"ACH-000209":2.428476687,"ACH-000211":2.407811243,"ACH-000212":2.366094458,"ACH-000215":1.70463458,"ACH-000217":1.421454489,"ACH-000219":3.050211257,"ACH-000221":2.633487382,"ACH-000222":2.956927668,"ACH-000223":2.785965913,"ACH-000226":2.174623015,"ACH-000227":1.950496155,"ACH-000228":2.6341937,"ACH-000231":2.911219094,"ACH-000232":-18.91086664,"ACH-000233":-9.92708951,"ACH-000234":2.587236438,"ACH-000235":2.832804696,"ACH-000237":3.061330238,"ACH-000238":2.149861063,"ACH-000243":-0.594106792,"ACH-000244":3.040354041,"ACH-000246":3.078363047,"ACH-000247":3.018847976,"ACH-000248":2.730885904,"ACH-000249":-0.624411508,"ACH-000250":-1.684999708,"ACH-000251":2.843509693,"ACH-000253":2.029597035,"ACH-000255":2.367206034,"ACH-000256":3.050418144,"ACH-000257":2.595658251,"ACH-000258":3.074902696,"ACH-000259":3.051839672,"ACH-000260":2.029057936,"ACH-000261":2.860286522,"ACH-000262":3.031255334,"ACH-000263":3.02842727,"ACH-000264":2.511499321,"ACH-000265":1.100910965,"ACH-000266":2.592551117,"ACH-000271":2.508636983,"ACH-000272":2.91676584,"ACH-000273":2.316963757,"ACH-000274":2.882886993,"ACH-000276":3.077479299,"ACH-000277":1.554023347,"ACH-000278":1.57854961,"ACH-000279":2.957486143,"ACH-000280":-0.762395694,"ACH-000281":0.295714214,"ACH-000286":1.244714058,"ACH-000288":3.080531604,"ACH-000290":3.069657675,"ACH-000291":3.076870099,"ACH-000292":2.048909275,"ACH-000293":2.960508357,"ACH-000294":2.257268184,"ACH-000295":3.080964997,"ACH-000296":-6.678148573,"ACH-000302":1.03251284,"ACH-000304":2.231982769,"ACH-000305":2.745236249,"ACH-000307":2.914425462,"ACH-000308":2.47575717,"ACH-000310":2.740824397,"ACH-000311":2.050508313,"ACH-000312":2.962570606,"ACH-000315":3.073192346,"ACH-000316":2.31333873,"ACH-000317":2.080607771,"ACH-000318":2.303319854,"ACH-000319":2.218377374,"ACH-000320":2.670560203,"ACH-000322":3.070588824,"ACH-000323":2.236591382,"ACH-000324":-12.92599551,"ACH-000326":3.074145346,"ACH-000329":2.14968429,"ACH-000330":0.719246155,"ACH-000331":3.03194303,"ACH-000332":3.009198105,"ACH-000334":2.895568341,"ACH-000335":1.928679384,"ACH-000336":2.635387113,"ACH-000337":2.481028119,"ACH-000339":3.047945768,"ACH-000341":1.735425861,"ACH-000343":2.97031691,"ACH-000344":1.440550856,"ACH-000348":2.921903217,"ACH-000350":2.259752869,"ACH-000352":2.728032346,"ACH-000355":2.913145565,"ACH-000356":2.30224497,"ACH-000361":2.445712622,"ACH-000362":2.832363558,"ACH-000363":2.472955732,"ACH-000364":-2.279782221,"ACH-000365":3.0604655,"ACH-000366":-3.59616461,"ACH-000368":2.922233456,"ACH-000370":2.30763387,"ACH-000374":2.790334553,"ACH-000375":2.354242329,"ACH-000376":0.01460366,"ACH-000377":1.844491068,"ACH-000378":1.984954029,"ACH-000381":1.849025847,"ACH-000383":3.009754728,"ACH-000385":2.782828132,"ACH-000387":2.311381582,"ACH-000389":1.389656498,"ACH-000390":2.605636866,"ACH-000393":2.994652018,"ACH-000395":2.285384407,"ACH-000397":2.919272637,"ACH-000401":3.064742153,"ACH-000402":2.807530808,"ACH-000403":3.059553692,"ACH-000404":2.770735287,"ACH-000405":2.481785162,"ACH-000406":2.64403296,"ACH-000407":3.060669177,"ACH-000408":1.91028092,"ACH-000410":3.076864304,"ACH-000411":-0.931964794,"ACH-000414":3.077406734,"ACH-000415":2.14079823,"ACH-000416":2.992067786,"ACH-000420":2.953561697,"ACH-000421":-4.913427918,"ACH-000422":1.446514316,"ACH-000424":1.711910143,"ACH-000425":3.03385909,"ACH-000426":2.843043775,"ACH-000427":3.054985622,"ACH-000431":2.961205706,"ACH-000433":2.354789154,"ACH-000434":-2.053156933,"ACH-000435":2.16657811,"ACH-000436":2.996917481,"ACH-000437":2.596559723,"ACH-000438":2.977033538,"ACH-000444":2.201282455,"ACH-000445":1.935739839,"ACH-000448":2.962153856,"ACH-000450":1.792377249,"ACH-000452":2.917647863,"ACH-000454":3.05161804,"ACH-000458":3.032839932,"ACH-000459":2.773962822,"ACH-000460":2.148239988,"ACH-000461":2.682985444,"ACH-000463":2.908007297,"ACH-000464":2.88004174,"ACH-000466":2.803369253,"ACH-000467":-3.377826136,"ACH-000468":1.911922126,"ACH-000469":3.020604957,"ACH-000470":1.680712481,"ACH-000471":2.522043074,"ACH-000472":3.081190432,"ACH-000473":2.761176752,"ACH-000475":2.192141752,"ACH-000476":3.00695371,"ACH-000477":2.824823446,"ACH-000478":2.160672753,"ACH-000480":3.057620862,"ACH-000481":2.932087962,"ACH-000483":2.67662165,"ACH-000484":1.32839682,"ACH-000485":2.932879231,"ACH-000486":2.992793497,"ACH-000487":2.93661946,"ACH-000488":-12.64682012,"ACH-000490":2.988960256,"ACH-000491":2.957045438,"ACH-000493":3.077972745,"ACH-000495":1.743726757,"ACH-000496":2.916030576,"ACH-000498":2.67928328,"ACH-000499":2.277550813,"ACH-000500":2.047172475,"ACH-000502":-7.058045797,"ACH-000503":0.376364067,"ACH-000504":3.081218302,"ACH-000505":2.715661893,"ACH-000507":2.793211943,"ACH-000510":2.910257466,"ACH-000511":2.64838552,"ACH-000512":2.709030893,"ACH-000514":1.73225992,"ACH-000516":3.074663147,"ACH-000517":3.080107092,"ACH-000518":2.885667198,"ACH-000520":1.969199652,"ACH-000521":2.831378724,"ACH-000522":2.254466975,"ACH-000524":2.924818669,"ACH-000527":2.965355807,"ACH-000528":2.958763093,"ACH-000535":0.94383504,"ACH-000537":1.321603085,"ACH-000541":2.779350836,"ACH-000542":1.349246483,"ACH-000544":1.423543678,"ACH-000545":3.033083252,"ACH-000547":2.946748258,"ACH-000548":0.945487247,"ACH-000549":2.859152782,"ACH-000550":2.849177781,"ACH-000551":-1.546150394,"ACH-000552":2.719622724,"ACH-000556":3.080865145,"ACH-000557":3.02682762,"ACH-000563":-17.27981699,"ACH-000570":2.63997844,"ACH-000571":2.961603471,"ACH-000573":-0.810501285,"ACH-000576":3.043778784,"ACH-000577":1.996986546,"ACH-000579":2.172899504,"ACH-000580":3.064935803,"ACH-000581":2.294960716,"ACH-000583":2.960763725,