{"scores":{"ACH-000004":0,"ACH-000005":2.454087124,"ACH-000007":-3.197205509,"ACH-000009":-5.741752709,"ACH-000011":-4.415437285,"ACH-000012":-5.763364329,"ACH-000013":-6.616323299,"ACH-000014":-4.440368035,"ACH-000015":0,"ACH-000017":-5.731161265,"ACH-000018":-2.210363891,"ACH-000019":-6.549498432,"ACH-000021":-6.443415708,"ACH-000022":-6.139454764,"ACH-000024":-5.203193185,"ACH-000025":-4.118648675,"ACH-000028":-6.316521155,"ACH-000029":0,"ACH-000030":-5.247165082,"ACH-000035":0,"ACH-000036":12.76956948,"ACH-000037":-3.69926287,"ACH-000039":-5.980945168,"ACH-000040":0.022300042,"ACH-000041":0.887488268,"ACH-000042":-3.901313407,"ACH-000045":-2.074215945,"ACH-000047":-4.915492868,"ACH-000048":-6.258397009,"ACH-000052":-2.534211449,"ACH-000053":-1.86167136,"ACH-000054":13.28893364,"ACH-000055":8.135551513,"ACH-000060":-4.873908468,"ACH-000067":1.781137332,"ACH-000070":-5.090900483,"ACH-000074":0.355759497,"ACH-000075":-5.405602239,"ACH-000076":-6.490169785,"ACH-000078":2.57947276,"ACH-000082":-7.644534125,"ACH-000085":-1.091523779,"ACH-000086":-4.939292635,"ACH-000087":-1.177624775,"ACH-000092":20,"ACH-000095":12.93178411,"ACH-000096":-4.501937225,"ACH-000097":-3.865911943,"ACH-000098":-2.927255809,"ACH-000099":-6.930687058,"ACH-000108":-2.989129139,"ACH-000111":-2.67195311,"ACH-000113":0.765819769,"ACH-000114":-6.034585675,"ACH-000115":5.988838622,"ACH-000116":-5.997438744,"ACH-000118":5.051046389,"ACH-000120":20,"ACH-000123":-4.858768964,"ACH-000127":-6.752274429,"ACH-000128":0,"ACH-000132":-7.651300842,"ACH-000133":20,"ACH-000137":-5.191279543,"ACH-000138":-7.236305855,"ACH-000141":0,"ACH-000142":-3.757316499,"ACH-000143":-3.578189497,"ACH-000146":9.833805534,"ACH-000148":-4.919201021,"ACH-000150":-3.840285128,"ACH-000151":-2.121557623,"ACH-000152":8.654016712,"ACH-000153":-6.063806992,"ACH-000159":3.015180082,"ACH-000160":-3.88759636,"ACH-000163":-6.326251729,"ACH-000164":-5.930758505,"ACH-000167":-4.744528879,"ACH-000168":-4.299657618,"ACH-000169":-4.067966547,"ACH-000174":-6.393459591,"ACH-000178":-5.751889456,"ACH-000182":0,"ACH-000183":-6.649807032,"ACH-000187":0,"ACH-000188":-3.862698548,"ACH-000189":-4.86068662,"ACH-000190":2.588618282,"ACH-000198":-4.947982534,"ACH-000200":-3.276691262,"ACH-000202":-4.163138216,"ACH-000204":-5.836644373,"ACH-000206":-1.895462658,"ACH-000207":-7.12068309,"ACH-000209":-1.943033697,"ACH-000211":-6.258878005,"ACH-000212":-4.224149027,"ACH-000215":-5.137272124,"ACH-000217":-4.27297165,"ACH-000219":-6.341093314,"ACH-000221":-6.798866362,"ACH-000222":-6.329200353,"ACH-000223":-5.86115378,"ACH-000226":-1.394357659,"ACH-000227":-6.630467,"ACH-000228":0,"ACH-000231":-1.344137574,"ACH-000232":-4.638422024,"ACH-000233":-5.388683488,"ACH-000234":5.023520171,"ACH-000235":-6.828732786,"ACH-000237":8.448021748,"ACH-000238":20,"ACH-000243":-5.863014978,"ACH-000244":-3.245601319,"ACH-000246":-1.856872708,"ACH-000247":-4.383660176,"ACH-000248":-3.387475337,"ACH-000249":7.209479467,"ACH-000250":-6.067881015,"ACH-000251":0,"ACH-000253":-5.055554249,"ACH-000255":-7.014634352,"ACH-000256":-0.403673026,"ACH-000257":-5.439609342,"ACH-000258":0,"ACH-000259":-6.37864024,"ACH-000260":-5.742624997,"ACH-000261":-4.73311743,"ACH-000262":-6.108925903,"ACH-000263":-6.868510104,"ACH-000264":-6.05420832,"ACH-000265":-7.651300842,"ACH-000266":-4.950240572,"ACH-000271":-6.857251959,"ACH-000272":0.099276573,"ACH-000273":0,"ACH-000274":-5.797369233,"ACH-000276":-5.017228341,"ACH-000277":-3.748894054,"ACH-000278":-3.573557471,"ACH-000279":-4.010210205,"ACH-000280":-0.666339302,"ACH-000281":-5.08636303,"ACH-000286":-3.790514475,"ACH-000288":-6.454339545,"ACH-000290":-3.116372471,"ACH-000291":0,"ACH-000292":-0.042741862,"ACH-000293":-6.059720153,"ACH-000294":-3.865998328,"ACH-000295":-6.371711463,"ACH-000296":-3.258494317,"ACH-000302":-6.657747301,"ACH-000304":-6.165636713,"ACH-000305":-7.651300842,"ACH-000307":-6.767467173,"ACH-000308":-6.939765889,"ACH-000310":-3.334628062,"ACH-000311":-5.984488981,"ACH-000312":9.575118033,"ACH-000315":-3.069494839,"ACH-000316":20,"ACH-000317":6.435920659,"ACH-000318":-4.006575255,"ACH-000319":20,"ACH-000320":-7.250660495,"ACH-000322":0,"ACH-000323":-5.36055486,"ACH-000324":-7.651300842,"ACH-000326":-4.727025129,"ACH-000329":-4.955129759,"ACH-000330":0,"ACH-000331":8.736951598,"ACH-000332":6.625605555,"ACH-000334":1.324771833,"ACH-000335":-3.298079317,"ACH-000336":-6.242070058,"ACH-000337":-6.571689931,"ACH-000339":-5.934414993,"ACH-000341":-0.030940494,"ACH-000343":-4.978451051,"ACH-000344":-2.809292809,"ACH-000348":-6.116187928,"ACH-000350":-6.899694442,"ACH-000352":-4.272055571,"ACH-000355":-4.593862621,"ACH-000356":-4.846786744,"ACH-000361":-1.411127696,"ACH-000362":-6.882727098,"ACH-000363":-4.706295912,"ACH-000364":3.355094274,"ACH-000365":-2.692225142,"ACH-000366":9.06772429,"ACH-000368":20,"ACH-000370":-5.960118039,"ACH-000374":-5.460790642,"ACH-000375":-4.255362117,"ACH-000376":-3.151088838,"ACH-000377":-5.371958093,"ACH-000378":-3.541621371,"ACH-000381":-7.157566212,"ACH-000383":0,"ACH-000385":-4.416375949,"ACH-000387":8.806797008,"ACH-000389":4.303020542,"ACH-000390":-6.891701917,"ACH-000393":-5.669299157,"ACH-000395":-6.215863227,"ACH-000397":-5.68335163,"ACH-000401":4.463615084,"ACH-000402":1.461741143,"ACH-000403":-7.651300842,"ACH-000404":-5.384761666,"ACH-000405":1.668028081,"ACH-000406":-6.228262104,"ACH-000407":-4.134249262,"ACH-000408":-3.117035248,"ACH-000410":-3.785242725,"ACH-000411":-4.83019424,"ACH-000414":-5.015966875,"ACH-000415":-2.579843443,"ACH-000416":-5.919183459,"ACH-000420":-4.834636896,"ACH-000421":-5.689783994,"ACH-000422":3.508131977,"ACH-000424":-2.383548115,"ACH-000425":-3.903514423,"ACH-000426":-6.166016185,"ACH-000427":-1.392780083,"ACH-000431":-6.26791709,"ACH-000433":-4.910153668,"ACH-000434":-5.340530852,"ACH-000435":-4.81219722,"ACH-000436":8.396635983,"ACH-000437":20,"ACH-000438":-5.43527783,"ACH-000444":-5.368277776,"ACH-000445":-2.66364877,"ACH-000448":-7.651300842,"ACH-000450":-3.863061636,"ACH-000452":-3.412351824,"ACH-000454":3.744052945,"ACH-000458":20,"ACH-000459":20,"ACH-000460":-4.739664546,"ACH-000461":-6.392820327,"ACH-000463":-3.839067282,"ACH-000464":20,"ACH-000466":-2.629370808,"ACH-000467":0,"ACH-000468":-6.675627198,"ACH-000469":-3.818997021,"ACH-000470":-7.651300842,"ACH-000471":0,"ACH-000472":-5.533447743,"ACH-000473":-1.981686773,"ACH-000475":20,"ACH-000476":-3.332366706,"ACH-000477":0,"ACH-000478":-5.888825239,"ACH-000480":0,"ACH-000481":-7.651300842,"ACH-000483":0,"ACH-000484":6.527171617,"ACH-000485":-6.755872182,"ACH-000486":-6.462193764,"ACH-000487":-0.858080981,"ACH-000488":-1.485220346,"ACH-000490":-6.922963284,"ACH-000491":-7.651300842,"ACH-000493":20,"ACH-000495":-5.269735691,"ACH-000496":-2.298321435,"ACH-000498":2.617234829,"ACH-000499":-5.212487569,"ACH-000500":-5.889832923,"ACH-000502":-1.491979659,"ACH-000503":-4.478266252,"ACH-000504":-7.253681344,"ACH-000505":-6.021843956,"ACH-000507":-5.908169641,"ACH-000510":-3.383511556,"ACH-000511":-1.752737747,"ACH-000512":-2.802585298,"ACH-000514":6.732035949,"ACH-000516":20,"ACH-000517":-7.651300842,"ACH-000518":20,"ACH-000520":0,"ACH-000521":-5.631443196,"ACH-000522":-6.94076665,"ACH-000524":-7.535247041,"ACH-000527":-6.136642281,"ACH-000528":-7.232247825,"ACH-000535":-6.649238648,"ACH-000537":-6.274535316,"ACH-000541":-4.666150417,"ACH-000542":-5.928209887,"ACH-000544":-3.348003836,"ACH-000545":-4.961202607,"ACH-000547":2.126833118,"ACH-000548":-1.480743724,"ACH-000549":1.241906118,"ACH-000550":-4.34553799,"ACH-000551":-6.657542158,"ACH-000552":-4.084203742,"ACH-000556":-7.225549926,"ACH-000557":-5.946417755,"ACH-000563":-4.373765767,"ACH-000570":-7.617637883,"ACH-000571":-2.393855781,"ACH-000573":-3.779855324,"ACH-000576":2.443344796,"ACH-000577":-5.788226794,"ACH-000579":-1.267765116,"ACH-000580":-2.384775935,"ACH-000581":0.032065571,"ACH-000583":-4.545939866,"ACH-000584":-5.956323147,"ACH-000585":-1.57027917,"ACH-000587":-1.245222189,"ACH-000588":-5.482433425,"ACH-000589":-6.544401688,