{"scores":{"ACH-000004":0,"ACH-000005":2.083838619,"ACH-000007":3.52375926,"ACH-000009":1.726569868,"ACH-000011":3.409993941,"ACH-000012":3.309119082,"ACH-000013":3.50745831,"ACH-000014":3.470323198,"ACH-000015":0,"ACH-000017":3.347377133,"ACH-000018":0.404413041,"ACH-000019":3.483086544,"ACH-000021":3.466350694,"ACH-000022":2.798060714,"ACH-000024":0.515834553,"ACH-000025":3.471335907,"ACH-000028":-20,"ACH-000029":0,"ACH-000030":-20,"ACH-000035":0,"ACH-000036":-2.223740752,"ACH-000037":2.608785436,"ACH-000039":3.382528289,"ACH-000040":2.722620704,"ACH-000041":2.410864361,"ACH-000042":3.295242097,"ACH-000045":1.27531559,"ACH-000047":1.926838263,"ACH-000048":1.868472238,"ACH-000052":1.296617749,"ACH-000053":2.515962114,"ACH-000054":2.981127191,"ACH-000055":-8.013693656,"ACH-000060":1.541202105,"ACH-000067":3.019789546,"ACH-000070":-1.706159067,"ACH-000074":3.411116345,"ACH-000075":2.981796458,"ACH-000076":3.497108272,"ACH-000078":3.27448624,"ACH-000082":2.594125877,"ACH-000085":-6.231760086,"ACH-000086":3.354107269,"ACH-000087":3.496668714,"ACH-000092":3.288472132,"ACH-000095":3.39655563,"ACH-000096":1.685112596,"ACH-000097":3.329585344,"ACH-000098":3.038848022,"ACH-000099":-2.150112516,"ACH-000108":-4.133605304,"ACH-000111":1.650585462,"ACH-000113":2.427020743,"ACH-000114":2.927081735,"ACH-000115":2.044250756,"ACH-000116":0.15867611,"ACH-000118":-9.107667686,"ACH-000120":-20,"ACH-000123":3.523772758,"ACH-000127":0.516249306,"ACH-000128":0,"ACH-000132":-1.102418468,"ACH-000133":3.211374459,"ACH-000137":3.400568118,"ACH-000138":3.133166914,"ACH-000141":0,"ACH-000142":-0.312160202,"ACH-000143":3.290179376,"ACH-000146":2.009919601,"ACH-000148":3.508314233,"ACH-000150":0.324150731,"ACH-000151":2.682288084,"ACH-000152":3.352988838,"ACH-000153":-0.435698392,"ACH-000159":3.472981601,"ACH-000160":2.581014255,"ACH-000163":-2.312479555,"ACH-000164":-13.59676733,"ACH-000167":3.454218732,"ACH-000168":-20,"ACH-000169":1.134665948,"ACH-000174":-20,"ACH-000178":-4.787886873,"ACH-000182":0,"ACH-000183":3.237214088,"ACH-000187":0,"ACH-000188":-7.524730478,"ACH-000189":3.123562085,"ACH-000190":1.122928213,"ACH-000198":3.521420801,"ACH-000200":3.163346481,"ACH-000202":0.563396785,"ACH-000204":-2.06675439,"ACH-000206":2.154804889,"ACH-000207":1.923116048,"ACH-000209":-11.83934064,"ACH-000211":3.50137965,"ACH-000212":-2.766745523,"ACH-000215":3.123104244,"ACH-000217":3.523772758,"ACH-000219":-20,"ACH-000221":1.65873418,"ACH-000222":3.523772758,"ACH-000223":3.094318835,"ACH-000226":2.607803973,"ACH-000227":2.873569037,"ACH-000228":0,"ACH-000231":3.359169943,"ACH-000232":1.066184242,"ACH-000233":3.159215893,"ACH-000234":3.391646663,"ACH-000235":2.584886792,"ACH-000237":-3.671546147,"ACH-000238":0.68725031,"ACH-000243":3.512876752,"ACH-000244":3.428395308,"ACH-000246":3.170216107,"ACH-000247":3.523772758,"ACH-000248":3.444750747,"ACH-000249":2.371893569,"ACH-000250":3.406315665,"ACH-000251":0,"ACH-000253":3.523772758,"ACH-000255":-20,"ACH-000256":3.484899055,"ACH-000257":3.523772758,"ACH-000258":0,"ACH-000259":-20,"ACH-000260":-1.789110702,"ACH-000261":3.190458303,"ACH-000262":3.523772758,"ACH-000263":1.652174791,"ACH-000264":0.827113418,"ACH-000265":3.466655378,"ACH-000266":2.355911465,"ACH-000271":3.347156646,"ACH-000272":-2.704814113,"ACH-000273":0,"ACH-000274":1.140118239,"ACH-000276":3.118651073,"ACH-000277":1.642979083,"ACH-000278":3.517224057,"ACH-000279":2.243701806,"ACH-000280":-7.0522736,"ACH-000281":-20,"ACH-000286":-2.498252431,"ACH-000288":3.101059781,"ACH-000290":3.523772758,"ACH-000291":0,"ACH-000292":3.488875315,"ACH-000293":2.762558787,"ACH-000294":-1.70011031,"ACH-000295":3.032522709,"ACH-000296":-10.55086015,"ACH-000302":3.229583132,"ACH-000304":1.271929186,"ACH-000305":-20,"ACH-000307":-20,"ACH-000308":3.505521099,"ACH-000310":2.712955884,"ACH-000311":3.27180325,"ACH-000312":-3.374573393,"ACH-000315":2.885888075,"ACH-000316":2.642525017,"ACH-000317":3.512505663,"ACH-000318":2.69197805,"ACH-000319":3.523772758,"ACH-000320":3.442070716,"ACH-000322":0,"ACH-000323":3.444463605,"ACH-000324":1.193402659,"ACH-000326":3.251686306,"ACH-000329":3.523772758,"ACH-000330":0,"ACH-000331":-9.443229567,"ACH-000332":3.519156109,"ACH-000334":2.504529458,"ACH-000335":3.487614454,"ACH-000336":1.015382389,"ACH-000337":3.461952924,"ACH-000339":3.285279215,"ACH-000341":2.277697293,"ACH-000343":3.40556403,"ACH-000344":-20,"ACH-000348":3.506720238,"ACH-000350":2.821727065,"ACH-000352":3.523526415,"ACH-000355":2.130435125,"ACH-000356":3.399636116,"ACH-000361":3.523772758,"ACH-000362":3.117675237,"ACH-000363":3.523772758,"ACH-000364":-1.991472223,"ACH-000365":-0.650685062,"ACH-000366":2.408199345,"ACH-000368":2.875518297,"ACH-000370":2.222752672,"ACH-000374":-0.008344897,"ACH-000375":2.964025574,"ACH-000376":2.758712203,"ACH-000377":3.369985163,"ACH-000378":2.275109297,"ACH-000381":2.277384384,"ACH-000383":0,"ACH-000385":-11.61397716,"ACH-000387":2.928472403,"ACH-000389":-2.184340121,"ACH-000390":3.072325298,"ACH-000393":3.330527429,"ACH-000395":2.443636464,"ACH-000397":-6.456148393,"ACH-000401":-5.180309235,"ACH-000402":-0.564983588,"ACH-000403":3.517107676,"ACH-000404":3.195298826,"ACH-000405":2.788071557,"ACH-000406":3.190455835,"ACH-000407":3.088603127,"ACH-000408":-20,"ACH-000410":3.523140134,"ACH-000411":3.35160757,"ACH-000414":3.292637849,"ACH-000415":-16.07155316,"ACH-000416":2.895933785,"ACH-000420":3.365586598,"ACH-000421":3.4724958,"ACH-000422":3.479321065,"ACH-000424":2.433421357,"ACH-000425":3.503277616,"ACH-000426":-4.277285251,"ACH-000427":3.304032366,"ACH-000431":3.344767598,"ACH-000433":-4.040731287,"ACH-000434":-4.502396023,"ACH-000435":2.402491676,"ACH-000436":2.65976204,"ACH-000437":-7.044218528,"ACH-000438":-0.256579236,"ACH-000444":3.253970517,"ACH-000445":3.140053408,"ACH-000448":3.523772758,"ACH-000450":3.522113128,"ACH-000452":-14.5749943,"ACH-000454":2.788828442,"ACH-000458":1.228237628,"ACH-000459":3.517537562,"ACH-000460":3.244020597,"ACH-000461":-3.285720986,"ACH-000463":3.522220585,"ACH-000464":2.308051509,"ACH-000466":3.523772758,"ACH-000467":0,"ACH-000468":-15.57438098,"ACH-000469":1.418219497,"ACH-000470":-20,"ACH-000471":0,"ACH-000472":-20,"ACH-000473":2.390018937,"ACH-000475":-20,"ACH-000476":3.523772758,"ACH-000477":0,"ACH-000478":3.438460166,"ACH-000480":0,"ACH-000481":3.278250818,"ACH-000483":0,"ACH-000484":3.268890759,"ACH-000485":1.902584973,"ACH-000486":-9.518172293,"ACH-000487":2.735982503,"ACH-000488":3.279807464,"ACH-000490":3.436877213,"ACH-000491":2.51621625,"ACH-000493":3.494428499,"ACH-000495":0.92038195,"ACH-000496":-1.234719186,"ACH-000498":1.910125516,"ACH-000499":-8.200007626,"ACH-000500":-20,"ACH-000502":-20,"ACH-000503":3.517295949,"ACH-000504":1.969015725,"ACH-000505":-1.6969187,"ACH-000507":3.487916003,"ACH-000510":3.493634593,"ACH-000511":3.523772758,"ACH-000512":3.428060275,"ACH-000514":3.097258515,"ACH-000516":3.514387222,"ACH-000517":3.523772758,"ACH-000518":-0.871213275,"ACH-000520":0,"ACH-000521":-6.909384894,"ACH-000522":2.715510276,"ACH-000524":-0.798478039,"ACH-000527":3.488347305,"ACH-000528":3.21126279,"ACH-000535":1.488047257,"ACH-000537":-3.518834379,"ACH-000541":0.044447683,"ACH-000542":-12.38962692,"ACH-000544":3.453925453,"ACH-000545":-14.56835678,"ACH-000547":3.225431071,"ACH-000548":-20,"ACH-000549":2.975064307,"ACH-000550":3.456048677,"ACH-000551":2.77198781,"ACH-000552":3.458731118,"ACH-000556":2.366514507,"ACH-000557":3.340536366,"ACH-000563":2.892960309,"ACH-000570":2.756991403,"ACH-000571":3.023215284,"ACH-000573":-20,"ACH-000576":-20,"ACH-000577":1.722261425,"ACH-000579":2.079295582,"ACH-000580":3.263435263,"ACH-000581":3.523772758,"ACH-000583":-9.843838003,"ACH-000584":-20,"ACH-000585":0.404271763,"ACH-000587":2.261002287,"ACH-000588":3.516115738,"ACH-000589":3.513934499,"ACH-000591":2.353079097,"ACH-000592":3.095068798,"ACH-000593":0,"ACH-000596":-3.516057418,"ACH-000599":3.438588091,"ACH-000600":-8.39548333,"ACH-000601":-0.553691697,"ACH-000604":2.621447687,"ACH-000605":-20,