{"scores":{"ACH-000004":3.333058935,"ACH-000005":3.774224034,"ACH-000007":2.818529057,"ACH-000009":3.12708315,"ACH-000011":3.063670754,"ACH-000012":3.341080359,"ACH-000013":3.315187045,"ACH-000014":3.782052739,"ACH-000015":0.800747905,"ACH-000017":3.722430748,"ACH-000018":3.755899427,"ACH-000019":3.11104697,"ACH-000021":1.502939472,"ACH-000022":3.42943338,"ACH-000024":3.66275311,"ACH-000025":3.435282292,"ACH-000028":3.826839843,"ACH-000029":3.805546951,"ACH-000030":3.793465687,"ACH-000035":3.498050703,"ACH-000036":3.80037538,"ACH-000037":3.643440178,"ACH-000039":1.86003611,"ACH-000040":3.248616291,"ACH-000041":3.369624592,"ACH-000042":2.745754203,"ACH-000045":3.762016956,"ACH-000047":3.800356524,"ACH-000048":3.274399009,"ACH-000052":3.612808472,"ACH-000053":3.7998838,"ACH-000054":3.544634292,"ACH-000055":3.710389667,"ACH-000060":3.821367896,"ACH-000067":3.257315887,"ACH-000070":3.659374748,"ACH-000074":-8.268391583,"ACH-000075":3.678452302,"ACH-000076":3.742343729,"ACH-000078":3.830360875,"ACH-000082":3.685648713,"ACH-000085":3.201983349,"ACH-000086":2.297202635,"ACH-000087":-1.849242444,"ACH-000092":3.727473152,"ACH-000095":3.47990052,"ACH-000096":3.485374076,"ACH-000097":3.192838563,"ACH-000098":3.713952209,"ACH-000099":3.806857809,"ACH-000108":1.233852972,"ACH-000111":3.829474253,"ACH-000113":3.776352094,"ACH-000114":3.534575092,"ACH-000115":3.76556425,"ACH-000116":3.652129439,"ACH-000118":3.819241375,"ACH-000120":3.776891577,"ACH-000123":3.489218547,"ACH-000127":3.664870659,"ACH-000128":3.214183905,"ACH-000132":2.971762668,"ACH-000133":2.707196675,"ACH-000137":3.176347866,"ACH-000138":2.959433371,"ACH-000141":3.458091896,"ACH-000142":3.519359792,"ACH-000143":3.755451492,"ACH-000146":3.317156596,"ACH-000148":3.628602397,"ACH-000150":2.679648491,"ACH-000151":0.176748467,"ACH-000152":3.812229347,"ACH-000153":3.665351794,"ACH-000159":3.800277608,"ACH-000160":3.830491378,"ACH-000163":3.188466276,"ACH-000164":3.799265233,"ACH-000167":1.453281486,"ACH-000168":3.807721693,"ACH-000169":-0.129757473,"ACH-000174":2.845624699,"ACH-000178":2.503329952,"ACH-000182":3.780148604,"ACH-000183":-0.421183072,"ACH-000187":3.678676358,"ACH-000188":2.1948182,"ACH-000189":3.185613414,"ACH-000190":2.014052408,"ACH-000198":3.636651687,"ACH-000200":3.816761758,"ACH-000202":0.109446815,"ACH-000204":0.935541673,"ACH-000206":2.617570185,"ACH-000207":3.804116328,"ACH-000209":3.603901386,"ACH-000211":2.2844249,"ACH-000212":3.824156703,"ACH-000215":3.282512087,"ACH-000217":3.468663282,"ACH-000219":3.501622209,"ACH-000221":3.632367357,"ACH-000222":2.611872091,"ACH-000223":3.237854631,"ACH-000226":3.815759664,"ACH-000227":3.362795039,"ACH-000228":3.367757013,"ACH-000231":3.675410884,"ACH-000232":3.784867605,"ACH-000233":3.806392497,"ACH-000234":3.67649677,"ACH-000235":2.581087203,"ACH-000237":3.364287609,"ACH-000238":3.319001823,"ACH-000243":3.732360941,"ACH-000244":3.819242278,"ACH-000246":3.276020496,"ACH-000247":3.377242279,"ACH-000248":3.678049997,"ACH-000249":3.78919331,"ACH-000250":3.616668016,"ACH-000251":3.753547518,"ACH-000253":3.779491413,"ACH-000255":3.78270649,"ACH-000256":2.448353115,"ACH-000257":3.571610833,"ACH-000258":1.891701136,"ACH-000259":3.803840444,"ACH-000260":3.641397475,"ACH-000261":3.777214805,"ACH-000262":3.179321598,"ACH-000263":0.208150417,"ACH-000264":3.708183057,"ACH-000265":3.830710062,"ACH-000266":3.412792599,"ACH-000271":3.737027442,"ACH-000272":3.822465477,"ACH-000273":3.150759627,"ACH-000274":3.634721361,"ACH-000276":2.517973215,"ACH-000277":3.182314996,"ACH-000278":3.124208896,"ACH-000279":2.354051546,"ACH-000280":3.720504479,"ACH-000281":2.333431373,"ACH-000286":-3.640187948,"ACH-000288":3.668612786,"ACH-000290":3.75970073,"ACH-000291":3.830696051,"ACH-000292":3.801677237,"ACH-000293":1.79251537,"ACH-000294":2.765898769,"ACH-000295":3.297514734,"ACH-000296":3.133112119,"ACH-000302":3.775198523,"ACH-000304":2.675051436,"ACH-000305":3.785776001,"ACH-000307":3.799086989,"ACH-000308":3.513594534,"ACH-000310":3.818028355,"ACH-000311":3.823769426,"ACH-000312":3.819501975,"ACH-000315":2.186373224,"ACH-000316":3.680336906,"ACH-000317":3.631205618,"ACH-000318":-0.673256476,"ACH-000319":2.96177012,"ACH-000320":3.247730681,"ACH-000322":3.654196479,"ACH-000323":3.697273678,"ACH-000324":2.78416995,"ACH-000326":-4.918166515,"ACH-000329":2.746375035,"ACH-000330":3.716009152,"ACH-000331":3.299673238,"ACH-000332":3.819244502,"ACH-000334":-10.28604214,"ACH-000335":3.600441206,"ACH-000336":3.503030129,"ACH-000337":3.733252837,"ACH-000339":3.677352855,"ACH-000341":3.796137107,"ACH-000343":3.643402216,"ACH-000344":1.142318682,"ACH-000348":3.826628902,"ACH-000350":2.083054088,"ACH-000352":3.824066456,"ACH-000355":3.787734823,"ACH-000356":3.584045456,"ACH-000361":3.536154748,"ACH-000362":2.832151456,"ACH-000363":-8.895127424,"ACH-000364":3.746219613,"ACH-000365":-20,"ACH-000366":3.620301881,"ACH-000368":3.680225932,"ACH-000370":3.804733799,"ACH-000374":2.097312447,"ACH-000375":3.8143616,"ACH-000376":3.687072881,"ACH-000377":2.068931396,"ACH-000378":3.798909648,"ACH-000381":3.825683568,"ACH-000383":3.799462758,"ACH-000385":3.689670665,"ACH-000387":-20,"ACH-000389":1.505928856,"ACH-000390":2.721751571,"ACH-000393":3.111851094,"ACH-000395":3.763444318,"ACH-000397":3.216474082,"ACH-000401":2.670211048,"ACH-000402":3.029096274,"ACH-000403":3.830094076,"ACH-000404":3.126628189,"ACH-000405":-20,"ACH-000406":3.754425104,"ACH-000407":-0.795922117,"ACH-000408":3.830700511,"ACH-000410":3.498324547,"ACH-000411":3.826225941,"ACH-000414":3.78825086,"ACH-000415":3.742703293,"ACH-000416":3.729472167,"ACH-000420":2.684645111,"ACH-000421":3.803183175,"ACH-000422":3.827363947,"ACH-000424":3.805066699,"ACH-000425":3.443397557,"ACH-000426":3.496494513,"ACH-000427":3.818339366,"ACH-000431":3.81060265,"ACH-000433":3.723514034,"ACH-000434":1.659767674,"ACH-000435":3.825043445,"ACH-000436":-3.266177131,"ACH-000437":2.984830613,"ACH-000438":3.553911598,"ACH-000444":3.795676232,"ACH-000445":-0.632400761,"ACH-000448":3.740192514,"ACH-000450":3.825202916,"ACH-000452":3.816897777,"ACH-000454":2.943761642,"ACH-000458":2.708262769,"ACH-000459":3.093402071,"ACH-000460":3.416610555,"ACH-000461":3.001939339,"ACH-000463":3.830626825,"ACH-000464":3.808503169,"ACH-000466":2.181437216,"ACH-000467":3.734656255,"ACH-000468":3.45517224,"ACH-000469":3.704465556,"ACH-000470":3.72026294,"ACH-000471":3.501097278,"ACH-000472":3.642173018,"ACH-000473":3.02732569,"ACH-000475":3.76754296,"ACH-000476":3.555580349,"ACH-000477":3.645831897,"ACH-000478":2.992138855,"ACH-000480":3.83062356,"ACH-000481":3.149494823,"ACH-000483":3.827808187,"ACH-000484":1.773398934,"ACH-000485":3.527635364,"ACH-000486":3.770273372,"ACH-000487":-9.859288049,"ACH-000488":3.007463158,"ACH-000490":3.724825762,"ACH-000491":3.74990488,"ACH-000493":3.804821346,"ACH-000495":3.765014292,"ACH-000496":3.082314421,"ACH-000498":3.809023878,"ACH-000499":3.757307333,"ACH-000500":3.769702389,"ACH-000502":3.808015371,"ACH-000503":1.155378762,"ACH-000504":-0.307012599,"ACH-000505":3.776226235,"ACH-000507":3.749554129,"ACH-000510":3.674998876,"ACH-000511":3.711061979,"ACH-000512":-14.41699273,"ACH-000514":3.622675815,"ACH-000516":2.361293442,"ACH-000517":3.813842071,"ACH-000518":3.392280757,"ACH-000520":2.372735105,"ACH-000521":3.431130033,"ACH-000522":3.779933008,"ACH-000524":3.611905227,"ACH-000527":3.822076271,"ACH-000528":3.797410456,"ACH-000535":3.655175835,"ACH-000537":2.705434046,"ACH-000541":-0.076987331,"ACH-000542":3.283435312,"ACH-000544":3.784675949,"ACH-000545":3.357969067,"ACH-000547":3.021218001,"ACH-000548":-5.871332257,"ACH-000549":3.657839093,"ACH-000550":3.108081833,"ACH-000551":2.554679691,"ACH-000552":3.780484509,"ACH-000556":3.700864799,"ACH-000557":3.564319215,"ACH-000563":3.812609236,"ACH-000570":3.570941435,"ACH-000571":3.824905503,"ACH-000573":3.227878016,"ACH-000576":-20,"ACH-000577":3.829793015,"ACH-000579":2.230813315,"ACH-000580":3.829549677,"ACH-000581":3.787944112,"ACH-000583":-4.221177422,"ACH-000584":2.227328495,