{"scores":{"ACH-000004":-3.512683546,"ACH-000005":-4.188457031,"ACH-000007":-1.959324998,"ACH-000009":-0.5808387,"ACH-000011":3.652894767,"ACH-000012":-3.221472639,"ACH-000013":2.644945285,"ACH-000014":-3.632225525,"ACH-000015":-1.601520044,"ACH-000017":-3.715076632,"ACH-000018":-2.880123843,"ACH-000019":-3.020096238,"ACH-000021":-3.197848168,"ACH-000022":-2.096619899,"ACH-000024":-3.331555149,"ACH-000025":-1.663259717,"ACH-000028":-0.335236167,"ACH-000029":-2.295097077,"ACH-000030":-3.231943029,"ACH-000035":-2.991651153,"ACH-000036":-2.233274342,"ACH-000037":-1.053359306,"ACH-000039":-3.437337513,"ACH-000040":-1.971255217,"ACH-000041":-2.82748847,"ACH-000042":3.062072434,"ACH-000045":-2.939117946,"ACH-000047":1.045758229,"ACH-000048":-0.504658422,"ACH-000052":-0.560162486,"ACH-000053":-4.094889992,"ACH-000054":-1.784852012,"ACH-000055":-2.197650855,"ACH-000060":1.80691308,"ACH-000067":0.989548127,"ACH-000070":-1.929386484,"ACH-000074":-2.060984301,"ACH-000075":1.395916647,"ACH-000076":-3.719342187,"ACH-000078":3.472114203,"ACH-000082":1.142965157,"ACH-000085":-2.72448589,"ACH-000086":-1.162079006,"ACH-000087":-2.084548083,"ACH-000092":-0.159260209,"ACH-000095":1.074819732,"ACH-000096":-1.594427412,"ACH-000097":-3.398605876,"ACH-000098":-2.004041812,"ACH-000099":6.758586393,"ACH-000108":-1.341676669,"ACH-000111":-2.30597033,"ACH-000113":-3.670146992,"ACH-000114":-0.28173906,"ACH-000115":-4.175245243,"ACH-000116":-3.232787847,"ACH-000118":-0.245177396,"ACH-000120":4.154886396,"ACH-000123":-1.542176354,"ACH-000127":-3.244731792,"ACH-000128":3.706832211,"ACH-000132":-1.507272149,"ACH-000133":-2.683155247,"ACH-000137":0.238867869,"ACH-000138":-3.546085993,"ACH-000141":-2.611429222,"ACH-000142":-3.474348706,"ACH-000143":1.203245312,"ACH-000146":-4.104558962,"ACH-000148":1.804336933,"ACH-000150":-2.569657165,"ACH-000151":-4.005060774,"ACH-000152":-2.970906243,"ACH-000153":-0.111781645,"ACH-000159":0.721304473,"ACH-000160":-2.596015267,"ACH-000163":7.685734259,"ACH-000164":-4.048192774,"ACH-000167":-3.375912879,"ACH-000168":-4.03569745,"ACH-000169":1.205125874,"ACH-000174":0.883957297,"ACH-000178":-3.345850213,"ACH-000182":6.4083089,"ACH-000183":-2.465733038,"ACH-000187":1.867727986,"ACH-000188":-4.031047721,"ACH-000189":-3.25591267,"ACH-000190":-3.021958366,"ACH-000198":-2.150292631,"ACH-000200":-2.379857853,"ACH-000202":-0.556568975,"ACH-000204":-2.29279281,"ACH-000206":-3.918789209,"ACH-000207":-2.824088412,"ACH-000209":0.961291466,"ACH-000211":0.489543252,"ACH-000212":-3.794113236,"ACH-000215":-3.882323356,"ACH-000217":-3.627484803,"ACH-000219":-2.507261923,"ACH-000221":-2.899697288,"ACH-000222":-0.386041791,"ACH-000223":-2.563180417,"ACH-000226":-3.02555307,"ACH-000227":1.120326328,"ACH-000228":-1.359906903,"ACH-000231":-1.693718734,"ACH-000232":-3.644922992,"ACH-000233":-4.173741751,"ACH-000234":-1.089421305,"ACH-000235":-3.992423352,"ACH-000237":-3.356847902,"ACH-000238":-2.233994161,"ACH-000243":-1.128375243,"ACH-000244":-3.007782074,"ACH-000246":7.675393066,"ACH-000247":-3.597223778,"ACH-000248":-3.693687376,"ACH-000249":-1.339820338,"ACH-000250":-3.704647343,"ACH-000251":0.17570745,"ACH-000253":-3.851463152,"ACH-000255":-0.777047765,"ACH-000256":-2.771950366,"ACH-000257":0.719799329,"ACH-000258":2.024345737,"ACH-000259":6.320519931,"ACH-000260":0.912607092,"ACH-000261":2.066869067,"ACH-000262":-1.083144597,"ACH-000263":-4.116153255,"ACH-000264":-2.500792681,"ACH-000265":-0.705686056,"ACH-000266":-2.264595038,"ACH-000271":-3.29344673,"ACH-000272":2.867004373,"ACH-000273":-3.451116356,"ACH-000274":-3.912261561,"ACH-000276":-1.049828729,"ACH-000277":-3.329807545,"ACH-000278":-2.767946916,"ACH-000279":-2.874371475,"ACH-000280":-3.825525453,"ACH-000281":-2.381745913,"ACH-000286":-1.184985895,"ACH-000288":-3.664130472,"ACH-000290":4.419257549,"ACH-000291":-2.91734115,"ACH-000292":-0.037951665,"ACH-000293":-0.147070501,"ACH-000294":-4.113175812,"ACH-000295":-3.54697908,"ACH-000296":-3.540817502,"ACH-000302":-3.427553561,"ACH-000304":-3.589537472,"ACH-000305":-3.627303252,"ACH-000307":-4.096991121,"ACH-000308":-0.479923062,"ACH-000310":1.083678699,"ACH-000311":-2.035532083,"ACH-000312":5.998838065,"ACH-000315":-3.210600725,"ACH-000316":-1.083119421,"ACH-000317":-2.624463136,"ACH-000318":-1.939255331,"ACH-000319":-3.143628033,"ACH-000320":-2.179644349,"ACH-000322":-1.241471943,"ACH-000323":-0.350522924,"ACH-000324":-0.246614194,"ACH-000326":-3.785118298,"ACH-000329":-3.785629018,"ACH-000330":-3.710460959,"ACH-000331":8.762172374,"ACH-000332":-2.992591141,"ACH-000334":-4.184622394,"ACH-000335":-3.741081582,"ACH-000336":-2.986956776,"ACH-000337":-1.402845503,"ACH-000339":-4.105386568,"ACH-000341":-1.347844921,"ACH-000343":-2.43268699,"ACH-000344":-1.497133432,"ACH-000348":-0.749349748,"ACH-000350":-3.907258918,"ACH-000352":-4.174896595,"ACH-000355":-3.371033301,"ACH-000356":-3.257267911,"ACH-000361":-2.431661996,"ACH-000362":-4.152871492,"ACH-000363":-4.194531085,"ACH-000364":7.280995035,"ACH-000365":-3.04369895,"ACH-000366":-1.040067034,"ACH-000368":-0.222878667,"ACH-000370":-1.765228992,"ACH-000374":-2.945011527,"ACH-000375":-3.027101848,"ACH-000376":0.089030584,"ACH-000377":-2.979349751,"ACH-000378":-2.915689885,"ACH-000381":-3.1702189,"ACH-000383":-4.196730348,"ACH-000385":1.246765524,"ACH-000387":-3.333400763,"ACH-000389":-2.309850768,"ACH-000390":0.603922518,"ACH-000393":-0.563982628,"ACH-000395":-2.887878113,"ACH-000397":-3.556243998,"ACH-000401":-3.018338169,"ACH-000402":-1.198157286,"ACH-000403":-2.582707752,"ACH-000404":-2.058399317,"ACH-000405":-3.108811905,"ACH-000406":-4.183703083,"ACH-000407":0.717857099,"ACH-000408":-0.923761855,"ACH-000410":1.499173935,"ACH-000411":7.535084795,"ACH-000414":2.020785439,"ACH-000415":-3.706431566,"ACH-000416":-1.640150949,"ACH-000420":1.917459357,"ACH-000421":3.12082473,"ACH-000422":-0.844831749,"ACH-000424":-3.692790797,"ACH-000425":-2.739744086,"ACH-000426":-4.157271684,"ACH-000427":-2.288798923,"ACH-000431":5.149208879,"ACH-000433":2.409565271,"ACH-000434":-2.728148315,"ACH-000435":-4.171255672,"ACH-000436":-3.348161353,"ACH-000437":-3.902162811,"ACH-000438":-1.442300782,"ACH-000444":-0.940186592,"ACH-000445":0.560180847,"ACH-000448":-2.241180187,"ACH-000450":-2.671294932,"ACH-000452":10.4187228,"ACH-000454":-3.120447318,"ACH-000458":-2.348367701,"ACH-000459":-1.572758077,"ACH-000460":-2.46106116,"ACH-000461":2.079231504,"ACH-000463":-1.591033757,"ACH-000464":-1.474905388,"ACH-000466":0.690021461,"ACH-000467":-2.724303427,"ACH-000468":0.726731317,"ACH-000469":-3.388563299,"ACH-000470":-3.859152384,"ACH-000471":-2.84969851,"ACH-000472":-4.172200223,"ACH-000473":-2.892526029,"ACH-000475":-3.238226399,"ACH-000476":-2.055583851,"ACH-000477":-3.996995674,"ACH-000478":-3.503185304,"ACH-000480":0.375624438,"ACH-000481":-4.197011609,"ACH-000483":-2.909962431,"ACH-000484":-1.818508462,"ACH-000485":-2.477778452,"ACH-000486":-0.226227901,"ACH-000487":-1.328007684,"ACH-000488":-3.551208805,"ACH-000490":-1.417299854,"ACH-000491":1.305383312,"ACH-000493":-2.554368929,"ACH-000495":-1.046364664,"ACH-000496":-1.395736072,"ACH-000498":-3.275246211,"ACH-000499":-3.18424622,"ACH-000500":-1.026062136,"ACH-000502":-2.315338483,"ACH-000503":-1.612468979,"ACH-000504":-0.140914028,"ACH-000505":6.226424806,"ACH-000507":-2.690937765,"ACH-000510":-3.198783407,"ACH-000511":-1.59580995,"ACH-000512":-3.818595072,"ACH-000514":3.492764784,"ACH-000516":2.039990798,"ACH-000517":-1.621078126,"ACH-000518":-2.180911013,"ACH-000520":-3.325065917,"ACH-000521":-2.808253455,"ACH-000522":-1.21966458,"ACH-000524":-2.581950029,"ACH-000527":-1.803304375,"ACH-000528":-2.91884026,"ACH-000535":-1.904812311,"ACH-000537":3.343554908,"ACH-000541":-2.601143211,"ACH-000542":-2.174845166,"ACH-000544":-2.332570873,"ACH-000545":-1.763443445,"ACH-000547":-3.394543609,"ACH-000548":-3.844956518,"ACH-000549":-3.282767414,"ACH-000550":-3.993381544,"ACH-000551":-3.663421214,"ACH-000552":-3.554734535,"ACH-000556":-2.528481201,"ACH-000557":-3.883750419,