{"scores":{"ACH-000004":3.376179754,"ACH-000005":3.352002447,"ACH-000007":0.894601286,"ACH-000009":-1.909709076,"ACH-000011":3.398623523,"ACH-000012":3.35626978,"ACH-000013":2.067072259,"ACH-000014":1.681582372,"ACH-000015":2.69471796,"ACH-000017":1.266429616,"ACH-000018":1.153085944,"ACH-000019":1.920086124,"ACH-000021":3.360310148,"ACH-000022":2.627674596,"ACH-000024":3.35614384,"ACH-000025":2.600966954,"ACH-000028":3.267838635,"ACH-000029":3.247373698,"ACH-000030":-1.662896326,"ACH-000035":2.493969808,"ACH-000036":2.434614069,"ACH-000037":3.387958577,"ACH-000039":3.365786292,"ACH-000040":3.358094269,"ACH-000041":2.841566969,"ACH-000042":-16.57506781,"ACH-000045":3.210829816,"ACH-000047":2.147989094,"ACH-000048":3.340277181,"ACH-000052":3.354588308,"ACH-000053":3.422193808,"ACH-000054":3.259520935,"ACH-000055":3.336657741,"ACH-000060":-9.576426121,"ACH-000067":3.034505805,"ACH-000070":3.359493861,"ACH-000074":3.423312918,"ACH-000075":2.271100114,"ACH-000076":2.693567543,"ACH-000078":3.392592832,"ACH-000082":2.534521432,"ACH-000085":2.384075453,"ACH-000086":3.130459094,"ACH-000087":3.421278376,"ACH-000092":3.390634894,"ACH-000095":3.1580509,"ACH-000096":3.261886797,"ACH-000097":3.401162239,"ACH-000098":1.816156416,"ACH-000099":-0.743084821,"ACH-000108":-6.090117095,"ACH-000111":1.515412672,"ACH-000113":2.70397513,"ACH-000114":-2.146402082,"ACH-000115":3.336573461,"ACH-000116":3.379613053,"ACH-000118":1.455257867,"ACH-000120":2.650581835,"ACH-000123":3.351220125,"ACH-000127":3.161445009,"ACH-000128":3.342276654,"ACH-000132":3.421603489,"ACH-000133":3.129372763,"ACH-000137":3.379147638,"ACH-000138":-18.63775245,"ACH-000141":-0.554090321,"ACH-000142":3.217517731,"ACH-000143":1.304533076,"ACH-000146":3.177753715,"ACH-000148":3.420202203,"ACH-000150":2.762168157,"ACH-000151":2.345328755,"ACH-000152":3.266286341,"ACH-000153":0.824513392,"ACH-000159":3.420429851,"ACH-000160":2.931277804,"ACH-000163":2.88223145,"ACH-000164":2.859201018,"ACH-000167":2.987351354,"ACH-000168":3.421701092,"ACH-000169":3.41476475,"ACH-000174":2.805679939,"ACH-000178":-16.3213491,"ACH-000182":1.035308014,"ACH-000183":3.421616315,"ACH-000187":3.413818774,"ACH-000188":3.122870907,"ACH-000189":3.379479628,"ACH-000190":3.245243243,"ACH-000198":3.345606664,"ACH-000200":0.492841118,"ACH-000202":3.356393756,"ACH-000204":2.47553554,"ACH-000206":2.541180914,"ACH-000207":0.881621497,"ACH-000209":-4.460410796,"ACH-000211":3.423662221,"ACH-000212":1.729693735,"ACH-000215":3.339223018,"ACH-000217":0.221285067,"ACH-000219":1.158202546,"ACH-000221":3.393955071,"ACH-000222":-6.798459396,"ACH-000223":3.334162263,"ACH-000226":3.220369024,"ACH-000227":3.364280939,"ACH-000228":2.844058754,"ACH-000231":3.003091833,"ACH-000232":1.269907879,"ACH-000233":3.421793938,"ACH-000234":-0.361499251,"ACH-000235":-20,"ACH-000237":2.381333526,"ACH-000238":3.335338758,"ACH-000243":2.962275145,"ACH-000244":2.359346318,"ACH-000246":2.934785168,"ACH-000247":3.320702727,"ACH-000248":3.354595651,"ACH-000249":3.376117438,"ACH-000250":3.150176793,"ACH-000251":-2.629339554,"ACH-000253":3.385451541,"ACH-000255":2.677680679,"ACH-000256":3.376993941,"ACH-000257":3.041873434,"ACH-000258":3.352417788,"ACH-000259":3.320599556,"ACH-000260":3.412162946,"ACH-000261":3.043027955,"ACH-000262":3.086220552,"ACH-000263":3.250658517,"ACH-000264":2.48709301,"ACH-000265":2.395033546,"ACH-000266":-5.587589846,"ACH-000271":3.419153978,"ACH-000272":3.360025623,"ACH-000273":3.41661152,"ACH-000274":3.102765626,"ACH-000276":3.387697435,"ACH-000277":3.423653942,"ACH-000278":2.529675381,"ACH-000279":3.101542763,"ACH-000280":-14.69568794,"ACH-000281":-17.10516284,"ACH-000286":-4.530165871,"ACH-000288":3.023642073,"ACH-000290":2.867362119,"ACH-000291":1.590223373,"ACH-000292":2.344622913,"ACH-000293":3.354438148,"ACH-000294":3.352060795,"ACH-000295":3.172359409,"ACH-000296":3.120396126,"ACH-000302":3.035599702,"ACH-000304":3.205448933,"ACH-000305":3.248300918,"ACH-000307":-4.61404176,"ACH-000308":3.246930136,"ACH-000310":3.261095581,"ACH-000311":-0.561425852,"ACH-000312":3.370218319,"ACH-000315":2.31291607,"ACH-000316":3.074068394,"ACH-000317":2.289970751,"ACH-000318":3.411786287,"ACH-000319":-1.067297766,"ACH-000320":3.292375622,"ACH-000322":2.996316226,"ACH-000323":3.276247551,"ACH-000324":2.637498139,"ACH-000326":3.417619603,"ACH-000329":3.096274764,"ACH-000330":3.354186392,"ACH-000331":2.707636438,"ACH-000332":1.143953676,"ACH-000334":2.874525476,"ACH-000335":3.367758754,"ACH-000336":2.317880319,"ACH-000337":3.403631925,"ACH-000339":-20,"ACH-000341":3.396363274,"ACH-000343":3.042588638,"ACH-000344":0.052292961,"ACH-000348":1.547852493,"ACH-000350":3.282998583,"ACH-000352":2.055014946,"ACH-000355":1.549609774,"ACH-000356":3.285003355,"ACH-000361":2.817513025,"ACH-000362":2.368577889,"ACH-000363":2.852154554,"ACH-000364":3.338181062,"ACH-000365":3.423571192,"ACH-000366":3.340557068,"ACH-000368":3.084129514,"ACH-000370":2.541437303,"ACH-000374":3.391668427,"ACH-000375":2.235256684,"ACH-000376":3.423667315,"ACH-000377":3.384053489,"ACH-000378":3.252067612,"ACH-000381":3.053037216,"ACH-000383":1.476916182,"ACH-000385":3.345005562,"ACH-000387":3.349360413,"ACH-000389":3.40824427,"ACH-000390":3.423281471,"ACH-000393":2.327490895,"ACH-000395":-20,"ACH-000397":2.46575662,"ACH-000401":3.36300036,"ACH-000402":3.084991748,"ACH-000403":-6.05669217,"ACH-000404":2.717277223,"ACH-000405":3.367485463,"ACH-000406":3.307630685,"ACH-000407":3.246158923,"ACH-000408":2.535811458,"ACH-000410":3.313494393,"ACH-000411":3.423253344,"ACH-000414":1.85548054,"ACH-000415":2.340992724,"ACH-000416":0.132317847,"ACH-000420":2.734711337,"ACH-000421":3.415983257,"ACH-000422":2.747792702,"ACH-000424":2.087577356,"ACH-000425":3.32656752,"ACH-000426":2.834990623,"ACH-000427":1.645940347,"ACH-000431":3.389972181,"ACH-000433":3.253957389,"ACH-000434":3.423186903,"ACH-000435":3.323722929,"ACH-000436":3.021964773,"ACH-000437":2.483529626,"ACH-000438":2.705489518,"ACH-000444":3.095158921,"ACH-000445":3.297998059,"ACH-000448":3.355796927,"ACH-000450":2.933959157,"ACH-000452":2.174095467,"ACH-000454":3.226665196,"ACH-000458":2.06146605,"ACH-000459":3.420753861,"ACH-000460":3.204335183,"ACH-000461":2.398822265,"ACH-000463":3.126771476,"ACH-000464":3.310621252,"ACH-000466":2.319360512,"ACH-000467":3.423399858,"ACH-000468":-5.904393149,"ACH-000469":1.093343561,"ACH-000470":0.724068948,"ACH-000471":-3.365148237,"ACH-000472":0.742245728,"ACH-000473":2.145605029,"ACH-000475":2.76539657,"ACH-000476":1.896753891,"ACH-000477":3.095775128,"ACH-000478":-0.457288374,"ACH-000480":3.216170566,"ACH-000481":2.910758951,"ACH-000483":3.111168541,"ACH-000484":2.676759835,"ACH-000485":1.802495351,"ACH-000486":3.126149536,"ACH-000487":2.750437324,"ACH-000488":2.916921181,"ACH-000490":-2.739247635,"ACH-000491":2.215977391,"ACH-000493":3.418762865,"ACH-000495":2.644029129,"ACH-000496":0.229561402,"ACH-000498":2.528982205,"ACH-000499":3.085254621,"ACH-000500":3.420932747,"ACH-000502":-16.06355418,"ACH-000503":3.031162334,"ACH-000504":3.311964133,"ACH-000505":2.857073892,"ACH-000507":3.299590514,"ACH-000510":3.414827904,"ACH-000511":-20,"ACH-000512":3.296403006,"ACH-000514":3.177051746,"ACH-000516":3.303907974,"ACH-000517":-20,"ACH-000518":3.375033296,"ACH-000520":3.32755713,"ACH-000521":-2.567235629,"ACH-000522":3.300215123,"ACH-000524":3.42365049,"ACH-000527":3.381164762,"ACH-000528":-10.04372757,"ACH-000535":3.04585942,"ACH-000537":-0.947541575,"ACH-000541":3.273206359,"ACH-000542":-1.883834203,"ACH-000544":3.379385761,"ACH-000545":3.245440968,"ACH-000547":0.977795658,"ACH-000548":-8.667766314,"ACH-000549":3.423379263,"ACH-000550":1.021572507,"ACH-000551":3.083916043,"ACH-000552":-2.318940081,"ACH-000556":3.340636508,"ACH-000557":3.307056331,"ACH-000563":-8.827792625,"ACH-000570":2.542368549,"ACH-000571":-0.045585553,"ACH-000573":2.784991429,"ACH-000576":3.268087992,"ACH-000577":-6.432772043,"ACH-000579":3.184305093,"ACH-000580":2.813456863,"ACH-000581":2.715851991,"ACH-000583":2.524574984,