{"scores":{"ACH-000004":3.74573492,"ACH-000005":3.801384715,"ACH-000007":1.968514017,"ACH-000009":3.820919851,"ACH-000011":3.239792733,"ACH-000012":3.848955429,"ACH-000013":3.81077135,"ACH-000014":3.847166604,"ACH-000015":3.760136433,"ACH-000017":3.836452057,"ACH-000018":3.580859179,"ACH-000019":1.274524549,"ACH-000021":3.843119274,"ACH-000022":3.733834535,"ACH-000024":1.11715099,"ACH-000025":3.850025352,"ACH-000028":-20,"ACH-000029":3.849358812,"ACH-000030":-5.163746863,"ACH-000035":3.849179158,"ACH-000036":3.641271623,"ACH-000037":3.849795964,"ACH-000039":3.744933719,"ACH-000040":3.849160832,"ACH-000041":0.510977088,"ACH-000042":3.69164992,"ACH-000045":2.465870074,"ACH-000047":3.515022736,"ACH-000048":2.50426526,"ACH-000052":3.132140487,"ACH-000053":2.605656449,"ACH-000054":3.792622638,"ACH-000055":3.066945484,"ACH-000060":3.708788773,"ACH-000067":3.768372111,"ACH-000070":3.107731548,"ACH-000074":3.783022046,"ACH-000075":3.738784139,"ACH-000076":2.943317974,"ACH-000078":3.188707806,"ACH-000082":3.811435849,"ACH-000085":3.405070418,"ACH-000086":3.826478832,"ACH-000087":3.786055352,"ACH-000092":3.262123657,"ACH-000095":3.572678493,"ACH-000096":3.783818765,"ACH-000097":-1.943301722,"ACH-000098":2.969787594,"ACH-000099":3.376480666,"ACH-000108":3.365435578,"ACH-000111":2.603837677,"ACH-000113":2.632917234,"ACH-000114":3.786011459,"ACH-000115":3.842523698,"ACH-000116":3.156616673,"ACH-000118":3.683585681,"ACH-000120":3.463195624,"ACH-000123":3.72029649,"ACH-000127":3.83124627,"ACH-000128":3.831734209,"ACH-000132":3.605952359,"ACH-000133":3.68029553,"ACH-000137":3.76734991,"ACH-000138":-0.877133656,"ACH-000141":3.830943312,"ACH-000142":3.326867578,"ACH-000143":3.299999853,"ACH-000146":3.826878448,"ACH-000148":3.817876065,"ACH-000150":3.292664978,"ACH-000151":3.802358689,"ACH-000152":3.714195643,"ACH-000153":3.81839405,"ACH-000159":3.644406335,"ACH-000160":3.263254411,"ACH-000163":3.393929878,"ACH-000164":2.288275081,"ACH-000167":3.498871741,"ACH-000168":-0.471406625,"ACH-000169":-5.448087695,"ACH-000174":3.371087619,"ACH-000178":-8.310264934,"ACH-000182":3.607547477,"ACH-000183":2.364293123,"ACH-000187":3.811141019,"ACH-000188":3.359383478,"ACH-000189":3.747201619,"ACH-000190":3.708340194,"ACH-000198":3.613394811,"ACH-000200":3.431208583,"ACH-000202":3.175626014,"ACH-000204":3.647416477,"ACH-000206":3.238476399,"ACH-000207":3.595039295,"ACH-000209":3.819267717,"ACH-000211":2.893996485,"ACH-000212":3.533966807,"ACH-000215":3.052841704,"ACH-000217":3.215459996,"ACH-000219":3.632763858,"ACH-000221":3.767107875,"ACH-000222":-7.142169927,"ACH-000223":3.840696322,"ACH-000226":3.710880896,"ACH-000227":3.623986364,"ACH-000228":1.789767705,"ACH-000231":2.382779395,"ACH-000232":3.670036986,"ACH-000233":3.067212703,"ACH-000234":3.835683993,"ACH-000235":-8.138530285,"ACH-000237":3.591756366,"ACH-000238":3.842797002,"ACH-000243":-0.033143964,"ACH-000244":3.200948303,"ACH-000246":3.76798623,"ACH-000247":-20,"ACH-000248":3.440663136,"ACH-000249":0.79120878,"ACH-000250":3.843501995,"ACH-000251":3.641064447,"ACH-000253":-20,"ACH-000255":3.834911134,"ACH-000256":2.699903829,"ACH-000257":2.755136588,"ACH-000258":3.711875742,"ACH-000259":3.756151378,"ACH-000260":3.77254921,"ACH-000261":3.672277194,"ACH-000262":3.834221632,"ACH-000263":3.155896091,"ACH-000264":-14.32112337,"ACH-000265":3.681760171,"ACH-000266":3.555181781,"ACH-000271":3.741347071,"ACH-000272":3.710303884,"ACH-000273":2.995498765,"ACH-000274":3.845438207,"ACH-000276":3.059664308,"ACH-000277":-14.39635982,"ACH-000278":3.544377829,"ACH-000279":3.811730109,"ACH-000280":3.25760332,"ACH-000281":3.842286933,"ACH-000286":3.749670498,"ACH-000288":3.670209421,"ACH-000290":3.773294186,"ACH-000291":0.952328665,"ACH-000292":3.817850042,"ACH-000293":3.823469902,"ACH-000294":3.83290802,"ACH-000295":3.736869595,"ACH-000296":1.260974034,"ACH-000302":3.521388504,"ACH-000304":-20,"ACH-000305":3.681709442,"ACH-000307":3.766456796,"ACH-000308":2.820104133,"ACH-000310":3.810599421,"ACH-000311":-11.41109177,"ACH-000312":3.539295431,"ACH-000315":3.38695476,"ACH-000316":3.207541707,"ACH-000317":3.849958531,"ACH-000318":3.831904515,"ACH-000319":3.849977623,"ACH-000320":2.319533956,"ACH-000322":2.896644035,"ACH-000323":3.836640428,"ACH-000324":2.523319285,"ACH-000326":3.849973882,"ACH-000329":3.351492671,"ACH-000330":2.134779839,"ACH-000331":3.618368116,"ACH-000332":-5.528961811,"ACH-000334":3.401986285,"ACH-000335":3.613291686,"ACH-000336":3.749298033,"ACH-000337":3.567438545,"ACH-000339":3.850025464,"ACH-000341":-10.47512033,"ACH-000343":3.789931018,"ACH-000344":-12.50044829,"ACH-000348":-3.616101475,"ACH-000350":3.079651848,"ACH-000352":3.371349988,"ACH-000355":2.872800119,"ACH-000356":3.374921038,"ACH-000361":3.524358342,"ACH-000362":3.710206742,"ACH-000363":3.555430916,"ACH-000364":3.802996873,"ACH-000365":2.185147248,"ACH-000366":3.520967868,"ACH-000368":2.772498279,"ACH-000370":1.152914032,"ACH-000374":3.849595792,"ACH-000375":3.82957132,"ACH-000376":3.818907734,"ACH-000377":3.762492127,"ACH-000378":3.808523829,"ACH-000381":3.818694254,"ACH-000383":1.7731241,"ACH-000385":3.597808439,"ACH-000387":3.589672605,"ACH-000389":3.69197313,"ACH-000390":2.237423979,"ACH-000393":3.413071266,"ACH-000395":-9.158414895,"ACH-000397":3.127417782,"ACH-000401":-14.18540652,"ACH-000402":3.53564839,"ACH-000403":3.060601392,"ACH-000404":-6.395908029,"ACH-000405":3.831808606,"ACH-000406":3.848347761,"ACH-000407":2.776242865,"ACH-000408":3.381409566,"ACH-000410":2.933293779,"ACH-000411":3.616797348,"ACH-000414":3.72768764,"ACH-000415":3.847334343,"ACH-000416":3.782980846,"ACH-000420":3.486070346,"ACH-000421":3.717664291,"ACH-000422":3.662165388,"ACH-000424":3.849727938,"ACH-000425":0.735783838,"ACH-000426":3.772945197,"ACH-000427":3.806921698,"ACH-000431":2.777698149,"ACH-000433":3.843376232,"ACH-000434":3.785319188,"ACH-000435":3.359375888,"ACH-000436":-8.251706887,"ACH-000437":3.626234587,"ACH-000438":-8.90111782,"ACH-000444":3.749115762,"ACH-000445":3.833881198,"ACH-000448":3.850025464,"ACH-000450":-7.724393761,"ACH-000452":3.849172033,"ACH-000454":3.82350931,"ACH-000458":0.203976879,"ACH-000459":2.049186412,"ACH-000460":0.155343365,"ACH-000461":-11.11574945,"ACH-000463":2.968803385,"ACH-000464":0.036982201,"ACH-000466":3.849692464,"ACH-000467":1.982925037,"ACH-000468":3.791882456,"ACH-000469":3.06169467,"ACH-000470":3.374596352,"ACH-000471":3.688623741,"ACH-000472":2.619642931,"ACH-000473":3.830909669,"ACH-000475":3.539949949,"ACH-000476":-4.907189432,"ACH-000477":-20,"ACH-000478":1.022718687,"ACH-000480":3.786900748,"ACH-000481":3.238811544,"ACH-000483":3.748427425,"ACH-000484":2.93599161,"ACH-000485":-3.248123254,"ACH-000486":3.166496537,"ACH-000487":3.850009844,"ACH-000488":3.557085273,"ACH-000490":3.838892803,"ACH-000491":-15.24994118,"ACH-000493":3.710669842,"ACH-000495":3.257279566,"ACH-000496":3.256295417,"ACH-000498":2.802888607,"ACH-000499":3.590243582,"ACH-000500":3.548000177,"ACH-000502":-2.531713718,"ACH-000503":1.697394931,"ACH-000504":3.825936303,"ACH-000505":3.650925449,"ACH-000507":3.518084923,"ACH-000510":3.769277425,"ACH-000511":3.506377377,"ACH-000512":3.166488483,"ACH-000514":3.771627343,"ACH-000516":3.291296421,"ACH-000517":3.169147956,"ACH-000518":3.639754793,"ACH-000520":2.38310502,"ACH-000521":3.604628041,"ACH-000522":3.595355533,"ACH-000524":3.485609133,"ACH-000527":3.835591799,"ACH-000528":3.764761038,"ACH-000535":3.707930871,"ACH-000537":3.776294461,"ACH-000541":3.678386873,"ACH-000542":2.387395203,"ACH-000544":2.232093465,"ACH-000545":2.805893837,"ACH-000547":3.794008986,"ACH-000548":2.349915761,"ACH-000549":3.688705477,"ACH-000550":-19.70955656,"ACH-000551":2.526179045,"ACH-000552":3.626868961,"ACH-000556":3.58500728,"ACH-000557":1.913721618,"ACH-000563":3.677416567,"ACH-000570":2.492615833,"ACH-000571":3.309284275,"ACH-000573":3.560570738,"ACH-000576":3.554948645,"ACH-000577":3.811476289,"ACH-000579":-20,"ACH-000580":-20,"ACH-000581":3.721922125,"ACH-000583":2.6564338,"ACH-000584":3.201864594,