{"scores":{"ACH-000004":2.971800038,"ACH-000005":2.906040853,"ACH-000007":1.873406702,"ACH-000009":3.051863096,"ACH-000011":-11.35445335,"ACH-000012":0.071792166,"ACH-000013":2.977593144,"ACH-000014":2.610117734,"ACH-000015":-1.889082638,"ACH-000017":2.780647522,"ACH-000018":3.082614649,"ACH-000019":3.117150281,"ACH-000021":1.252450913,"ACH-000022":-0.474439985,"ACH-000024":3.013396108,"ACH-000025":2.843314798,"ACH-000028":3.049585511,"ACH-000029":3.026882392,"ACH-000030":0.627026431,"ACH-000035":3.124971676,"ACH-000036":2.577541732,"ACH-000037":0.028905886,"ACH-000039":2.748572533,"ACH-000040":1.980262648,"ACH-000041":3.042385768,"ACH-000042":-11.00541239,"ACH-000045":1.975923492,"ACH-000047":2.94179535,"ACH-000048":3.07891782,"ACH-000052":2.84723012,"ACH-000053":3.023788638,"ACH-000054":3.093460937,"ACH-000055":3.098037314,"ACH-000060":2.090736272,"ACH-000067":1.920012634,"ACH-000070":2.843405087,"ACH-000074":3.100331188,"ACH-000075":0.882932162,"ACH-000076":3.011902212,"ACH-000078":2.775565807,"ACH-000082":3.052613471,"ACH-000085":2.228739973,"ACH-000086":1.018482593,"ACH-000087":2.776470906,"ACH-000092":2.102494268,"ACH-000095":2.73291894,"ACH-000096":2.845188643,"ACH-000097":2.025006015,"ACH-000098":-0.0648542,"ACH-000099":3.126394415,"ACH-000108":3.023843767,"ACH-000111":3.085847985,"ACH-000113":2.998055418,"ACH-000114":-0.03048627,"ACH-000115":2.77178001,"ACH-000116":1.991152887,"ACH-000118":2.738823924,"ACH-000120":-3.399193937,"ACH-000123":2.865094914,"ACH-000127":-4.015427813,"ACH-000128":1.667672213,"ACH-000132":2.165467905,"ACH-000133":0.342136803,"ACH-000137":0.48125027,"ACH-000138":-3.678762166,"ACH-000141":3.106422305,"ACH-000142":-6.881505056,"ACH-000143":3.049709932,"ACH-000146":2.920705833,"ACH-000148":3.125180259,"ACH-000150":2.533512515,"ACH-000151":1.676188078,"ACH-000152":0.251989768,"ACH-000153":-2.267405557,"ACH-000159":3.126474054,"ACH-000160":0.858288396,"ACH-000163":3.11117891,"ACH-000164":0.47997974,"ACH-000167":2.601503998,"ACH-000168":2.867044734,"ACH-000169":3.086577006,"ACH-000174":1.468803236,"ACH-000178":2.976675154,"ACH-000182":-16.51172748,"ACH-000183":2.448224136,"ACH-000187":2.945863517,"ACH-000188":-3.595640386,"ACH-000189":-0.042767405,"ACH-000190":2.189920464,"ACH-000198":2.986491656,"ACH-000200":-7.568660859,"ACH-000202":2.944417493,"ACH-000204":3.015080152,"ACH-000206":2.656518139,"ACH-000207":2.136980905,"ACH-000209":-5.899875133,"ACH-000211":3.124691187,"ACH-000212":-15.58591451,"ACH-000215":2.733695617,"ACH-000217":2.348660446,"ACH-000219":3.126469925,"ACH-000221":-0.302908019,"ACH-000222":3.073440228,"ACH-000223":2.414392821,"ACH-000226":2.999790992,"ACH-000227":2.699610529,"ACH-000228":-5.214046313,"ACH-000231":3.111047874,"ACH-000232":2.926200949,"ACH-000233":1.849784935,"ACH-000234":-4.644836637,"ACH-000235":-4.126816525,"ACH-000237":-4.318935962,"ACH-000238":-5.984180455,"ACH-000243":3.056094892,"ACH-000244":2.914170137,"ACH-000246":-0.988096075,"ACH-000247":1.782188174,"ACH-000248":2.386782963,"ACH-000249":0.653556732,"ACH-000250":-16.43586755,"ACH-000251":0.6404235,"ACH-000253":3.108128641,"ACH-000255":-1.559729481,"ACH-000256":3.098598148,"ACH-000257":3.125974864,"ACH-000258":3.112126025,"ACH-000259":2.966607123,"ACH-000260":-14.37000764,"ACH-000261":-3.207477764,"ACH-000262":-7.27411252,"ACH-000263":3.120701581,"ACH-000264":1.809869474,"ACH-000265":3.017330293,"ACH-000266":1.963321917,"ACH-000271":1.167613967,"ACH-000272":2.485564074,"ACH-000273":3.102317394,"ACH-000274":3.126488364,"ACH-000276":2.606665887,"ACH-000277":3.119633363,"ACH-000278":3.036145548,"ACH-000279":3.032685194,"ACH-000280":-18.14219224,"ACH-000281":2.694034619,"ACH-000286":2.897632538,"ACH-000288":-6.078801126,"ACH-000290":2.887474746,"ACH-000291":2.974093175,"ACH-000292":2.56621898,"ACH-000293":3.112687638,"ACH-000294":3.09933678,"ACH-000295":2.965706293,"ACH-000296":3.0030895,"ACH-000302":2.1431258,"ACH-000304":2.957340946,"ACH-000305":3.117558284,"ACH-000307":2.082058937,"ACH-000308":3.07697038,"ACH-000310":1.284685452,"ACH-000311":0.169572521,"ACH-000312":0.558115298,"ACH-000315":3.119658089,"ACH-000316":-5.927736725,"ACH-000317":2.858748877,"ACH-000318":-0.150497161,"ACH-000319":-0.550356682,"ACH-000320":1.411842092,"ACH-000322":2.023965516,"ACH-000323":2.751309752,"ACH-000324":1.945396792,"ACH-000326":2.456231602,"ACH-000329":1.646525747,"ACH-000330":1.833821459,"ACH-000331":3.123017747,"ACH-000332":2.69579612,"ACH-000334":2.958363972,"ACH-000335":-2.498032221,"ACH-000336":3.030633615,"ACH-000337":-0.29425585,"ACH-000339":2.821644621,"ACH-000341":-0.73335767,"ACH-000343":3.1134066,"ACH-000344":0.672246978,"ACH-000348":2.081511363,"ACH-000350":2.968313783,"ACH-000352":3.010160026,"ACH-000355":2.837315263,"ACH-000356":0.878710355,"ACH-000361":2.063976994,"ACH-000362":3.067071006,"ACH-000363":3.125670441,"ACH-000364":2.843144641,"ACH-000365":3.126364294,"ACH-000366":3.053087773,"ACH-000368":2.987041294,"ACH-000370":1.956899937,"ACH-000374":-6.20600629,"ACH-000375":0.293730848,"ACH-000376":1.820165113,"ACH-000377":1.035281818,"ACH-000378":1.783054615,"ACH-000381":2.193357749,"ACH-000383":2.044827523,"ACH-000385":-5.687267682,"ACH-000387":2.448020095,"ACH-000389":2.309001307,"ACH-000390":-4.570000388,"ACH-000393":3.0996239,"ACH-000395":2.229310368,"ACH-000397":-2.310563286,"ACH-000401":3.008409507,"ACH-000402":2.19429589,"ACH-000403":3.125774241,"ACH-000404":3.10468813,"ACH-000405":3.115836624,"ACH-000406":3.103348648,"ACH-000407":3.095584059,"ACH-000408":-0.638545046,"ACH-000410":2.702825159,"ACH-000411":1.760663877,"ACH-000414":2.46715326,"ACH-000415":2.07146143,"ACH-000416":3.014973883,"ACH-000420":-3.063754121,"ACH-000421":2.99535151,"ACH-000422":2.977996377,"ACH-000424":3.093109236,"ACH-000425":3.117808288,"ACH-000426":2.672439941,"ACH-000427":1.552575827,"ACH-000431":1.879622277,"ACH-000433":0.337249712,"ACH-000434":3.076673628,"ACH-000435":3.005091859,"ACH-000436":3.121851834,"ACH-000437":3.118689713,"ACH-000438":3.118970228,"ACH-000444":1.653901099,"ACH-000445":0.726240527,"ACH-000448":-1.930387668,"ACH-000450":1.236210726,"ACH-000452":3.054566007,"ACH-000454":-0.43963599,"ACH-000458":0.331774554,"ACH-000459":3.002554665,"ACH-000460":1.811323901,"ACH-000461":-0.165775848,"ACH-000463":-3.841223271,"ACH-000464":-2.881906629,"ACH-000466":-9.604711373,"ACH-000467":1.60602964,"ACH-000468":2.552831483,"ACH-000469":3.118952147,"ACH-000470":3.026764746,"ACH-000471":-10.68388804,"ACH-000472":2.726768695,"ACH-000473":3.105138924,"ACH-000475":1.625926596,"ACH-000476":-1.52350089,"ACH-000477":2.95243832,"ACH-000478":2.951976658,"ACH-000480":2.787336423,"ACH-000481":3.126417498,"ACH-000483":3.113139962,"ACH-000484":-5.208949264,"ACH-000485":3.12656701,"ACH-000486":2.589487849,"ACH-000487":2.957931714,"ACH-000488":2.958463513,"ACH-000490":-12.32213616,"ACH-000491":2.140570427,"ACH-000493":3.124672225,"ACH-000495":3.001737517,"ACH-000496":1.328231258,"ACH-000498":1.41481927,"ACH-000499":2.576431212,"ACH-000500":3.041128681,"ACH-000502":-20,"ACH-000503":0.174070993,"ACH-000504":1.452825166,"ACH-000505":-0.876597525,"ACH-000507":3.126535606,"ACH-000510":2.473025367,"ACH-000511":2.382362057,"ACH-000512":3.065051771,"ACH-000514":3.101872766,"ACH-000516":-1.721084518,"ACH-000517":-9.176633204,"ACH-000518":-20,"ACH-000520":-0.660336902,"ACH-000521":-4.06633303,"ACH-000522":2.325364156,"ACH-000524":3.10036569,"ACH-000527":-4.460580598,"ACH-000528":1.794815887,"ACH-000535":3.109669618,"ACH-000537":-0.475298064,"ACH-000541":0.719341754,"ACH-000542":-1.768304462,"ACH-000544":2.740724654,"ACH-000545":1.4803494,"ACH-000547":0.789683126,"ACH-000548":0.641586472,"ACH-000549":-13.86149398,"ACH-000550":-20,"ACH-000551":3.12057819,"ACH-000552":0.730187584,"ACH-000556":3.110048613,"ACH-000557":3.124043263,"ACH-000563":-1.100374246,"ACH-000570":3.123412665,"ACH-000571":2.910767525,"ACH-000573":2.928702899,"ACH-000576":2.505192895,"ACH-000577":-6.679815292,"ACH-000579":1.41242351,"ACH-000580":-1.117430394,"ACH-000581":-0.163794694,