{"scores":{"ACH-000004":2.010161534,"ACH-000005":-3.495354353,"ACH-000007":-0.89119043,"ACH-000009":2.253724189,"ACH-000011":-2.282003224,"ACH-000012":2.224521606,"ACH-000013":1.682041507,"ACH-000014":1.227760841,"ACH-000015":1.686561366,"ACH-000017":-5.344019296,"ACH-000018":1.587272253,"ACH-000019":2.057725791,"ACH-000021":2.233452055,"ACH-000022":-2.457972387,"ACH-000024":1.919233435,"ACH-000025":-0.485541467,"ACH-000028":2.208490253,"ACH-000029":2.254745656,"ACH-000030":0.13412639,"ACH-000035":2.101019036,"ACH-000036":2.130936884,"ACH-000037":2.248350235,"ACH-000039":-1.408194752,"ACH-000040":-11.53851735,"ACH-000041":1.447770857,"ACH-000042":0.596168466,"ACH-000045":2.004892409,"ACH-000047":2.08143427,"ACH-000048":2.122751934,"ACH-000052":2.235276741,"ACH-000053":-3.948884177,"ACH-000054":1.892314089,"ACH-000055":2.177088415,"ACH-000060":1.542543521,"ACH-000067":1.850928625,"ACH-000070":-0.068690434,"ACH-000074":0.985738095,"ACH-000075":2.140848686,"ACH-000076":0.073211376,"ACH-000078":2.250478383,"ACH-000082":2.229618849,"ACH-000085":2.116540105,"ACH-000086":1.714431,"ACH-000087":-4.712884446,"ACH-000092":2.089135771,"ACH-000095":1.611283973,"ACH-000096":-0.159283855,"ACH-000097":2.167825066,"ACH-000098":0.745457452,"ACH-000099":2.250299987,"ACH-000108":2.144488335,"ACH-000111":2.169587993,"ACH-000113":2.095479256,"ACH-000114":0.906996614,"ACH-000115":2.021146733,"ACH-000116":-0.399465677,"ACH-000118":2.095629553,"ACH-000120":0.831668927,"ACH-000123":2.252416774,"ACH-000127":-3.392638807,"ACH-000128":1.591596097,"ACH-000132":1.5643051,"ACH-000133":-8.064166425,"ACH-000137":2.254513177,"ACH-000138":-0.333749026,"ACH-000141":2.088933106,"ACH-000142":-0.10689773,"ACH-000143":2.14286391,"ACH-000146":1.506197489,"ACH-000148":-1.792020469,"ACH-000150":-1.354967374,"ACH-000151":-4.934452331,"ACH-000152":-0.554359524,"ACH-000153":-1.000395617,"ACH-000159":2.256232569,"ACH-000160":2.239223074,"ACH-000163":1.88838158,"ACH-000164":0.947725037,"ACH-000167":2.215017384,"ACH-000168":1.800905384,"ACH-000169":2.110432745,"ACH-000174":0.905913282,"ACH-000178":2.201487414,"ACH-000182":1.5849727,"ACH-000183":-1.664027953,"ACH-000187":2.071764288,"ACH-000188":1.35558898,"ACH-000189":2.029278126,"ACH-000190":1.250624022,"ACH-000198":2.191746178,"ACH-000200":-4.099242694,"ACH-000202":2.209797868,"ACH-000204":2.256358296,"ACH-000206":-4.610432574,"ACH-000207":2.250667553,"ACH-000209":-1.991045574,"ACH-000211":1.719130967,"ACH-000212":-3.074730676,"ACH-000215":2.216610719,"ACH-000217":-5.20389316,"ACH-000219":2.251784449,"ACH-000221":1.09731653,"ACH-000222":2.094410406,"ACH-000223":2.255301679,"ACH-000226":1.963159156,"ACH-000227":2.213615212,"ACH-000228":1.457235363,"ACH-000231":1.457911011,"ACH-000232":2.25336417,"ACH-000233":-1.059628277,"ACH-000234":0.510910437,"ACH-000235":0.26624625,"ACH-000237":-13.11262788,"ACH-000238":-1.579465444,"ACH-000243":2.191827159,"ACH-000244":2.228118656,"ACH-000246":2.254956326,"ACH-000247":-1.057541271,"ACH-000248":-0.221271533,"ACH-000249":1.392200486,"ACH-000250":2.231285451,"ACH-000251":-0.522072791,"ACH-000253":2.248918157,"ACH-000255":1.859618201,"ACH-000256":1.709865088,"ACH-000257":0.37152247,"ACH-000258":1.717706182,"ACH-000259":1.840179598,"ACH-000260":2.208969691,"ACH-000261":1.069910833,"ACH-000262":-1.87073424,"ACH-000263":-3.985121523,"ACH-000264":1.549072392,"ACH-000265":1.299364833,"ACH-000266":1.078534968,"ACH-000271":1.510798305,"ACH-000272":0.638395942,"ACH-000273":2.169879236,"ACH-000274":-0.73355043,"ACH-000276":1.358235339,"ACH-000277":1.924138608,"ACH-000278":-0.702904094,"ACH-000279":1.643839683,"ACH-000280":-17.22350327,"ACH-000281":1.215410368,"ACH-000286":2.253644083,"ACH-000288":-7.365165495,"ACH-000290":2.149847196,"ACH-000291":2.101143471,"ACH-000292":-1.673976296,"ACH-000293":2.204169738,"ACH-000294":-10.18934895,"ACH-000295":1.338023606,"ACH-000296":2.252749098,"ACH-000302":2.199338871,"ACH-000304":2.250769132,"ACH-000305":1.858084517,"ACH-000307":2.10802234,"ACH-000308":2.204717029,"ACH-000310":1.946022256,"ACH-000311":0.982312391,"ACH-000312":2.03566742,"ACH-000315":2.236300433,"ACH-000316":-16.90528965,"ACH-000317":1.644501085,"ACH-000318":2.227163763,"ACH-000319":2.108046353,"ACH-000320":2.043685765,"ACH-000322":2.141025648,"ACH-000323":1.069157838,"ACH-000324":2.201804805,"ACH-000326":2.077299038,"ACH-000329":2.234495213,"ACH-000330":-1.879881639,"ACH-000331":1.501743428,"ACH-000332":-2.580640663,"ACH-000334":1.450056292,"ACH-000335":2.062054357,"ACH-000336":-1.497797843,"ACH-000337":1.852131558,"ACH-000339":-0.930058473,"ACH-000341":2.017109498,"ACH-000343":1.58013729,"ACH-000344":2.064785573,"ACH-000348":1.717903156,"ACH-000350":2.004375504,"ACH-000352":2.226715916,"ACH-000355":1.612530111,"ACH-000356":0.787642791,"ACH-000361":1.590170762,"ACH-000362":1.482383409,"ACH-000363":-2.460486408,"ACH-000364":0.883292922,"ACH-000365":0.930419047,"ACH-000366":2.093578807,"ACH-000368":1.298026225,"ACH-000370":1.889491467,"ACH-000374":-1.283008405,"ACH-000375":1.77110272,"ACH-000376":2.253484544,"ACH-000377":1.842371229,"ACH-000378":-1.342185931,"ACH-000381":0.112510306,"ACH-000383":-1.10738857,"ACH-000385":2.214557241,"ACH-000387":-20,"ACH-000389":-0.894495704,"ACH-000390":-0.956624863,"ACH-000393":2.156283105,"ACH-000395":1.653570647,"ACH-000397":-0.718167968,"ACH-000401":2.151478154,"ACH-000402":2.007473398,"ACH-000403":2.147753776,"ACH-000404":1.897449198,"ACH-000405":2.22573764,"ACH-000406":-11.67230925,"ACH-000407":2.235600385,"ACH-000408":1.875979485,"ACH-000410":1.680507604,"ACH-000411":1.147187895,"ACH-000414":-7.309852874,"ACH-000415":2.044159585,"ACH-000416":2.22920166,"ACH-000420":1.393773403,"ACH-000421":2.067859327,"ACH-000422":2.131588228,"ACH-000424":2.086877953,"ACH-000425":2.204404567,"ACH-000426":1.974787043,"ACH-000427":2.244652982,"ACH-000431":1.823929243,"ACH-000433":1.148341208,"ACH-000434":1.76495746,"ACH-000435":2.069801509,"ACH-000436":-6.670929752,"ACH-000437":2.005985139,"ACH-000438":2.187520694,"ACH-000444":-17.03102941,"ACH-000445":-3.318934993,"ACH-000448":1.487467396,"ACH-000450":-0.694065524,"ACH-000452":2.029425289,"ACH-000454":0.972073042,"ACH-000458":2.090207952,"ACH-000459":1.214150944,"ACH-000460":1.330736661,"ACH-000461":-1.798994056,"ACH-000463":-1.183134333,"ACH-000464":-3.882696227,"ACH-000466":-7.070819656,"ACH-000467":2.173801951,"ACH-000468":-1.123883404,"ACH-000469":2.248558331,"ACH-000470":-4.213565885,"ACH-000471":-4.965997891,"ACH-000472":1.907159455,"ACH-000473":2.160677923,"ACH-000475":-1.975982106,"ACH-000476":-1.213983411,"ACH-000477":2.255580021,"ACH-000478":1.68632508,"ACH-000480":1.701698637,"ACH-000481":1.759497141,"ACH-000483":2.211619672,"ACH-000484":2.156928846,"ACH-000485":-1.548578726,"ACH-000486":1.984775225,"ACH-000487":-3.349300899,"ACH-000488":2.251461007,"ACH-000490":2.213634997,"ACH-000491":1.738840295,"ACH-000493":1.904520266,"ACH-000495":0.883183061,"ACH-000496":2.217277281,"ACH-000498":0.719360143,"ACH-000499":1.563631787,"ACH-000500":2.008353407,"ACH-000502":-0.728002461,"ACH-000503":0.790282724,"ACH-000504":-0.189428325,"ACH-000505":2.256267654,"ACH-000507":2.034697778,"ACH-000510":-0.89625914,"ACH-000511":-6.825448873,"ACH-000512":1.946988604,"ACH-000514":2.223349114,"ACH-000516":1.26933343,"ACH-000517":-20,"ACH-000518":-6.896141542,"ACH-000520":1.413161212,"ACH-000521":2.181887468,"ACH-000522":2.171302718,"ACH-000524":2.202208512,"ACH-000527":1.309799453,"ACH-000528":2.253304814,"ACH-000535":2.237595493,"ACH-000537":1.498753054,"ACH-000541":0.502585769,"ACH-000542":-11.90142508,"ACH-000544":1.594918912,"ACH-000545":2.152957742,"ACH-000547":1.774650635,"ACH-000548":2.158439418,"ACH-000549":-4.269824004,"ACH-000550":-20,"ACH-000551":0.850362954,"ACH-000552":2.069329665,"ACH-000556":2.241340122,"ACH-000557":0.319206946,"ACH-000563":2.126689289,"ACH-000570":1.848518251,"ACH-000571":2.255525328,"ACH-000573":0.985795663,"ACH-000576":0.843841984,"ACH-000577":2.18705551,"ACH-000579":0.997860727,"ACH-000580":1.233754607,