{"scores":{"ACH-000004":13.79039564,"ACH-000005":10.31336976,"ACH-000007":9.578412415,"ACH-000009":12.78084835,"ACH-000011":10.08260892,"ACH-000012":7.619825426,"ACH-000013":13.20746702,"ACH-000014":13.26459215,"ACH-000015":13.13424889,"ACH-000017":12.94087456,"ACH-000018":11.93382006,"ACH-000019":-19.971156,"ACH-000021":8.029168528,"ACH-000022":11.54372158,"ACH-000024":13.43805825,"ACH-000025":13.57473428,"ACH-000028":-12.67953846,"ACH-000029":11.1054776,"ACH-000030":10.35863135,"ACH-000035":13.52595052,"ACH-000036":11.31130294,"ACH-000037":11.66673171,"ACH-000039":3.920749325,"ACH-000040":11.97649489,"ACH-000041":13.87849517,"ACH-000042":5.434213553,"ACH-000045":12.8319008,"ACH-000047":10.84143454,"ACH-000048":12.01652098,"ACH-000052":9.913593435,"ACH-000053":10.65272504,"ACH-000054":13.58790325,"ACH-000055":11.94064307,"ACH-000060":8.100292322,"ACH-000067":12.77672394,"ACH-000070":10.686282,"ACH-000074":12.3596267,"ACH-000075":13.62100695,"ACH-000076":12.73955813,"ACH-000078":13.66709585,"ACH-000082":11.86523213,"ACH-000085":13.37316246,"ACH-000086":13.82548532,"ACH-000087":13.26707939,"ACH-000092":12.17175282,"ACH-000095":8.360287622,"ACH-000096":8.612329676,"ACH-000097":-10.01549125,"ACH-000098":12.30877392,"ACH-000099":12.31777417,"ACH-000108":13.50853967,"ACH-000111":12.3162858,"ACH-000113":13.14532616,"ACH-000114":13.56483663,"ACH-000115":12.1251416,"ACH-000116":10.7053715,"ACH-000118":10.88917407,"ACH-000120":13.53287333,"ACH-000123":12.4675154,"ACH-000127":13.1230794,"ACH-000128":10.40461358,"ACH-000132":11.16201924,"ACH-000133":13.61789506,"ACH-000137":12.22913078,"ACH-000138":13.68881625,"ACH-000141":12.23320806,"ACH-000142":13.88866465,"ACH-000143":7.548341356,"ACH-000146":12.28620142,"ACH-000148":13.57859927,"ACH-000150":9.315914099,"ACH-000151":12.80586122,"ACH-000152":13.12686515,"ACH-000153":11.31055435,"ACH-000159":11.89991423,"ACH-000160":13.68380832,"ACH-000163":10.87715507,"ACH-000164":13.03650511,"ACH-000167":11.57084221,"ACH-000168":11.87624588,"ACH-000169":12.53998072,"ACH-000174":11.65763894,"ACH-000178":10.18933322,"ACH-000182":12.85599302,"ACH-000183":11.45973431,"ACH-000187":11.79468331,"ACH-000188":11.80508854,"ACH-000189":12.25627766,"ACH-000190":8.43489185,"ACH-000198":13.63320958,"ACH-000200":10.56803851,"ACH-000202":10.92793954,"ACH-000204":12.24303358,"ACH-000206":11.89852683,"ACH-000207":11.21735638,"ACH-000209":11.97740469,"ACH-000211":13.20199659,"ACH-000212":12.6944611,"ACH-000215":12.10520504,"ACH-000217":13.23766941,"ACH-000219":13.53407327,"ACH-000221":13.49371063,"ACH-000222":13.01385338,"ACH-000223":12.08034386,"ACH-000226":10.13083169,"ACH-000227":13.91225467,"ACH-000228":10.56156106,"ACH-000231":13.15667991,"ACH-000232":6.639208788,"ACH-000233":12.33998444,"ACH-000234":11.13564707,"ACH-000235":13.51888589,"ACH-000237":12.66100429,"ACH-000238":12.92719143,"ACH-000243":12.43939194,"ACH-000244":10.88265578,"ACH-000246":10.81340081,"ACH-000247":8.895307185,"ACH-000248":10.10534383,"ACH-000249":11.06865794,"ACH-000250":9.801075213,"ACH-000251":12.69067149,"ACH-000253":12.81745533,"ACH-000255":8.604771164,"ACH-000256":10.72752902,"ACH-000257":13.70447031,"ACH-000258":13.62100165,"ACH-000259":12.18371054,"ACH-000260":12.79784782,"ACH-000261":12.01217893,"ACH-000262":11.51199686,"ACH-000263":12.40724185,"ACH-000264":13.49500626,"ACH-000265":13.28923079,"ACH-000266":11.36528687,"ACH-000271":12.35020786,"ACH-000272":12.7004211,"ACH-000273":8.08288993,"ACH-000274":11.29674615,"ACH-000276":13.51141453,"ACH-000277":-20,"ACH-000278":12.567319,"ACH-000279":12.83579216,"ACH-000280":9.399496644,"ACH-000281":13.12900398,"ACH-000286":6.336922388,"ACH-000288":13.07399212,"ACH-000290":13.58715386,"ACH-000291":13.13627113,"ACH-000292":13.31026531,"ACH-000293":13.91711621,"ACH-000294":11.22056719,"ACH-000295":12.7441172,"ACH-000296":13.30340941,"ACH-000302":11.23438859,"ACH-000304":13.26684137,"ACH-000305":10.6699831,"ACH-000307":10.74793265,"ACH-000308":13.50520941,"ACH-000310":12.31247896,"ACH-000311":13.2377764,"ACH-000312":12.20553621,"ACH-000315":8.223097702,"ACH-000316":13.06691756,"ACH-000317":13.30154174,"ACH-000318":13.51406015,"ACH-000319":11.91746759,"ACH-000320":12.34893696,"ACH-000322":10.81020898,"ACH-000323":11.95753679,"ACH-000324":11.31036858,"ACH-000326":11.82416999,"ACH-000329":11.29061026,"ACH-000330":-20,"ACH-000331":8.993811359,"ACH-000332":12.83810495,"ACH-000334":11.07206893,"ACH-000335":12.63761751,"ACH-000336":13.90337531,"ACH-000337":11.48280728,"ACH-000339":13.03881333,"ACH-000341":10.53331512,"ACH-000343":11.58775604,"ACH-000344":13.45495057,"ACH-000348":12.46250925,"ACH-000350":13.65249657,"ACH-000352":-20,"ACH-000355":13.24275316,"ACH-000356":11.32217875,"ACH-000361":10.729323,"ACH-000362":13.37604343,"ACH-000363":13.50159203,"ACH-000364":11.55746952,"ACH-000365":12.13661779,"ACH-000366":12.60863831,"ACH-000368":13.51491833,"ACH-000370":8.639777152,"ACH-000374":12.00060102,"ACH-000375":5.192077733,"ACH-000376":12.60918109,"ACH-000377":13.33897881,"ACH-000378":11.97073087,"ACH-000381":13.43404501,"ACH-000383":13.56420354,"ACH-000385":13.87163297,"ACH-000387":10.75108979,"ACH-000389":5.686321534,"ACH-000390":8.958487941,"ACH-000393":13.14662121,"ACH-000395":12.34849226,"ACH-000397":11.45586518,"ACH-000401":11.35263398,"ACH-000402":13.33374516,"ACH-000403":12.34616936,"ACH-000404":13.21545764,"ACH-000405":11.39553215,"ACH-000406":11.90475992,"ACH-000407":12.02952645,"ACH-000408":10.13059215,"ACH-000410":9.194173532,"ACH-000411":10.28331131,"ACH-000414":9.822978376,"ACH-000415":11.79626206,"ACH-000416":11.77926234,"ACH-000420":13.79171644,"ACH-000421":12.48122034,"ACH-000422":12.02391413,"ACH-000424":12.99725167,"ACH-000425":12.8413015,"ACH-000426":11.12300607,"ACH-000427":11.73093833,"ACH-000431":11.21330265,"ACH-000433":13.57429363,"ACH-000434":11.96531873,"ACH-000435":13.13347156,"ACH-000436":12.12076815,"ACH-000437":9.523358323,"ACH-000438":10.29840943,"ACH-000444":11.58592475,"ACH-000445":12.38019191,"ACH-000448":5.767258641,"ACH-000450":13.82683153,"ACH-000452":12.10265522,"ACH-000454":12.78041069,"ACH-000458":13.91995606,"ACH-000459":10.49007597,"ACH-000460":7.734391565,"ACH-000461":13.43193519,"ACH-000463":11.14522591,"ACH-000464":13.7493185,"ACH-000466":11.3013808,"ACH-000467":12.81985546,"ACH-000468":12.00475266,"ACH-000469":13.33681128,"ACH-000470":11.29054839,"ACH-000471":13.36389293,"ACH-000472":13.8849431,"ACH-000473":7.392438362,"ACH-000475":13.88693586,"ACH-000476":11.27506362,"ACH-000477":7.834274508,"ACH-000478":13.08221452,"ACH-000480":12.62226992,"ACH-000481":12.51623378,"ACH-000483":10.11537171,"ACH-000484":12.01844122,"ACH-000485":6.348517341,"ACH-000486":13.4810006,"ACH-000487":11.37470776,"ACH-000488":11.69323159,"ACH-000490":12.12763741,"ACH-000491":13.56014027,"ACH-000493":11.87393379,"ACH-000495":13.05257854,"ACH-000496":13.36645782,"ACH-000498":11.63212419,"ACH-000499":13.31130182,"ACH-000500":10.10031653,"ACH-000502":12.78923212,"ACH-000503":11.92369794,"ACH-000504":10.38647305,"ACH-000505":11.0717488,"ACH-000507":11.20633804,"ACH-000510":12.95822932,"ACH-000511":7.403002801,"ACH-000512":13.77554168,"ACH-000514":11.25024607,"ACH-000516":10.97915464,"ACH-000517":6.07336589,"ACH-000518":10.76615182,"ACH-000520":12.65016267,"ACH-000521":13.68515606,"ACH-000522":12.91183618,"ACH-000524":12.21019825,"ACH-000527":10.39788023,"ACH-000528":13.3027339,"ACH-000535":10.17062814,"ACH-000537":11.74025932,"ACH-000541":13.92098382,"ACH-000542":11.57963343,"ACH-000544":11.99233034,"ACH-000545":12.37742777,"ACH-000547":9.915011203,"ACH-000548":12.66688359,"ACH-000549":9.766496245,"ACH-000550":12.23136954,"ACH-000551":10.70632855,"ACH-000552":13.43988347,"ACH-000556":13.80201756,"ACH-000557":13.36701323,"ACH-000563":11.90472459,"ACH-000570":10.61838044,"ACH-000571":12.25857608,"ACH-000573":13.74576166,"ACH-000576":13.80612833,"ACH-000577":5.431744722,"ACH-000579":13.44642797,"ACH-000580":11.67828453,"ACH-000581":12.54234225,"ACH-000583":11.76788694,"ACH-000584":13.39001239,