{"scores":{"ACH-000004":-19.23872573,"ACH-000005":-19.23872573,"ACH-000007":1.701633559,"ACH-000009":1.873529323,"ACH-000011":1.840099823,"ACH-000012":1.614695602,"ACH-000013":1.565420404,"ACH-000014":1.784586853,"ACH-000015":1.79628399,"ACH-000017":1.40297137,"ACH-000018":-19.23872573,"ACH-000019":-19.23872573,"ACH-000021":-0.087817882,"ACH-000022":1.704700987,"ACH-000024":1.791813552,"ACH-000025":1.794802145,"ACH-000028":-0.907348419,"ACH-000029":1.877494969,"ACH-000030":1.866879405,"ACH-000035":1.51169046,"ACH-000036":1.720422964,"ACH-000037":1.850165116,"ACH-000039":1.024504675,"ACH-000040":1.880396507,"ACH-000041":1.880588151,"ACH-000042":-3.52400596,"ACH-000045":1.711921815,"ACH-000047":-3.063033242,"ACH-000048":1.759794301,"ACH-000052":0.720365309,"ACH-000053":-4.690839304,"ACH-000054":1.171074769,"ACH-000055":-0.701409365,"ACH-000060":1.75168428,"ACH-000067":0.564809708,"ACH-000070":0.935473353,"ACH-000074":-19.23872573,"ACH-000075":1.814261515,"ACH-000076":1.672117803,"ACH-000078":-19.23872573,"ACH-000082":1.382759686,"ACH-000085":1.550357991,"ACH-000086":1.679192275,"ACH-000087":1.113068539,"ACH-000092":1.531736267,"ACH-000095":1.554037625,"ACH-000096":1.417158578,"ACH-000097":1.730919261,"ACH-000098":1.844146747,"ACH-000099":1.791974985,"ACH-000108":-10.08210552,"ACH-000111":1.333523243,"ACH-000113":-0.907190945,"ACH-000114":1.808847647,"ACH-000115":1.78740291,"ACH-000116":1.764966378,"ACH-000118":-13.7046895,"ACH-000120":-0.430967525,"ACH-000123":0.644437215,"ACH-000127":1.78144942,"ACH-000128":1.482258286,"ACH-000132":1.797967344,"ACH-000133":1.056749977,"ACH-000137":1.618261201,"ACH-000138":-3.265799754,"ACH-000141":1.826500135,"ACH-000142":1.429336183,"ACH-000143":1.815682235,"ACH-000146":1.461703559,"ACH-000148":1.84574019,"ACH-000150":1.564708239,"ACH-000151":-0.170895952,"ACH-000152":1.640694621,"ACH-000153":-0.639650962,"ACH-000159":1.451982111,"ACH-000160":-0.129646509,"ACH-000163":1.815554521,"ACH-000164":1.757990732,"ACH-000167":1.315224401,"ACH-000168":1.795647283,"ACH-000169":1.099103152,"ACH-000174":1.711963561,"ACH-000178":1.171821243,"ACH-000182":-0.997536555,"ACH-000183":1.833534584,"ACH-000187":-1.782956384,"ACH-000188":1.846464109,"ACH-000189":1.880107373,"ACH-000190":1.879845531,"ACH-000198":-19.23872573,"ACH-000200":1.871221644,"ACH-000202":-0.363490914,"ACH-000204":-19.23872573,"ACH-000206":1.84531315,"ACH-000207":1.707623194,"ACH-000209":1.879310905,"ACH-000211":1.72926092,"ACH-000212":1.831418135,"ACH-000215":1.258242171,"ACH-000217":-19.23872573,"ACH-000219":-19.23872573,"ACH-000221":1.862260333,"ACH-000222":-17.3914448,"ACH-000223":1.742777636,"ACH-000226":1.697880561,"ACH-000227":1.879346861,"ACH-000228":1.224267611,"ACH-000231":1.859134133,"ACH-000232":1.815915064,"ACH-000233":1.880525975,"ACH-000234":1.847684006,"ACH-000235":-5.539182006,"ACH-000237":1.878402791,"ACH-000238":1.715235653,"ACH-000243":-2.744591755,"ACH-000244":-0.198270113,"ACH-000246":-0.022155384,"ACH-000247":1.055463564,"ACH-000248":1.754353298,"ACH-000249":1.852286647,"ACH-000250":1.692341231,"ACH-000251":1.327636585,"ACH-000253":-19.23872573,"ACH-000255":1.331305438,"ACH-000256":1.880108583,"ACH-000257":1.805020718,"ACH-000258":1.764601096,"ACH-000259":-8.138858329,"ACH-000260":1.784003399,"ACH-000261":-19.23872573,"ACH-000262":1.728190608,"ACH-000263":1.849789733,"ACH-000264":-19.23872573,"ACH-000265":-2.676499114,"ACH-000266":-4.359201393,"ACH-000271":-0.142856806,"ACH-000272":1.518726584,"ACH-000273":1.879592482,"ACH-000274":1.772219488,"ACH-000276":1.880232056,"ACH-000277":-2.550940777,"ACH-000278":1.703893727,"ACH-000279":1.787061842,"ACH-000280":1.445658329,"ACH-000281":1.276775532,"ACH-000286":-19.23872573,"ACH-000288":1.859215095,"ACH-000290":1.868672488,"ACH-000291":1.557654149,"ACH-000292":1.732206691,"ACH-000293":1.824131068,"ACH-000294":1.070260704,"ACH-000295":-19.23872573,"ACH-000296":1.880595144,"ACH-000302":1.880595144,"ACH-000304":-0.488702907,"ACH-000305":1.550620029,"ACH-000307":1.834053309,"ACH-000308":1.328424572,"ACH-000310":1.855558062,"ACH-000311":-13.7330124,"ACH-000312":-19.23872573,"ACH-000315":1.878875156,"ACH-000316":-19.23872573,"ACH-000317":1.373935429,"ACH-000318":1.880439397,"ACH-000319":1.859811594,"ACH-000320":-9.642251604,"ACH-000322":-2.353663185,"ACH-000323":1.007417151,"ACH-000324":1.803919729,"ACH-000326":-19.23872573,"ACH-000329":-19.23872573,"ACH-000330":1.390077857,"ACH-000331":1.880545938,"ACH-000332":-0.269645051,"ACH-000334":1.570093026,"ACH-000335":1.822143378,"ACH-000336":-0.266414481,"ACH-000337":1.520561824,"ACH-000339":1.367165726,"ACH-000341":1.663442321,"ACH-000343":1.854302094,"ACH-000344":-0.530506012,"ACH-000348":1.025297042,"ACH-000350":1.583278981,"ACH-000352":-0.407548285,"ACH-000355":1.870042656,"ACH-000356":-2.381803127,"ACH-000361":1.217164314,"ACH-000362":1.538993543,"ACH-000363":0.913768674,"ACH-000364":1.599472694,"ACH-000365":1.872108324,"ACH-000366":1.053465141,"ACH-000368":1.420102082,"ACH-000370":1.685747686,"ACH-000374":-0.839432029,"ACH-000375":-19.23872573,"ACH-000376":1.66534621,"ACH-000377":1.677502377,"ACH-000378":0.597455662,"ACH-000381":1.873342939,"ACH-000383":-19.23872573,"ACH-000385":1.650895557,"ACH-000387":1.653252384,"ACH-000389":1.845021276,"ACH-000390":1.822048401,"ACH-000393":1.748527726,"ACH-000395":1.707549615,"ACH-000397":1.791989953,"ACH-000401":1.328822948,"ACH-000402":1.813322199,"ACH-000403":-19.23872573,"ACH-000404":-19.23872573,"ACH-000405":-0.803173854,"ACH-000406":-1.122656198,"ACH-000407":1.825936027,"ACH-000408":1.205495685,"ACH-000410":1.423015046,"ACH-000411":1.206550752,"ACH-000414":-13.12204775,"ACH-000415":1.555265068,"ACH-000416":1.576326225,"ACH-000420":-19.23872573,"ACH-000421":1.845419157,"ACH-000422":1.661931881,"ACH-000424":1.316253573,"ACH-000425":-19.23872573,"ACH-000426":1.397631399,"ACH-000427":-19.23872573,"ACH-000431":1.251897215,"ACH-000433":1.139184237,"ACH-000434":1.879127697,"ACH-000435":1.025166318,"ACH-000436":1.503763105,"ACH-000437":1.876411388,"ACH-000438":1.788592837,"ACH-000444":-0.710072184,"ACH-000445":1.553097429,"ACH-000448":1.744798073,"ACH-000450":-2.548597424,"ACH-000452":1.729920915,"ACH-000454":0.975196727,"ACH-000458":1.51766605,"ACH-000459":1.607018873,"ACH-000460":1.649189059,"ACH-000461":-19.23872573,"ACH-000463":1.825686358,"ACH-000464":1.577403076,"ACH-000466":1.660743078,"ACH-000467":1.045403494,"ACH-000468":1.872033342,"ACH-000469":1.81200978,"ACH-000470":1.140622749,"ACH-000471":1.50977882,"ACH-000472":-19.23872573,"ACH-000473":1.770737693,"ACH-000475":1.514150858,"ACH-000476":-19.23872573,"ACH-000477":1.591499055,"ACH-000478":1.292506222,"ACH-000480":1.366923532,"ACH-000481":1.263115529,"ACH-000483":1.840268203,"ACH-000484":1.820852745,"ACH-000485":1.867071332,"ACH-000486":-19.23872573,"ACH-000487":1.413058944,"ACH-000488":-5.354169718,"ACH-000490":1.712797826,"ACH-000491":1.829681964,"ACH-000493":1.504587301,"ACH-000495":1.880139448,"ACH-000496":-4.64124223,"ACH-000498":-19.23872573,"ACH-000499":-19.23872573,"ACH-000500":0.864295165,"ACH-000502":-0.312271446,"ACH-000503":1.092656792,"ACH-000504":1.466154677,"ACH-000505":1.346778906,"ACH-000507":1.816648166,"ACH-000510":1.633115695,"ACH-000511":1.128176292,"ACH-000512":-19.23872573,"ACH-000514":1.432046342,"ACH-000516":1.674309606,"ACH-000517":1.732723904,"ACH-000518":0.649884015,"ACH-000520":1.51759635,"ACH-000521":-4.784043581,"ACH-000522":1.412756922,"ACH-000524":1.774552966,"ACH-000527":1.544901117,"ACH-000528":1.847482892,"ACH-000535":1.096738962,"ACH-000537":1.131649962,"ACH-000541":1.745091109,"ACH-000542":1.876729675,"ACH-000544":1.259780353,"ACH-000545":1.331256305,"ACH-000547":1.657936064,"ACH-000548":1.172897712,"ACH-000549":1.772515753,"ACH-000550":1.169888345,"ACH-000551":1.093566285,"ACH-000552":1.463785008,"ACH-000556":-1.841374397,"ACH-000557":1.844465207,"ACH-000563":-0.313408327,"ACH-000570":1.847114085,"ACH-000571":1.21523124,"ACH-000573":1.431431298,"ACH-000576":-1.199556044,"ACH-000577":1.826724912,"ACH-000579":1.301505012,