{"scores":{"ACH-000004":3.197285461,"ACH-000005":3.143735229,"ACH-000007":-1.912268767,"ACH-000009":-2.456002374,"ACH-000011":3.321117963,"ACH-000012":3.564508507,"ACH-000013":3.286011311,"ACH-000014":3.158013392,"ACH-000015":3.427494549,"ACH-000017":2.451770177,"ACH-000018":3.49096191,"ACH-000019":3.532067044,"ACH-000021":3.183523644,"ACH-000022":-0.150895647,"ACH-000024":3.57197189,"ACH-000025":3.574475051,"ACH-000028":2.927786205,"ACH-000029":2.659612202,"ACH-000030":2.6438041,"ACH-000035":3.349160329,"ACH-000036":2.763993161,"ACH-000037":3.175622638,"ACH-000039":3.561381772,"ACH-000040":3.500343936,"ACH-000041":3.416441367,"ACH-000042":-17.50233928,"ACH-000045":3.066293819,"ACH-000047":3.325559732,"ACH-000048":0.028033459,"ACH-000052":3.414392085,"ACH-000053":3.464580271,"ACH-000054":2.797797434,"ACH-000055":3.514866189,"ACH-000060":-7.248376491,"ACH-000067":3.525345373,"ACH-000070":2.674599226,"ACH-000074":3.239199267,"ACH-000075":1.45979943,"ACH-000076":2.906225557,"ACH-000078":3.503037039,"ACH-000082":3.498938273,"ACH-000085":3.415755864,"ACH-000086":2.694023235,"ACH-000087":3.390755664,"ACH-000092":3.570573961,"ACH-000095":3.477566561,"ACH-000096":3.574304029,"ACH-000097":3.336550738,"ACH-000098":3.122768438,"ACH-000099":2.933147174,"ACH-000108":3.514634348,"ACH-000111":2.415679248,"ACH-000113":3.433470893,"ACH-000114":3.056686053,"ACH-000115":3.499689549,"ACH-000116":3.1538983,"ACH-000118":2.423398392,"ACH-000120":3.544557896,"ACH-000123":3.554184067,"ACH-000127":3.530167546,"ACH-000128":3.395790708,"ACH-000132":3.551534434,"ACH-000133":2.899837085,"ACH-000137":3.314914187,"ACH-000138":0.458662959,"ACH-000141":-2.810375457,"ACH-000142":2.684399583,"ACH-000143":1.122407353,"ACH-000146":3.560253304,"ACH-000148":2.466378839,"ACH-000150":3.092609905,"ACH-000151":0.241262696,"ACH-000152":3.373577871,"ACH-000153":3.540520612,"ACH-000159":3.555196011,"ACH-000160":3.376605338,"ACH-000163":3.259016274,"ACH-000164":3.468819965,"ACH-000167":3.268320344,"ACH-000168":3.573730907,"ACH-000169":3.496963588,"ACH-000174":3.566699621,"ACH-000178":3.569933773,"ACH-000182":0.554111541,"ACH-000183":3.049899108,"ACH-000187":3.106437626,"ACH-000188":2.304545914,"ACH-000189":2.469827357,"ACH-000190":3.271707377,"ACH-000198":3.508552405,"ACH-000200":3.54388854,"ACH-000202":3.521993301,"ACH-000204":3.573137292,"ACH-000206":2.406870851,"ACH-000207":3.481636421,"ACH-000209":3.56015547,"ACH-000211":3.554651571,"ACH-000212":3.488637048,"ACH-000215":3.574475051,"ACH-000217":3.246411993,"ACH-000219":3.019987468,"ACH-000221":2.303827741,"ACH-000222":-0.536293612,"ACH-000223":2.809999271,"ACH-000226":3.53260085,"ACH-000227":3.540229841,"ACH-000228":2.758686492,"ACH-000231":3.539206332,"ACH-000232":3.35673513,"ACH-000233":2.892406993,"ACH-000234":3.572568545,"ACH-000235":-20,"ACH-000237":3.383005567,"ACH-000238":3.222435882,"ACH-000243":-1.29430564,"ACH-000244":3.457524502,"ACH-000246":3.572943717,"ACH-000247":3.485294178,"ACH-000248":2.842158898,"ACH-000249":-7.037601127,"ACH-000250":3.400357248,"ACH-000251":3.329497484,"ACH-000253":2.66898493,"ACH-000255":3.134843128,"ACH-000256":2.290680063,"ACH-000257":1.925668581,"ACH-000258":3.328971775,"ACH-000259":3.565022305,"ACH-000260":3.401575544,"ACH-000261":3.53201967,"ACH-000262":3.550599035,"ACH-000263":2.625342157,"ACH-000264":-0.451939982,"ACH-000265":3.574245375,"ACH-000266":3.383490008,"ACH-000271":3.398856737,"ACH-000272":2.078913032,"ACH-000273":3.571991242,"ACH-000274":2.693455472,"ACH-000276":3.106264984,"ACH-000277":3.542734792,"ACH-000278":0.149911895,"ACH-000279":3.562968622,"ACH-000280":3.377472072,"ACH-000281":-20,"ACH-000286":0.908080538,"ACH-000288":3.532947971,"ACH-000290":2.478152249,"ACH-000291":3.353802671,"ACH-000292":3.549614833,"ACH-000293":1.919586592,"ACH-000294":3.28831797,"ACH-000295":3.552788443,"ACH-000296":3.568638493,"ACH-000302":3.509794635,"ACH-000304":3.526284215,"ACH-000305":2.327851328,"ACH-000307":-4.366325443,"ACH-000308":3.095713953,"ACH-000310":3.38728665,"ACH-000311":3.431173998,"ACH-000312":3.572061875,"ACH-000315":3.56405813,"ACH-000316":3.557445593,"ACH-000317":3.551890648,"ACH-000318":3.428678241,"ACH-000319":3.538211414,"ACH-000320":1.282865867,"ACH-000322":3.574029256,"ACH-000323":2.923969083,"ACH-000324":3.099626628,"ACH-000326":3.500066636,"ACH-000329":1.20195007,"ACH-000330":2.975251564,"ACH-000331":3.566441171,"ACH-000332":1.520314766,"ACH-000334":3.560051097,"ACH-000335":0.37134413,"ACH-000336":3.475890837,"ACH-000337":3.415329011,"ACH-000339":3.470100254,"ACH-000341":3.250434334,"ACH-000343":3.308981358,"ACH-000344":3.554873015,"ACH-000348":3.232364856,"ACH-000350":2.913713317,"ACH-000352":2.417223409,"ACH-000355":3.519976075,"ACH-000356":-2.249135923,"ACH-000361":3.001556324,"ACH-000362":3.551248059,"ACH-000363":3.161188121,"ACH-000364":3.303612096,"ACH-000365":3.559593783,"ACH-000366":3.516353219,"ACH-000368":2.18488357,"ACH-000370":3.527419713,"ACH-000374":3.542213695,"ACH-000375":0.50394376,"ACH-000376":2.036656366,"ACH-000377":3.557872997,"ACH-000378":3.569183429,"ACH-000381":-20,"ACH-000383":0.947091651,"ACH-000385":2.520961247,"ACH-000387":3.406198146,"ACH-000389":2.528936711,"ACH-000390":3.381011164,"ACH-000393":3.566474394,"ACH-000395":-20,"ACH-000397":0.428500339,"ACH-000401":3.569972603,"ACH-000402":2.989221398,"ACH-000403":-20,"ACH-000404":0.535985589,"ACH-000405":2.919773456,"ACH-000406":3.505742454,"ACH-000407":3.569794091,"ACH-000408":1.800361925,"ACH-000410":2.42124045,"ACH-000411":3.570276478,"ACH-000414":3.305362477,"ACH-000415":3.487205362,"ACH-000416":3.559447509,"ACH-000420":3.222107389,"ACH-000421":3.227240544,"ACH-000422":1.78803184,"ACH-000424":1.809360709,"ACH-000425":3.57446862,"ACH-000426":3.339565365,"ACH-000427":-2.987574833,"ACH-000431":2.578757419,"ACH-000433":3.312309257,"ACH-000434":3.462440096,"ACH-000435":2.457265597,"ACH-000436":2.997425485,"ACH-000437":1.483304396,"ACH-000438":2.585369824,"ACH-000444":3.191406949,"ACH-000445":3.573030051,"ACH-000448":0.254772859,"ACH-000450":2.982389751,"ACH-000452":3.552113278,"ACH-000454":-2.138159943,"ACH-000458":2.461527798,"ACH-000459":3.071469382,"ACH-000460":3.574410386,"ACH-000461":-6.485290472,"ACH-000463":3.258128441,"ACH-000464":1.519006279,"ACH-000466":3.009864514,"ACH-000467":-12.88503051,"ACH-000468":3.417495636,"ACH-000469":3.320082488,"ACH-000470":-20,"ACH-000471":3.292620792,"ACH-000472":2.398541299,"ACH-000473":3.256009734,"ACH-000475":3.532941613,"ACH-000476":3.122230477,"ACH-000477":3.036158777,"ACH-000478":2.056128896,"ACH-000480":3.561856077,"ACH-000481":3.551789104,"ACH-000483":3.043110351,"ACH-000484":3.349572175,"ACH-000485":-7.797057511,"ACH-000486":1.698475909,"ACH-000487":3.553313363,"ACH-000488":1.330393401,"ACH-000490":-3.839910309,"ACH-000491":3.499563796,"ACH-000493":3.190146903,"ACH-000495":3.566833261,"ACH-000496":2.697037057,"ACH-000498":3.479710143,"ACH-000499":3.329140279,"ACH-000500":2.644336025,"ACH-000502":3.022146452,"ACH-000503":3.573960264,"ACH-000504":2.00628544,"ACH-000505":3.541705065,"ACH-000507":-1.232240942,"ACH-000510":3.510635291,"ACH-000511":1.197607847,"ACH-000512":3.561938132,"ACH-000514":3.011183823,"ACH-000516":3.528833935,"ACH-000517":3.556424543,"ACH-000518":-15.57117764,"ACH-000520":3.55538011,"ACH-000521":3.124195586,"ACH-000522":3.538795526,"ACH-000524":3.288764192,"ACH-000527":3.448282196,"ACH-000528":0.80716262,"ACH-000535":3.070927487,"ACH-000537":3.529104912,"ACH-000541":3.531741203,"ACH-000542":3.53635567,"ACH-000544":-17.82629701,"ACH-000545":3.023287516,"ACH-000547":0.76609552,"ACH-000548":0.910495835,"ACH-000549":2.193059218,"ACH-000550":3.564152143,"ACH-000551":3.298169963,"ACH-000552":-9.763288669,"ACH-000556":3.237201736,"ACH-000557":1.171317178,"ACH-000563":3.222345627,"ACH-000570":3.026767894,"ACH-000571":2.990370769,"ACH-000573":2.140063617,"ACH-000576":3.188079785,"ACH-000577":3.367861523,"ACH-000579":2.893330581,"ACH-000580":1.454227514,"ACH-000581":3.55375588,"ACH-000583":2.752767599,"ACH-000584":3.440492955,