{"scores":{"ACH-000004":6.412352473,"ACH-000005":7.862426452,"ACH-000007":7.976304457,"ACH-000009":6.898251187,"ACH-000011":5.365572042,"ACH-000012":7.975099802,"ACH-000013":7.941961827,"ACH-000014":5.954424214,"ACH-000015":-20,"ACH-000017":7.905571696,"ACH-000018":5.603996512,"ACH-000019":7.683478911,"ACH-000021":7.937569384,"ACH-000022":7.77576885,"ACH-000024":6.622934426,"ACH-000025":6.186018032,"ACH-000028":7.823545526,"ACH-000029":7.828222584,"ACH-000030":7.207279651,"ACH-000035":7.975253519,"ACH-000036":5.866431544,"ACH-000037":7.760358375,"ACH-000039":7.825179888,"ACH-000040":7.978126876,"ACH-000041":4.909037637,"ACH-000042":5.836039763,"ACH-000045":6.27498497,"ACH-000047":7.868643931,"ACH-000048":7.825395453,"ACH-000052":7.212667688,"ACH-000053":6.781306317,"ACH-000054":7.908666637,"ACH-000055":7.853387907,"ACH-000060":5.22722983,"ACH-000067":6.614736676,"ACH-000070":0.850931115,"ACH-000074":7.887622065,"ACH-000075":7.53178626,"ACH-000076":7.965134557,"ACH-000078":6.04825427,"ACH-000082":5.891425833,"ACH-000085":5.433807737,"ACH-000086":7.843179946,"ACH-000087":7.786036301,"ACH-000092":5.088843127,"ACH-000095":3.718381308,"ACH-000096":7.512991441,"ACH-000097":7.879290961,"ACH-000098":7.955761511,"ACH-000099":-6.385074286,"ACH-000108":7.751046856,"ACH-000111":6.743597215,"ACH-000113":7.509789259,"ACH-000114":7.63525277,"ACH-000115":6.870943812,"ACH-000116":6.849220323,"ACH-000118":3.563009765,"ACH-000120":6.178673314,"ACH-000123":7.780191495,"ACH-000127":7.926630871,"ACH-000128":5.129109458,"ACH-000132":5.08228248,"ACH-000133":6.849092086,"ACH-000137":3.337927531,"ACH-000138":6.582159945,"ACH-000141":7.976182338,"ACH-000142":3.428252393,"ACH-000143":7.712457899,"ACH-000146":7.429304961,"ACH-000148":7.830375416,"ACH-000150":6.230647073,"ACH-000151":7.911369675,"ACH-000152":4.572287855,"ACH-000153":7.235491333,"ACH-000159":7.839544878,"ACH-000160":7.449290258,"ACH-000163":7.226706139,"ACH-000164":7.555898204,"ACH-000167":-2.948368563,"ACH-000168":5.423927467,"ACH-000169":3.794051654,"ACH-000174":7.509511444,"ACH-000178":6.877269665,"ACH-000182":3.732254975,"ACH-000183":6.500504086,"ACH-000187":6.142854333,"ACH-000188":7.490243818,"ACH-000189":7.967135739,"ACH-000190":7.967293142,"ACH-000198":6.467045744,"ACH-000200":7.306815873,"ACH-000202":6.609124901,"ACH-000204":7.292835264,"ACH-000206":5.859737553,"ACH-000207":6.052504069,"ACH-000209":7.972764645,"ACH-000211":7.419001173,"ACH-000212":7.360809864,"ACH-000215":7.622525969,"ACH-000217":7.911340973,"ACH-000219":6.90257959,"ACH-000221":7.792113452,"ACH-000222":3.029435487,"ACH-000223":6.036552202,"ACH-000226":7.886268797,"ACH-000227":7.581268137,"ACH-000228":6.889502935,"ACH-000231":4.666417856,"ACH-000232":5.435382819,"ACH-000233":6.585242477,"ACH-000234":5.581156009,"ACH-000235":6.487407453,"ACH-000237":7.9390924,"ACH-000238":7.26948528,"ACH-000243":6.33895117,"ACH-000244":6.64491179,"ACH-000246":7.950806997,"ACH-000247":7.898524135,"ACH-000248":7.878269412,"ACH-000249":5.371809593,"ACH-000250":7.745529353,"ACH-000251":7.426689468,"ACH-000253":7.051617315,"ACH-000255":6.600343141,"ACH-000256":7.97444257,"ACH-000257":6.932022783,"ACH-000258":6.70379046,"ACH-000259":7.486469991,"ACH-000260":7.568056709,"ACH-000261":7.978305262,"ACH-000262":4.558174615,"ACH-000263":7.827076494,"ACH-000264":7.74392742,"ACH-000265":6.631863591,"ACH-000266":7.191035559,"ACH-000271":7.97805238,"ACH-000272":7.959613513,"ACH-000273":7.687514917,"ACH-000274":7.360009044,"ACH-000276":7.367148904,"ACH-000277":5.581408921,"ACH-000278":7.911240239,"ACH-000279":7.436542525,"ACH-000280":7.773554647,"ACH-000281":7.17237304,"ACH-000286":5.739302723,"ACH-000288":5.807281989,"ACH-000290":7.701890774,"ACH-000291":6.553714983,"ACH-000292":7.132413065,"ACH-000293":7.976196077,"ACH-000294":7.253468218,"ACH-000295":7.915945959,"ACH-000296":3.84803148,"ACH-000302":7.879971071,"ACH-000304":7.636241966,"ACH-000305":5.965484506,"ACH-000307":6.556506848,"ACH-000308":7.976277844,"ACH-000310":4.982230074,"ACH-000311":7.129562708,"ACH-000312":7.640626624,"ACH-000315":7.003583639,"ACH-000316":7.967994833,"ACH-000317":7.667499657,"ACH-000318":7.274082925,"ACH-000319":5.480891439,"ACH-000320":4.511410676,"ACH-000322":7.865759973,"ACH-000323":7.913682732,"ACH-000324":7.682427183,"ACH-000326":6.486206685,"ACH-000329":7.336268412,"ACH-000330":3.762683364,"ACH-000331":3.551364315,"ACH-000332":6.006582765,"ACH-000334":7.295764078,"ACH-000335":7.869405726,"ACH-000336":6.183477223,"ACH-000337":7.854453968,"ACH-000339":6.804478562,"ACH-000341":7.016471877,"ACH-000343":7.956564875,"ACH-000344":7.92398416,"ACH-000348":6.686172052,"ACH-000350":7.752805527,"ACH-000352":2.870316411,"ACH-000355":6.76808416,"ACH-000356":6.749611002,"ACH-000361":7.631199237,"ACH-000362":6.904862654,"ACH-000363":6.349914741,"ACH-000364":5.051863233,"ACH-000365":7.402407018,"ACH-000366":5.042325318,"ACH-000368":5.499667108,"ACH-000370":7.802545047,"ACH-000374":7.225428125,"ACH-000375":7.972556067,"ACH-000376":5.924208668,"ACH-000377":7.976997465,"ACH-000378":7.636409212,"ACH-000381":6.890533718,"ACH-000383":7.966136687,"ACH-000385":4.986550817,"ACH-000387":7.966626125,"ACH-000389":7.257203064,"ACH-000390":7.969045781,"ACH-000393":7.5048348,"ACH-000395":7.978334374,"ACH-000397":6.916887912,"ACH-000401":6.931808805,"ACH-000402":7.88093911,"ACH-000403":7.533737349,"ACH-000404":7.227781857,"ACH-000405":4.141275927,"ACH-000406":7.430308379,"ACH-000407":7.466060751,"ACH-000408":7.915667905,"ACH-000410":5.415295487,"ACH-000411":4.056405899,"ACH-000414":7.327586232,"ACH-000415":5.790284805,"ACH-000416":5.94533565,"ACH-000420":6.2024144,"ACH-000421":7.975529984,"ACH-000422":7.948732391,"ACH-000424":3.643018537,"ACH-000425":7.702705959,"ACH-000426":7.164271776,"ACH-000427":7.413641196,"ACH-000431":2.524333357,"ACH-000433":7.88580528,"ACH-000434":7.962922344,"ACH-000435":7.019826635,"ACH-000436":7.937598862,"ACH-000437":7.978334934,"ACH-000438":5.810165597,"ACH-000444":7.607444823,"ACH-000445":5.644810378,"ACH-000448":7.915959164,"ACH-000450":7.162146439,"ACH-000452":4.969480499,"ACH-000454":7.653086667,"ACH-000458":6.838725799,"ACH-000459":7.635244408,"ACH-000460":5.574953788,"ACH-000461":7.976694402,"ACH-000463":7.198862766,"ACH-000464":6.89667734,"ACH-000466":7.846223776,"ACH-000467":6.019292647,"ACH-000468":7.730072102,"ACH-000469":7.642090423,"ACH-000470":6.870930676,"ACH-000471":7.859025413,"ACH-000472":7.329160265,"ACH-000473":7.557831301,"ACH-000475":7.596854878,"ACH-000476":5.564379259,"ACH-000477":7.970313031,"ACH-000478":7.214878321,"ACH-000480":4.930312354,"ACH-000481":7.906551567,"ACH-000483":7.676467419,"ACH-000484":7.46041982,"ACH-000485":6.430103339,"ACH-000486":7.748952666,"ACH-000487":7.169466703,"ACH-000488":7.912467149,"ACH-000490":1.255264939,"ACH-000491":-3.351458928,"ACH-000493":6.853816848,"ACH-000495":7.405285119,"ACH-000496":7.292731443,"ACH-000498":7.446195428,"ACH-000499":7.790278182,"ACH-000500":6.105064994,"ACH-000502":7.920017335,"ACH-000503":6.935370097,"ACH-000504":6.286856371,"ACH-000505":6.945292322,"ACH-000507":7.972123358,"ACH-000510":7.466464192,"ACH-000511":7.781752191,"ACH-000512":7.880471167,"ACH-000514":7.554046958,"ACH-000516":7.978087278,"ACH-000517":7.419199527,"ACH-000518":7.715400091,"ACH-000520":7.755525892,"ACH-000521":7.731190329,"ACH-000522":7.044583689,"ACH-000524":6.771909803,"ACH-000527":7.6610629,"ACH-000528":7.738526778,"ACH-000535":7.787346674,"ACH-000537":7.884929272,"ACH-000541":5.501763934,"ACH-000542":7.120918565,"ACH-000544":6.762042416,"ACH-000545":6.611647651,"ACH-000547":7.923288183,"ACH-000548":7.030548151,"ACH-000549":6.616474158,"ACH-000550":6.644359428,"ACH-000551":7.337133764,"ACH-000552":4.853631618,"ACH-000556":7.962685861,"ACH-000557":6.869251092,"ACH-000563":7.576900252,"ACH-000570":6.929582221,"ACH-000571":7.973871466,"ACH-000573":7.872569471,"ACH-000576":5.248337135,"ACH-000577":6.173250397,"ACH-000579":7.5476603,"ACH-000580":7.710629415,"ACH-000581":5.375882801,"ACH-000583":6.275193501,"ACH-000584":7.577822346,