{"scores":{"ACH-000004":-3.46400242,"ACH-000005":-2.347357338,"ACH-000007":3.514368232,"ACH-000009":3.505297619,"ACH-000011":3.420049657,"ACH-000012":1.587136726,"ACH-000013":3.488608108,"ACH-000014":3.510726033,"ACH-000015":3.500326453,"ACH-000017":3.503303438,"ACH-000018":-0.507773272,"ACH-000019":3.406173744,"ACH-000021":2.640540946,"ACH-000022":3.329181144,"ACH-000024":3.503221861,"ACH-000025":3.402698025,"ACH-000028":0.313791321,"ACH-000029":-1.824419025,"ACH-000030":-5.640164495,"ACH-000035":3.413749465,"ACH-000036":3.147115878,"ACH-000037":2.758409287,"ACH-000039":1.656263482,"ACH-000040":3.502599446,"ACH-000041":0.203025042,"ACH-000042":2.987588813,"ACH-000045":1.982828258,"ACH-000047":2.688431518,"ACH-000048":3.442635024,"ACH-000052":3.514085737,"ACH-000053":3.188763502,"ACH-000054":1.357151076,"ACH-000055":3.050992003,"ACH-000060":3.39378668,"ACH-000067":3.10623267,"ACH-000070":3.313279647,"ACH-000074":2.375247725,"ACH-000075":2.748299651,"ACH-000076":1.910049824,"ACH-000078":2.888898331,"ACH-000082":3.395085557,"ACH-000085":-14.74033374,"ACH-000086":2.607733947,"ACH-000087":2.592265697,"ACH-000092":3.394337072,"ACH-000095":-0.84766328,"ACH-000096":-1.39346842,"ACH-000097":2.53593709,"ACH-000098":3.111627292,"ACH-000099":3.181908125,"ACH-000108":3.489940296,"ACH-000111":3.445458679,"ACH-000113":-7.659703818,"ACH-000114":-5.772307154,"ACH-000115":3.493051899,"ACH-000116":3.473255746,"ACH-000118":3.510136595,"ACH-000120":3.058962675,"ACH-000123":-8.397503444,"ACH-000127":3.185519649,"ACH-000128":-2.093774684,"ACH-000132":1.387909996,"ACH-000133":3.465256752,"ACH-000137":1.16710324,"ACH-000138":3.284198352,"ACH-000141":-12.90723298,"ACH-000142":2.390479006,"ACH-000143":-7.386778219,"ACH-000146":-18.59172162,"ACH-000148":3.477278246,"ACH-000150":-7.281503026,"ACH-000151":2.938884966,"ACH-000152":1.193199057,"ACH-000153":3.344887437,"ACH-000159":3.501509423,"ACH-000160":-18.11312035,"ACH-000163":3.419232996,"ACH-000164":2.522732904,"ACH-000167":3.018024439,"ACH-000168":-6.143290093,"ACH-000169":2.68188429,"ACH-000174":3.484136354,"ACH-000178":3.326842095,"ACH-000182":-10.26394946,"ACH-000183":3.35238416,"ACH-000187":2.484700054,"ACH-000188":-7.322281711,"ACH-000189":2.95099491,"ACH-000190":3.352886556,"ACH-000198":3.129088626,"ACH-000200":3.300969741,"ACH-000202":2.899451137,"ACH-000204":1.728869441,"ACH-000206":2.756490058,"ACH-000207":1.422786333,"ACH-000209":3.342200083,"ACH-000211":3.381923623,"ACH-000212":3.107615309,"ACH-000215":3.331328871,"ACH-000217":3.288257583,"ACH-000219":3.158204302,"ACH-000221":3.252872084,"ACH-000222":1.609395371,"ACH-000223":-0.320792648,"ACH-000226":0.581865122,"ACH-000227":-0.08337489,"ACH-000228":-7.433702773,"ACH-000231":3.190410276,"ACH-000232":3.28635507,"ACH-000233":3.504932194,"ACH-000234":3.082215772,"ACH-000235":-0.239834222,"ACH-000237":3.175336422,"ACH-000238":-3.825628493,"ACH-000243":-8.669185535,"ACH-000244":-2.340196834,"ACH-000246":3.432764719,"ACH-000247":1.816525163,"ACH-000248":2.241370242,"ACH-000249":3.410073269,"ACH-000250":3.501590695,"ACH-000251":2.579748076,"ACH-000253":2.380277549,"ACH-000255":3.51146518,"ACH-000256":2.232488086,"ACH-000257":0.500224622,"ACH-000258":3.168282939,"ACH-000259":3.263616605,"ACH-000260":-0.614332749,"ACH-000261":3.432170609,"ACH-000262":3.497708154,"ACH-000263":1.807450078,"ACH-000264":3.514368004,"ACH-000265":1.848918369,"ACH-000266":-20,"ACH-000271":-20,"ACH-000272":3.510491524,"ACH-000273":3.408584459,"ACH-000274":3.001589896,"ACH-000276":3.193429426,"ACH-000277":3.337465434,"ACH-000278":0.631324557,"ACH-000279":3.071985279,"ACH-000280":2.95018241,"ACH-000281":3.407214145,"ACH-000286":2.080934956,"ACH-000288":3.446752729,"ACH-000290":3.162872588,"ACH-000291":3.481162758,"ACH-000292":3.446115999,"ACH-000293":3.226195845,"ACH-000294":-3.747283525,"ACH-000295":3.385684336,"ACH-000296":-0.293845747,"ACH-000302":-0.996927368,"ACH-000304":0.025816316,"ACH-000305":1.378150001,"ACH-000307":-5.707612971,"ACH-000308":-0.386849324,"ACH-000310":2.072309927,"ACH-000311":3.193170478,"ACH-000312":3.423715741,"ACH-000315":-0.2672417,"ACH-000316":3.510776953,"ACH-000317":3.469685927,"ACH-000318":-5.926448407,"ACH-000319":3.511654608,"ACH-000320":-0.101370085,"ACH-000322":3.380902848,"ACH-000323":3.484395623,"ACH-000324":2.927117047,"ACH-000326":-0.505051019,"ACH-000329":3.495610497,"ACH-000330":-0.338954139,"ACH-000331":1.953164227,"ACH-000332":-0.620073698,"ACH-000334":3.276461749,"ACH-000335":2.726354631,"ACH-000336":-3.199965462,"ACH-000337":0.127736636,"ACH-000339":-1.812922726,"ACH-000341":2.804566903,"ACH-000343":-6.872562962,"ACH-000344":2.571615902,"ACH-000348":3.240278195,"ACH-000350":3.500889496,"ACH-000352":3.244674355,"ACH-000355":2.845750338,"ACH-000356":3.476609136,"ACH-000361":3.409154584,"ACH-000362":2.490420729,"ACH-000363":3.284584679,"ACH-000364":2.169793195,"ACH-000365":3.343371938,"ACH-000366":3.446936047,"ACH-000368":3.105751176,"ACH-000370":2.954442284,"ACH-000374":1.87528282,"ACH-000375":3.287608199,"ACH-000376":2.551529146,"ACH-000377":2.235521454,"ACH-000378":3.511205569,"ACH-000381":3.296920011,"ACH-000383":3.375028099,"ACH-000385":2.989200612,"ACH-000387":-5.910354767,"ACH-000389":3.42909836,"ACH-000390":3.104737543,"ACH-000393":3.001063755,"ACH-000395":-0.266156022,"ACH-000397":1.537168404,"ACH-000401":-2.394495479,"ACH-000402":3.147476645,"ACH-000403":2.779831788,"ACH-000404":-3.650733261,"ACH-000405":3.430927423,"ACH-000406":3.472831879,"ACH-000407":0.742237883,"ACH-000408":2.014569684,"ACH-000410":1.702910981,"ACH-000411":3.511275185,"ACH-000414":2.949637268,"ACH-000415":2.68078635,"ACH-000416":3.498593251,"ACH-000420":3.264993528,"ACH-000421":3.513433169,"ACH-000422":3.327829582,"ACH-000424":2.998284286,"ACH-000425":2.726362457,"ACH-000426":-1.373477067,"ACH-000427":1.84452123,"ACH-000431":3.435952806,"ACH-000433":2.357094958,"ACH-000434":3.513391985,"ACH-000435":0.845158433,"ACH-000436":3.172173998,"ACH-000437":3.510280459,"ACH-000438":3.487047897,"ACH-000444":-7.126867704,"ACH-000445":1.557157881,"ACH-000448":0.608875631,"ACH-000450":2.992090063,"ACH-000452":-20,"ACH-000454":3.445195207,"ACH-000458":0.776268337,"ACH-000459":3.514322784,"ACH-000460":0.715886752,"ACH-000461":3.511187505,"ACH-000463":3.419875796,"ACH-000464":3.420312725,"ACH-000466":2.278951125,"ACH-000467":3.511074468,"ACH-000468":1.269283754,"ACH-000469":1.759064346,"ACH-000470":1.099203796,"ACH-000471":3.425487664,"ACH-000472":0.786957032,"ACH-000473":-1.44636935,"ACH-000475":3.346777076,"ACH-000476":3.163826368,"ACH-000477":2.67926012,"ACH-000478":3.43403294,"ACH-000480":3.465715617,"ACH-000481":3.22842185,"ACH-000483":-3.3934548,"ACH-000484":3.513118479,"ACH-000485":1.022750521,"ACH-000486":2.712828937,"ACH-000487":2.430577828,"ACH-000488":2.703002677,"ACH-000490":-7.523823181,"ACH-000491":0.264091186,"ACH-000493":3.506474351,"ACH-000495":3.00477128,"ACH-000496":3.465476553,"ACH-000498":1.345596828,"ACH-000499":2.733657448,"ACH-000500":1.601304488,"ACH-000502":2.951598664,"ACH-000503":1.018788252,"ACH-000504":3.20910066,"ACH-000505":0.16776047,"ACH-000507":2.409642304,"ACH-000510":3.492244569,"ACH-000511":-0.511064794,"ACH-000512":1.976476652,"ACH-000514":3.22760042,"ACH-000516":-1.016096276,"ACH-000517":3.509077533,"ACH-000518":2.206252607,"ACH-000520":3.076109998,"ACH-000521":2.738984014,"ACH-000522":3.336352405,"ACH-000524":3.007527434,"ACH-000527":-2.186580262,"ACH-000528":3.39001201,"ACH-000535":3.225194368,"ACH-000537":3.15825853,"ACH-000541":3.404575354,"ACH-000542":3.097558371,"ACH-000544":3.187063788,"ACH-000545":-3.806907664,"ACH-000547":3.479248305,"ACH-000548":3.462940562,"ACH-000549":-1.750628346,"ACH-000550":3.153086791,"ACH-000551":3.318017506,"ACH-000552":3.477568841,"ACH-000556":0.403173788,"ACH-000557":0.945575098,"ACH-000563":1.49317056,"ACH-000570":3.284216315,"ACH-000571":3.482572011,"ACH-000573":3.367022372,"ACH-000576":2.930590191,"ACH-000577":1.838414951,"ACH-000579":3.514327565,"ACH-000580":3.513460453,"ACH-000581":3.213188933,