{"scores":{"ACH-000004":4.769207679,"ACH-000005":4.214444667,"ACH-000007":4.707267218,"ACH-000009":3.797627139,"ACH-000011":5.779195708,"ACH-000012":5.860079451,"ACH-000013":5.873261841,"ACH-000014":3.130890492,"ACH-000015":5.851321077,"ACH-000017":-20,"ACH-000018":2.502872297,"ACH-000019":-20,"ACH-000021":5.618861225,"ACH-000022":5.552462097,"ACH-000024":5.669712947,"ACH-000025":5.846516973,"ACH-000028":-14.36556799,"ACH-000029":3.754769008,"ACH-000030":5.408873715,"ACH-000035":5.75823147,"ACH-000036":4.990949669,"ACH-000037":5.789555087,"ACH-000039":4.393606097,"ACH-000040":5.202593957,"ACH-000041":5.684719209,"ACH-000042":5.184236255,"ACH-000045":5.765508594,"ACH-000047":0.39579503,"ACH-000048":5.482006109,"ACH-000052":5.067445444,"ACH-000053":4.793176485,"ACH-000054":5.523725444,"ACH-000055":5.45156653,"ACH-000060":3.233025087,"ACH-000067":5.90211095,"ACH-000070":5.86766794,"ACH-000074":5.739456034,"ACH-000075":5.87621028,"ACH-000076":5.900928533,"ACH-000078":5.587838008,"ACH-000082":5.136771384,"ACH-000085":5.683289443,"ACH-000086":5.797954462,"ACH-000087":5.755022642,"ACH-000092":5.588986541,"ACH-000095":4.355999764,"ACH-000096":5.64610263,"ACH-000097":-13.24653818,"ACH-000098":4.657461063,"ACH-000099":5.891443008,"ACH-000108":5.806862232,"ACH-000111":4.92043629,"ACH-000113":5.816037471,"ACH-000114":5.648664343,"ACH-000115":-20,"ACH-000116":5.798417052,"ACH-000118":4.840959298,"ACH-000120":5.902417739,"ACH-000123":5.714499907,"ACH-000127":0.637667492,"ACH-000128":5.010964463,"ACH-000132":5.725549359,"ACH-000133":5.87787879,"ACH-000137":5.807304544,"ACH-000138":5.811634244,"ACH-000141":-20,"ACH-000142":4.5858166,"ACH-000143":3.918124691,"ACH-000146":5.793621534,"ACH-000148":5.519424113,"ACH-000150":5.749504532,"ACH-000151":5.863658286,"ACH-000152":4.351702901,"ACH-000153":5.775449294,"ACH-000159":5.803013032,"ACH-000160":5.353436359,"ACH-000163":5.032150275,"ACH-000164":4.585750222,"ACH-000167":5.898553754,"ACH-000168":5.675159547,"ACH-000169":4.488027552,"ACH-000174":5.3727484,"ACH-000178":5.61330754,"ACH-000182":5.70571421,"ACH-000183":5.794351222,"ACH-000187":5.646140302,"ACH-000188":5.754279579,"ACH-000189":5.860163413,"ACH-000190":5.376087939,"ACH-000198":5.861228724,"ACH-000200":3.589663877,"ACH-000202":5.826653043,"ACH-000204":5.683887289,"ACH-000206":5.756381149,"ACH-000207":4.598155716,"ACH-000209":4.176886508,"ACH-000211":5.582910228,"ACH-000212":5.40990404,"ACH-000215":5.32763873,"ACH-000217":5.897469717,"ACH-000219":4.876092045,"ACH-000221":3.152870944,"ACH-000222":5.763178966,"ACH-000223":5.703431608,"ACH-000226":0.207043928,"ACH-000227":3.83955621,"ACH-000228":4.469859673,"ACH-000231":5.884408615,"ACH-000232":5.196282524,"ACH-000233":5.89499047,"ACH-000234":5.309989008,"ACH-000235":-0.360275134,"ACH-000237":5.874990257,"ACH-000238":5.481218885,"ACH-000243":5.799666604,"ACH-000244":0.844702397,"ACH-000246":5.546184039,"ACH-000247":4.944361275,"ACH-000248":-15.61266084,"ACH-000249":5.738674213,"ACH-000250":4.848223701,"ACH-000251":0.43958521,"ACH-000253":5.357558192,"ACH-000255":5.763141451,"ACH-000256":5.711008201,"ACH-000257":-15.64992441,"ACH-000258":5.372171499,"ACH-000259":5.769552893,"ACH-000260":3.835098165,"ACH-000261":4.662078336,"ACH-000262":4.611476956,"ACH-000263":5.899282439,"ACH-000264":5.37933574,"ACH-000265":5.760167588,"ACH-000266":5.861492695,"ACH-000271":5.374138478,"ACH-000272":5.355296927,"ACH-000273":5.896565503,"ACH-000274":5.894865991,"ACH-000276":5.707855411,"ACH-000277":-20,"ACH-000278":5.853846703,"ACH-000279":5.802257162,"ACH-000280":5.829592073,"ACH-000281":5.446192829,"ACH-000286":4.089272042,"ACH-000288":5.769166282,"ACH-000290":1.884761733,"ACH-000291":5.160354655,"ACH-000292":5.774053577,"ACH-000293":5.899225,"ACH-000294":5.766003564,"ACH-000295":5.360252996,"ACH-000296":4.666976358,"ACH-000302":5.69866779,"ACH-000304":5.899963907,"ACH-000305":5.171010162,"ACH-000307":5.713666917,"ACH-000308":5.900925338,"ACH-000310":5.892118045,"ACH-000311":-20,"ACH-000312":5.791832917,"ACH-000315":4.523085823,"ACH-000316":5.840229811,"ACH-000317":4.258374394,"ACH-000318":-0.134037046,"ACH-000319":4.757009398,"ACH-000320":4.858378531,"ACH-000322":5.901748589,"ACH-000323":5.182190104,"ACH-000324":5.150755669,"ACH-000326":3.709066976,"ACH-000329":5.534202679,"ACH-000330":-20,"ACH-000331":5.682259113,"ACH-000332":5.771789352,"ACH-000334":5.359783047,"ACH-000335":5.597271464,"ACH-000336":5.307914059,"ACH-000337":-14.88721185,"ACH-000339":5.216180991,"ACH-000341":5.603617588,"ACH-000343":5.101521612,"ACH-000344":4.868474315,"ACH-000348":5.457571962,"ACH-000350":5.894558542,"ACH-000352":-20,"ACH-000355":5.75259455,"ACH-000356":5.614773471,"ACH-000361":5.797287839,"ACH-000362":5.833437808,"ACH-000363":4.393075578,"ACH-000364":5.892257106,"ACH-000365":5.867370329,"ACH-000366":5.51571684,"ACH-000368":5.671208113,"ACH-000370":4.435331604,"ACH-000374":5.78192665,"ACH-000375":5.789085425,"ACH-000376":5.227805672,"ACH-000377":1.732305931,"ACH-000378":5.900636936,"ACH-000381":4.742075603,"ACH-000383":4.85611837,"ACH-000385":5.310466624,"ACH-000387":5.475855414,"ACH-000389":4.396743008,"ACH-000390":4.80446912,"ACH-000393":5.21357435,"ACH-000395":5.744064508,"ACH-000397":5.388503352,"ACH-000401":5.145735376,"ACH-000402":5.900717117,"ACH-000403":3.580419531,"ACH-000404":5.297243528,"ACH-000405":5.874089074,"ACH-000406":5.757760599,"ACH-000407":5.899613533,"ACH-000408":5.893223825,"ACH-000410":5.501957472,"ACH-000411":5.771125638,"ACH-000414":-0.812531788,"ACH-000415":5.423820067,"ACH-000416":5.785571438,"ACH-000420":5.80229521,"ACH-000421":5.851150811,"ACH-000422":5.838411123,"ACH-000424":5.587638575,"ACH-000425":5.62041419,"ACH-000426":5.461479435,"ACH-000427":5.865352255,"ACH-000431":5.105551974,"ACH-000433":5.893944825,"ACH-000434":5.897503295,"ACH-000435":5.205877723,"ACH-000436":5.678943781,"ACH-000437":5.869608917,"ACH-000438":4.493440229,"ACH-000444":5.899164174,"ACH-000445":5.855878931,"ACH-000448":5.52537931,"ACH-000450":4.316353105,"ACH-000452":5.79967066,"ACH-000454":4.769788529,"ACH-000458":5.114001832,"ACH-000459":5.806329993,"ACH-000460":5.869970867,"ACH-000461":5.867745721,"ACH-000463":3.112872243,"ACH-000464":5.613903659,"ACH-000466":5.056978425,"ACH-000467":5.462379323,"ACH-000468":5.791179169,"ACH-000469":5.710197008,"ACH-000470":5.650005542,"ACH-000471":5.526667478,"ACH-000472":5.570640744,"ACH-000473":2.840110896,"ACH-000475":3.133944395,"ACH-000476":5.672973639,"ACH-000477":5.637633081,"ACH-000478":5.026748562,"ACH-000480":5.845788223,"ACH-000481":-3.302388394,"ACH-000483":5.69377418,"ACH-000484":5.758235505,"ACH-000485":-9.178672471,"ACH-000486":1.486878246,"ACH-000487":5.623889539,"ACH-000488":5.897130662,"ACH-000490":1.32542797,"ACH-000491":5.751803483,"ACH-000493":5.799169148,"ACH-000495":4.542544769,"ACH-000496":5.183783015,"ACH-000498":5.722781496,"ACH-000499":5.890766635,"ACH-000500":5.105143534,"ACH-000502":5.418291501,"ACH-000503":5.486759218,"ACH-000504":2.490606338,"ACH-000505":5.860383523,"ACH-000507":5.60554918,"ACH-000510":5.836871823,"ACH-000511":5.651481083,"ACH-000512":4.578533172,"ACH-000514":-6.526012561,"ACH-000516":5.056592086,"ACH-000517":5.078318658,"ACH-000518":5.898315533,"ACH-000520":3.252980167,"ACH-000521":5.887218099,"ACH-000522":5.474784766,"ACH-000524":4.143091574,"ACH-000527":5.753892547,"ACH-000528":-5.6876287,"ACH-000535":5.628916488,"ACH-000537":5.594845052,"ACH-000541":5.417369206,"ACH-000542":5.892241315,"ACH-000544":4.942921783,"ACH-000545":5.811204247,"ACH-000547":4.194886999,"ACH-000548":5.731274714,"ACH-000549":5.88235504,"ACH-000550":5.410925418,"ACH-000551":5.896564872,"ACH-000552":-20,"ACH-000556":5.639628421,"ACH-000557":5.880830329,"ACH-000563":2.420545689,"ACH-000570":4.9496277,"ACH-000571":5.476331711,"ACH-000573":5.889246222,"ACH-000576":5.865359875,"ACH-000577":5.792096233,"ACH-000579":5.338074217,"ACH-000580":5.83196584,"ACH-000581":2.675101187,"ACH-000583":5.574407953,"ACH-000584":5.532892174,"ACH-000585":2.804979354,"ACH-000587":4.795555172,