{"scores":{"ACH-000004":-5.726529957,"ACH-000005":-3.299030389,"ACH-000007":2.549944233,"ACH-000009":2.671048943,"ACH-000011":-3.122588879,"ACH-000012":3.410993194,"ACH-000013":3.549930057,"ACH-000014":-0.96018087,"ACH-000015":1.672668072,"ACH-000017":-3.108042196,"ACH-000018":1.70198889,"ACH-000019":0.118111129,"ACH-000021":1.789991593,"ACH-000022":2.631248644,"ACH-000024":-2.163786652,"ACH-000025":0.592245234,"ACH-000028":0.658518384,"ACH-000029":1.943861974,"ACH-000030":-5.573059176,"ACH-000035":1.60738627,"ACH-000036":2.690364383,"ACH-000037":3.302984176,"ACH-000039":2.507068868,"ACH-000040":2.552158064,"ACH-000041":0.263010269,"ACH-000042":2.286869959,"ACH-000045":1.551674339,"ACH-000047":-1.490356908,"ACH-000048":-0.836859647,"ACH-000052":4.185018363,"ACH-000053":-3.137951382,"ACH-000054":4.560240533,"ACH-000055":2.775137471,"ACH-000060":2.314837517,"ACH-000067":0.27988591,"ACH-000070":0.606009079,"ACH-000074":-3.295544461,"ACH-000075":2.99950583,"ACH-000076":0.054729018,"ACH-000078":0.758963013,"ACH-000082":1.308521869,"ACH-000085":3.124998248,"ACH-000086":2.575671413,"ACH-000087":3.212952169,"ACH-000092":3.055233427,"ACH-000095":2.463453845,"ACH-000096":1.777899654,"ACH-000097":-3.433488586,"ACH-000098":2.270897959,"ACH-000099":2.091285567,"ACH-000108":-8.385134157,"ACH-000111":1.801645797,"ACH-000113":4.665756573,"ACH-000114":1.310211249,"ACH-000115":2.520669592,"ACH-000116":2.659926796,"ACH-000118":4.734998504,"ACH-000120":4.836608031,"ACH-000123":4.560203625,"ACH-000127":-0.228243856,"ACH-000128":2.455200825,"ACH-000132":2.601782892,"ACH-000133":2.926060103,"ACH-000137":2.032020541,"ACH-000138":0.939129239,"ACH-000141":1.053805681,"ACH-000142":2.438310549,"ACH-000143":2.508543137,"ACH-000146":-4.053225645,"ACH-000148":2.920642248,"ACH-000150":2.012103665,"ACH-000151":-0.412400301,"ACH-000152":2.892118681,"ACH-000153":1.884806627,"ACH-000159":-6.949591484,"ACH-000160":3.063392293,"ACH-000163":1.497924821,"ACH-000164":2.585485078,"ACH-000167":3.213597108,"ACH-000168":-0.417604706,"ACH-000169":1.924057262,"ACH-000174":3.035571885,"ACH-000178":0.947535191,"ACH-000182":1.082057308,"ACH-000183":-3.528570863,"ACH-000187":-1.213223951,"ACH-000188":3.335971329,"ACH-000189":0.394185377,"ACH-000190":2.869014076,"ACH-000198":0.147361243,"ACH-000200":2.59102612,"ACH-000202":2.882855184,"ACH-000204":1.775415671,"ACH-000206":-0.011546018,"ACH-000207":-2.186754382,"ACH-000209":-2.125114602,"ACH-000211":3.482406907,"ACH-000212":-4.458127877,"ACH-000215":3.432466137,"ACH-000217":-6.801298354,"ACH-000219":-1.103148741,"ACH-000221":3.862613614,"ACH-000222":-0.933162914,"ACH-000223":2.174926027,"ACH-000226":-3.433195598,"ACH-000227":0.762358705,"ACH-000228":2.438682762,"ACH-000231":2.911000165,"ACH-000232":5.067277384,"ACH-000233":-1.439042257,"ACH-000234":1.636768753,"ACH-000235":-9.364103539,"ACH-000237":4.438734309,"ACH-000238":0.847229652,"ACH-000243":1.810563888,"ACH-000244":1.491679374,"ACH-000246":4.279814607,"ACH-000247":0.790530344,"ACH-000248":-3.505744508,"ACH-000249":-0.50052364,"ACH-000250":0.98348957,"ACH-000251":2.390552987,"ACH-000253":-2.82494271,"ACH-000255":2.947951432,"ACH-000256":2.358082363,"ACH-000257":-2.283523117,"ACH-000258":-0.544877913,"ACH-000259":-0.139820584,"ACH-000260":5.078570444,"ACH-000261":2.78475839,"ACH-000262":1.377732568,"ACH-000263":1.387897774,"ACH-000264":1.907010622,"ACH-000265":2.304267934,"ACH-000266":1.203485698,"ACH-000271":0.815990327,"ACH-000272":-2.372499913,"ACH-000273":-1.963147928,"ACH-000274":1.948530666,"ACH-000276":2.789663804,"ACH-000277":-3.280257979,"ACH-000278":1.966890041,"ACH-000279":-6.328738431,"ACH-000280":4.109931105,"ACH-000281":0.608145689,"ACH-000286":-1.107480883,"ACH-000288":3.840556565,"ACH-000290":-10.80303754,"ACH-000291":4.063380075,"ACH-000292":-0.313808712,"ACH-000293":2.151328746,"ACH-000294":-0.254596187,"ACH-000295":-3.434908435,"ACH-000296":3.417516859,"ACH-000302":3.351833697,"ACH-000304":-1.189410749,"ACH-000305":3.940953108,"ACH-000307":-1.307707109,"ACH-000308":2.169216375,"ACH-000310":2.268333449,"ACH-000311":-0.847581684,"ACH-000312":0.130106021,"ACH-000315":-2.42378381,"ACH-000316":1.409065817,"ACH-000317":-0.271620663,"ACH-000318":3.374951246,"ACH-000319":-0.889757112,"ACH-000320":3.787826579,"ACH-000322":1.725032597,"ACH-000323":3.496815705,"ACH-000324":2.947034275,"ACH-000326":-6.433671974,"ACH-000329":2.591589897,"ACH-000330":-1.54414551,"ACH-000331":5.219471099,"ACH-000332":4.775720065,"ACH-000334":-1.178475116,"ACH-000335":0.066297591,"ACH-000336":2.813578938,"ACH-000337":-0.098030534,"ACH-000339":-5.396451422,"ACH-000341":1.825592802,"ACH-000343":1.378212281,"ACH-000344":-0.786522638,"ACH-000348":1.925931642,"ACH-000350":2.278083335,"ACH-000352":-0.790726697,"ACH-000355":-0.312193612,"ACH-000356":-0.719109588,"ACH-000361":0.088831438,"ACH-000362":-0.820686005,"ACH-000363":0.334364627,"ACH-000364":2.307833293,"ACH-000365":-3.446545853,"ACH-000366":0.670652613,"ACH-000368":2.596153664,"ACH-000370":1.034515641,"ACH-000374":3.998168783,"ACH-000375":0.170912192,"ACH-000376":4.20654761,"ACH-000377":-4.633462199,"ACH-000378":1.122119549,"ACH-000381":-1.721845131,"ACH-000383":-5.51323413,"ACH-000385":2.534724607,"ACH-000387":-2.958110028,"ACH-000389":4.152357455,"ACH-000390":-1.818914362,"ACH-000393":0.438570314,"ACH-000395":-1.513627068,"ACH-000397":2.0463705,"ACH-000401":-4.66933608,"ACH-000402":-0.650993379,"ACH-000403":3.790338238,"ACH-000404":-5.559993535,"ACH-000405":-2.210208183,"ACH-000406":-7.806873985,"ACH-000407":0.79613421,"ACH-000408":4.116851883,"ACH-000410":3.970231069,"ACH-000411":0.307691584,"ACH-000414":0.093491167,"ACH-000415":2.668689131,"ACH-000416":-6.614939282,"ACH-000420":1.135200241,"ACH-000421":-4.245327551,"ACH-000422":2.993469043,"ACH-000424":3.658649119,"ACH-000425":-0.607421005,"ACH-000426":0.995220867,"ACH-000427":1.325429215,"ACH-000431":3.018338278,"ACH-000433":1.806477099,"ACH-000434":2.722879152,"ACH-000435":-3.106083602,"ACH-000436":0.96129712,"ACH-000437":2.511737429,"ACH-000438":1.007203781,"ACH-000444":0.744219658,"ACH-000445":3.536414273,"ACH-000448":-1.502937912,"ACH-000450":0.616275217,"ACH-000452":3.055922358,"ACH-000454":1.140686836,"ACH-000458":3.327301336,"ACH-000459":2.004520032,"ACH-000460":-4.856251767,"ACH-000461":1.025635217,"ACH-000463":4.480613357,"ACH-000464":1.370345915,"ACH-000466":2.158664404,"ACH-000467":-4.285341492,"ACH-000468":3.022592437,"ACH-000469":2.258751962,"ACH-000470":1.600169962,"ACH-000471":2.039084298,"ACH-000472":2.843454898,"ACH-000473":2.788870053,"ACH-000475":4.734831205,"ACH-000476":-0.18676506,"ACH-000477":2.075898545,"ACH-000478":0.408407129,"ACH-000480":5.203931594,"ACH-000481":-0.615133664,"ACH-000483":-0.583254878,"ACH-000484":1.815649936,"ACH-000485":0.615046948,"ACH-000486":2.701096673,"ACH-000487":0.188206503,"ACH-000488":4.930399188,"ACH-000490":3.765673287,"ACH-000491":-5.247062382,"ACH-000493":2.403495284,"ACH-000495":1.665397356,"ACH-000496":-0.123144499,"ACH-000498":1.517412524,"ACH-000499":1.737716167,"ACH-000500":2.658356607,"ACH-000502":-6.08452722,"ACH-000503":-0.565079846,"ACH-000504":1.353679947,"ACH-000505":3.625625934,"ACH-000507":-6.834724149,"ACH-000510":-1.271708525,"ACH-000511":3.15859184,"ACH-000512":-1.347335674,"ACH-000514":-4.577680869,"ACH-000516":1.924069188,"ACH-000517":-0.620753482,"ACH-000518":3.307035707,"ACH-000520":1.708696138,"ACH-000521":2.644469806,"ACH-000522":-1.117688487,"ACH-000524":2.021553863,"ACH-000527":4.16248919,"ACH-000528":3.714761518,"ACH-000535":3.250788847,"ACH-000537":1.122798564,"ACH-000541":1.725867167,"ACH-000542":0.930135199,"ACH-000544":2.331197401,"ACH-000545":4.189439938,"ACH-000547":4.433272325,"ACH-000548":1.171941979,"ACH-000549":4.48707258,"ACH-000550":0.552834441,"ACH-000551":-0.041091311,"ACH-000552":3.339460306,"ACH-000556":-2.371016853,"ACH-000557":-4.450742055,"ACH-000563":2.401495064,"ACH-000570":3.068833594,"ACH-000571":2.105186986,"ACH-000573":-1.900567037,"ACH-000576":-3.5869123,"ACH-000577":-1.665624093,