{"scores":{"ACH-000004":2.862149116,"ACH-000005":2.472811617,"ACH-000007":2.604476958,"ACH-000009":0.365308602,"ACH-000011":-14.88233605,"ACH-000012":-4.237254001,"ACH-000013":3.190389131,"ACH-000014":3.223329079,"ACH-000015":2.55879281,"ACH-000017":0.613808158,"ACH-000018":3.27714985,"ACH-000019":3.087887563,"ACH-000021":3.279558046,"ACH-000022":1.865590554,"ACH-000024":3.273691937,"ACH-000025":2.803293894,"ACH-000028":3.142201457,"ACH-000029":-5.879073423,"ACH-000030":2.788308805,"ACH-000035":-4.524915251,"ACH-000036":-14.86090638,"ACH-000037":2.843133495,"ACH-000039":3.057240568,"ACH-000040":-15.0668915,"ACH-000041":-0.292776064,"ACH-000042":-13.80500938,"ACH-000045":3.23607776,"ACH-000047":2.419779901,"ACH-000048":3.030286283,"ACH-000052":2.836731622,"ACH-000053":3.279518676,"ACH-000054":3.050614278,"ACH-000055":2.784490318,"ACH-000060":-8.846020501,"ACH-000067":-7.345914458,"ACH-000070":2.055111267,"ACH-000074":2.729825144,"ACH-000075":-3.439576177,"ACH-000076":3.037916558,"ACH-000078":3.256798635,"ACH-000082":3.205003016,"ACH-000085":3.255252463,"ACH-000086":3.261861675,"ACH-000087":1.451692062,"ACH-000092":3.2201179,"ACH-000095":3.135089443,"ACH-000096":-1.775774261,"ACH-000097":1.101600779,"ACH-000098":-20,"ACH-000099":2.612805376,"ACH-000108":3.251599639,"ACH-000111":2.844433646,"ACH-000113":3.200492901,"ACH-000114":3.084903906,"ACH-000115":3.273813673,"ACH-000116":1.487317197,"ACH-000118":3.039379434,"ACH-000120":2.98287948,"ACH-000123":3.147685266,"ACH-000127":3.278056154,"ACH-000128":-2.979430702,"ACH-000132":2.685478255,"ACH-000133":3.269726011,"ACH-000137":3.277309899,"ACH-000138":3.23506341,"ACH-000141":-9.0440043,"ACH-000142":-5.864410136,"ACH-000143":3.207359795,"ACH-000146":3.260287715,"ACH-000148":2.909347271,"ACH-000150":3.140617114,"ACH-000151":2.974778852,"ACH-000152":3.093477436,"ACH-000153":3.025035332,"ACH-000159":2.38102573,"ACH-000160":1.506410035,"ACH-000163":3.074546763,"ACH-000164":3.242657902,"ACH-000167":3.160203688,"ACH-000168":3.053591051,"ACH-000169":3.234207762,"ACH-000174":3.277250767,"ACH-000178":3.204219149,"ACH-000182":3.276651285,"ACH-000183":1.421422492,"ACH-000187":2.017972128,"ACH-000188":3.00810847,"ACH-000189":3.277183913,"ACH-000190":3.07394384,"ACH-000198":3.078801492,"ACH-000200":2.561111739,"ACH-000202":1.879486383,"ACH-000204":2.070483468,"ACH-000206":1.639006601,"ACH-000207":-3.499289275,"ACH-000209":1.538078684,"ACH-000211":1.684474438,"ACH-000212":3.275575205,"ACH-000215":-0.105004944,"ACH-000217":2.809340522,"ACH-000219":3.279148037,"ACH-000221":3.131186877,"ACH-000222":1.753682739,"ACH-000223":3.181466378,"ACH-000226":2.647997112,"ACH-000227":2.774137219,"ACH-000228":3.174883252,"ACH-000231":3.247345871,"ACH-000232":1.252369343,"ACH-000233":2.655477131,"ACH-000234":1.184056191,"ACH-000235":0.773716036,"ACH-000237":2.954529705,"ACH-000238":-6.708444302,"ACH-000243":3.089424034,"ACH-000244":-6.535077997,"ACH-000246":1.345717119,"ACH-000247":3.220704124,"ACH-000248":3.002007303,"ACH-000249":3.250451189,"ACH-000250":-2.763867541,"ACH-000251":2.846048015,"ACH-000253":2.817648542,"ACH-000255":2.251467472,"ACH-000256":3.12014954,"ACH-000257":2.752384519,"ACH-000258":2.372996155,"ACH-000259":3.270084654,"ACH-000260":3.17178724,"ACH-000261":3.276149588,"ACH-000262":2.54951698,"ACH-000263":-0.208283434,"ACH-000264":3.050233456,"ACH-000265":0.682119345,"ACH-000266":-11.54203428,"ACH-000271":3.035876449,"ACH-000272":2.688549176,"ACH-000273":3.268240619,"ACH-000274":3.26450328,"ACH-000276":3.132587766,"ACH-000277":2.151907211,"ACH-000278":2.942711443,"ACH-000279":3.203461154,"ACH-000280":-7.752184599,"ACH-000281":2.879998063,"ACH-000286":2.71772625,"ACH-000288":3.025936669,"ACH-000290":3.112963912,"ACH-000291":3.076657803,"ACH-000292":2.722561478,"ACH-000293":3.199288037,"ACH-000294":3.257972394,"ACH-000295":3.209135231,"ACH-000296":2.1508105,"ACH-000302":2.972797012,"ACH-000304":2.342828141,"ACH-000305":-8.473982467,"ACH-000307":2.333530754,"ACH-000308":3.262639753,"ACH-000310":3.044480342,"ACH-000311":3.210482937,"ACH-000312":3.033795136,"ACH-000315":2.719107965,"ACH-000316":1.185110131,"ACH-000317":2.888653615,"ACH-000318":-4.082685705,"ACH-000319":3.202868927,"ACH-000320":2.857162613,"ACH-000322":3.247491495,"ACH-000323":3.249009433,"ACH-000324":-0.022050089,"ACH-000326":3.272758193,"ACH-000329":2.191806379,"ACH-000330":2.171055329,"ACH-000331":3.219282152,"ACH-000332":3.132639037,"ACH-000334":3.229422258,"ACH-000335":1.556557827,"ACH-000336":1.953758854,"ACH-000337":-0.301825448,"ACH-000339":2.836947343,"ACH-000341":2.863034916,"ACH-000343":3.200716708,"ACH-000344":3.083128656,"ACH-000348":3.203862609,"ACH-000350":1.761038048,"ACH-000352":3.263247384,"ACH-000355":3.014671193,"ACH-000356":-11.98206111,"ACH-000361":3.279559651,"ACH-000362":3.218242937,"ACH-000363":3.081099704,"ACH-000364":-1.370537982,"ACH-000365":3.217138565,"ACH-000366":3.229975558,"ACH-000368":-0.193405735,"ACH-000370":2.004766002,"ACH-000374":2.999419861,"ACH-000375":1.911079803,"ACH-000376":-2.788805747,"ACH-000377":0.718882031,"ACH-000378":3.18992399,"ACH-000381":3.257363054,"ACH-000383":-20,"ACH-000385":2.646803904,"ACH-000387":3.036959776,"ACH-000389":-4.132803641,"ACH-000390":1.505069524,"ACH-000393":3.233733941,"ACH-000395":2.705877977,"ACH-000397":3.214131133,"ACH-000401":2.089513384,"ACH-000402":3.255906856,"ACH-000403":3.063409186,"ACH-000404":3.026549196,"ACH-000405":3.262228354,"ACH-000406":2.894469565,"ACH-000407":2.452774219,"ACH-000408":-3.508673113,"ACH-000410":3.0973059,"ACH-000411":3.153487967,"ACH-000414":0.771931669,"ACH-000415":-8.955691059,"ACH-000416":3.195687417,"ACH-000420":1.34472941,"ACH-000421":1.620281322,"ACH-000422":2.302635075,"ACH-000424":0.427550096,"ACH-000425":3.196961283,"ACH-000426":3.052638099,"ACH-000427":-1.991372878,"ACH-000431":3.269924613,"ACH-000433":-0.286726375,"ACH-000434":3.202653132,"ACH-000435":3.266488907,"ACH-000436":3.019328942,"ACH-000437":2.994487856,"ACH-000438":2.311927546,"ACH-000444":3.231354228,"ACH-000445":-4.54004302,"ACH-000448":-7.560754616,"ACH-000450":3.194164101,"ACH-000452":-12.04944408,"ACH-000454":1.809477559,"ACH-000458":3.274345867,"ACH-000459":3.121037979,"ACH-000460":-2.747520243,"ACH-000461":1.993841602,"ACH-000463":2.965117188,"ACH-000464":-0.459341861,"ACH-000466":-4.28173781,"ACH-000467":3.270986944,"ACH-000468":3.029278332,"ACH-000469":-15.04961722,"ACH-000470":2.148419454,"ACH-000471":0.906079723,"ACH-000472":-2.552555052,"ACH-000473":3.086682953,"ACH-000475":3.200648503,"ACH-000476":3.174976861,"ACH-000477":2.981581303,"ACH-000478":2.811479031,"ACH-000480":2.265256596,"ACH-000481":3.276458958,"ACH-000483":2.456149309,"ACH-000484":2.778985698,"ACH-000485":2.904056284,"ACH-000486":3.278584884,"ACH-000487":1.812966556,"ACH-000488":-3.696701841,"ACH-000490":1.524358922,"ACH-000491":-1.829535734,"ACH-000493":1.411305447,"ACH-000495":3.277610888,"ACH-000496":-0.919831121,"ACH-000498":2.9416624,"ACH-000499":0.172806364,"ACH-000500":3.240786908,"ACH-000502":3.26520689,"ACH-000503":-4.185591782,"ACH-000504":1.991226537,"ACH-000505":3.253948221,"ACH-000507":1.997291538,"ACH-000510":2.637207812,"ACH-000511":3.266165772,"ACH-000512":3.274436936,"ACH-000514":3.270956204,"ACH-000516":3.243965978,"ACH-000517":3.158143248,"ACH-000518":-4.582413542,"ACH-000520":3.109082415,"ACH-000521":1.489626597,"ACH-000522":3.275888418,"ACH-000524":3.263211704,"ACH-000527":-0.458287162,"ACH-000528":2.847772727,"ACH-000535":1.171895929,"ACH-000537":-4.155233268,"ACH-000541":2.718387172,"ACH-000542":2.970033767,"ACH-000544":-2.134687094,"ACH-000545":-1.496788434,"ACH-000547":3.217211812,"ACH-000548":-5.836126831,"ACH-000549":-18.73377038,"ACH-000550":3.279429947,"ACH-000551":1.303373807,"ACH-000552":0.007876369,"ACH-000556":3.248194229,"ACH-000557":3.258877688,"ACH-000563":-20,"ACH-000570":-12.90666997,"ACH-000571":3.279432354,"ACH-000573":2.336377844,"ACH-000576":2.634261387,"ACH-000577":3.255211564,"ACH-000579":3.244925458,"ACH-000580":2.401002766,"ACH-000581":1.942356226,