{"scores":{"ACH-000004":0.146506277,"ACH-000005":-2.232189875,"ACH-000007":-1.740659805,"ACH-000009":0.935074197,"ACH-000011":1.555032574,"ACH-000012":2.717430034,"ACH-000013":3.749916069,"ACH-000014":1.345849143,"ACH-000015":1.532041557,"ACH-000017":-0.646947818,"ACH-000018":1.877850726,"ACH-000019":-0.369913062,"ACH-000021":3.748177264,"ACH-000022":2.497832337,"ACH-000024":-2.326395383,"ACH-000025":0.325146347,"ACH-000028":0.463376097,"ACH-000029":2.545282648,"ACH-000030":-6.895509404,"ACH-000035":1.087387169,"ACH-000036":3.37122103,"ACH-000037":2.12776497,"ACH-000039":3.036950529,"ACH-000040":2.462033346,"ACH-000041":1.455199025,"ACH-000042":-0.102721352,"ACH-000045":0.973573253,"ACH-000047":0.332299613,"ACH-000048":4.039850047,"ACH-000052":3.266430313,"ACH-000053":-5.116831554,"ACH-000054":2.290183093,"ACH-000055":3.619499923,"ACH-000060":2.606592439,"ACH-000067":2.55451997,"ACH-000070":-0.49221472,"ACH-000074":1.302768142,"ACH-000075":2.188641669,"ACH-000076":-3.242913297,"ACH-000078":2.478027644,"ACH-000082":1.878988177,"ACH-000085":4.005060739,"ACH-000086":3.447456939,"ACH-000087":2.502086376,"ACH-000092":1.910441894,"ACH-000095":4.016256244,"ACH-000096":3.821526918,"ACH-000097":-0.201780995,"ACH-000098":2.870808585,"ACH-000099":0.399203379,"ACH-000108":-6.121395509,"ACH-000111":-0.947286447,"ACH-000113":4.302545775,"ACH-000114":1.526987321,"ACH-000115":2.133749731,"ACH-000116":3.250459456,"ACH-000118":4.291935054,"ACH-000120":4.269787752,"ACH-000123":2.447410216,"ACH-000127":-1.379224128,"ACH-000128":0.724102164,"ACH-000132":2.314084059,"ACH-000133":3.209976178,"ACH-000137":1.734687951,"ACH-000138":-0.945255885,"ACH-000141":1.553495398,"ACH-000142":1.658439536,"ACH-000143":2.066123487,"ACH-000146":-1.759422047,"ACH-000148":3.706536359,"ACH-000150":2.672854292,"ACH-000151":1.035155282,"ACH-000152":3.125013683,"ACH-000153":2.375069524,"ACH-000159":-1.878196856,"ACH-000160":2.677886121,"ACH-000163":1.851182478,"ACH-000164":1.871505077,"ACH-000167":0.943175088,"ACH-000168":0.683225648,"ACH-000169":4.150026328,"ACH-000174":1.929607155,"ACH-000178":0.535878111,"ACH-000182":-2.882779033,"ACH-000183":-2.442231528,"ACH-000187":1.299369016,"ACH-000188":2.214435548,"ACH-000189":1.183238621,"ACH-000190":2.718194884,"ACH-000198":-0.911593642,"ACH-000200":3.575041938,"ACH-000202":0.970238733,"ACH-000204":0.833088807,"ACH-000206":1.897528384,"ACH-000207":0.805705546,"ACH-000209":2.72643974,"ACH-000211":3.796323065,"ACH-000212":-2.135994164,"ACH-000215":3.441769924,"ACH-000217":2.638411004,"ACH-000219":-2.784359823,"ACH-000221":2.831687415,"ACH-000222":-1.558247397,"ACH-000223":0.433064404,"ACH-000226":-4.532198846,"ACH-000227":2.654559236,"ACH-000228":2.805348733,"ACH-000231":2.9984073,"ACH-000232":4.249487708,"ACH-000233":-0.407148005,"ACH-000234":-0.717965362,"ACH-000235":-9.618100038,"ACH-000237":3.529455736,"ACH-000238":1.372967538,"ACH-000243":1.086368635,"ACH-000244":1.498960583,"ACH-000246":3.48751553,"ACH-000247":0.32935776,"ACH-000248":0.340734275,"ACH-000249":0.601149394,"ACH-000250":1.506258594,"ACH-000251":1.234244723,"ACH-000253":-3.196314143,"ACH-000255":3.199703584,"ACH-000256":1.893111019,"ACH-000257":0.799294535,"ACH-000258":-5.409336745,"ACH-000259":0.913478791,"ACH-000260":3.716632683,"ACH-000261":3.944460943,"ACH-000262":2.107201503,"ACH-000263":0.440808373,"ACH-000264":0.184616262,"ACH-000265":2.007254967,"ACH-000266":0.472386905,"ACH-000271":1.042588592,"ACH-000272":-2.249842465,"ACH-000273":0.338164819,"ACH-000274":2.406300459,"ACH-000276":2.331818849,"ACH-000277":-0.629633277,"ACH-000278":2.249997865,"ACH-000279":-2.055283184,"ACH-000280":2.060714783,"ACH-000281":0.644134271,"ACH-000286":-0.311069408,"ACH-000288":3.295504633,"ACH-000290":-6.509603361,"ACH-000291":4.248540045,"ACH-000292":3.706448613,"ACH-000293":2.151756866,"ACH-000294":-2.227646292,"ACH-000295":-0.600157294,"ACH-000296":0.193935099,"ACH-000302":2.381620425,"ACH-000304":1.162977759,"ACH-000305":2.55682791,"ACH-000307":-4.796069815,"ACH-000308":1.942498345,"ACH-000310":3.448170861,"ACH-000311":-0.570908687,"ACH-000312":-0.58038443,"ACH-000315":1.59851619,"ACH-000316":2.711810074,"ACH-000317":1.287317028,"ACH-000318":-4.292178138,"ACH-000319":3.259420774,"ACH-000320":1.143305678,"ACH-000322":1.090074507,"ACH-000323":2.666286327,"ACH-000324":3.357338369,"ACH-000326":-1.795117646,"ACH-000329":2.547912578,"ACH-000330":-0.631155237,"ACH-000331":4.072781559,"ACH-000332":2.225955266,"ACH-000334":-1.390856966,"ACH-000335":-0.336002894,"ACH-000336":2.527251909,"ACH-000337":-1.282579432,"ACH-000339":-5.084209492,"ACH-000341":1.404459443,"ACH-000343":2.34284459,"ACH-000344":-2.976025048,"ACH-000348":1.400323051,"ACH-000350":1.385229888,"ACH-000352":-3.23917646,"ACH-000355":0.773793449,"ACH-000356":-0.000859159,"ACH-000361":2.403664557,"ACH-000362":-0.904184295,"ACH-000363":1.137853877,"ACH-000364":2.816108356,"ACH-000365":-0.203154788,"ACH-000366":1.70067998,"ACH-000368":2.193395433,"ACH-000370":1.501771287,"ACH-000374":2.214004947,"ACH-000375":1.446746622,"ACH-000376":3.184239157,"ACH-000377":-0.516853568,"ACH-000378":1.968255952,"ACH-000381":-0.791518171,"ACH-000383":-9.48549805,"ACH-000385":3.750790697,"ACH-000387":-3.083527807,"ACH-000389":3.904092987,"ACH-000390":-5.730633728,"ACH-000393":3.421255935,"ACH-000395":-1.751944536,"ACH-000397":2.999246968,"ACH-000401":-5.38442779,"ACH-000402":1.375464738,"ACH-000403":3.388297081,"ACH-000404":0.448352018,"ACH-000405":-2.719128087,"ACH-000406":-5.557417696,"ACH-000407":2.506665467,"ACH-000408":0.449175561,"ACH-000410":2.338668759,"ACH-000411":-3.839924192,"ACH-000414":0.971554344,"ACH-000415":1.650029413,"ACH-000416":-6.697871497,"ACH-000420":3.089847516,"ACH-000421":-2.352415441,"ACH-000422":3.015234578,"ACH-000424":1.702246477,"ACH-000425":3.327810876,"ACH-000426":1.135309522,"ACH-000427":1.747006663,"ACH-000431":3.216029053,"ACH-000433":2.723841269,"ACH-000434":0.812156919,"ACH-000435":-0.569295648,"ACH-000436":-1.529334669,"ACH-000437":3.27544586,"ACH-000438":1.100312801,"ACH-000444":0.745513438,"ACH-000445":2.687442197,"ACH-000448":-4.593700245,"ACH-000450":2.043835415,"ACH-000452":1.207633474,"ACH-000454":0.236406664,"ACH-000458":3.324953242,"ACH-000459":-0.507238423,"ACH-000460":-2.543231696,"ACH-000461":1.562904151,"ACH-000463":4.270921795,"ACH-000464":1.672592047,"ACH-000466":2.645210273,"ACH-000467":-0.986898631,"ACH-000468":1.324870186,"ACH-000469":3.737860227,"ACH-000470":2.963814614,"ACH-000471":-0.471873239,"ACH-000472":2.410938069,"ACH-000473":3.557914879,"ACH-000475":1.204252818,"ACH-000476":1.879803152,"ACH-000477":1.419717965,"ACH-000478":3.312099866,"ACH-000480":3.691637883,"ACH-000481":-1.450205779,"ACH-000483":1.408957872,"ACH-000484":2.926780649,"ACH-000485":0.285254801,"ACH-000486":1.224227194,"ACH-000487":0.160255398,"ACH-000488":4.303435704,"ACH-000490":3.132368176,"ACH-000491":-4.165653366,"ACH-000493":1.856852573,"ACH-000495":2.140491159,"ACH-000496":-1.332573338,"ACH-000498":2.635633,"ACH-000499":2.102319171,"ACH-000500":0.576551763,"ACH-000502":-4.450694555,"ACH-000503":2.605494253,"ACH-000504":2.945941994,"ACH-000505":1.872003027,"ACH-000507":-5.957578144,"ACH-000510":1.209263957,"ACH-000511":2.289575684,"ACH-000512":0.480730404,"ACH-000514":-0.778272754,"ACH-000516":2.989028074,"ACH-000517":0.64340077,"ACH-000518":1.928206131,"ACH-000520":2.994856685,"ACH-000521":-0.576616459,"ACH-000522":0.89983417,"ACH-000524":2.65266821,"ACH-000527":2.370909526,"ACH-000528":4.001346239,"ACH-000535":2.091565597,"ACH-000537":2.435460333,"ACH-000541":0.023880366,"ACH-000542":0.160541742,"ACH-000544":2.170893013,"ACH-000545":3.020752491,"ACH-000547":1.271766549,"ACH-000548":1.113751966,"ACH-000549":0.877693478,"ACH-000550":1.546298349,"ACH-000551":-0.066179759,"ACH-000552":0.251217125,"ACH-000556":1.673911219,"ACH-000557":-8.35646565,"ACH-000563":2.579793187,"ACH-000570":2.86532,"ACH-000571":1.293288339,"ACH-000573":0.536449016,"ACH-000576":-2.023852997,"ACH-000577":3.042809975,"ACH-000579":2.311548268,