{"scores":{"ACH-000004":1.294622906,"ACH-000005":0.716155055,"ACH-000007":2.33841431,"ACH-000009":2.445959173,"ACH-000011":2.361171989,"ACH-000012":2.45992472,"ACH-000013":2.249843624,"ACH-000014":2.418233278,"ACH-000015":2.385618025,"ACH-000017":-4.784925715,"ACH-000018":1.405086651,"ACH-000019":2.43665525,"ACH-000021":-20,"ACH-000022":0.653757934,"ACH-000024":-9.157944805,"ACH-000025":2.443807841,"ACH-000028":-6.179840344,"ACH-000029":2.407649101,"ACH-000030":1.378612644,"ACH-000035":-20,"ACH-000036":1.043006516,"ACH-000037":2.429801278,"ACH-000039":2.351497047,"ACH-000040":2.461307785,"ACH-000041":2.441700199,"ACH-000042":2.209344026,"ACH-000045":-9.00973057,"ACH-000047":-6.098296332,"ACH-000048":2.412310948,"ACH-000052":2.465702718,"ACH-000053":-5.092383436,"ACH-000054":2.462840226,"ACH-000055":2.418748219,"ACH-000060":2.23793592,"ACH-000067":2.098803955,"ACH-000070":-9.633089323,"ACH-000074":2.044965406,"ACH-000075":-0.524786723,"ACH-000076":1.545237408,"ACH-000078":2.391885506,"ACH-000082":2.226038558,"ACH-000085":2.320179901,"ACH-000086":2.464573119,"ACH-000087":2.279761401,"ACH-000092":2.17429033,"ACH-000095":2.399171588,"ACH-000096":2.309111275,"ACH-000097":2.25042897,"ACH-000098":1.547968451,"ACH-000099":2.118038756,"ACH-000108":2.445248878,"ACH-000111":-20,"ACH-000113":-3.47122511,"ACH-000114":1.900296214,"ACH-000115":2.448263537,"ACH-000116":1.471439797,"ACH-000118":2.465850733,"ACH-000120":2.150292971,"ACH-000123":1.876871739,"ACH-000127":1.587126361,"ACH-000128":1.678316554,"ACH-000132":2.434960675,"ACH-000133":1.482531676,"ACH-000137":2.409518016,"ACH-000138":2.214286231,"ACH-000141":2.466238835,"ACH-000142":2.410421836,"ACH-000143":2.416120325,"ACH-000146":-3.275420748,"ACH-000148":2.418501128,"ACH-000150":2.214468568,"ACH-000151":-2.580999433,"ACH-000152":2.444609351,"ACH-000153":0.88962544,"ACH-000159":-20,"ACH-000160":2.200383248,"ACH-000163":2.298818916,"ACH-000164":2.466238835,"ACH-000167":2.429524622,"ACH-000168":-1.776145188,"ACH-000169":1.905387454,"ACH-000174":2.406203946,"ACH-000178":2.049746935,"ACH-000182":2.245901118,"ACH-000183":-3.806324894,"ACH-000187":2.405286867,"ACH-000188":2.423396166,"ACH-000189":0.814854919,"ACH-000190":1.985806109,"ACH-000198":-6.168637042,"ACH-000200":-0.043896254,"ACH-000202":2.455178449,"ACH-000204":-2.86259606,"ACH-000206":1.733576081,"ACH-000207":-20,"ACH-000209":2.33701927,"ACH-000211":2.152024078,"ACH-000212":-0.735993461,"ACH-000215":2.464828831,"ACH-000217":2.451699478,"ACH-000219":0.096904184,"ACH-000221":2.427914932,"ACH-000222":2.405552862,"ACH-000223":2.290539997,"ACH-000226":-11.21147952,"ACH-000227":2.26474202,"ACH-000228":-0.771473423,"ACH-000231":1.994907057,"ACH-000232":1.31399975,"ACH-000233":-8.464777836,"ACH-000234":0.901859194,"ACH-000235":1.857262279,"ACH-000237":2.338675541,"ACH-000238":1.14859548,"ACH-000243":2.445202314,"ACH-000244":2.117126342,"ACH-000246":2.451566012,"ACH-000247":2.109245905,"ACH-000248":0.771142369,"ACH-000249":-2.743359768,"ACH-000250":2.322748484,"ACH-000251":1.095390918,"ACH-000253":2.01055703,"ACH-000255":2.405657427,"ACH-000256":1.653152769,"ACH-000257":1.136989457,"ACH-000258":1.579161915,"ACH-000259":2.063461141,"ACH-000260":2.442014584,"ACH-000261":2.459637107,"ACH-000262":2.428367611,"ACH-000263":1.225831518,"ACH-000264":0.944962755,"ACH-000265":2.208216548,"ACH-000266":2.3491486,"ACH-000271":1.887084871,"ACH-000272":0.884117827,"ACH-000273":1.993436713,"ACH-000274":2.424511316,"ACH-000276":2.349623,"ACH-000277":-0.181762838,"ACH-000278":2.167323388,"ACH-000279":0.923160994,"ACH-000280":2.42051518,"ACH-000281":1.166370742,"ACH-000286":-2.318865557,"ACH-000288":2.463908273,"ACH-000290":1.244287796,"ACH-000291":2.20217956,"ACH-000292":2.350279945,"ACH-000293":2.299170392,"ACH-000294":-20,"ACH-000295":1.958906403,"ACH-000296":2.392716462,"ACH-000302":2.149839365,"ACH-000304":2.441154363,"ACH-000305":1.149607261,"ACH-000307":1.266288981,"ACH-000308":2.465969387,"ACH-000310":2.188273044,"ACH-000311":2.465431477,"ACH-000312":2.002637868,"ACH-000315":-6.067801337,"ACH-000316":2.22032127,"ACH-000317":1.103903013,"ACH-000318":1.764971155,"ACH-000319":2.290119405,"ACH-000320":2.378566396,"ACH-000322":1.958608714,"ACH-000323":2.464595954,"ACH-000324":2.1753358,"ACH-000326":-0.117316029,"ACH-000329":1.897187968,"ACH-000330":-5.459073067,"ACH-000331":2.456218237,"ACH-000332":2.325186409,"ACH-000334":-1.664763613,"ACH-000335":2.417875638,"ACH-000336":2.419688024,"ACH-000337":-1.750864471,"ACH-000339":1.065747692,"ACH-000341":2.410498951,"ACH-000343":1.568309015,"ACH-000344":2.034014608,"ACH-000348":1.755293292,"ACH-000350":2.404890708,"ACH-000352":2.17384243,"ACH-000355":2.446788659,"ACH-000356":0.947481588,"ACH-000361":2.456169347,"ACH-000362":0.891474651,"ACH-000363":2.465719237,"ACH-000364":2.351360853,"ACH-000365":-5.154392825,"ACH-000366":2.452878494,"ACH-000368":1.031941971,"ACH-000370":-0.83631551,"ACH-000374":2.45919467,"ACH-000375":2.094628963,"ACH-000376":2.342662168,"ACH-000377":2.340226487,"ACH-000378":2.262530613,"ACH-000381":2.32135347,"ACH-000383":2.347664704,"ACH-000385":1.960014449,"ACH-000387":1.356634327,"ACH-000389":2.462958897,"ACH-000390":0.87774643,"ACH-000393":1.649542164,"ACH-000395":2.368935304,"ACH-000397":2.44721575,"ACH-000401":-20,"ACH-000402":1.912116145,"ACH-000403":2.221086646,"ACH-000404":2.413852056,"ACH-000405":-2.882668668,"ACH-000406":-3.211372874,"ACH-000407":2.401160513,"ACH-000408":2.417354433,"ACH-000410":1.793934381,"ACH-000411":2.458472704,"ACH-000414":2.296064781,"ACH-000415":1.059318184,"ACH-000416":1.46523458,"ACH-000420":2.438255112,"ACH-000421":1.688567303,"ACH-000422":2.460258438,"ACH-000424":0.796018835,"ACH-000425":1.74508493,"ACH-000426":2.435869279,"ACH-000427":2.454865916,"ACH-000431":2.466000116,"ACH-000433":2.119653773,"ACH-000434":1.952562692,"ACH-000435":-0.061616,"ACH-000436":-0.950527127,"ACH-000437":1.710466849,"ACH-000438":2.062675274,"ACH-000444":2.422442379,"ACH-000445":2.138511824,"ACH-000448":2.363114552,"ACH-000450":2.446142666,"ACH-000452":0.686386552,"ACH-000454":1.661950133,"ACH-000458":2.288576387,"ACH-000459":2.230133123,"ACH-000460":-0.265721352,"ACH-000461":2.334746802,"ACH-000463":2.035246911,"ACH-000464":2.321336921,"ACH-000466":1.721119768,"ACH-000467":1.127045776,"ACH-000468":2.205781613,"ACH-000469":1.853131775,"ACH-000470":0.832987544,"ACH-000471":2.390512777,"ACH-000472":2.461634316,"ACH-000473":2.234021965,"ACH-000475":0.392857234,"ACH-000476":1.383617388,"ACH-000477":1.997511272,"ACH-000478":1.786681052,"ACH-000480":2.465372511,"ACH-000481":0.809827542,"ACH-000483":2.163287456,"ACH-000484":2.021436654,"ACH-000485":2.050590506,"ACH-000486":1.642338677,"ACH-000487":-11.776131,"ACH-000488":2.406402935,"ACH-000490":1.872952043,"ACH-000491":2.316694305,"ACH-000493":2.212100306,"ACH-000495":2.150482491,"ACH-000496":2.350014535,"ACH-000498":1.330877066,"ACH-000499":1.780860067,"ACH-000500":1.65106128,"ACH-000502":2.279407231,"ACH-000503":2.1682771,"ACH-000504":1.825390885,"ACH-000505":2.147396602,"ACH-000507":-0.52791322,"ACH-000510":2.465962098,"ACH-000511":1.239343354,"ACH-000512":1.704383231,"ACH-000514":2.252328479,"ACH-000516":2.248583493,"ACH-000517":2.440583004,"ACH-000518":2.466136456,"ACH-000520":2.352198517,"ACH-000521":2.412823514,"ACH-000522":1.732771917,"ACH-000524":2.334431319,"ACH-000527":1.70316763,"ACH-000528":2.363614611,"ACH-000535":2.459145994,"ACH-000537":2.12542217,"ACH-000541":2.153377907,"ACH-000542":2.459314383,"ACH-000544":2.338195043,"ACH-000545":2.461288335,"ACH-000547":2.154480426,"ACH-000548":2.453905423,"ACH-000549":2.034046664,"ACH-000550":-2.219103756,"ACH-000551":-3.904497695,"ACH-000552":2.171852839,"ACH-000556":1.149425161,"ACH-000557":0.672602175,"ACH-000563":2.455142579,"ACH-000570":2.412968765,"ACH-000571":2.03409661,"ACH-000573":2.414243811,"ACH-000576":-20,"ACH-000577":1.54443171,"ACH-000579":2.272383369,"ACH-000580":2.451930201,"ACH-000581":2.425897754,"ACH-000583":-2.471809956,"ACH-000584":-1.194282283,"ACH-000585":2.460798387,