{"scores":{"ACH-000004":8.830611545,"ACH-000005":9.145359633,"ACH-000007":9.244712514,"ACH-000009":9.129686669,"ACH-000011":8.075125903,"ACH-000012":8.821515366,"ACH-000013":6.299140236,"ACH-000014":7.835345766,"ACH-000015":7.582394422,"ACH-000017":8.927776874,"ACH-000018":9.291217032,"ACH-000019":7.33042181,"ACH-000021":5.498770352,"ACH-000022":9.134089514,"ACH-000024":-20,"ACH-000025":7.509114478,"ACH-000028":9.085315853,"ACH-000029":7.229207657,"ACH-000030":6.491738881,"ACH-000035":2.135676868,"ACH-000036":8.250655961,"ACH-000037":8.661420271,"ACH-000039":9.154400752,"ACH-000040":7.686762341,"ACH-000041":7.152424012,"ACH-000042":8.348453286,"ACH-000045":-20,"ACH-000047":7.188236459,"ACH-000048":8.798703924,"ACH-000052":7.500633199,"ACH-000053":2.934443175,"ACH-000054":8.486361709,"ACH-000055":9.28940374,"ACH-000060":6.296943607,"ACH-000067":8.914906626,"ACH-000070":4.674393604,"ACH-000074":7.799917055,"ACH-000075":9.236518913,"ACH-000076":9.094872313,"ACH-000078":7.706137655,"ACH-000082":9.21268713,"ACH-000085":7.481481081,"ACH-000086":7.948542755,"ACH-000087":6.901380803,"ACH-000092":7.738905354,"ACH-000095":8.903312046,"ACH-000096":7.930027473,"ACH-000097":8.009702106,"ACH-000098":8.588442676,"ACH-000099":9.279353471,"ACH-000108":8.564944416,"ACH-000111":4.948277816,"ACH-000113":-20,"ACH-000114":2.792791169,"ACH-000115":9.280649875,"ACH-000116":8.817080172,"ACH-000118":8.246652733,"ACH-000120":8.988304129,"ACH-000123":9.032724989,"ACH-000127":8.60438978,"ACH-000128":5.951035124,"ACH-000132":7.128444337,"ACH-000133":7.254176878,"ACH-000137":9.039029823,"ACH-000138":8.950710324,"ACH-000141":2.923459745,"ACH-000142":7.773264837,"ACH-000143":8.912468245,"ACH-000146":-15.78665501,"ACH-000148":8.239452272,"ACH-000150":9.157742029,"ACH-000151":6.943606167,"ACH-000152":7.645683755,"ACH-000153":8.375642437,"ACH-000159":8.111440269,"ACH-000160":0,"ACH-000163":7.575765802,"ACH-000164":8.962048274,"ACH-000167":7.932170274,"ACH-000168":8.691837779,"ACH-000169":8.429620653,"ACH-000174":7.309487795,"ACH-000178":8.167836178,"ACH-000182":9.187758108,"ACH-000183":4.716456105,"ACH-000187":8.884616432,"ACH-000188":6.560433734,"ACH-000189":9.175199821,"ACH-000190":-20,"ACH-000198":0,"ACH-000200":7.884996146,"ACH-000202":8.161835662,"ACH-000204":4.531541375,"ACH-000206":8.410068078,"ACH-000207":5.286855429,"ACH-000209":9.281460031,"ACH-000211":8.731265906,"ACH-000212":4.590985582,"ACH-000215":8.674553311,"ACH-000217":7.840482137,"ACH-000219":9.033482073,"ACH-000221":7.460211308,"ACH-000222":7.134414215,"ACH-000223":5.922577468,"ACH-000226":8.823180435,"ACH-000227":5.567579544,"ACH-000228":7.014866673,"ACH-000231":6.160890379,"ACH-000232":8.820060239,"ACH-000233":8.777833075,"ACH-000234":8.804989036,"ACH-000235":9.223645543,"ACH-000237":8.525517122,"ACH-000238":3.895059671,"ACH-000243":9.103618498,"ACH-000244":9.187227489,"ACH-000246":8.477436739,"ACH-000247":7.7156759,"ACH-000248":3.080295028,"ACH-000249":9.286683494,"ACH-000250":8.904796879,"ACH-000251":9.241522785,"ACH-000253":8.5181564,"ACH-000255":8.965329937,"ACH-000256":7.966049285,"ACH-000257":8.597453936,"ACH-000258":9.191857763,"ACH-000259":7.395716052,"ACH-000260":8.671518923,"ACH-000261":8.77983177,"ACH-000262":8.682022421,"ACH-000263":-1.784347515,"ACH-000264":6.921141946,"ACH-000265":7.094207612,"ACH-000266":9.270927015,"ACH-000271":5.961439178,"ACH-000272":8.179989785,"ACH-000273":0,"ACH-000274":6.734224258,"ACH-000276":7.428317222,"ACH-000277":4.537432621,"ACH-000278":8.399133729,"ACH-000279":7.476179324,"ACH-000280":8.603030572,"ACH-000281":9.1865168,"ACH-000286":3.900933492,"ACH-000288":8.850015941,"ACH-000290":8.602799175,"ACH-000291":9.289504935,"ACH-000292":8.560212478,"ACH-000293":7.625533109,"ACH-000294":-12.67159541,"ACH-000295":-0.404682718,"ACH-000296":9.104141759,"ACH-000302":8.491939143,"ACH-000304":7.362810913,"ACH-000305":7.502534392,"ACH-000307":8.98403501,"ACH-000308":6.837023039,"ACH-000310":5.170599063,"ACH-000311":7.366736919,"ACH-000312":8.949073136,"ACH-000315":6.780156897,"ACH-000316":7.767987416,"ACH-000317":8.000981298,"ACH-000318":7.374853313,"ACH-000319":6.501962185,"ACH-000320":6.239426237,"ACH-000322":6.369248258,"ACH-000323":5.698044173,"ACH-000324":8.997004784,"ACH-000326":-8.467397409,"ACH-000329":8.452385733,"ACH-000330":8.307265742,"ACH-000331":8.022810782,"ACH-000332":8.731756347,"ACH-000334":9.156787166,"ACH-000335":8.501242464,"ACH-000336":7.380471582,"ACH-000337":6.317861682,"ACH-000339":8.736671741,"ACH-000341":6.523186556,"ACH-000343":8.511467914,"ACH-000344":9.22247262,"ACH-000348":8.532295278,"ACH-000350":6.397570008,"ACH-000352":6.106867618,"ACH-000355":7.472527718,"ACH-000356":8.993583053,"ACH-000361":9.220673398,"ACH-000362":-20,"ACH-000363":8.49066507,"ACH-000364":7.857131348,"ACH-000365":8.565942735,"ACH-000366":8.312223874,"ACH-000368":6.809766317,"ACH-000370":8.238009874,"ACH-000374":7.374265033,"ACH-000375":9.243224086,"ACH-000376":7.506315371,"ACH-000377":6.986424304,"ACH-000378":8.733977266,"ACH-000381":7.52420175,"ACH-000383":9.277718099,"ACH-000385":9.258580132,"ACH-000387":9.204975501,"ACH-000389":7.874807706,"ACH-000390":6.213568228,"ACH-000393":8.405067174,"ACH-000395":8.941262275,"ACH-000397":7.702110323,"ACH-000401":5.829301827,"ACH-000402":7.071602399,"ACH-000403":7.91198872,"ACH-000404":9.26109539,"ACH-000405":9.151001714,"ACH-000406":-20,"ACH-000407":8.290526679,"ACH-000408":5.515114442,"ACH-000410":5.150030097,"ACH-000411":9.177340491,"ACH-000414":8.774706464,"ACH-000415":6.551063914,"ACH-000416":8.102788908,"ACH-000420":6.548087768,"ACH-000421":9.175020847,"ACH-000422":6.364354894,"ACH-000424":9.021097634,"ACH-000425":9.11795574,"ACH-000426":4.564010369,"ACH-000427":9.218648081,"ACH-000431":8.359753748,"ACH-000433":8.60701053,"ACH-000434":0.409817471,"ACH-000435":9.253888236,"ACH-000436":8.891409059,"ACH-000437":9.239708519,"ACH-000438":8.945091758,"ACH-000444":9.291831595,"ACH-000445":8.529343506,"ACH-000448":7.713738448,"ACH-000450":8.792525692,"ACH-000452":7.949199673,"ACH-000454":9.246442364,"ACH-000458":8.633872091,"ACH-000459":5.115953501,"ACH-000460":8.561199995,"ACH-000461":8.710997392,"ACH-000463":9.207032985,"ACH-000464":7.901305957,"ACH-000466":3.248078994,"ACH-000467":9.164355094,"ACH-000468":4.685711749,"ACH-000469":7.372880914,"ACH-000470":7.136337284,"ACH-000471":7.540909253,"ACH-000472":9.165765459,"ACH-000473":8.921770432,"ACH-000475":7.082581355,"ACH-000476":8.706886537,"ACH-000477":8.732205686,"ACH-000478":8.400034599,"ACH-000480":8.39692673,"ACH-000481":6.201649488,"ACH-000483":9.007978144,"ACH-000484":9.292127139,"ACH-000485":7.894300877,"ACH-000486":8.188165347,"ACH-000487":8.545971669,"ACH-000488":7.743473729,"ACH-000490":8.8350359,"ACH-000491":8.334219141,"ACH-000493":7.919777377,"ACH-000495":5.668272198,"ACH-000496":9.286371842,"ACH-000498":6.621624544,"ACH-000499":7.689635917,"ACH-000500":8.278630332,"ACH-000502":9.272044831,"ACH-000503":8.707454471,"ACH-000504":8.738615157,"ACH-000505":8.479871197,"ACH-000507":9.122956063,"ACH-000510":5.366199908,"ACH-000511":8.997103492,"ACH-000512":8.184670048,"ACH-000514":7.93005203,"ACH-000516":8.777265381,"ACH-000517":8.097414981,"ACH-000518":7.846824923,"ACH-000520":4.460855023,"ACH-000521":7.580973946,"ACH-000522":8.859105096,"ACH-000524":7.757911882,"ACH-000527":8.264401571,"ACH-000528":8.486668115,"ACH-000535":7.434132933,"ACH-000537":8.12711736,"ACH-000541":5.576972383,"ACH-000542":9.117614188,"ACH-000544":8.038501669,"ACH-000545":8.25979223,"ACH-000547":9.061170084,"ACH-000548":5.498623907,"ACH-000549":3.090120594,"ACH-000550":5.867259838,"ACH-000551":9.253783546,"ACH-000552":9.052947942,"ACH-000556":5.495239,"ACH-000557":-20,"ACH-000563":9.180662209,"ACH-000570":7.602335338,"ACH-000571":8.295700188,"ACH-000573":9.279148554,"ACH-000576":7.304642981,"ACH-000577":7.661745088,"ACH-000579":7.983278734,"ACH-000580":9.171825781,"ACH-000581":8.235852217,"ACH-000583":-0.283108551,"ACH-000584":7.915679154,"ACH-000585":8.068645878,"ACH-000587":8.80164766,