{"scores":{"ACH-000004":0.801247548,"ACH-000005":-6.536855343,"ACH-000007":5.134700324,"ACH-000009":11.46146925,"ACH-000011":-5.439060395,"ACH-000012":-5.765808759,"ACH-000013":-8.905950786,"ACH-000014":3.119957879,"ACH-000015":1.167944772,"ACH-000017":0.448284702,"ACH-000018":-5.572356879,"ACH-000019":7.521991828,"ACH-000021":-8.471688019,"ACH-000022":6.828449329,"ACH-000024":-2.977241287,"ACH-000025":-6.354685247,"ACH-000028":8.50680849,"ACH-000029":1.291299377,"ACH-000030":2.331951564,"ACH-000035":-7.632940281,"ACH-000036":-4.687862603,"ACH-000037":-7.239488057,"ACH-000039":-3.563568463,"ACH-000040":2.28029063,"ACH-000041":-8.323840039,"ACH-000042":4.179719276,"ACH-000045":-5.45753284,"ACH-000047":-4.35484299,"ACH-000048":7.407473466,"ACH-000052":-6.144112629,"ACH-000053":-9.451844329,"ACH-000054":-6.534780429,"ACH-000055":-2.991733336,"ACH-000060":2.619376295,"ACH-000067":-1.25438223,"ACH-000070":-5.494097808,"ACH-000074":0.371205735,"ACH-000075":2.883550402,"ACH-000076":-7.639303612,"ACH-000078":4.750945339,"ACH-000082":-9.335125623,"ACH-000085":-6.060260454,"ACH-000086":8.402611973,"ACH-000087":-0.587465266,"ACH-000092":11.73310856,"ACH-000095":-5.122304826,"ACH-000096":0.300862673,"ACH-000097":7.906875432,"ACH-000098":-0.195129765,"ACH-000099":6.370015862,"ACH-000108":4.336702971,"ACH-000111":3.706489636,"ACH-000113":-7.973661701,"ACH-000114":-9.43369278,"ACH-000115":4.732340929,"ACH-000116":-12.17383815,"ACH-000118":9.875599131,"ACH-000120":-4.864255605,"ACH-000123":2.777219085,"ACH-000127":7.337896485,"ACH-000128":-10.90118783,"ACH-000132":-5.432476527,"ACH-000133":-4.974331958,"ACH-000137":-5.57182336,"ACH-000138":2.20802163,"ACH-000141":-7.26251025,"ACH-000142":-2.910272904,"ACH-000143":-8.975817542,"ACH-000146":-8.387506261,"ACH-000148":-12.18887152,"ACH-000150":-5.075037363,"ACH-000151":-7.284946246,"ACH-000152":-4.893679248,"ACH-000153":0.273888263,"ACH-000159":-6.812167319,"ACH-000160":12.13846984,"ACH-000163":-4.366250572,"ACH-000164":9.791901805,"ACH-000167":-0.767442299,"ACH-000168":-4.780571357,"ACH-000169":5.511958813,"ACH-000174":8.358683379,"ACH-000178":-0.076792421,"ACH-000182":6.706285615,"ACH-000183":-3.788775096,"ACH-000187":-3.446408743,"ACH-000188":-1.616403367,"ACH-000189":-1.601671571,"ACH-000190":2.583898327,"ACH-000198":-5.530334668,"ACH-000200":1.051595319,"ACH-000202":10.17578919,"ACH-000204":-4.747132274,"ACH-000206":-7.613693501,"ACH-000207":7.585722892,"ACH-000209":-1.939928528,"ACH-000211":-11.06187177,"ACH-000212":9.442732389,"ACH-000215":-9.695515366,"ACH-000217":-8.477468747,"ACH-000219":-9.10775374,"ACH-000221":-5.861274174,"ACH-000222":7.506279507,"ACH-000223":-4.009329489,"ACH-000226":-4.169523634,"ACH-000227":-9.405753955,"ACH-000228":-0.774298186,"ACH-000231":1.210170273,"ACH-000232":5.701808526,"ACH-000233":-11.59991826,"ACH-000234":-14.35719304,"ACH-000235":-4.451390871,"ACH-000237":7.719775213,"ACH-000238":-0.171595289,"ACH-000243":2.074617247,"ACH-000244":-2.08360828,"ACH-000246":-5.796460148,"ACH-000247":5.650720978,"ACH-000248":7.089020798,"ACH-000249":-3.411768293,"ACH-000250":-7.454653215,"ACH-000251":-8.860623499,"ACH-000253":5.212388587,"ACH-000255":-3.695680042,"ACH-000256":-5.445621178,"ACH-000257":2.892929242,"ACH-000258":2.013339736,"ACH-000259":-9.165362826,"ACH-000260":-6.631890271,"ACH-000261":-9.608918369,"ACH-000262":-0.82827143,"ACH-000263":-5.334597996,"ACH-000264":11.35391247,"ACH-000265":-6.431668494,"ACH-000266":-6.893542726,"ACH-000271":8.809150112,"ACH-000272":-4.099722097,"ACH-000273":-7.114634132,"ACH-000274":-2.304838142,"ACH-000276":-2.630504853,"ACH-000277":5.519434143,"ACH-000278":5.166033205,"ACH-000279":-6.543736508,"ACH-000280":-1.08652992,"ACH-000281":-5.834218986,"ACH-000286":3.937815566,"ACH-000288":-5.93724303,"ACH-000290":-12.46723295,"ACH-000291":1.449217803,"ACH-000292":-4.537709338,"ACH-000293":-3.29286064,"ACH-000294":-10.21312229,"ACH-000295":-0.969815648,"ACH-000296":3.129948791,"ACH-000302":-9.949198432,"ACH-000304":7.700175226,"ACH-000305":10.76110173,"ACH-000307":5.24185131,"ACH-000308":-6.404813551,"ACH-000310":0.707972951,"ACH-000311":6.883027726,"ACH-000312":9.372017619,"ACH-000315":1.079424249,"ACH-000316":-3.928097535,"ACH-000317":-7.134635453,"ACH-000318":5.854792902,"ACH-000319":-8.454569946,"ACH-000320":4.48482528,"ACH-000322":6.76977189,"ACH-000323":-7.937595888,"ACH-000324":5.598427475,"ACH-000326":-7.313996782,"ACH-000329":-4.156545413,"ACH-000330":-6.128775433,"ACH-000331":7.229772254,"ACH-000332":2.081819544,"ACH-000334":-3.076516959,"ACH-000335":1.017043484,"ACH-000336":-1.856930583,"ACH-000337":-2.608092415,"ACH-000339":-7.12170859,"ACH-000341":4.111132279,"ACH-000343":-12.68915556,"ACH-000344":1.835081399,"ACH-000348":-11.52474274,"ACH-000350":2.506282711,"ACH-000352":7.530553434,"ACH-000355":-11.51228016,"ACH-000356":12.88066436,"ACH-000361":6.409456738,"ACH-000362":-9.20025772,"ACH-000363":-9.340688913,"ACH-000364":-7.967787088,"ACH-000365":-8.070229328,"ACH-000366":-9.353743346,"ACH-000368":-4.968443591,"ACH-000370":1.609125748,"ACH-000374":0.68121755,"ACH-000375":-1.853338069,"ACH-000376":-5.411669278,"ACH-000377":6.594321093,"ACH-000378":8.815203886,"ACH-000381":2.570551307,"ACH-000383":7.017294029,"ACH-000385":3.073272208,"ACH-000387":-3.74521768,"ACH-000389":0.26622062,"ACH-000390":10.92249693,"ACH-000393":-11.91106493,"ACH-000395":4.941622528,"ACH-000397":-3.115559732,"ACH-000401":-5.949909106,"ACH-000402":-7.921880183,"ACH-000403":5.482881192,"ACH-000404":3.56497959,"ACH-000405":-6.635139795,"ACH-000406":-8.917862896,"ACH-000407":-7.869565179,"ACH-000408":6.628280809,"ACH-000410":-11.22738859,"ACH-000411":5.153006017,"ACH-000414":0.185068178,"ACH-000415":7.479611494,"ACH-000416":-5.145470332,"ACH-000420":-0.670508144,"ACH-000421":7.577665091,"ACH-000422":0.601317793,"ACH-000424":-0.521961238,"ACH-000425":-7.057198527,"ACH-000426":1.442016878,"ACH-000427":7.961326423,"ACH-000431":-6.428149993,"ACH-000433":-8.081613946,"ACH-000434":8.322239487,"ACH-000435":-1.583123236,"ACH-000436":-7.618402514,"ACH-000437":-4.415484318,"ACH-000438":0.746501994,"ACH-000444":6.090769024,"ACH-000445":4.635610993,"ACH-000448":9.461891192,"ACH-000450":5.262121621,"ACH-000452":-8.994330711,"ACH-000454":9.058026596,"ACH-000458":-4.786860435,"ACH-000459":-11.10096157,"ACH-000460":-7.896491363,"ACH-000461":6.526165835,"ACH-000463":8.451115148,"ACH-000464":-5.747469822,"ACH-000466":-0.708664661,"ACH-000467":5.074871647,"ACH-000468":-1.953090943,"ACH-000469":-2.959998711,"ACH-000470":-1.708824755,"ACH-000471":8.139748324,"ACH-000472":-5.036532808,"ACH-000473":8.720396673,"ACH-000475":4.101755633,"ACH-000476":-1.653974544,"ACH-000477":-7.339249523,"ACH-000478":-6.629901777,"ACH-000480":-11.91654343,"ACH-000481":8.336181896,"ACH-000483":-7.860021764,"ACH-000484":-7.272016017,"ACH-000485":9.019938393,"ACH-000486":-6.894454587,"ACH-000487":-5.692847285,"ACH-000488":10.0626622,"ACH-000490":9.065641019,"ACH-000491":6.275841844,"ACH-000493":-2.457760131,"ACH-000495":-0.992193329,"ACH-000496":1.553209535,"ACH-000498":2.208965886,"ACH-000499":-6.939687018,"ACH-000500":2.326378851,"ACH-000502":1.41560865,"ACH-000503":4.16522205,"ACH-000504":0.409260729,"ACH-000505":-12.05236657,"ACH-000507":7.393897294,"ACH-000510":6.399570072,"ACH-000511":-7.289106079,"ACH-000512":-1.544976081,"ACH-000514":3.532925369,"ACH-000516":-4.452389588,"ACH-000517":-11.81883081,"ACH-000518":4.036080665,"ACH-000520":-3.261025697,"ACH-000521":-2.646950862,"ACH-000522":9.040396769,"ACH-000524":-10.18452537,"ACH-000527":-5.599658081,"ACH-000528":1.947044088,"ACH-000535":-2.702753754,"ACH-000537":-8.152745632,"ACH-000541":1.941468342,"ACH-000542":1.111425765,"ACH-000544":9.044502719,"ACH-000545":8.431669341,"ACH-000547":4.500035608,"ACH-000548":6.295132719,"ACH-000549":-6.374336326,"ACH-000550":-7.748999319,"ACH-000551":-0.193811569,"ACH-000552":1.546108018,"ACH-000556":1.845601023,"ACH-000557":-0.243947401,"ACH-000563":0.679153043,"ACH-000570":8.359282679,"ACH-000571":-12.02390278,