{"scores":{"ACH-000004":1.350044689,"ACH-000005":1.476907653,"ACH-000007":-14.20130233,"ACH-000009":3.641364771,"ACH-000011":1.799240894,"ACH-000012":-3.505737313,"ACH-000013":4.220801584,"ACH-000014":3.635662379,"ACH-000015":4.393325686,"ACH-000017":-19.8445967,"ACH-000018":4.296876008,"ACH-000019":-3.569399922,"ACH-000021":-2.500677031,"ACH-000022":1.795232396,"ACH-000024":3.963458057,"ACH-000025":4.679437998,"ACH-000028":-18.46756456,"ACH-000029":-4.081463335,"ACH-000030":-14.74503829,"ACH-000035":-2.858594864,"ACH-000036":4.788206091,"ACH-000037":4.240529579,"ACH-000039":4.325726221,"ACH-000040":2.791433782,"ACH-000041":3.883355329,"ACH-000042":-2.799018996,"ACH-000045":1.67717691,"ACH-000047":2.020402113,"ACH-000048":4.54904204,"ACH-000052":4.574903948,"ACH-000053":4.055539651,"ACH-000054":3.626329475,"ACH-000055":3.602966076,"ACH-000060":-9.940626524,"ACH-000067":4.770812163,"ACH-000070":0.542827959,"ACH-000074":2.799198801,"ACH-000075":2.730112892,"ACH-000076":4.584374416,"ACH-000078":4.809055607,"ACH-000082":4.21860323,"ACH-000085":0.327806328,"ACH-000086":4.649374694,"ACH-000087":3.900209384,"ACH-000092":3.63128955,"ACH-000095":4.797752512,"ACH-000096":4.165529261,"ACH-000097":-11.32087199,"ACH-000098":4.647801266,"ACH-000099":3.919676022,"ACH-000108":4.824904539,"ACH-000111":-1.858647675,"ACH-000113":2.691506457,"ACH-000114":4.598865764,"ACH-000115":-20,"ACH-000116":-16.25895439,"ACH-000118":1.369860999,"ACH-000120":4.627657574,"ACH-000123":3.32943484,"ACH-000127":3.97924349,"ACH-000128":4.754080313,"ACH-000132":4.804587679,"ACH-000133":4.797354264,"ACH-000137":4.202744582,"ACH-000138":-0.60856591,"ACH-000141":-20,"ACH-000142":-19.41682421,"ACH-000143":2.727292745,"ACH-000146":4.385045042,"ACH-000148":4.805899767,"ACH-000150":4.537850868,"ACH-000151":3.618012702,"ACH-000152":3.111802199,"ACH-000153":4.003888451,"ACH-000159":4.139407614,"ACH-000160":3.411049063,"ACH-000163":3.782795805,"ACH-000164":4.508406293,"ACH-000167":2.39507431,"ACH-000168":4.514651198,"ACH-000169":4.19757355,"ACH-000174":3.441305172,"ACH-000178":1.797311255,"ACH-000182":4.432162607,"ACH-000183":3.094763841,"ACH-000187":2.694929732,"ACH-000188":-9.561374856,"ACH-000189":2.362380519,"ACH-000190":2.252732588,"ACH-000198":1.682774599,"ACH-000200":2.513479657,"ACH-000202":3.15412119,"ACH-000204":4.344584443,"ACH-000206":3.292262169,"ACH-000207":-5.582752902,"ACH-000209":4.096165318,"ACH-000211":4.317999918,"ACH-000212":2.564024401,"ACH-000215":4.112821988,"ACH-000217":4.119929344,"ACH-000219":3.578143137,"ACH-000221":4.114824513,"ACH-000222":4.514528498,"ACH-000223":1.507329831,"ACH-000226":4.44810378,"ACH-000227":3.70878534,"ACH-000228":4.825223482,"ACH-000231":4.415602946,"ACH-000232":3.056526753,"ACH-000233":3.12407398,"ACH-000234":4.768576642,"ACH-000235":-9.380123159,"ACH-000237":4.773833569,"ACH-000238":-2.93927721,"ACH-000243":-1.374057573,"ACH-000244":2.813937277,"ACH-000246":4.121771824,"ACH-000247":-2.826724525,"ACH-000248":2.903370036,"ACH-000249":2.885203045,"ACH-000250":3.055243426,"ACH-000251":3.434845588,"ACH-000253":-8.850440043,"ACH-000255":3.591917003,"ACH-000256":3.263059072,"ACH-000257":4.389748561,"ACH-000258":2.936927848,"ACH-000259":4.78937119,"ACH-000260":4.780711136,"ACH-000261":3.646427222,"ACH-000262":2.7081727,"ACH-000263":2.628149693,"ACH-000264":3.746911201,"ACH-000265":4.672364924,"ACH-000266":-9.594195319,"ACH-000271":2.668772823,"ACH-000272":4.367586872,"ACH-000273":3.950617293,"ACH-000274":4.71136982,"ACH-000276":3.153490074,"ACH-000277":-7.399104506,"ACH-000278":4.824704867,"ACH-000279":4.786671886,"ACH-000280":-8.979625235,"ACH-000281":-9.568139686,"ACH-000286":-6.508867848,"ACH-000288":4.75193739,"ACH-000290":3.090836444,"ACH-000291":3.00916087,"ACH-000292":4.792172025,"ACH-000293":4.187836536,"ACH-000294":2.629007655,"ACH-000295":3.644035961,"ACH-000296":-5.467711005,"ACH-000302":4.401916318,"ACH-000304":4.425783097,"ACH-000305":-17.38575032,"ACH-000307":-20,"ACH-000308":4.767509767,"ACH-000310":4.754720598,"ACH-000311":-4.954819873,"ACH-000312":4.741121717,"ACH-000315":4.51325225,"ACH-000316":3.974143498,"ACH-000317":4.721362357,"ACH-000318":-7.111026747,"ACH-000319":4.692872759,"ACH-000320":3.386112907,"ACH-000322":-0.735866186,"ACH-000323":4.058492847,"ACH-000324":3.615119854,"ACH-000326":4.752128392,"ACH-000329":3.054511423,"ACH-000330":-7.362833914,"ACH-000331":3.287703023,"ACH-000332":2.88228962,"ACH-000334":2.86105785,"ACH-000335":4.824923508,"ACH-000336":3.754085062,"ACH-000337":-2.399232371,"ACH-000339":4.149812202,"ACH-000341":4.464855527,"ACH-000343":4.215954487,"ACH-000344":3.898261514,"ACH-000348":4.588018458,"ACH-000350":-5.809570331,"ACH-000352":-7.75765613,"ACH-000355":3.562652089,"ACH-000356":-2.075843678,"ACH-000361":0.133734727,"ACH-000362":1.822935675,"ACH-000363":4.313635397,"ACH-000364":4.459491474,"ACH-000365":4.808555977,"ACH-000366":4.774118837,"ACH-000368":3.668995498,"ACH-000370":1.772495276,"ACH-000374":-3.089906304,"ACH-000375":3.955508279,"ACH-000376":2.53017117,"ACH-000377":1.317289922,"ACH-000378":4.813571123,"ACH-000381":2.88552456,"ACH-000383":-13.49586701,"ACH-000385":2.911103134,"ACH-000387":3.995505468,"ACH-000389":3.846689697,"ACH-000390":2.477203756,"ACH-000393":4.824962253,"ACH-000395":4.119527146,"ACH-000397":4.813216355,"ACH-000401":2.974370647,"ACH-000402":3.219258793,"ACH-000403":-2.229014204,"ACH-000404":4.05876248,"ACH-000405":4.662327709,"ACH-000406":4.750481707,"ACH-000407":4.665476601,"ACH-000408":-3.415017202,"ACH-000410":4.742568787,"ACH-000411":3.345175974,"ACH-000414":2.944615695,"ACH-000415":-20,"ACH-000416":3.848654869,"ACH-000420":4.7261546,"ACH-000421":-12.99537425,"ACH-000422":4.773480406,"ACH-000424":2.711509229,"ACH-000425":3.719569323,"ACH-000426":3.565824991,"ACH-000427":-9.318386443,"ACH-000431":3.88597504,"ACH-000433":2.319495853,"ACH-000434":4.789922327,"ACH-000435":4.552663036,"ACH-000436":3.563019623,"ACH-000437":4.784812644,"ACH-000438":3.646782839,"ACH-000444":3.280682852,"ACH-000445":4.048814263,"ACH-000448":-5.824823191,"ACH-000450":4.032104786,"ACH-000452":4.676629498,"ACH-000454":-2.144305126,"ACH-000458":1.459375282,"ACH-000459":3.983623224,"ACH-000460":3.459810646,"ACH-000461":4.789423545,"ACH-000463":4.313197042,"ACH-000464":3.488308081,"ACH-000466":-14.47057202,"ACH-000467":-4.956973145,"ACH-000468":3.851168199,"ACH-000469":2.590448342,"ACH-000470":4.200130001,"ACH-000471":4.577724905,"ACH-000472":-4.270523043,"ACH-000473":-13.84125372,"ACH-000475":4.385503843,"ACH-000476":3.698417208,"ACH-000477":4.320034189,"ACH-000478":3.883279049,"ACH-000480":4.824544262,"ACH-000481":-5.907600211,"ACH-000483":4.678559772,"ACH-000484":4.39355293,"ACH-000485":-0.091872746,"ACH-000486":-20,"ACH-000487":3.534753769,"ACH-000488":1.846542177,"ACH-000490":4.302287612,"ACH-000491":4.80265965,"ACH-000493":4.686481286,"ACH-000495":3.768198477,"ACH-000496":4.696714669,"ACH-000498":1.151528819,"ACH-000499":4.389642097,"ACH-000500":2.735786846,"ACH-000502":2.78694957,"ACH-000503":-8.087473937,"ACH-000504":4.696264968,"ACH-000505":3.917601648,"ACH-000507":-11.39898851,"ACH-000510":4.383619704,"ACH-000511":-1.69579149,"ACH-000512":3.574929985,"ACH-000514":3.68569859,"ACH-000516":2.433891755,"ACH-000517":4.464329029,"ACH-000518":-9.801436776,"ACH-000520":4.825338509,"ACH-000521":2.707838991,"ACH-000522":3.820197229,"ACH-000524":4.371400833,"ACH-000527":-15.96449263,"ACH-000528":-6.876899912,"ACH-000535":-19.37478279,"ACH-000537":4.3353394,"ACH-000541":4.063063325,"ACH-000542":3.810491311,"ACH-000544":3.305494899,"ACH-000545":-4.481630142,"ACH-000547":-1.843392152,"ACH-000548":-4.172557698,"ACH-000549":-16.52629329,"ACH-000550":4.494099368,"ACH-000551":4.79776211,"ACH-000552":-14.80592297,"ACH-000556":4.513079516,"ACH-000557":3.981757377,"ACH-000563":0.311816138,"ACH-000570":4.401451074,"ACH-000571":4.661133535,"ACH-000573":4.689154982,"ACH-000576":2.694903764,"ACH-000577":3.309701522,"ACH-000579":4.078014754,"ACH-000580":3.316354085,"ACH-000581":0.293601213,"ACH-000583":4.033101038,