{"scores":{"ACH-000004":4.105270726,"ACH-000005":4.977439496,"ACH-000007":-19.35421175,"ACH-000009":-5.25714622,"ACH-000011":1.983815041,"ACH-000012":4.588115802,"ACH-000013":5.310662329,"ACH-000014":2.074077296,"ACH-000015":5.310432604,"ACH-000017":5.20290231,"ACH-000018":5.200990584,"ACH-000019":5.297884938,"ACH-000021":5.196430951,"ACH-000022":2.069940036,"ACH-000024":5.290817283,"ACH-000025":5.305300648,"ACH-000028":4.995949205,"ACH-000029":4.087582395,"ACH-000030":4.558307986,"ACH-000035":5.261516165,"ACH-000036":5.298740336,"ACH-000037":5.30915779,"ACH-000039":4.439040508,"ACH-000040":4.481368096,"ACH-000041":5.278062083,"ACH-000042":5.199347165,"ACH-000045":4.734353647,"ACH-000047":3.596530766,"ACH-000048":5.103260824,"ACH-000052":3.600624269,"ACH-000053":5.219736831,"ACH-000054":4.680795293,"ACH-000055":4.767005317,"ACH-000060":4.751271314,"ACH-000067":5.297450333,"ACH-000070":5.150208357,"ACH-000074":4.998291597,"ACH-000075":5.042492134,"ACH-000076":3.976353314,"ACH-000078":5.309176474,"ACH-000082":4.481480357,"ACH-000085":5.145598587,"ACH-000086":5.310492479,"ACH-000087":3.751000058,"ACH-000092":4.429771144,"ACH-000095":4.98936608,"ACH-000096":4.210560187,"ACH-000097":4.104618264,"ACH-000098":5.293588036,"ACH-000099":4.409310399,"ACH-000108":4.877344434,"ACH-000111":2.067297493,"ACH-000113":4.573073369,"ACH-000114":5.293296379,"ACH-000115":5.056707932,"ACH-000116":5.292695388,"ACH-000118":5.244717326,"ACH-000120":5.168799532,"ACH-000123":4.68200143,"ACH-000127":5.186598005,"ACH-000128":3.676002876,"ACH-000132":4.456121426,"ACH-000133":4.311070722,"ACH-000137":5.220751594,"ACH-000138":5.093096383,"ACH-000141":3.815053953,"ACH-000142":5.255768465,"ACH-000143":5.212641303,"ACH-000146":5.252351458,"ACH-000148":5.290736074,"ACH-000150":5.300356502,"ACH-000151":5.113010845,"ACH-000152":3.776887046,"ACH-000153":5.280465509,"ACH-000159":4.115536306,"ACH-000160":3.247090698,"ACH-000163":5.200595094,"ACH-000164":5.308128934,"ACH-000167":3.157390599,"ACH-000168":5.222390905,"ACH-000169":5.3106266,"ACH-000174":5.243885075,"ACH-000178":5.157639557,"ACH-000182":5.181290757,"ACH-000183":4.652134079,"ACH-000187":5.308976838,"ACH-000188":5.191054063,"ACH-000189":5.204311046,"ACH-000190":5.14509868,"ACH-000198":5.28953342,"ACH-000200":5.306862895,"ACH-000202":4.177294477,"ACH-000204":4.668306087,"ACH-000206":5.25150707,"ACH-000207":4.720512629,"ACH-000209":3.177608806,"ACH-000211":4.372009148,"ACH-000212":4.823768885,"ACH-000215":5.191147005,"ACH-000217":5.282797209,"ACH-000219":3.39900081,"ACH-000221":5.007258427,"ACH-000222":-2.430432794,"ACH-000223":5.291728367,"ACH-000226":3.805203448,"ACH-000227":5.137489859,"ACH-000228":5.283323176,"ACH-000231":1.352168241,"ACH-000232":4.919130056,"ACH-000233":5.203461926,"ACH-000234":4.15115341,"ACH-000235":4.454112877,"ACH-000237":4.812111833,"ACH-000238":5.274417905,"ACH-000243":5.25243543,"ACH-000244":4.823426133,"ACH-000246":3.981854965,"ACH-000247":1.64236786,"ACH-000248":5.088226284,"ACH-000249":5.168094863,"ACH-000250":4.63163132,"ACH-000251":4.587718959,"ACH-000253":-19.70349336,"ACH-000255":4.283335927,"ACH-000256":5.212723362,"ACH-000257":5.251594219,"ACH-000258":4.863056769,"ACH-000259":4.630248242,"ACH-000260":2.858280098,"ACH-000261":3.391030297,"ACH-000262":4.248702002,"ACH-000263":3.884850771,"ACH-000264":4.734803761,"ACH-000265":5.303745077,"ACH-000266":5.299409307,"ACH-000271":4.960881612,"ACH-000272":5.193967832,"ACH-000273":4.596121152,"ACH-000274":3.270379499,"ACH-000276":5.310389969,"ACH-000277":4.713960907,"ACH-000278":5.199849102,"ACH-000279":5.127045193,"ACH-000280":5.309686779,"ACH-000281":5.301619171,"ACH-000286":4.053097435,"ACH-000288":4.566276561,"ACH-000290":5.305409395,"ACH-000291":1.357497197,"ACH-000292":4.497680258,"ACH-000293":4.396853179,"ACH-000294":4.294833066,"ACH-000295":4.994176404,"ACH-000296":4.660773523,"ACH-000302":5.308083613,"ACH-000304":5.0307057,"ACH-000305":5.295250581,"ACH-000307":5.298239142,"ACH-000308":5.088168645,"ACH-000310":5.065252399,"ACH-000311":5.198433024,"ACH-000312":4.361373592,"ACH-000315":5.076643548,"ACH-000316":5.300866408,"ACH-000317":5.259360035,"ACH-000318":5.134179141,"ACH-000319":5.309843873,"ACH-000320":4.422894306,"ACH-000322":5.281068463,"ACH-000323":5.301159908,"ACH-000324":5.310120989,"ACH-000326":2.454082019,"ACH-000329":4.185934224,"ACH-000330":3.657548514,"ACH-000331":3.860992798,"ACH-000332":5.276485762,"ACH-000334":5.271262825,"ACH-000335":5.146723532,"ACH-000336":5.040027223,"ACH-000337":3.481557145,"ACH-000339":4.63209953,"ACH-000341":5.294139422,"ACH-000343":5.236028718,"ACH-000344":4.806265017,"ACH-000348":4.923388206,"ACH-000350":5.192466804,"ACH-000352":5.307058217,"ACH-000355":5.226145692,"ACH-000356":2.712023218,"ACH-000361":5.245105514,"ACH-000362":5.083436275,"ACH-000363":3.793779089,"ACH-000364":5.234019545,"ACH-000365":5.157759413,"ACH-000366":5.266469944,"ACH-000368":5.261388516,"ACH-000370":4.217390116,"ACH-000374":5.283894242,"ACH-000375":5.27798852,"ACH-000376":4.286417599,"ACH-000377":5.282261508,"ACH-000378":4.983277627,"ACH-000381":-3.688841635,"ACH-000383":5.30414378,"ACH-000385":4.440016712,"ACH-000387":5.246773489,"ACH-000389":4.536124746,"ACH-000390":5.183912114,"ACH-000393":5.307101613,"ACH-000395":5.30753899,"ACH-000397":4.781624097,"ACH-000401":5.302141138,"ACH-000402":4.985902471,"ACH-000403":5.235461694,"ACH-000404":4.273401331,"ACH-000405":4.07944678,"ACH-000406":5.300918009,"ACH-000407":5.052897166,"ACH-000408":4.954396922,"ACH-000410":5.164055535,"ACH-000411":3.489374032,"ACH-000414":5.306383213,"ACH-000415":5.307667875,"ACH-000416":5.309951662,"ACH-000420":5.241481972,"ACH-000421":-2.978495588,"ACH-000422":5.296277182,"ACH-000424":3.972504677,"ACH-000425":5.310956079,"ACH-000426":4.982557568,"ACH-000427":1.149724637,"ACH-000431":5.26817644,"ACH-000433":5.217928418,"ACH-000434":2.284675701,"ACH-000435":5.276753818,"ACH-000436":5.030773993,"ACH-000437":5.259489178,"ACH-000438":3.794384137,"ACH-000444":5.202616763,"ACH-000445":4.894715075,"ACH-000448":3.555287746,"ACH-000450":3.335700361,"ACH-000452":5.310523488,"ACH-000454":4.537038205,"ACH-000458":5.277262377,"ACH-000459":5.311095466,"ACH-000460":4.410096229,"ACH-000461":4.043579647,"ACH-000463":4.40838812,"ACH-000464":5.179167271,"ACH-000466":4.304079003,"ACH-000467":-20,"ACH-000468":5.304587626,"ACH-000469":4.902421795,"ACH-000470":4.853010568,"ACH-000471":4.779238843,"ACH-000472":5.257398002,"ACH-000473":5.2230928,"ACH-000475":-20,"ACH-000476":4.206288762,"ACH-000477":4.575341205,"ACH-000478":5.297654899,"ACH-000480":-6.24727255,"ACH-000481":3.007051467,"ACH-000483":4.566164456,"ACH-000484":5.112748889,"ACH-000485":4.976235771,"ACH-000486":5.050953204,"ACH-000487":5.26084028,"ACH-000488":5.294356484,"ACH-000490":5.250214769,"ACH-000491":4.443515358,"ACH-000493":3.546163162,"ACH-000495":5.181030665,"ACH-000496":5.297797395,"ACH-000498":4.890824372,"ACH-000499":3.996118926,"ACH-000500":4.928578622,"ACH-000502":-20,"ACH-000503":4.590502634,"ACH-000504":5.18017409,"ACH-000505":5.287342683,"ACH-000507":-2.821278164,"ACH-000510":5.284456067,"ACH-000511":4.880213612,"ACH-000512":5.255028026,"ACH-000514":3.630501841,"ACH-000516":5.303734592,"ACH-000517":5.068643748,"ACH-000518":5.306820605,"ACH-000520":5.266923444,"ACH-000521":5.12801043,"ACH-000522":5.021271101,"ACH-000524":4.313997213,"ACH-000527":5.297419824,"ACH-000528":5.099703989,"ACH-000535":4.867208971,"ACH-000537":3.532390596,"ACH-000541":4.48557604,"ACH-000542":5.189707118,"ACH-000544":5.089577364,"ACH-000545":5.034731583,"ACH-000547":3.899977826,"ACH-000548":4.862659482,"ACH-000549":5.023121575,"ACH-000550":5.093096299,"ACH-000551":5.015197642,"ACH-000552":4.929418513,"ACH-000556":5.23659227,"ACH-000557":1.197447648,"ACH-000563":5.188862686,"ACH-000570":5.304337205,"ACH-000571":5.286820616,"ACH-000573":5.310362741,"ACH-000576":3.771897535,"ACH-000577":4.015699981,"ACH-000579":4.751116609,"ACH-000580":4.401356122,"ACH-000581":5.127454602,"ACH-000583":5.308922854,"ACH-000584":5.305932575,