{"scores":{"ACH-000004":1.294696979,"ACH-000005":2.728175416,"ACH-000007":0.212927735,"ACH-000009":2.249270889,"ACH-000011":2.572135041,"ACH-000012":1.846740907,"ACH-000013":2.127213114,"ACH-000014":2.635936568,"ACH-000015":2.705559518,"ACH-000017":2.705199165,"ACH-000018":2.274026438,"ACH-000019":2.45259313,"ACH-000021":2.117057286,"ACH-000022":-4.601473629,"ACH-000024":1.895225511,"ACH-000025":2.719713009,"ACH-000028":1.927019871,"ACH-000029":1.414210674,"ACH-000030":2.141960062,"ACH-000035":2.331608149,"ACH-000036":2.730906501,"ACH-000037":2.202602286,"ACH-000039":2.585851494,"ACH-000040":1.826613877,"ACH-000041":2.740085228,"ACH-000042":1.431192295,"ACH-000045":1.480525167,"ACH-000047":1.512378703,"ACH-000048":2.520629524,"ACH-000052":1.845202963,"ACH-000053":-5.108356934,"ACH-000054":2.718254401,"ACH-000055":2.70798271,"ACH-000060":0.463591152,"ACH-000067":2.704498025,"ACH-000070":2.426021541,"ACH-000074":2.461672133,"ACH-000075":1.415143492,"ACH-000076":1.117712175,"ACH-000078":2.301368113,"ACH-000082":2.434914341,"ACH-000085":2.69856141,"ACH-000086":2.732278146,"ACH-000087":2.693405329,"ACH-000092":1.13738192,"ACH-000095":2.612438836,"ACH-000096":2.73731308,"ACH-000097":2.740128873,"ACH-000098":2.740118659,"ACH-000099":2.692298818,"ACH-000108":1.853680851,"ACH-000111":2.430509093,"ACH-000113":-3.116295326,"ACH-000114":2.169880903,"ACH-000115":1.966683253,"ACH-000116":-1.130430265,"ACH-000118":2.705111123,"ACH-000120":2.632639466,"ACH-000123":-9.439641235,"ACH-000127":2.715878951,"ACH-000128":-3.261708662,"ACH-000132":-0.147611852,"ACH-000133":2.147630919,"ACH-000137":2.630143349,"ACH-000138":2.735480351,"ACH-000141":-1.264572203,"ACH-000142":2.035002286,"ACH-000143":0.507618107,"ACH-000146":-1.752442874,"ACH-000148":2.722245011,"ACH-000150":2.739160834,"ACH-000151":2.515227765,"ACH-000152":2.70963774,"ACH-000153":2.615135694,"ACH-000159":2.509349153,"ACH-000160":2.309263418,"ACH-000163":2.02672012,"ACH-000164":-12.99892149,"ACH-000167":1.773223378,"ACH-000168":2.103553318,"ACH-000169":-3.959600106,"ACH-000174":2.731753197,"ACH-000178":0.223471658,"ACH-000182":2.479559583,"ACH-000183":2.737750073,"ACH-000187":2.740148266,"ACH-000188":2.426830531,"ACH-000189":1.986600978,"ACH-000190":2.398044352,"ACH-000198":-2.905235093,"ACH-000200":2.308232038,"ACH-000202":2.574561014,"ACH-000204":2.483919178,"ACH-000206":-0.334394355,"ACH-000207":0.921736318,"ACH-000209":1.874857929,"ACH-000211":2.67300313,"ACH-000212":2.739642473,"ACH-000215":2.708952346,"ACH-000217":2.739436873,"ACH-000219":2.456323352,"ACH-000221":2.734316147,"ACH-000222":2.093137526,"ACH-000223":0.791554717,"ACH-000226":-18.23469493,"ACH-000227":2.546049371,"ACH-000228":2.628650073,"ACH-000231":0.817458689,"ACH-000232":-2.746185772,"ACH-000233":-5.098441947,"ACH-000234":1.706105369,"ACH-000235":2.715174572,"ACH-000237":2.176969824,"ACH-000238":0.26549484,"ACH-000243":2.711792263,"ACH-000244":2.680422013,"ACH-000246":2.051681349,"ACH-000247":2.622244712,"ACH-000248":1.177234617,"ACH-000249":2.202179321,"ACH-000250":2.518758217,"ACH-000251":2.183146693,"ACH-000253":2.087002828,"ACH-000255":0.120180124,"ACH-000256":2.010167694,"ACH-000257":2.675259084,"ACH-000258":2.465928758,"ACH-000259":2.733373684,"ACH-000260":2.729820346,"ACH-000261":2.73996699,"ACH-000262":2.726758306,"ACH-000263":1.862096349,"ACH-000264":0.851551985,"ACH-000265":2.719588979,"ACH-000266":1.089308377,"ACH-000271":2.539179936,"ACH-000272":2.404966302,"ACH-000273":2.45924143,"ACH-000274":2.099513423,"ACH-000276":2.739128263,"ACH-000277":0.001749521,"ACH-000278":2.679600936,"ACH-000279":2.71433764,"ACH-000280":2.740040095,"ACH-000281":2.003992391,"ACH-000286":2.72923892,"ACH-000288":2.408201865,"ACH-000290":2.690081269,"ACH-000291":2.721361867,"ACH-000292":2.170031158,"ACH-000293":2.466144117,"ACH-000294":2.245853869,"ACH-000295":-3.702835731,"ACH-000296":0.23972876,"ACH-000302":0.245541944,"ACH-000304":2.732612178,"ACH-000305":1.75127416,"ACH-000307":2.648712531,"ACH-000308":1.840104583,"ACH-000310":2.733225414,"ACH-000311":2.738042259,"ACH-000312":2.67810737,"ACH-000315":-0.066140688,"ACH-000316":1.870589249,"ACH-000317":2.280073734,"ACH-000318":2.520128665,"ACH-000319":1.323826796,"ACH-000320":2.739589577,"ACH-000322":0.725256043,"ACH-000323":2.414958733,"ACH-000324":2.57087154,"ACH-000326":2.247463802,"ACH-000329":2.612779246,"ACH-000330":2.732136964,"ACH-000331":-0.263091247,"ACH-000332":2.546796614,"ACH-000334":1.938420007,"ACH-000335":2.688953968,"ACH-000336":2.723691117,"ACH-000337":2.725865904,"ACH-000339":2.339138564,"ACH-000341":0.262824525,"ACH-000343":2.712380701,"ACH-000344":1.82451822,"ACH-000348":0.179668595,"ACH-000350":2.561055476,"ACH-000352":2.670621549,"ACH-000355":2.729629286,"ACH-000356":2.505312008,"ACH-000361":2.543555337,"ACH-000362":-4.599326553,"ACH-000363":2.507469207,"ACH-000364":2.280311488,"ACH-000365":-7.037448056,"ACH-000366":2.738101467,"ACH-000368":2.505222583,"ACH-000370":2.292890073,"ACH-000374":-7.799817581,"ACH-000375":2.671639863,"ACH-000376":1.599282846,"ACH-000377":2.37336019,"ACH-000378":2.383611914,"ACH-000381":2.606838742,"ACH-000383":2.706074874,"ACH-000385":1.285681634,"ACH-000387":1.164899769,"ACH-000389":2.418557995,"ACH-000390":2.342094967,"ACH-000393":2.738129424,"ACH-000395":0.886455372,"ACH-000397":2.189550087,"ACH-000401":2.739616399,"ACH-000402":-1.036273917,"ACH-000403":2.68440988,"ACH-000404":2.63590208,"ACH-000405":-10.4257997,"ACH-000406":2.072388374,"ACH-000407":2.677000507,"ACH-000408":2.707828713,"ACH-000410":1.49032366,"ACH-000411":2.006916988,"ACH-000414":-5.461291145,"ACH-000415":-3.109941775,"ACH-000416":2.453839934,"ACH-000420":2.321877373,"ACH-000421":2.715018278,"ACH-000422":2.13838983,"ACH-000424":2.639007709,"ACH-000425":2.518038821,"ACH-000426":2.357998554,"ACH-000427":2.630199526,"ACH-000431":-1.218817722,"ACH-000433":2.658245935,"ACH-000434":0.912577342,"ACH-000435":-1.749161521,"ACH-000436":2.706023103,"ACH-000437":2.521789516,"ACH-000438":2.739723396,"ACH-000444":2.481862563,"ACH-000445":2.684830245,"ACH-000448":2.512370492,"ACH-000450":-3.012250506,"ACH-000452":2.309695884,"ACH-000454":-0.694143168,"ACH-000458":2.351860854,"ACH-000459":2.217536399,"ACH-000460":2.552221213,"ACH-000461":2.658121314,"ACH-000463":2.675192525,"ACH-000464":2.670544701,"ACH-000466":2.710370232,"ACH-000467":2.696038727,"ACH-000468":2.422713975,"ACH-000469":2.53162511,"ACH-000470":1.279242624,"ACH-000471":2.106742513,"ACH-000472":2.617019351,"ACH-000473":2.494043272,"ACH-000475":2.562824772,"ACH-000476":2.725382147,"ACH-000477":2.574348527,"ACH-000478":2.085970782,"ACH-000480":-1.289602352,"ACH-000481":-1.368888824,"ACH-000483":2.216894341,"ACH-000484":2.153737473,"ACH-000485":2.669225879,"ACH-000486":-0.6887071,"ACH-000487":2.672248702,"ACH-000488":-20,"ACH-000490":-0.545709471,"ACH-000491":-4.735186477,"ACH-000493":2.412716024,"ACH-000495":2.379747031,"ACH-000496":1.810117843,"ACH-000498":-1.405292575,"ACH-000499":-0.723717502,"ACH-000500":-0.823197316,"ACH-000502":2.362381124,"ACH-000503":2.645285387,"ACH-000504":2.424094879,"ACH-000505":2.640367601,"ACH-000507":1.399481256,"ACH-000510":-0.201712571,"ACH-000511":2.321684507,"ACH-000512":-1.956833773,"ACH-000514":2.575105936,"ACH-000516":2.075422996,"ACH-000517":2.499700119,"ACH-000518":-2.563119259,"ACH-000520":2.740062287,"ACH-000521":0.784894976,"ACH-000522":2.73924448,"ACH-000524":1.858342548,"ACH-000527":1.773297907,"ACH-000528":2.704973268,"ACH-000535":1.461041753,"ACH-000537":1.933738952,"ACH-000541":0.760574091,"ACH-000542":2.690972095,"ACH-000544":2.481455893,"ACH-000545":1.073966406,"ACH-000547":2.231407769,"ACH-000548":2.688670117,"ACH-000549":2.69069641,"ACH-000550":2.727995538,"ACH-000551":0.711329555,"ACH-000552":2.710184887,"ACH-000556":2.446693444,"ACH-000557":2.289400238,"ACH-000563":2.736697032,"ACH-000570":0.176044435,"ACH-000571":2.106701325,"ACH-000573":0.692909488,"ACH-000576":1.914700305,"ACH-000577":-1.880943668,"ACH-000579":1.867308607,"ACH-000580":1.285995594,"ACH-000581":-0.348877889,