{"scores":{"ACH-000004":2.592374171,"ACH-000005":3.014622371,"ACH-000007":3.052428427,"ACH-000009":-15.23427163,"ACH-000011":2.925252131,"ACH-000012":2.842195432,"ACH-000013":3.028294818,"ACH-000014":1.905313462,"ACH-000015":-2.538346148,"ACH-000017":2.995909584,"ACH-000018":3.056914907,"ACH-000019":2.177897286,"ACH-000021":2.655663814,"ACH-000022":2.981579999,"ACH-000024":2.010358891,"ACH-000025":2.985870165,"ACH-000028":2.688306293,"ACH-000029":3.056823259,"ACH-000030":1.74797856,"ACH-000035":1.702140534,"ACH-000036":2.985628404,"ACH-000037":2.537924339,"ACH-000039":-4.428122699,"ACH-000040":2.90574112,"ACH-000041":-15.9292928,"ACH-000042":1.376323899,"ACH-000045":1.099822356,"ACH-000047":0.720603691,"ACH-000048":2.348545928,"ACH-000052":0.952925193,"ACH-000053":2.942062659,"ACH-000054":1.726111692,"ACH-000055":2.138494288,"ACH-000060":3.044361994,"ACH-000067":2.559101901,"ACH-000070":2.697307605,"ACH-000074":2.681600171,"ACH-000075":1.548473478,"ACH-000076":0.897586238,"ACH-000078":-10.10490842,"ACH-000082":2.813359827,"ACH-000085":2.634925206,"ACH-000086":-0.33639799,"ACH-000087":-6.621941863,"ACH-000092":2.612480122,"ACH-000095":-9.064501655,"ACH-000096":2.929866939,"ACH-000097":2.931017267,"ACH-000098":3.050104064,"ACH-000099":-20,"ACH-000108":2.362117067,"ACH-000111":3.036816333,"ACH-000113":2.944600778,"ACH-000114":3.05332684,"ACH-000115":2.871136399,"ACH-000116":2.902922796,"ACH-000118":3.026784199,"ACH-000120":-20,"ACH-000123":3.05690667,"ACH-000127":2.424491987,"ACH-000128":2.934816093,"ACH-000132":2.993130283,"ACH-000133":3.056035619,"ACH-000137":2.976807928,"ACH-000138":1.529346182,"ACH-000141":2.774022055,"ACH-000142":3.049001767,"ACH-000143":3.056619569,"ACH-000146":2.644347861,"ACH-000148":2.891283511,"ACH-000150":2.97705459,"ACH-000151":2.485745038,"ACH-000152":3.021186709,"ACH-000153":3.045539197,"ACH-000159":2.641725895,"ACH-000160":1.59257782,"ACH-000163":1.554804073,"ACH-000164":2.138159734,"ACH-000167":0.563028675,"ACH-000168":-0.487496273,"ACH-000169":-0.80489898,"ACH-000174":3.014907096,"ACH-000178":2.936493145,"ACH-000182":1.571312794,"ACH-000183":1.435990037,"ACH-000187":2.948285521,"ACH-000188":2.60546409,"ACH-000189":2.036752406,"ACH-000190":3.040999011,"ACH-000198":2.906595593,"ACH-000200":2.278386078,"ACH-000202":2.237577812,"ACH-000204":2.849633745,"ACH-000206":2.941335589,"ACH-000207":2.542079545,"ACH-000209":2.739965863,"ACH-000211":1.124452738,"ACH-000212":3.011322893,"ACH-000215":2.774627849,"ACH-000217":2.968601786,"ACH-000219":2.283510207,"ACH-000221":-0.801059779,"ACH-000222":2.930522765,"ACH-000223":2.977843129,"ACH-000226":2.832784772,"ACH-000227":1.561628867,"ACH-000228":1.702988324,"ACH-000231":2.163094473,"ACH-000232":2.612637676,"ACH-000233":3.056828238,"ACH-000234":3.014901593,"ACH-000235":2.971704616,"ACH-000237":2.904805333,"ACH-000238":-20,"ACH-000243":3.014321686,"ACH-000244":2.945474728,"ACH-000246":2.775787222,"ACH-000247":2.72771916,"ACH-000248":2.126799292,"ACH-000249":2.867914674,"ACH-000250":2.425738226,"ACH-000251":2.640409807,"ACH-000253":3.05234427,"ACH-000255":2.953399377,"ACH-000256":2.736956699,"ACH-000257":3.023873554,"ACH-000258":3.047645152,"ACH-000259":-20,"ACH-000260":2.586596856,"ACH-000261":2.881108474,"ACH-000262":3.009047963,"ACH-000263":1.906298313,"ACH-000264":-20,"ACH-000265":2.955881055,"ACH-000266":2.994708373,"ACH-000271":1.263640477,"ACH-000272":3.020185383,"ACH-000273":2.474368002,"ACH-000274":1.714951654,"ACH-000276":3.054293811,"ACH-000277":1.513203408,"ACH-000278":2.753590363,"ACH-000279":-1.290165102,"ACH-000280":3.047094677,"ACH-000281":2.236551493,"ACH-000286":2.999189506,"ACH-000288":-0.339351749,"ACH-000290":3.017597702,"ACH-000291":3.042671787,"ACH-000292":2.407947677,"ACH-000293":3.016991228,"ACH-000294":-20,"ACH-000295":2.956934304,"ACH-000296":3.052069967,"ACH-000302":3.055786101,"ACH-000304":2.958406984,"ACH-000305":-2.243830705,"ACH-000307":2.441738121,"ACH-000308":2.793201815,"ACH-000310":-20,"ACH-000311":2.992853972,"ACH-000312":2.842751929,"ACH-000315":2.945959267,"ACH-000316":2.96041742,"ACH-000317":3.042142237,"ACH-000318":2.686728251,"ACH-000319":2.76575809,"ACH-000320":3.055288528,"ACH-000322":2.153591253,"ACH-000323":2.688151741,"ACH-000324":2.92878436,"ACH-000326":2.946900777,"ACH-000329":2.661679025,"ACH-000330":3.003944113,"ACH-000331":3.051719573,"ACH-000332":2.356587919,"ACH-000334":2.822033561,"ACH-000335":3.054400585,"ACH-000336":3.039282013,"ACH-000337":2.565640578,"ACH-000339":2.992770728,"ACH-000341":2.300512715,"ACH-000343":-0.105194502,"ACH-000344":2.984269768,"ACH-000348":3.001767582,"ACH-000350":-20,"ACH-000352":-20,"ACH-000355":-3.612333685,"ACH-000356":2.864257798,"ACH-000361":2.569126202,"ACH-000362":3.048332904,"ACH-000363":0.996508093,"ACH-000364":1.68544327,"ACH-000365":3.056431758,"ACH-000366":-20,"ACH-000368":2.629861494,"ACH-000370":3.043453206,"ACH-000374":1.462363418,"ACH-000375":2.60315046,"ACH-000376":3.048172952,"ACH-000377":0.689126951,"ACH-000378":2.97164979,"ACH-000381":3.045405215,"ACH-000383":2.609811365,"ACH-000385":2.774299354,"ACH-000387":2.96298836,"ACH-000389":2.937133396,"ACH-000390":1.603013061,"ACH-000393":3.056916221,"ACH-000395":2.682722775,"ACH-000397":2.97414043,"ACH-000401":2.486307754,"ACH-000402":2.927848976,"ACH-000403":2.287156805,"ACH-000404":0.776963438,"ACH-000405":2.042159126,"ACH-000406":2.735449439,"ACH-000407":2.499452259,"ACH-000408":2.760008251,"ACH-000410":2.955987601,"ACH-000411":3.046805905,"ACH-000414":2.624487022,"ACH-000415":1.423289492,"ACH-000416":2.298470998,"ACH-000420":2.586346263,"ACH-000421":1.527756821,"ACH-000422":3.045318971,"ACH-000424":-19.19622668,"ACH-000425":2.378631829,"ACH-000426":3.028908325,"ACH-000427":2.994212468,"ACH-000431":0.367151481,"ACH-000433":2.097256732,"ACH-000434":2.993360928,"ACH-000435":2.834307687,"ACH-000436":2.262802894,"ACH-000437":2.514541735,"ACH-000438":2.945772276,"ACH-000444":2.690133349,"ACH-000445":2.741467604,"ACH-000448":3.042183349,"ACH-000450":3.021313764,"ACH-000452":2.95069542,"ACH-000454":3.027446539,"ACH-000458":2.673380578,"ACH-000459":1.515001641,"ACH-000460":3.055982803,"ACH-000461":2.961302033,"ACH-000463":3.043893999,"ACH-000464":2.697960442,"ACH-000466":2.501717151,"ACH-000467":2.98558363,"ACH-000468":1.944002238,"ACH-000469":3.056903245,"ACH-000470":2.962513194,"ACH-000471":2.989270994,"ACH-000472":1.841169123,"ACH-000473":3.051493868,"ACH-000475":-0.846076212,"ACH-000476":3.053643443,"ACH-000477":2.843230598,"ACH-000478":-1.12107116,"ACH-000480":-20,"ACH-000481":2.685171957,"ACH-000483":3.055567813,"ACH-000484":1.836219372,"ACH-000485":2.615573192,"ACH-000486":3.055083222,"ACH-000487":2.652701058,"ACH-000488":2.905382991,"ACH-000490":3.030216187,"ACH-000491":2.523963946,"ACH-000493":2.024160854,"ACH-000495":3.047609564,"ACH-000496":2.814832757,"ACH-000498":2.740687076,"ACH-000499":-2.530923528,"ACH-000500":2.415016895,"ACH-000502":2.564801293,"ACH-000503":2.878011852,"ACH-000504":1.325976974,"ACH-000505":3.055767782,"ACH-000507":2.750121909,"ACH-000510":-2.400154425,"ACH-000511":2.342737401,"ACH-000512":1.880438011,"ACH-000514":2.334838565,"ACH-000516":3.01532758,"ACH-000517":3.046790608,"ACH-000518":2.58953949,"ACH-000520":2.756456429,"ACH-000521":2.573455902,"ACH-000522":2.916473552,"ACH-000524":2.897450236,"ACH-000527":1.894299672,"ACH-000528":2.552140312,"ACH-000535":2.403070851,"ACH-000537":3.051173017,"ACH-000541":2.495327254,"ACH-000542":3.052588859,"ACH-000544":2.800369111,"ACH-000545":2.946321916,"ACH-000547":2.605863807,"ACH-000548":2.935656797,"ACH-000549":2.691949216,"ACH-000550":2.850534726,"ACH-000551":2.245647527,"ACH-000552":-1.203288099,"ACH-000556":2.936142241,"ACH-000557":2.836927043,"ACH-000563":2.944534251,"ACH-000570":2.690989392,"ACH-000571":3.056712836,"ACH-000573":2.886006635,"ACH-000576":2.584596204,"ACH-000577":2.627948661,"ACH-000579":3.038484285,"ACH-000580":2.372268813,"ACH-000581":2.998933461,"ACH-000583":2.835598023,"ACH-000584":2.867104959,"ACH-000585":2.996218299,"ACH-000587":3.054422108,