{"scores":{"ACH-000004":1.400444235,"ACH-000005":2.388912054,"ACH-000007":-4.442452283,"ACH-000009":2.783371638,"ACH-000011":3.240814112,"ACH-000012":3.25430436,"ACH-000013":3.271321385,"ACH-000014":3.335151649,"ACH-000015":2.150287777,"ACH-000017":3.09391011,"ACH-000018":3.180437441,"ACH-000019":2.20808452,"ACH-000021":3.332433381,"ACH-000022":-1.125879918,"ACH-000024":0.991993886,"ACH-000025":3.335433504,"ACH-000028":2.971779054,"ACH-000029":3.232758351,"ACH-000030":1.568638195,"ACH-000035":3.316971579,"ACH-000036":3.327818737,"ACH-000037":3.146404464,"ACH-000039":-7.178502298,"ACH-000040":2.997364983,"ACH-000041":-8.880597621,"ACH-000042":-0.927008561,"ACH-000045":3.249542955,"ACH-000047":0.728759563,"ACH-000048":2.612530938,"ACH-000052":-4.349997686,"ACH-000053":3.147238736,"ACH-000054":2.84624905,"ACH-000055":3.194643062,"ACH-000060":1.743466504,"ACH-000067":2.781750568,"ACH-000070":2.796030218,"ACH-000074":0.841766045,"ACH-000075":3.193527191,"ACH-000076":2.560932429,"ACH-000078":-4.955848635,"ACH-000082":0.815477036,"ACH-000085":2.272453136,"ACH-000086":2.792072235,"ACH-000087":-1.707275075,"ACH-000092":3.325870187,"ACH-000095":-1.690973826,"ACH-000096":3.229583171,"ACH-000097":2.793195787,"ACH-000098":3.158156767,"ACH-000099":-8.407788336,"ACH-000108":0.281594497,"ACH-000111":2.668425596,"ACH-000113":-3.304996249,"ACH-000114":2.241584744,"ACH-000115":-17.48412451,"ACH-000116":3.181027472,"ACH-000118":2.675383956,"ACH-000120":2.580074929,"ACH-000123":3.308041191,"ACH-000127":1.796578998,"ACH-000128":2.952894233,"ACH-000132":2.403471642,"ACH-000133":-2.262916835,"ACH-000137":1.277987417,"ACH-000138":3.075438027,"ACH-000141":2.15734272,"ACH-000142":3.321066056,"ACH-000143":3.316467618,"ACH-000146":1.442553679,"ACH-000148":3.179126714,"ACH-000150":2.993325614,"ACH-000151":0.595693598,"ACH-000152":2.838012469,"ACH-000153":2.813032057,"ACH-000159":2.882597763,"ACH-000160":3.275695492,"ACH-000163":1.568508147,"ACH-000164":2.563303317,"ACH-000167":3.322633213,"ACH-000168":-1.793092906,"ACH-000169":2.263991762,"ACH-000174":-0.185419892,"ACH-000178":3.214351914,"ACH-000182":1.722282305,"ACH-000183":2.80673651,"ACH-000187":-7.131123722,"ACH-000188":2.359245018,"ACH-000189":2.748289668,"ACH-000190":3.319121377,"ACH-000198":2.336740937,"ACH-000200":3.235012064,"ACH-000202":-10.13905962,"ACH-000204":2.294796701,"ACH-000206":3.25171511,"ACH-000207":2.631245784,"ACH-000209":3.330957897,"ACH-000211":3.026785083,"ACH-000212":2.875879975,"ACH-000215":3.195442215,"ACH-000217":1.527649465,"ACH-000219":-0.401610762,"ACH-000221":2.803899753,"ACH-000222":0.083203976,"ACH-000223":2.361010566,"ACH-000226":3.27716269,"ACH-000227":-0.886991202,"ACH-000228":2.866335798,"ACH-000231":2.812094416,"ACH-000232":2.95068268,"ACH-000233":3.124586174,"ACH-000234":1.295225693,"ACH-000235":-0.143265474,"ACH-000237":3.180687973,"ACH-000238":2.021964238,"ACH-000243":1.02291096,"ACH-000244":3.201723093,"ACH-000246":3.119359432,"ACH-000247":-8.036576539,"ACH-000248":3.334660273,"ACH-000249":0.858888763,"ACH-000250":3.331862675,"ACH-000251":3.306453807,"ACH-000253":-3.977571047,"ACH-000255":3.157762121,"ACH-000256":1.711954472,"ACH-000257":3.296433405,"ACH-000258":-1.684420476,"ACH-000259":-6.185080992,"ACH-000260":-7.256212893,"ACH-000261":-1.246413022,"ACH-000262":2.323644453,"ACH-000263":3.140399328,"ACH-000264":1.646153659,"ACH-000265":3.317059967,"ACH-000266":-1.544460302,"ACH-000271":1.586673154,"ACH-000272":2.749381779,"ACH-000273":1.398091733,"ACH-000274":-3.591397556,"ACH-000276":0.521970537,"ACH-000277":3.088430354,"ACH-000278":2.894132169,"ACH-000279":-4.536056112,"ACH-000280":3.289575755,"ACH-000281":0.551619443,"ACH-000286":1.903819951,"ACH-000288":3.138878364,"ACH-000290":2.898227692,"ACH-000291":0.162171508,"ACH-000292":1.310393979,"ACH-000293":1.682349042,"ACH-000294":-4.048397896,"ACH-000295":2.668666679,"ACH-000296":3.262752309,"ACH-000302":-1.222612314,"ACH-000304":2.078018205,"ACH-000305":1.785012144,"ACH-000307":2.415469421,"ACH-000308":2.222142999,"ACH-000310":-1.47566146,"ACH-000311":-8.59297191,"ACH-000312":1.608362142,"ACH-000315":3.093419881,"ACH-000316":2.385748427,"ACH-000317":-0.025561407,"ACH-000318":1.210025836,"ACH-000319":3.115724116,"ACH-000320":2.673196511,"ACH-000322":2.92962289,"ACH-000323":2.089306778,"ACH-000324":3.259612296,"ACH-000326":2.631736322,"ACH-000329":3.061815164,"ACH-000330":3.094184455,"ACH-000331":2.96415101,"ACH-000332":1.652023828,"ACH-000334":3.318073085,"ACH-000335":0.879175116,"ACH-000336":3.108877553,"ACH-000337":1.613697189,"ACH-000339":3.278503372,"ACH-000341":-4.79636916,"ACH-000343":0.381684874,"ACH-000344":-0.023826993,"ACH-000348":3.214127487,"ACH-000350":2.46742966,"ACH-000352":3.254060326,"ACH-000355":1.121418417,"ACH-000356":3.074057341,"ACH-000361":3.29482255,"ACH-000362":1.222185833,"ACH-000363":-16.3065455,"ACH-000364":3.067555484,"ACH-000365":3.307702719,"ACH-000366":-13.73048795,"ACH-000368":3.034606191,"ACH-000370":2.824737095,"ACH-000374":2.626333465,"ACH-000375":3.334364542,"ACH-000376":2.867693733,"ACH-000377":3.059595815,"ACH-000378":2.804593756,"ACH-000381":0.978860485,"ACH-000383":2.864209598,"ACH-000385":0.975253991,"ACH-000387":2.895280424,"ACH-000389":2.716052432,"ACH-000390":-8.424021537,"ACH-000393":2.171585175,"ACH-000395":2.223557833,"ACH-000397":1.420925107,"ACH-000401":2.423314351,"ACH-000402":3.273985566,"ACH-000403":2.975398727,"ACH-000404":0.420764073,"ACH-000405":3.286515063,"ACH-000406":-1.914235251,"ACH-000407":2.867311502,"ACH-000408":2.834429907,"ACH-000410":0.720861058,"ACH-000411":1.914549291,"ACH-000414":3.072310137,"ACH-000415":3.076323014,"ACH-000416":1.929698177,"ACH-000420":2.975278077,"ACH-000421":1.666818826,"ACH-000422":3.07859673,"ACH-000424":-9.656401465,"ACH-000425":3.233210855,"ACH-000426":3.259905771,"ACH-000427":1.585382377,"ACH-000431":3.001032746,"ACH-000433":3.288432599,"ACH-000434":2.549667096,"ACH-000435":3.331221162,"ACH-000436":3.084557517,"ACH-000437":2.752415281,"ACH-000438":-2.63613917,"ACH-000444":2.75256775,"ACH-000445":2.754075745,"ACH-000448":-7.144363516,"ACH-000450":2.575615056,"ACH-000452":1.82592255,"ACH-000454":3.12186189,"ACH-000458":2.872694127,"ACH-000459":3.044127576,"ACH-000460":1.035465349,"ACH-000461":2.010264835,"ACH-000463":3.318009839,"ACH-000464":3.102538463,"ACH-000466":2.184169534,"ACH-000467":-14.31805952,"ACH-000468":3.036608983,"ACH-000469":2.940489931,"ACH-000470":0.673198851,"ACH-000471":1.787708077,"ACH-000472":2.597975041,"ACH-000473":0.145028182,"ACH-000475":-1.677104909,"ACH-000476":3.279947868,"ACH-000477":2.919936166,"ACH-000478":-0.385524061,"ACH-000480":3.097068919,"ACH-000481":2.77527576,"ACH-000483":2.522321975,"ACH-000484":3.236172326,"ACH-000485":-0.81389002,"ACH-000486":2.544651977,"ACH-000487":-4.795944857,"ACH-000488":3.148392358,"ACH-000490":3.285920115,"ACH-000491":-0.077205538,"ACH-000493":2.947788583,"ACH-000495":2.585000515,"ACH-000496":-0.828519156,"ACH-000498":1.416185172,"ACH-000499":-4.04891261,"ACH-000500":2.940927028,"ACH-000502":2.506425153,"ACH-000503":1.416124886,"ACH-000504":1.961086752,"ACH-000505":2.902920617,"ACH-000507":3.330635581,"ACH-000510":2.617230108,"ACH-000511":2.724082353,"ACH-000512":2.423008413,"ACH-000514":-18.24901398,"ACH-000516":2.945127806,"ACH-000517":-0.090185164,"ACH-000518":3.261945655,"ACH-000520":2.512332957,"ACH-000521":3.02948549,"ACH-000522":2.293050396,"ACH-000524":2.941564877,"ACH-000527":2.205408881,"ACH-000528":1.487827363,"ACH-000535":3.179353302,"ACH-000537":1.945776831,"ACH-000541":1.613822882,"ACH-000542":2.970048113,"ACH-000544":3.165550546,"ACH-000545":3.154039173,"ACH-000547":1.88191963,"ACH-000548":0.761093446,"ACH-000549":2.418571012,"ACH-000550":3.305107615,"ACH-000551":3.326465022,"ACH-000552":0.436117812,"ACH-000556":3.289201317,"ACH-000557":-20,"ACH-000563":3.322478125,"ACH-000570":3.238807503,"ACH-000571":3.333447835,"ACH-000573":3.247461934,"ACH-000576":-1.793561049,"ACH-000577":2.03750153,"ACH-000579":1.107491499,"ACH-000580":2.394292289,