{"scores":{"ACH-000004":7.353988441,"ACH-000005":7.580881366,"ACH-000007":7.562331153,"ACH-000009":6.661475428,"ACH-000011":6.21150849,"ACH-000012":6.092211998,"ACH-000013":7.506203967,"ACH-000014":5.383992533,"ACH-000015":-15.44132926,"ACH-000017":6.815495126,"ACH-000018":6.412762134,"ACH-000019":7.58180171,"ACH-000021":4.668705556,"ACH-000022":7.422240187,"ACH-000024":7.436029951,"ACH-000025":7.565868765,"ACH-000028":7.582253522,"ACH-000029":7.540221337,"ACH-000030":6.23759028,"ACH-000035":7.269893294,"ACH-000036":7.288523723,"ACH-000037":5.284618571,"ACH-000039":7.358274545,"ACH-000040":7.313512848,"ACH-000041":7.336719072,"ACH-000042":6.551639263,"ACH-000045":7.378325918,"ACH-000047":5.014867864,"ACH-000048":6.070004031,"ACH-000052":6.587603896,"ACH-000053":5.696502976,"ACH-000054":5.89141726,"ACH-000055":4.94693807,"ACH-000060":6.14727079,"ACH-000067":7.571806687,"ACH-000070":6.970332715,"ACH-000074":6.772845006,"ACH-000075":7.52942629,"ACH-000076":4.980927904,"ACH-000078":-20,"ACH-000082":4.410298642,"ACH-000085":3.38850121,"ACH-000086":7.519155226,"ACH-000087":7.432101936,"ACH-000092":7.147600813,"ACH-000095":6.713577001,"ACH-000096":7.14765331,"ACH-000097":7.527982475,"ACH-000098":5.771564563,"ACH-000099":-20,"ACH-000108":6.473961678,"ACH-000111":7.506997724,"ACH-000113":7.573583057,"ACH-000114":6.175255827,"ACH-000115":7.081664829,"ACH-000116":7.583972943,"ACH-000118":6.263839589,"ACH-000120":-4.245462439,"ACH-000123":7.331322957,"ACH-000127":7.517829428,"ACH-000128":6.529554859,"ACH-000132":6.664267418,"ACH-000133":7.567727731,"ACH-000137":6.257399304,"ACH-000138":7.579004726,"ACH-000141":7.287547329,"ACH-000142":7.286690102,"ACH-000143":6.929893627,"ACH-000146":7.213506811,"ACH-000148":7.515118751,"ACH-000150":7.325114865,"ACH-000151":6.454884242,"ACH-000152":7.557251058,"ACH-000153":6.80163423,"ACH-000159":5.929970558,"ACH-000160":7.433367868,"ACH-000163":4.637928864,"ACH-000164":7.580685218,"ACH-000167":7.142139125,"ACH-000168":7.34610073,"ACH-000169":7.086074351,"ACH-000174":7.358394298,"ACH-000178":7.526044938,"ACH-000182":7.463611298,"ACH-000183":6.012179547,"ACH-000187":7.148574741,"ACH-000188":7.065925167,"ACH-000189":7.09705726,"ACH-000190":6.588068086,"ACH-000198":7.045614078,"ACH-000200":7.581892577,"ACH-000202":0.552473891,"ACH-000204":7.579499769,"ACH-000206":7.535828489,"ACH-000207":7.563264333,"ACH-000209":7.58318042,"ACH-000211":7.408938824,"ACH-000212":7.309783363,"ACH-000215":6.988455149,"ACH-000217":7.506360233,"ACH-000219":7.582261763,"ACH-000221":7.570080495,"ACH-000222":6.408569037,"ACH-000223":7.281246068,"ACH-000226":3.068433147,"ACH-000227":-20,"ACH-000228":5.424329776,"ACH-000231":7.54636068,"ACH-000232":7.417188142,"ACH-000233":7.505189492,"ACH-000234":7.579257294,"ACH-000235":4.925587087,"ACH-000237":5.122623987,"ACH-000238":6.077350991,"ACH-000243":6.987907712,"ACH-000244":7.572838057,"ACH-000246":7.435102559,"ACH-000247":7.205894113,"ACH-000248":7.197552381,"ACH-000249":7.417416369,"ACH-000250":7.545452931,"ACH-000251":7.557045163,"ACH-000253":6.902403587,"ACH-000255":6.562681182,"ACH-000256":7.370503514,"ACH-000257":4.65259789,"ACH-000258":7.47369009,"ACH-000259":-20,"ACH-000260":-17.56734943,"ACH-000261":5.134505757,"ACH-000262":5.251757689,"ACH-000263":7.570113322,"ACH-000264":7.582946807,"ACH-000265":6.903973407,"ACH-000266":6.064855205,"ACH-000271":7.541588398,"ACH-000272":6.617875064,"ACH-000273":6.623664118,"ACH-000274":6.568777383,"ACH-000276":7.48935838,"ACH-000277":7.327709597,"ACH-000278":7.087364392,"ACH-000279":2.005672717,"ACH-000280":7.5854837,"ACH-000281":7.585470058,"ACH-000286":7.487398597,"ACH-000288":7.521477867,"ACH-000290":-6.219474447,"ACH-000291":7.565044381,"ACH-000292":7.48180021,"ACH-000293":6.808452952,"ACH-000294":7.521872801,"ACH-000295":6.32315342,"ACH-000296":6.430545579,"ACH-000302":6.638701905,"ACH-000304":7.564445393,"ACH-000305":7.580341054,"ACH-000307":6.821398915,"ACH-000308":7.548240424,"ACH-000310":2.106909851,"ACH-000311":6.522046039,"ACH-000312":-20,"ACH-000315":7.58217094,"ACH-000316":7.312632952,"ACH-000317":7.438301226,"ACH-000318":7.582511547,"ACH-000319":5.904422201,"ACH-000320":5.444270947,"ACH-000322":6.529482404,"ACH-000323":6.306102916,"ACH-000324":7.286567969,"ACH-000326":6.926236578,"ACH-000329":7.276181021,"ACH-000330":6.311094325,"ACH-000331":5.647478082,"ACH-000332":7.058673547,"ACH-000334":7.538572634,"ACH-000335":7.043836513,"ACH-000336":6.810668402,"ACH-000337":7.560890092,"ACH-000339":6.644439111,"ACH-000341":-16.57372042,"ACH-000343":6.447507126,"ACH-000344":5.485983085,"ACH-000348":6.260652826,"ACH-000350":6.850215085,"ACH-000352":7.364909615,"ACH-000355":7.001508708,"ACH-000356":7.553136989,"ACH-000361":7.582034771,"ACH-000362":7.231216664,"ACH-000363":7.576191824,"ACH-000364":7.507422327,"ACH-000365":6.414589664,"ACH-000366":-11.66020654,"ACH-000368":7.509862415,"ACH-000370":7.585456091,"ACH-000374":6.691503522,"ACH-000375":7.323377343,"ACH-000376":7.440256905,"ACH-000377":5.593860495,"ACH-000378":7.525792253,"ACH-000381":6.28118489,"ACH-000383":7.081839214,"ACH-000385":7.552270749,"ACH-000387":7.289192962,"ACH-000389":7.094684221,"ACH-000390":7.448978206,"ACH-000393":5.193257653,"ACH-000395":7.569317051,"ACH-000397":6.758173146,"ACH-000401":7.350179029,"ACH-000402":7.41304075,"ACH-000403":7.391126064,"ACH-000404":7.576185249,"ACH-000405":7.552326654,"ACH-000406":7.338538762,"ACH-000407":5.477870133,"ACH-000408":5.271791574,"ACH-000410":7.557161123,"ACH-000411":5.765456584,"ACH-000414":7.355710458,"ACH-000415":7.378467295,"ACH-000416":7.489787844,"ACH-000420":6.154709997,"ACH-000421":6.722894144,"ACH-000422":7.546950646,"ACH-000424":7.557672253,"ACH-000425":7.025607022,"ACH-000426":6.630732307,"ACH-000427":6.751677107,"ACH-000431":7.516629568,"ACH-000433":7.329963019,"ACH-000434":4.255095767,"ACH-000435":7.577599954,"ACH-000436":5.567280905,"ACH-000437":7.35249533,"ACH-000438":6.973565026,"ACH-000444":7.585444901,"ACH-000445":6.030446121,"ACH-000448":6.367467316,"ACH-000450":6.988760635,"ACH-000452":7.409957534,"ACH-000454":5.797275225,"ACH-000458":5.654200099,"ACH-000459":7.330856313,"ACH-000460":4.978679406,"ACH-000461":7.43130183,"ACH-000463":6.061631871,"ACH-000464":7.509562989,"ACH-000466":6.815912999,"ACH-000467":7.584756362,"ACH-000468":6.618704813,"ACH-000469":6.775233356,"ACH-000470":7.542183663,"ACH-000471":7.577362769,"ACH-000472":6.861031817,"ACH-000473":7.529897225,"ACH-000475":7.019781274,"ACH-000476":6.185819121,"ACH-000477":6.428462661,"ACH-000478":4.838067468,"ACH-000480":7.389054283,"ACH-000481":5.743124418,"ACH-000483":7.513105455,"ACH-000484":6.870520641,"ACH-000485":7.583980002,"ACH-000486":7.585484533,"ACH-000487":7.453869911,"ACH-000488":7.159335874,"ACH-000490":7.049229222,"ACH-000491":7.267461787,"ACH-000493":5.827222392,"ACH-000495":6.512175079,"ACH-000496":7.580733084,"ACH-000498":6.972150585,"ACH-000499":1.955370101,"ACH-000500":6.311667346,"ACH-000502":7.380511876,"ACH-000503":5.975571147,"ACH-000504":7.416234259,"ACH-000505":5.757276359,"ACH-000507":7.139523914,"ACH-000510":5.87788802,"ACH-000511":7.581914895,"ACH-000512":6.99764604,"ACH-000514":7.423063399,"ACH-000516":6.800650902,"ACH-000517":7.05479133,"ACH-000518":7.438782265,"ACH-000520":6.947125887,"ACH-000521":5.867995084,"ACH-000522":6.646957438,"ACH-000524":7.552248074,"ACH-000527":7.538885957,"ACH-000528":7.13653556,"ACH-000535":6.987214399,"ACH-000537":6.15779498,"ACH-000541":7.395513521,"ACH-000542":6.504465919,"ACH-000544":7.342115949,"ACH-000545":7.151133654,"ACH-000547":7.553566329,"ACH-000548":7.514906227,"ACH-000549":7.56226136,"ACH-000550":6.159762153,"ACH-000551":7.555823526,"ACH-000552":7.249192131,"ACH-000556":7.019703228,"ACH-000557":7.550858006,"ACH-000563":6.20887236,"ACH-000570":6.351656676,"ACH-000571":7.527495536,"ACH-000573":7.025314892,"ACH-000576":7.236809994,"ACH-000577":6.807530379,"ACH-000579":7.545219853,"ACH-000580":7.5706984,"ACH-000581":7.447738117,"ACH-000583":7.21175726,"ACH-000584":6.410392569,"ACH-000585":7.515431433,