{"scores":{"ACH-000004":1.604981618,"ACH-000005":3.197276418,"ACH-000007":3.140711749,"ACH-000009":3.329400684,"ACH-000011":-6.160671597,"ACH-000012":3.108031458,"ACH-000013":3.3006528,"ACH-000014":1.627350214,"ACH-000015":3.306011318,"ACH-000017":3.206380003,"ACH-000018":-2.4165943,"ACH-000019":2.724388901,"ACH-000021":1.504408197,"ACH-000022":-0.203214008,"ACH-000024":2.775456967,"ACH-000025":2.898175333,"ACH-000028":3.141181631,"ACH-000029":3.328292312,"ACH-000030":3.082973393,"ACH-000035":1.54210418,"ACH-000036":1.525253967,"ACH-000037":1.876828639,"ACH-000039":3.233358189,"ACH-000040":3.102696781,"ACH-000041":2.669961836,"ACH-000042":3.315026502,"ACH-000045":1.605345615,"ACH-000047":3.209602099,"ACH-000048":-0.47300406,"ACH-000052":3.161332925,"ACH-000053":2.957991381,"ACH-000054":2.787786966,"ACH-000055":3.279578525,"ACH-000060":2.815098036,"ACH-000067":-2.591918849,"ACH-000070":3.272152143,"ACH-000074":2.332869017,"ACH-000075":3.192219438,"ACH-000076":2.338009394,"ACH-000078":3.063678875,"ACH-000082":3.253971068,"ACH-000085":2.519069113,"ACH-000086":0.468762071,"ACH-000087":3.206467199,"ACH-000092":3.275629893,"ACH-000095":2.148314613,"ACH-000096":3.094328839,"ACH-000097":3.236115809,"ACH-000098":-6.158489385,"ACH-000099":3.325986809,"ACH-000108":3.32226701,"ACH-000111":2.106420484,"ACH-000113":2.967372051,"ACH-000114":3.322255289,"ACH-000115":3.319023585,"ACH-000116":3.327265927,"ACH-000118":2.747896546,"ACH-000120":3.270808161,"ACH-000123":3.315123284,"ACH-000127":3.149004432,"ACH-000128":3.234028195,"ACH-000132":-10.33677458,"ACH-000133":-14.27505616,"ACH-000137":3.04337082,"ACH-000138":3.141398368,"ACH-000141":3.000162883,"ACH-000142":1.447339669,"ACH-000143":3.055196555,"ACH-000146":2.995934169,"ACH-000148":2.910886699,"ACH-000150":0.216994207,"ACH-000151":3.260522967,"ACH-000152":-6.555968927,"ACH-000153":3.222295626,"ACH-000159":3.03030284,"ACH-000160":3.195640602,"ACH-000163":3.215141025,"ACH-000164":3.237778476,"ACH-000167":2.437669326,"ACH-000168":3.185077363,"ACH-000169":3.327108879,"ACH-000174":3.085036218,"ACH-000178":-1.396815917,"ACH-000182":3.312016118,"ACH-000183":3.327589007,"ACH-000187":2.029909268,"ACH-000188":3.111441171,"ACH-000189":2.985195117,"ACH-000190":3.305757606,"ACH-000198":3.17403708,"ACH-000200":3.32641838,"ACH-000202":3.132306173,"ACH-000204":2.640742979,"ACH-000206":3.275547985,"ACH-000207":3.326440972,"ACH-000209":2.043349942,"ACH-000211":2.747886843,"ACH-000212":3.120461429,"ACH-000215":3.251478458,"ACH-000217":-9.896010202,"ACH-000219":0.513713988,"ACH-000221":3.218720697,"ACH-000222":3.3290482,"ACH-000223":2.180233938,"ACH-000226":3.325046067,"ACH-000227":2.77645867,"ACH-000228":3.025136009,"ACH-000231":3.328441224,"ACH-000232":3.232999531,"ACH-000233":2.99932515,"ACH-000234":-4.286050431,"ACH-000235":3.32436906,"ACH-000237":1.381300966,"ACH-000238":3.152380144,"ACH-000243":2.736925224,"ACH-000244":-0.094557794,"ACH-000246":-8.991486715,"ACH-000247":3.011176204,"ACH-000248":3.265598659,"ACH-000249":3.081626556,"ACH-000250":2.170119498,"ACH-000251":3.304565947,"ACH-000253":3.317674513,"ACH-000255":3.314580557,"ACH-000256":3.215145141,"ACH-000257":2.532148593,"ACH-000258":2.978764974,"ACH-000259":3.24893721,"ACH-000260":3.110607898,"ACH-000261":3.29343831,"ACH-000262":3.328173017,"ACH-000263":2.056911535,"ACH-000264":3.292403572,"ACH-000265":2.88025122,"ACH-000266":1.658493547,"ACH-000271":3.287958324,"ACH-000272":3.291073297,"ACH-000273":0.591740254,"ACH-000274":1.363827604,"ACH-000276":3.181341159,"ACH-000277":3.291447789,"ACH-000278":2.176259988,"ACH-000279":3.102661209,"ACH-000280":2.718962885,"ACH-000281":3.317860883,"ACH-000286":3.053726787,"ACH-000288":-1.112668067,"ACH-000290":3.302637634,"ACH-000291":2.688606166,"ACH-000292":0.682534198,"ACH-000293":1.961681139,"ACH-000294":1.687006596,"ACH-000295":3.327620581,"ACH-000296":3.320992739,"ACH-000302":-20,"ACH-000304":3.283042824,"ACH-000305":2.889975416,"ACH-000307":2.76029999,"ACH-000308":-17.70162704,"ACH-000310":3.258632017,"ACH-000311":3.285624589,"ACH-000312":2.893233127,"ACH-000315":2.918989047,"ACH-000316":-8.546300068,"ACH-000317":2.912958365,"ACH-000318":2.728783491,"ACH-000319":2.579665983,"ACH-000320":3.329185411,"ACH-000322":3.274510588,"ACH-000323":2.695458171,"ACH-000324":1.31702899,"ACH-000326":2.871436995,"ACH-000329":-4.074604541,"ACH-000330":3.114315384,"ACH-000331":3.016595481,"ACH-000332":3.095890197,"ACH-000334":1.578333274,"ACH-000335":2.977316238,"ACH-000336":2.886442985,"ACH-000337":3.283465269,"ACH-000339":1.431338352,"ACH-000341":3.218103585,"ACH-000343":3.329349028,"ACH-000344":3.04842617,"ACH-000348":2.398173521,"ACH-000350":3.329356986,"ACH-000352":3.259123714,"ACH-000355":2.296728648,"ACH-000356":2.710707808,"ACH-000361":3.313331442,"ACH-000362":2.574781993,"ACH-000363":2.904643202,"ACH-000364":3.324861089,"ACH-000365":1.461863688,"ACH-000366":3.199241551,"ACH-000368":3.033956651,"ACH-000370":2.695112236,"ACH-000374":2.374253387,"ACH-000375":2.284694425,"ACH-000376":3.213051311,"ACH-000377":2.766350239,"ACH-000378":-5.628788791,"ACH-000381":3.326673509,"ACH-000383":3.264710326,"ACH-000385":2.763787446,"ACH-000387":2.467011111,"ACH-000389":3.294596091,"ACH-000390":2.543207621,"ACH-000393":-0.516642406,"ACH-000395":3.224777692,"ACH-000397":-6.000863621,"ACH-000401":1.35082036,"ACH-000402":2.889887983,"ACH-000403":2.954630964,"ACH-000404":1.970660077,"ACH-000405":2.635917398,"ACH-000406":3.184357001,"ACH-000407":2.247195117,"ACH-000408":3.197882926,"ACH-000410":3.165680901,"ACH-000411":3.310683593,"ACH-000414":3.0641355,"ACH-000415":3.290319735,"ACH-000416":2.928685106,"ACH-000420":2.883370385,"ACH-000421":3.170211959,"ACH-000422":-13.34662834,"ACH-000424":2.29298464,"ACH-000425":2.572652592,"ACH-000426":3.323971328,"ACH-000427":3.302497659,"ACH-000431":3.173514055,"ACH-000433":1.124247367,"ACH-000434":3.204884638,"ACH-000435":2.044437012,"ACH-000436":3.191860915,"ACH-000437":-13.40322175,"ACH-000438":2.623506581,"ACH-000444":2.940088562,"ACH-000445":-5.590325332,"ACH-000448":2.552989988,"ACH-000450":3.329297042,"ACH-000452":3.021266068,"ACH-000454":3.1972849,"ACH-000458":0.582080745,"ACH-000459":1.585829079,"ACH-000460":3.052333002,"ACH-000461":3.124981624,"ACH-000463":3.236271847,"ACH-000464":3.195276912,"ACH-000466":1.053248986,"ACH-000467":2.797976748,"ACH-000468":0.584535541,"ACH-000469":3.21693877,"ACH-000470":2.549249746,"ACH-000471":1.536403322,"ACH-000472":2.938902497,"ACH-000473":2.85881449,"ACH-000475":3.235854903,"ACH-000476":3.140361989,"ACH-000477":3.283287321,"ACH-000478":2.518027109,"ACH-000480":2.949427935,"ACH-000481":3.321809274,"ACH-000483":-3.246997632,"ACH-000484":3.317341858,"ACH-000485":3.267351881,"ACH-000486":3.314545771,"ACH-000487":1.989569974,"ACH-000488":3.310278662,"ACH-000490":3.312969774,"ACH-000491":2.567196849,"ACH-000493":0.432549333,"ACH-000495":3.322824597,"ACH-000496":-0.361691703,"ACH-000498":2.580859693,"ACH-000499":3.326753944,"ACH-000500":3.32756585,"ACH-000502":3.139523269,"ACH-000503":3.214588878,"ACH-000504":3.29808722,"ACH-000505":-20,"ACH-000507":3.322758313,"ACH-000510":1.739776553,"ACH-000511":2.246104145,"ACH-000512":3.295785267,"ACH-000514":2.784410767,"ACH-000516":3.169887263,"ACH-000517":-0.153690132,"ACH-000518":2.903477588,"ACH-000520":3.133861245,"ACH-000521":3.322106683,"ACH-000522":3.297884338,"ACH-000524":3.243883338,"ACH-000527":2.36763925,"ACH-000528":3.324801324,"ACH-000535":3.254171151,"ACH-000537":3.270840261,"ACH-000541":3.298477965,"ACH-000542":3.129846545,"ACH-000544":3.068798354,"ACH-000545":3.29015479,"ACH-000547":2.96835405,"ACH-000548":2.931218709,"ACH-000549":3.178308207,"ACH-000550":3.298043119,"ACH-000551":3.32818908,"ACH-000552":3.047854357,"ACH-000556":2.885425049,"ACH-000557":3.308817257,"ACH-000563":3.166698515,"ACH-000570":1.216763773,"ACH-000571":2.303835964,"ACH-000573":3.294116617,"ACH-000576":3.218474322,"ACH-000577":1.648596688,"ACH-000579":0.886230041,"ACH-000580":2.755020066,"ACH-000581":3.326113353,"ACH-000583":3.230446866,