{"scores":{"ACH-000004":5.618976891,"ACH-000005":6.091639216,"ACH-000007":5.817170587,"ACH-000009":6.021267727,"ACH-000011":5.465658529,"ACH-000012":5.858393126,"ACH-000013":5.430049116,"ACH-000014":5.632313184,"ACH-000015":6.09392994,"ACH-000017":5.740029581,"ACH-000018":5.289874179,"ACH-000019":4.785849605,"ACH-000021":5.545878897,"ACH-000022":5.709727846,"ACH-000024":6.103965647,"ACH-000025":5.952463844,"ACH-000028":6.072758079,"ACH-000029":-20,"ACH-000030":5.882188845,"ACH-000035":5.930121395,"ACH-000036":6.038552508,"ACH-000037":5.995492395,"ACH-000039":6.03349524,"ACH-000040":5.633266543,"ACH-000041":6.092028466,"ACH-000042":5.597116446,"ACH-000045":5.767542792,"ACH-000047":6.103685493,"ACH-000048":6.049620995,"ACH-000052":5.635615279,"ACH-000053":5.172384784,"ACH-000054":6.06567604,"ACH-000055":5.824498656,"ACH-000060":3.356017571,"ACH-000067":4.752704274,"ACH-000070":5.550217044,"ACH-000074":6.091245693,"ACH-000075":5.177840234,"ACH-000076":5.901374715,"ACH-000078":5.830982414,"ACH-000082":6.033433804,"ACH-000085":1.443606858,"ACH-000086":6.070228964,"ACH-000087":5.733391277,"ACH-000092":6.074275874,"ACH-000095":5.52907984,"ACH-000096":3.716083817,"ACH-000097":6.10450007,"ACH-000098":5.710885701,"ACH-000099":3.827751688,"ACH-000108":4.822640091,"ACH-000111":6.103435801,"ACH-000113":5.883808154,"ACH-000114":5.939212574,"ACH-000115":6.097262113,"ACH-000116":6.093666897,"ACH-000118":5.927927768,"ACH-000120":5.685476428,"ACH-000123":5.759520894,"ACH-000127":5.770518535,"ACH-000128":6.099945322,"ACH-000132":6.076113329,"ACH-000133":6.023142234,"ACH-000137":6.017704316,"ACH-000138":4.550215771,"ACH-000141":5.647926807,"ACH-000142":6.07053812,"ACH-000143":5.684762109,"ACH-000146":5.975649723,"ACH-000148":5.152736509,"ACH-000150":3.699672359,"ACH-000151":5.422242834,"ACH-000152":6.097950111,"ACH-000153":6.099169412,"ACH-000159":2.92271655,"ACH-000160":6.096171035,"ACH-000163":6.040197061,"ACH-000164":5.805939724,"ACH-000167":5.54203879,"ACH-000168":5.626473419,"ACH-000169":5.615269609,"ACH-000174":5.795185872,"ACH-000178":5.959225178,"ACH-000182":6.078801761,"ACH-000183":-4.419222218,"ACH-000187":6.026646679,"ACH-000188":5.845645653,"ACH-000189":6.076456119,"ACH-000190":5.822955781,"ACH-000198":5.350610668,"ACH-000200":6.084529913,"ACH-000202":3.297428033,"ACH-000204":6.09561185,"ACH-000206":5.969435231,"ACH-000207":5.266159274,"ACH-000209":6.104093182,"ACH-000211":3.978650947,"ACH-000212":6.004704119,"ACH-000215":4.066135335,"ACH-000217":6.050338443,"ACH-000219":-20,"ACH-000221":4.207801433,"ACH-000222":1.999673451,"ACH-000223":4.399180438,"ACH-000226":-4.770857233,"ACH-000227":5.059093267,"ACH-000228":5.800270824,"ACH-000231":1.026003524,"ACH-000232":6.08879843,"ACH-000233":5.897025254,"ACH-000234":5.802764585,"ACH-000235":6.081358138,"ACH-000237":5.300788718,"ACH-000238":6.003211806,"ACH-000243":4.779882877,"ACH-000244":5.974824389,"ACH-000246":5.055607754,"ACH-000247":5.615464686,"ACH-000248":6.059432345,"ACH-000249":3.776307233,"ACH-000250":4.7429639,"ACH-000251":6.031469996,"ACH-000253":4.343109893,"ACH-000255":5.356576269,"ACH-000256":5.55893223,"ACH-000257":6.007471582,"ACH-000258":6.104390717,"ACH-000259":5.899802696,"ACH-000260":5.964251079,"ACH-000261":6.104155373,"ACH-000262":5.056295535,"ACH-000263":5.608603829,"ACH-000264":6.095296511,"ACH-000265":5.664323814,"ACH-000266":6.103350999,"ACH-000271":5.642650046,"ACH-000272":6.023679612,"ACH-000273":6.069852269,"ACH-000274":5.702902109,"ACH-000276":5.577924489,"ACH-000277":6.048491403,"ACH-000278":5.206664653,"ACH-000279":6.10233983,"ACH-000280":6.095647528,"ACH-000281":4.999779106,"ACH-000286":6.027928581,"ACH-000288":4.282136015,"ACH-000290":5.904531189,"ACH-000291":5.677148232,"ACH-000292":5.610526424,"ACH-000293":5.615716756,"ACH-000294":5.633537786,"ACH-000295":6.073980547,"ACH-000296":5.953991264,"ACH-000302":5.744451878,"ACH-000304":6.095613888,"ACH-000305":6.084559463,"ACH-000307":6.067392006,"ACH-000308":5.845750169,"ACH-000310":5.025670214,"ACH-000311":6.06105548,"ACH-000312":4.887883639,"ACH-000315":2.575139181,"ACH-000316":4.068942326,"ACH-000317":5.264982125,"ACH-000318":5.992443362,"ACH-000319":6.097902824,"ACH-000320":2.584118701,"ACH-000322":5.611663342,"ACH-000323":6.080432693,"ACH-000324":5.526095904,"ACH-000326":5.599228065,"ACH-000329":1.917717285,"ACH-000330":6.104235896,"ACH-000331":5.828870913,"ACH-000332":5.913562915,"ACH-000334":3.834532158,"ACH-000335":5.243253303,"ACH-000336":5.322758284,"ACH-000337":5.985074129,"ACH-000339":-0.406195278,"ACH-000341":6.087319287,"ACH-000343":4.013173191,"ACH-000344":5.482519885,"ACH-000348":6.089244006,"ACH-000350":5.219783475,"ACH-000352":6.091562365,"ACH-000355":2.455359986,"ACH-000356":5.139396109,"ACH-000361":5.221680754,"ACH-000362":6.084715848,"ACH-000363":5.991938365,"ACH-000364":6.099444798,"ACH-000365":5.892672747,"ACH-000366":4.91483093,"ACH-000368":4.971276418,"ACH-000370":6.082433276,"ACH-000374":4.959095433,"ACH-000375":5.112114957,"ACH-000376":5.99575238,"ACH-000377":5.952654403,"ACH-000378":6.103708207,"ACH-000381":4.318926802,"ACH-000383":5.920646425,"ACH-000385":5.855614916,"ACH-000387":5.843879884,"ACH-000389":4.249720808,"ACH-000390":6.103221445,"ACH-000393":5.303290412,"ACH-000395":6.079917644,"ACH-000397":5.724522121,"ACH-000401":4.932607171,"ACH-000402":4.622133942,"ACH-000403":6.104385564,"ACH-000404":5.955093752,"ACH-000405":5.572855974,"ACH-000406":4.785826725,"ACH-000407":6.103317321,"ACH-000408":5.085655442,"ACH-000410":2.606336356,"ACH-000411":5.82553803,"ACH-000414":5.043323553,"ACH-000415":6.090277864,"ACH-000416":6.077223005,"ACH-000420":3.788010224,"ACH-000421":5.057982604,"ACH-000422":6.045477091,"ACH-000424":6.061029321,"ACH-000425":6.017292551,"ACH-000426":4.169992982,"ACH-000427":4.447262419,"ACH-000431":5.580723623,"ACH-000433":5.704733962,"ACH-000434":6.08662511,"ACH-000435":6.092879531,"ACH-000436":6.077004665,"ACH-000437":6.045811862,"ACH-000438":6.050026659,"ACH-000444":5.995998549,"ACH-000445":6.039211644,"ACH-000448":6.100729796,"ACH-000450":6.09243717,"ACH-000452":5.849908016,"ACH-000454":6.08041933,"ACH-000458":5.290670452,"ACH-000459":5.363952961,"ACH-000460":6.103484648,"ACH-000461":6.102993722,"ACH-000463":6.098870952,"ACH-000464":5.178587368,"ACH-000466":4.642388441,"ACH-000467":5.260305085,"ACH-000468":5.832944029,"ACH-000469":4.904475759,"ACH-000470":0.789732578,"ACH-000471":5.351773314,"ACH-000472":3.3595755,"ACH-000473":6.10424952,"ACH-000475":-14.24866449,"ACH-000476":4.889419263,"ACH-000477":5.828774426,"ACH-000478":5.656210613,"ACH-000480":5.16748034,"ACH-000481":4.222673977,"ACH-000483":4.386840885,"ACH-000484":-3.391925208,"ACH-000485":6.004673023,"ACH-000486":4.399629647,"ACH-000487":5.856706637,"ACH-000488":5.294546681,"ACH-000490":5.696577635,"ACH-000491":6.051867353,"ACH-000493":4.486559589,"ACH-000495":6.036111358,"ACH-000496":5.5646256,"ACH-000498":6.043176568,"ACH-000499":6.100487174,"ACH-000500":6.088409348,"ACH-000502":5.472429831,"ACH-000503":6.100464478,"ACH-000504":6.05802798,"ACH-000505":5.550236083,"ACH-000507":5.69249644,"ACH-000510":5.893070488,"ACH-000511":4.310007745,"ACH-000512":1.185113592,"ACH-000514":4.989279963,"ACH-000516":5.682826034,"ACH-000517":5.955290189,"ACH-000518":6.064321142,"ACH-000520":5.813944293,"ACH-000521":3.471673053,"ACH-000522":5.310402078,"ACH-000524":6.083721434,"ACH-000527":5.976490351,"ACH-000528":5.931830629,"ACH-000535":6.093811833,"ACH-000537":6.07921277,"ACH-000541":4.624944189,"ACH-000542":6.098598686,"ACH-000544":5.749263261,"ACH-000545":6.072322897,"ACH-000547":3.295461564,"ACH-000548":4.747435614,"ACH-000549":5.930332277,"ACH-000550":4.711304412,"ACH-000551":5.449945972,"ACH-000552":6.095682899,"ACH-000556":6.104447176,"ACH-000557":4.14308612,"ACH-000563":6.077776388,"ACH-000570":5.926993292,"ACH-000571":5.268225075,"ACH-000573":5.301756766,"ACH-000576":6.027659413,"ACH-000577":5.83962774,"ACH-000579":5.740181231,"ACH-000580":5.940361407,"ACH-000581":2.914790618,"ACH-000583":5.991281768,"ACH-000584":6.08722873,