{"scores":{"ACH-000004":0.982444071,"ACH-000005":2.741845965,"ACH-000007":2.292468182,"ACH-000009":2.562537064,"ACH-000011":2.728020441,"ACH-000012":2.553599522,"ACH-000013":2.593656808,"ACH-000014":1.414497049,"ACH-000015":2.750157955,"ACH-000017":2.723144183,"ACH-000018":1.994027403,"ACH-000019":2.571917652,"ACH-000021":2.46562067,"ACH-000022":1.783028194,"ACH-000024":2.417422041,"ACH-000025":-7.344627367,"ACH-000028":2.615905108,"ACH-000029":1.826793304,"ACH-000030":1.749760356,"ACH-000035":2.086240391,"ACH-000036":-8.899293706,"ACH-000037":-3.134236881,"ACH-000039":2.590766514,"ACH-000040":-8.646054089,"ACH-000041":2.527489817,"ACH-000042":2.719132962,"ACH-000045":1.391079094,"ACH-000047":2.534269891,"ACH-000048":1.51559301,"ACH-000052":1.812842525,"ACH-000053":2.71952844,"ACH-000054":-4.949842836,"ACH-000055":2.254066788,"ACH-000060":1.527089777,"ACH-000067":-3.962903431,"ACH-000070":2.469656421,"ACH-000074":1.785904179,"ACH-000075":0.376557064,"ACH-000076":2.412441197,"ACH-000078":0.823127435,"ACH-000082":-4.799900776,"ACH-000085":1.815449269,"ACH-000086":0.174631734,"ACH-000087":1.014549145,"ACH-000092":-0.502341452,"ACH-000095":1.866794977,"ACH-000096":2.44814715,"ACH-000097":2.748784735,"ACH-000098":-1.262290148,"ACH-000099":2.288021248,"ACH-000108":2.720692687,"ACH-000111":2.699698665,"ACH-000113":2.662410699,"ACH-000114":1.964120015,"ACH-000115":2.412073761,"ACH-000116":2.750694056,"ACH-000118":2.751341756,"ACH-000120":2.697560128,"ACH-000123":2.589121082,"ACH-000127":2.705205707,"ACH-000128":2.114482959,"ACH-000132":0.516626165,"ACH-000133":-7.57269004,"ACH-000137":1.282368291,"ACH-000138":2.076713312,"ACH-000141":2.746674578,"ACH-000142":2.656442094,"ACH-000143":2.641926366,"ACH-000146":2.739723189,"ACH-000148":-0.803841398,"ACH-000150":2.64118148,"ACH-000151":2.20369052,"ACH-000152":0.470877668,"ACH-000153":-0.534786021,"ACH-000159":2.538700885,"ACH-000160":2.691015565,"ACH-000163":-6.774283176,"ACH-000164":2.670822811,"ACH-000167":-1.024967537,"ACH-000168":1.952802048,"ACH-000169":2.74211619,"ACH-000174":0.614701969,"ACH-000178":-5.351352416,"ACH-000182":2.73412036,"ACH-000183":2.574003109,"ACH-000187":2.661814281,"ACH-000188":2.736779286,"ACH-000189":2.618443439,"ACH-000190":2.598022549,"ACH-000198":2.746975407,"ACH-000200":-2.889474393,"ACH-000202":2.037331819,"ACH-000204":1.233146512,"ACH-000206":1.325006333,"ACH-000207":2.632491134,"ACH-000209":0.772661807,"ACH-000211":0.44895751,"ACH-000212":-4.757554473,"ACH-000215":-3.682882335,"ACH-000217":1.560984791,"ACH-000219":0.106746864,"ACH-000221":2.742300168,"ACH-000222":2.595643659,"ACH-000223":1.596507776,"ACH-000226":1.131481196,"ACH-000227":1.578436891,"ACH-000228":1.788069205,"ACH-000231":1.610300695,"ACH-000232":-0.218702662,"ACH-000233":2.168770319,"ACH-000234":2.673453635,"ACH-000235":2.602866264,"ACH-000237":2.068702512,"ACH-000238":2.38616966,"ACH-000243":1.69989914,"ACH-000244":0.246687141,"ACH-000246":2.472395879,"ACH-000247":2.749828653,"ACH-000248":2.116982741,"ACH-000249":0.345255409,"ACH-000250":0.877021697,"ACH-000251":1.521801117,"ACH-000253":2.718523467,"ACH-000255":-1.795285595,"ACH-000256":2.266937549,"ACH-000257":2.419348772,"ACH-000258":2.422537132,"ACH-000259":2.410325883,"ACH-000260":2.637462181,"ACH-000261":1.791325311,"ACH-000262":-1.859006495,"ACH-000263":1.287279651,"ACH-000264":2.284297411,"ACH-000265":-0.48634276,"ACH-000266":2.719770132,"ACH-000271":2.732368958,"ACH-000272":2.724268276,"ACH-000273":1.054375715,"ACH-000274":2.287332755,"ACH-000276":-0.591331147,"ACH-000277":2.717936274,"ACH-000278":2.138039834,"ACH-000279":2.713436087,"ACH-000280":-8.822634194,"ACH-000281":1.934333078,"ACH-000286":2.02238069,"ACH-000288":-6.131888196,"ACH-000290":2.751151956,"ACH-000291":2.719543629,"ACH-000292":2.449466635,"ACH-000293":2.144805942,"ACH-000294":2.723254232,"ACH-000295":2.432935965,"ACH-000296":1.367791553,"ACH-000302":1.457868367,"ACH-000304":2.452314594,"ACH-000305":2.73624186,"ACH-000307":2.532285791,"ACH-000308":2.751016991,"ACH-000310":1.405734553,"ACH-000311":2.681293908,"ACH-000312":2.313906261,"ACH-000315":2.732666208,"ACH-000316":1.971437765,"ACH-000317":-2.913259471,"ACH-000318":1.994509705,"ACH-000319":-0.422246955,"ACH-000320":2.362217488,"ACH-000322":1.846640223,"ACH-000323":-13.67835424,"ACH-000324":2.62467823,"ACH-000326":2.63642104,"ACH-000329":0.900063472,"ACH-000330":2.570071473,"ACH-000331":0.791709853,"ACH-000332":2.751506761,"ACH-000334":2.611449196,"ACH-000335":-4.515601125,"ACH-000336":2.123286364,"ACH-000337":2.374163935,"ACH-000339":-7.34376766,"ACH-000341":0.577771053,"ACH-000343":2.738817092,"ACH-000344":2.615406166,"ACH-000348":2.439824188,"ACH-000350":2.751238908,"ACH-000352":1.704459277,"ACH-000355":2.558430079,"ACH-000356":1.89060281,"ACH-000361":-5.739439642,"ACH-000362":1.981519896,"ACH-000363":2.699560315,"ACH-000364":-3.782479523,"ACH-000365":2.725073121,"ACH-000366":2.284114161,"ACH-000368":-11.82022659,"ACH-000370":-0.2923635,"ACH-000374":2.566425969,"ACH-000375":2.630910271,"ACH-000376":2.249201106,"ACH-000377":1.832757987,"ACH-000378":2.270324503,"ACH-000381":1.877591976,"ACH-000383":2.140971419,"ACH-000385":2.305867161,"ACH-000387":2.713770744,"ACH-000389":-0.176215636,"ACH-000390":2.297924846,"ACH-000393":2.746497508,"ACH-000395":1.567900484,"ACH-000397":2.726179433,"ACH-000401":-0.250525875,"ACH-000402":2.648146663,"ACH-000403":1.096646009,"ACH-000404":2.751032279,"ACH-000405":2.739810304,"ACH-000406":2.747991013,"ACH-000407":2.154601408,"ACH-000408":1.708873984,"ACH-000410":0.39891996,"ACH-000411":0.578790187,"ACH-000414":2.279440491,"ACH-000415":1.578276233,"ACH-000416":2.730681854,"ACH-000420":2.09079771,"ACH-000421":2.697587949,"ACH-000422":0.287324217,"ACH-000424":2.630161542,"ACH-000425":2.748312704,"ACH-000426":2.33202059,"ACH-000427":2.068864345,"ACH-000431":2.329160966,"ACH-000433":0.77091759,"ACH-000434":-2.404083559,"ACH-000435":2.502254107,"ACH-000436":2.720828651,"ACH-000437":1.804366954,"ACH-000438":2.445038861,"ACH-000444":0.918175518,"ACH-000445":-4.237895778,"ACH-000448":2.330998001,"ACH-000450":1.526794932,"ACH-000452":2.414108339,"ACH-000454":0.644134598,"ACH-000458":2.691421604,"ACH-000459":2.345758244,"ACH-000460":-6.47994266,"ACH-000461":2.320251951,"ACH-000463":2.268806911,"ACH-000464":-13.25580222,"ACH-000466":-1.838129532,"ACH-000467":2.749657156,"ACH-000468":2.165210888,"ACH-000469":-9.325487024,"ACH-000470":2.069372555,"ACH-000471":-0.698465803,"ACH-000472":2.320834137,"ACH-000473":2.584542673,"ACH-000475":2.371148825,"ACH-000476":2.717651429,"ACH-000477":2.75139856,"ACH-000478":0.5810801,"ACH-000480":2.001145124,"ACH-000481":2.627832351,"ACH-000483":1.935430194,"ACH-000484":2.627315356,"ACH-000485":1.132961402,"ACH-000486":1.740311783,"ACH-000487":2.164622759,"ACH-000488":2.634730431,"ACH-000490":2.706792741,"ACH-000491":2.422373611,"ACH-000493":-14.99486335,"ACH-000495":2.687693786,"ACH-000496":-2.37384076,"ACH-000498":2.140256453,"ACH-000499":2.595980036,"ACH-000500":1.750886941,"ACH-000502":2.616857435,"ACH-000503":0.957722915,"ACH-000504":-1.177422407,"ACH-000505":2.436779949,"ACH-000507":1.837021485,"ACH-000510":2.465191612,"ACH-000511":0.561732052,"ACH-000512":1.509169801,"ACH-000514":2.704943813,"ACH-000516":0.684683488,"ACH-000517":0.49800089,"ACH-000518":2.308952785,"ACH-000520":1.498732079,"ACH-000521":2.49512047,"ACH-000522":-2.820798593,"ACH-000524":2.749118172,"ACH-000527":2.497009409,"ACH-000528":0.977634264,"ACH-000535":2.728490006,"ACH-000537":-0.999976149,"ACH-000541":1.060674558,"ACH-000542":-3.227213776,"ACH-000544":2.370917064,"ACH-000545":1.806439856,"ACH-000547":2.180601493,"ACH-000548":1.416998967,"ACH-000549":2.468384826,"ACH-000550":2.621056506,"ACH-000551":2.475414947,"ACH-000552":2.749830612,"ACH-000556":2.728023309,"ACH-000557":2.710481008,"ACH-000563":-0.616493719,"ACH-000570":0.844251714,"ACH-000571":1.495949213,"ACH-000573":-1.778994572,"ACH-000576":2.369989321,"ACH-000577":1.907469372,"ACH-000579":2.733933666,"ACH-000580":2.553734851,