{"scores":{"ACH-000004":2.082996168,"ACH-000005":-0.213252594,"ACH-000007":-1.798143765,"ACH-000009":-0.278996568,"ACH-000011":1.806958857,"ACH-000012":-1.056670621,"ACH-000013":3.267483993,"ACH-000014":-0.198906865,"ACH-000015":2.717753319,"ACH-000017":-6.100347692,"ACH-000018":3.387839429,"ACH-000019":1.874190416,"ACH-000021":3.682056381,"ACH-000022":-3.651573297,"ACH-000024":2.537836024,"ACH-000025":-0.804336228,"ACH-000028":0.916888317,"ACH-000029":2.779531108,"ACH-000030":2.459061662,"ACH-000035":1.139274939,"ACH-000036":-2.271899519,"ACH-000037":-0.719699857,"ACH-000039":1.439677081,"ACH-000040":3.715970073,"ACH-000041":2.369805439,"ACH-000042":2.756829713,"ACH-000045":2.008025061,"ACH-000047":-2.076878234,"ACH-000048":2.783437218,"ACH-000052":3.436788534,"ACH-000053":3.371024971,"ACH-000054":-3.502599936,"ACH-000055":0.423871376,"ACH-000060":2.368276595,"ACH-000067":2.452478794,"ACH-000070":1.749070931,"ACH-000074":2.917148327,"ACH-000075":-2.144740603,"ACH-000076":-0.022509408,"ACH-000078":2.133791454,"ACH-000082":2.280774205,"ACH-000085":1.601316857,"ACH-000086":-1.64144515,"ACH-000087":1.489072783,"ACH-000092":1.320588029,"ACH-000095":3.138867513,"ACH-000096":-0.279984487,"ACH-000097":1.083335615,"ACH-000098":4.217778286,"ACH-000099":3.038451612,"ACH-000108":2.001088232,"ACH-000111":2.674297125,"ACH-000113":3.188884062,"ACH-000114":3.029467376,"ACH-000115":1.575468045,"ACH-000116":2.198625474,"ACH-000118":-0.153283351,"ACH-000120":1.750314231,"ACH-000123":2.699424004,"ACH-000127":3.148862759,"ACH-000128":3.49170793,"ACH-000132":0.895354265,"ACH-000133":-0.23050253,"ACH-000137":2.372516129,"ACH-000138":2.655846099,"ACH-000141":0.177698554,"ACH-000142":2.798187202,"ACH-000143":2.49752795,"ACH-000146":1.119225716,"ACH-000148":-1.428661764,"ACH-000150":-2.175512277,"ACH-000151":-0.868939836,"ACH-000152":1.361750075,"ACH-000153":2.52920627,"ACH-000159":-9.068848215,"ACH-000160":3.590699175,"ACH-000163":-3.769536011,"ACH-000164":2.668297304,"ACH-000167":1.382261328,"ACH-000168":1.204305083,"ACH-000169":-2.113155682,"ACH-000174":2.826846687,"ACH-000178":1.640202854,"ACH-000182":2.363715201,"ACH-000183":-0.619244018,"ACH-000187":2.852165053,"ACH-000188":2.214105153,"ACH-000189":0.184140322,"ACH-000190":0.168821859,"ACH-000198":0.25661289,"ACH-000200":-0.404438197,"ACH-000202":1.571101934,"ACH-000204":1.0914498,"ACH-000206":1.558856345,"ACH-000207":2.39330548,"ACH-000209":-0.608976605,"ACH-000211":1.900836094,"ACH-000212":4.221548929,"ACH-000215":2.376232665,"ACH-000217":-4.54539214,"ACH-000219":3.354116729,"ACH-000221":3.162795866,"ACH-000222":1.688932482,"ACH-000223":-1.1498457,"ACH-000226":2.24273064,"ACH-000227":1.533172905,"ACH-000228":3.450029986,"ACH-000231":-1.453824056,"ACH-000232":1.589400645,"ACH-000233":2.852220168,"ACH-000234":1.895366135,"ACH-000235":0.633159632,"ACH-000237":0.339559445,"ACH-000238":3.293358223,"ACH-000243":-0.278597754,"ACH-000244":-1.544370566,"ACH-000246":-0.098178749,"ACH-000247":2.133049379,"ACH-000248":-2.609752533,"ACH-000249":1.42614322,"ACH-000250":1.163517964,"ACH-000251":3.545493533,"ACH-000253":-2.232296468,"ACH-000255":-6.19587171,"ACH-000256":2.04424769,"ACH-000257":0.431347335,"ACH-000258":1.751139609,"ACH-000259":2.643484752,"ACH-000260":3.795784834,"ACH-000261":2.184650605,"ACH-000262":2.421874257,"ACH-000263":0.189544411,"ACH-000264":2.079314568,"ACH-000265":0.373120395,"ACH-000266":3.534650732,"ACH-000271":2.736253347,"ACH-000272":2.281633125,"ACH-000273":2.908674423,"ACH-000274":4.270641473,"ACH-000276":-1.783551166,"ACH-000277":-6.510403784,"ACH-000278":0.467012106,"ACH-000279":3.548752257,"ACH-000280":3.330574426,"ACH-000281":1.063307938,"ACH-000286":-0.188411261,"ACH-000288":-2.499221472,"ACH-000290":3.61843181,"ACH-000291":2.601292956,"ACH-000292":0.584001651,"ACH-000293":1.140213942,"ACH-000294":2.952179947,"ACH-000295":-1.288368958,"ACH-000296":-2.184962358,"ACH-000302":-6.992319525,"ACH-000304":1.273589264,"ACH-000305":3.156135983,"ACH-000307":3.527157687,"ACH-000308":4.044185618,"ACH-000310":1.361358993,"ACH-000311":1.965562674,"ACH-000312":1.757423339,"ACH-000315":2.598908666,"ACH-000316":-0.404107556,"ACH-000317":-0.977010003,"ACH-000318":3.258058319,"ACH-000319":-3.54335529,"ACH-000320":0.874266736,"ACH-000322":-0.97596591,"ACH-000323":-3.932658153,"ACH-000324":1.44679703,"ACH-000326":-4.789510365,"ACH-000329":2.219287961,"ACH-000330":-3.831562788,"ACH-000331":1.381828453,"ACH-000332":2.545955077,"ACH-000334":1.540125277,"ACH-000335":-0.10548902,"ACH-000336":1.368540549,"ACH-000337":1.061202653,"ACH-000339":-0.69466884,"ACH-000341":0.827088741,"ACH-000343":2.917290221,"ACH-000344":0.922143804,"ACH-000348":-11.28599636,"ACH-000350":0.05420289,"ACH-000352":-12.32897489,"ACH-000355":0.888539326,"ACH-000356":-0.020002313,"ACH-000361":0.018558441,"ACH-000362":3.511204642,"ACH-000363":2.328596486,"ACH-000364":2.620444748,"ACH-000365":3.262851152,"ACH-000366":3.805166483,"ACH-000368":-0.673858474,"ACH-000370":0.824957807,"ACH-000374":3.170103172,"ACH-000375":3.530858185,"ACH-000376":2.143372302,"ACH-000377":2.865523825,"ACH-000378":0.408827663,"ACH-000381":1.569976173,"ACH-000383":3.162636557,"ACH-000385":-2.331938762,"ACH-000387":1.647910017,"ACH-000389":1.238033185,"ACH-000390":1.949832472,"ACH-000393":3.304328322,"ACH-000395":-0.73380721,"ACH-000397":3.849186875,"ACH-000401":-2.052630676,"ACH-000402":-0.72420529,"ACH-000403":3.366918357,"ACH-000404":1.833639798,"ACH-000405":1.273568442,"ACH-000406":2.537463473,"ACH-000407":2.606442932,"ACH-000408":1.646414599,"ACH-000410":-8.599988014,"ACH-000411":1.409121945,"ACH-000414":-1.085768923,"ACH-000415":1.220308507,"ACH-000416":-8.738411878,"ACH-000420":2.300195698,"ACH-000421":1.127432817,"ACH-000422":-2.453594787,"ACH-000424":2.469729133,"ACH-000425":3.210455389,"ACH-000426":2.333443797,"ACH-000427":3.414740309,"ACH-000431":2.972791327,"ACH-000433":3.681409657,"ACH-000434":1.560028569,"ACH-000435":2.197040274,"ACH-000436":1.943591198,"ACH-000437":-2.492546106,"ACH-000438":1.845895897,"ACH-000444":-1.95087364,"ACH-000445":-1.62825698,"ACH-000448":3.737140479,"ACH-000450":2.93268733,"ACH-000452":-1.505827519,"ACH-000454":2.06463206,"ACH-000458":3.151368102,"ACH-000459":1.812380076,"ACH-000460":-0.620788495,"ACH-000461":-2.831613822,"ACH-000463":1.875313099,"ACH-000464":-3.32455118,"ACH-000466":-2.655057847,"ACH-000467":-3.946699007,"ACH-000468":0.760916659,"ACH-000469":-2.961597989,"ACH-000470":0.371199289,"ACH-000471":0.108155145,"ACH-000472":-1.794355808,"ACH-000473":2.596934547,"ACH-000475":-4.718278373,"ACH-000476":-0.331802399,"ACH-000477":2.684243941,"ACH-000478":1.32998156,"ACH-000480":-3.231551107,"ACH-000481":1.681850721,"ACH-000483":-1.342400831,"ACH-000484":1.866695226,"ACH-000485":1.681390366,"ACH-000486":-6.40136261,"ACH-000487":2.298193437,"ACH-000488":-0.290495661,"ACH-000490":-1.001056633,"ACH-000491":2.286533184,"ACH-000493":1.43772091,"ACH-000495":0.9819239,"ACH-000496":1.744664288,"ACH-000498":1.116242887,"ACH-000499":2.745905198,"ACH-000500":1.777953151,"ACH-000502":0.077803623,"ACH-000503":3.357827526,"ACH-000504":2.571280526,"ACH-000505":-1.299619972,"ACH-000507":-3.29426634,"ACH-000510":-1.055524684,"ACH-000511":3.778493738,"ACH-000512":-0.888885975,"ACH-000514":3.407019123,"ACH-000516":-2.981984239,"ACH-000517":3.74419747,"ACH-000518":3.473259415,"ACH-000520":2.237332724,"ACH-000521":3.300261614,"ACH-000522":-5.47058812,"ACH-000524":1.665022681,"ACH-000527":3.17473708,"ACH-000528":-7.820991123,"ACH-000535":2.479375446,"ACH-000537":-3.077447122,"ACH-000541":0.570158687,"ACH-000542":-2.357941498,"ACH-000544":3.753847575,"ACH-000545":2.213799839,"ACH-000547":2.163263423,"ACH-000548":-1.517714406,"ACH-000549":3.188198276,"ACH-000550":4.27971006,"ACH-000551":-0.160193295,"ACH-000552":-1.931903258,"ACH-000556":-1.08494567,"ACH-000557":1.925162299,"ACH-000563":2.243037474,"ACH-000570":-0.281547885,"ACH-000571":2.573613037,"ACH-000573":2.826104775,"ACH-000576":1.638120773,"ACH-000577":3.132904671,"ACH-000579":2.657149848,