{"scores":{"ACH-000004":3.43021804,"ACH-000005":1.574498549,"ACH-000007":4.155946241,"ACH-000009":-0.320042308,"ACH-000011":-9.290731661,"ACH-000012":4.234753921,"ACH-000013":3.925269686,"ACH-000014":-5.697605706,"ACH-000015":3.7268596,"ACH-000017":3.597055636,"ACH-000018":2.816607479,"ACH-000019":2.032513409,"ACH-000021":3.92066965,"ACH-000022":0.533345092,"ACH-000024":-7.416103016,"ACH-000025":3.525353001,"ACH-000028":1.284361124,"ACH-000029":4.12928951,"ACH-000030":4.138707864,"ACH-000035":2.361844538,"ACH-000036":-3.154049443,"ACH-000037":-8.431234828,"ACH-000039":3.270408202,"ACH-000040":-6.88439794,"ACH-000041":3.059806027,"ACH-000042":2.585108925,"ACH-000045":1.111498214,"ACH-000047":3.528282469,"ACH-000048":3.344764999,"ACH-000052":4.179157025,"ACH-000053":4.224309006,"ACH-000054":-10.77016037,"ACH-000055":2.067533125,"ACH-000060":3.956554018,"ACH-000067":2.609839883,"ACH-000070":4.202385702,"ACH-000074":3.223288639,"ACH-000075":-2.608078877,"ACH-000076":3.343193496,"ACH-000078":3.957969367,"ACH-000082":1.13045596,"ACH-000085":4.100553367,"ACH-000086":-14.34167678,"ACH-000087":4.032176539,"ACH-000092":4.149212935,"ACH-000095":-4.054610577,"ACH-000096":-4.507341827,"ACH-000097":-2.191784841,"ACH-000098":2.273329349,"ACH-000099":4.220120592,"ACH-000108":2.424755831,"ACH-000111":3.147884326,"ACH-000113":4.225934183,"ACH-000114":4.086484952,"ACH-000115":2.494834345,"ACH-000116":3.650910153,"ACH-000118":4.222015323,"ACH-000120":-16.35462597,"ACH-000123":-0.913027414,"ACH-000127":3.944946936,"ACH-000128":3.574866385,"ACH-000132":3.745693612,"ACH-000133":-1.556377278,"ACH-000137":3.415760532,"ACH-000138":2.058995013,"ACH-000141":4.03428188,"ACH-000142":3.838835691,"ACH-000143":3.968511681,"ACH-000146":1.438420454,"ACH-000148":2.549842492,"ACH-000150":3.810785354,"ACH-000151":4.133766943,"ACH-000152":-1.446529722,"ACH-000153":0.756825506,"ACH-000159":-20,"ACH-000160":0.230509419,"ACH-000163":-9.115535431,"ACH-000164":3.385739986,"ACH-000167":3.108129343,"ACH-000168":3.358542203,"ACH-000169":2.837007176,"ACH-000174":3.118116658,"ACH-000178":-5.741537635,"ACH-000182":4.041461932,"ACH-000183":2.975277186,"ACH-000187":4.235911215,"ACH-000188":4.132091376,"ACH-000189":-3.020707815,"ACH-000190":3.596175763,"ACH-000198":0.986614011,"ACH-000200":-2.321672529,"ACH-000202":3.150305565,"ACH-000204":-1.553717588,"ACH-000206":-3.794830085,"ACH-000207":3.822334584,"ACH-000209":-4.84766374,"ACH-000211":-0.332931177,"ACH-000212":2.990807479,"ACH-000215":2.451824891,"ACH-000217":4.146212422,"ACH-000219":-3.914850307,"ACH-000221":4.105607959,"ACH-000222":3.802117892,"ACH-000223":3.664102456,"ACH-000226":3.769454425,"ACH-000227":2.431711088,"ACH-000228":-10.52019169,"ACH-000231":3.13689762,"ACH-000232":3.782548625,"ACH-000233":4.184588559,"ACH-000234":-20,"ACH-000235":-2.095792583,"ACH-000237":-10.71547704,"ACH-000238":-3.084629889,"ACH-000243":3.162000329,"ACH-000244":-8.044308357,"ACH-000246":4.002383056,"ACH-000247":2.691716718,"ACH-000248":1.505581067,"ACH-000249":2.799680116,"ACH-000250":-20,"ACH-000251":4.238484479,"ACH-000253":4.228229577,"ACH-000255":-3.56621015,"ACH-000256":3.560613434,"ACH-000257":3.680638615,"ACH-000258":0.152682546,"ACH-000259":4.175073995,"ACH-000260":2.895385204,"ACH-000261":3.998488293,"ACH-000262":-14.78244108,"ACH-000263":3.594067749,"ACH-000264":2.735864192,"ACH-000265":4.001418024,"ACH-000266":4.120792112,"ACH-000271":0.293181531,"ACH-000272":4.23556075,"ACH-000273":0.510258291,"ACH-000274":3.398262882,"ACH-000276":3.049053302,"ACH-000277":3.855841093,"ACH-000278":3.517659989,"ACH-000279":4.185763199,"ACH-000280":0.926898677,"ACH-000281":3.499488072,"ACH-000286":2.946497544,"ACH-000288":-6.715757673,"ACH-000290":3.583348694,"ACH-000291":4.16638687,"ACH-000292":0.26738341,"ACH-000293":3.68360678,"ACH-000294":3.618667687,"ACH-000295":2.033210227,"ACH-000296":3.48165606,"ACH-000302":-6.49138518,"ACH-000304":2.993415822,"ACH-000305":3.769968985,"ACH-000307":3.858092628,"ACH-000308":4.233814863,"ACH-000310":3.935588639,"ACH-000311":4.05832258,"ACH-000312":3.741057971,"ACH-000315":3.33178078,"ACH-000316":1.935045149,"ACH-000317":3.35858407,"ACH-000318":3.00552029,"ACH-000319":-12.32771321,"ACH-000320":4.1103248,"ACH-000322":-1.005965363,"ACH-000323":4.225326997,"ACH-000324":0.563435371,"ACH-000326":3.797175656,"ACH-000329":-1.252586628,"ACH-000330":4.2147978,"ACH-000331":3.419424928,"ACH-000332":4.051881664,"ACH-000334":4.031194208,"ACH-000335":1.568486989,"ACH-000336":-2.149581832,"ACH-000337":3.592140142,"ACH-000339":1.949476833,"ACH-000341":3.571995636,"ACH-000343":4.051811889,"ACH-000344":-0.862453023,"ACH-000348":4.207620918,"ACH-000350":3.811097134,"ACH-000352":4.185944832,"ACH-000355":4.214565977,"ACH-000356":3.148739942,"ACH-000361":3.834669546,"ACH-000362":3.207549784,"ACH-000363":4.227637978,"ACH-000364":4.121481993,"ACH-000365":4.14601186,"ACH-000366":4.197800854,"ACH-000368":-7.980714832,"ACH-000370":4.098275112,"ACH-000374":0.145395143,"ACH-000375":3.081272136,"ACH-000376":2.166888481,"ACH-000377":2.960241512,"ACH-000378":-2.442829548,"ACH-000381":3.412603125,"ACH-000383":4.080583204,"ACH-000385":-5.956819071,"ACH-000387":3.515372022,"ACH-000389":3.31475164,"ACH-000390":4.226339621,"ACH-000393":1.370209424,"ACH-000395":3.265417974,"ACH-000397":4.127565339,"ACH-000401":2.84915544,"ACH-000402":4.228347479,"ACH-000403":4.090222402,"ACH-000404":-7.373590406,"ACH-000405":3.842737677,"ACH-000406":-2.873478724,"ACH-000407":3.75249226,"ACH-000408":2.694206,"ACH-000410":3.414810834,"ACH-000411":-5.31126334,"ACH-000414":-0.885217837,"ACH-000415":-9.08286021,"ACH-000416":4.142358452,"ACH-000420":3.265085777,"ACH-000421":3.653893759,"ACH-000422":-15.30036948,"ACH-000424":2.845256735,"ACH-000425":3.630347043,"ACH-000426":3.142129236,"ACH-000427":-0.371629277,"ACH-000431":4.13284555,"ACH-000433":3.078123266,"ACH-000434":2.33620079,"ACH-000435":3.633891407,"ACH-000436":2.334873056,"ACH-000437":2.847284549,"ACH-000438":3.441081312,"ACH-000444":3.510618816,"ACH-000445":-5.575472111,"ACH-000448":4.208826706,"ACH-000450":0.722574484,"ACH-000452":3.256665231,"ACH-000454":3.271362753,"ACH-000458":-0.04250545,"ACH-000459":1.945395701,"ACH-000460":-11.70665931,"ACH-000461":-3.418431982,"ACH-000463":2.558405979,"ACH-000464":-13.05717966,"ACH-000466":4.209574369,"ACH-000467":4.073283533,"ACH-000468":3.592307317,"ACH-000469":-20,"ACH-000470":2.225118196,"ACH-000471":1.494083737,"ACH-000472":2.432778966,"ACH-000473":3.805487508,"ACH-000475":3.806471319,"ACH-000476":-18.98991077,"ACH-000477":2.322988073,"ACH-000478":2.375385678,"ACH-000480":3.536756613,"ACH-000481":-4.298717159,"ACH-000483":2.663308883,"ACH-000484":-1.498645383,"ACH-000485":3.466845521,"ACH-000486":2.740163484,"ACH-000487":3.858584153,"ACH-000488":4.155084414,"ACH-000490":3.532217014,"ACH-000491":2.644375307,"ACH-000493":3.059812868,"ACH-000495":3.674778652,"ACH-000496":-2.897056267,"ACH-000498":3.975927288,"ACH-000499":4.102199822,"ACH-000500":-2.602978367,"ACH-000502":4.100763356,"ACH-000503":3.588437337,"ACH-000504":-0.817128105,"ACH-000505":4.201521977,"ACH-000507":0.798865214,"ACH-000510":-1.366274888,"ACH-000511":4.16784074,"ACH-000512":4.141239818,"ACH-000514":2.085739685,"ACH-000516":2.755284341,"ACH-000517":-5.033669961,"ACH-000518":1.828528094,"ACH-000520":0.938940832,"ACH-000521":-0.14444074,"ACH-000522":4.229197036,"ACH-000524":0.899089814,"ACH-000527":0.626720448,"ACH-000528":4.094714696,"ACH-000535":3.73360293,"ACH-000537":4.006883449,"ACH-000541":-5.36363345,"ACH-000542":3.563779415,"ACH-000544":-1.603835954,"ACH-000545":4.026266911,"ACH-000547":2.812588469,"ACH-000548":-10.07295051,"ACH-000549":3.281269344,"ACH-000550":-4.912534202,"ACH-000551":3.765131377,"ACH-000552":2.997446151,"ACH-000556":1.102465952,"ACH-000557":3.198558678,"ACH-000563":3.996776198,"ACH-000570":2.781196012,"ACH-000571":4.204664623,"ACH-000573":0.375985162,"ACH-000576":1.172669139,"ACH-000577":3.769932132,"ACH-000579":3.436415435,"ACH-000580":-0.032990089,"ACH-000581":3.693551379,