{"scores":{"ACH-000004":4.548653746,"ACH-000005":3.181995055,"ACH-000007":-2.721720524,"ACH-000009":-3.163118811,"ACH-000011":-2.295005934,"ACH-000012":-3.535065425,"ACH-000013":-3.427239887,"ACH-000014":0.429331035,"ACH-000015":-3.59041392,"ACH-000017":-3.352417456,"ACH-000018":1.959971199,"ACH-000019":0.028186321,"ACH-000021":17.96305097,"ACH-000022":-4.300922758,"ACH-000024":9.928612216,"ACH-000025":0.22873323,"ACH-000028":-2.779508137,"ACH-000029":5.530889062,"ACH-000030":-3.176641613,"ACH-000035":5.990767736,"ACH-000036":-3.474674477,"ACH-000037":-2.157644374,"ACH-000039":-2.901550717,"ACH-000040":-2.020817433,"ACH-000041":1.411486871,"ACH-000042":-3.782809801,"ACH-000045":3.464825291,"ACH-000047":-3.279484192,"ACH-000048":3.640664955,"ACH-000052":-1.460523918,"ACH-000053":-3.498465954,"ACH-000054":-3.591527561,"ACH-000055":2.500445073,"ACH-000060":-3.769737672,"ACH-000067":2.748737247,"ACH-000070":-1.541030289,"ACH-000074":-1.370704194,"ACH-000075":-2.035144459,"ACH-000076":2.312785801,"ACH-000078":-3.799094937,"ACH-000082":-2.188212554,"ACH-000085":-3.725869554,"ACH-000086":1.132834648,"ACH-000087":1.165439091,"ACH-000092":13.04910118,"ACH-000095":1.726602678,"ACH-000096":-2.623884705,"ACH-000097":5.627561775,"ACH-000098":-1.045194845,"ACH-000099":1.395902336,"ACH-000108":6.322826416,"ACH-000111":-1.862972687,"ACH-000113":2.255137864,"ACH-000114":-1.527070667,"ACH-000115":0.321106074,"ACH-000116":-4.307172442,"ACH-000118":-1.714302065,"ACH-000120":-2.940831275,"ACH-000123":7.872949807,"ACH-000127":-3.952311509,"ACH-000128":-1.45478927,"ACH-000132":1.540610683,"ACH-000133":-3.547277132,"ACH-000137":-0.122197978,"ACH-000138":-4.158988443,"ACH-000141":-4.053045859,"ACH-000142":-2.41522383,"ACH-000143":-2.127946017,"ACH-000146":2.076384049,"ACH-000148":-1.920104617,"ACH-000150":-3.273494224,"ACH-000151":-0.443932575,"ACH-000152":-2.679052968,"ACH-000153":-3.777289983,"ACH-000159":0.335695484,"ACH-000160":-3.942072051,"ACH-000163":10.17905923,"ACH-000164":0.503544034,"ACH-000167":-1.749581097,"ACH-000168":5.053264016,"ACH-000169":3.258613246,"ACH-000174":-3.478787384,"ACH-000178":1.085417363,"ACH-000182":3.668823935,"ACH-000183":5.463464688,"ACH-000187":4.862404673,"ACH-000188":-3.118427017,"ACH-000189":-0.130978244,"ACH-000190":-0.520518647,"ACH-000198":3.574715906,"ACH-000200":-2.084065182,"ACH-000202":-2.207370244,"ACH-000204":0.165904896,"ACH-000206":-2.224475002,"ACH-000207":-2.381911542,"ACH-000209":-3.334744729,"ACH-000211":-3.815742777,"ACH-000212":-3.04474345,"ACH-000215":-3.280128033,"ACH-000217":-2.101011325,"ACH-000219":-4.141698521,"ACH-000221":-2.588732525,"ACH-000222":-0.08440794,"ACH-000223":-3.969959023,"ACH-000226":5.390653873,"ACH-000227":0.583924364,"ACH-000228":5.801932177,"ACH-000231":-1.446678349,"ACH-000232":-3.718566001,"ACH-000233":-2.75499244,"ACH-000234":-3.695088944,"ACH-000235":-0.815157689,"ACH-000237":-4.14702792,"ACH-000238":-3.848556103,"ACH-000243":-3.211039262,"ACH-000244":-3.900446122,"ACH-000246":-2.569073751,"ACH-000247":4.567190902,"ACH-000248":-3.436140801,"ACH-000249":-2.657838415,"ACH-000250":-4.370341682,"ACH-000251":-1.742371422,"ACH-000253":12.38888909,"ACH-000255":1.37865855,"ACH-000256":-3.709000524,"ACH-000257":0.319778959,"ACH-000258":2.571742984,"ACH-000259":-1.393504129,"ACH-000260":-2.059217122,"ACH-000261":-3.213413433,"ACH-000262":-2.117573472,"ACH-000263":-2.424956075,"ACH-000264":-4.299329304,"ACH-000265":-2.697299909,"ACH-000266":0.22013613,"ACH-000271":-3.548247611,"ACH-000272":-3.655242868,"ACH-000273":-3.389687118,"ACH-000274":4.791295163,"ACH-000276":2.630506807,"ACH-000277":-1.058228876,"ACH-000278":-3.284962539,"ACH-000279":-2.203141503,"ACH-000280":-4.071609903,"ACH-000281":-3.79242683,"ACH-000286":-3.031148241,"ACH-000288":-3.649311001,"ACH-000290":1.803180658,"ACH-000291":20,"ACH-000292":-2.366720463,"ACH-000293":-2.016016122,"ACH-000294":-2.029144127,"ACH-000295":-2.373908286,"ACH-000296":-0.327158609,"ACH-000302":-3.363513205,"ACH-000304":4.689811822,"ACH-000305":8.471713244,"ACH-000307":7.294718609,"ACH-000308":10.93872707,"ACH-000310":-3.143934345,"ACH-000311":0.386035805,"ACH-000312":4.598369913,"ACH-000315":-0.196277709,"ACH-000316":-4.045500353,"ACH-000317":-2.521540375,"ACH-000318":-2.208318497,"ACH-000319":2.141509396,"ACH-000320":-3.32417335,"ACH-000322":-1.758897738,"ACH-000323":2.702944494,"ACH-000324":-1.639970909,"ACH-000326":6.519287852,"ACH-000329":-4.366390756,"ACH-000330":-0.64926852,"ACH-000331":-1.283008062,"ACH-000332":10.76091496,"ACH-000334":-1.205322577,"ACH-000335":-4.116649984,"ACH-000336":1.340052017,"ACH-000337":0.71494262,"ACH-000339":-4.268530898,"ACH-000341":-0.503059626,"ACH-000343":2.489634885,"ACH-000344":3.092028782,"ACH-000348":-4.032570525,"ACH-000350":3.730526063,"ACH-000352":-3.040136161,"ACH-000355":2.050359237,"ACH-000356":3.14632619,"ACH-000361":0.269905635,"ACH-000362":1.16932539,"ACH-000363":7.464877113,"ACH-000364":-2.043118625,"ACH-000365":-0.36640401,"ACH-000366":-3.336047142,"ACH-000368":-1.350095371,"ACH-000370":-0.554121755,"ACH-000374":-2.674095277,"ACH-000375":-1.821812194,"ACH-000376":2.459172552,"ACH-000377":-3.511368327,"ACH-000378":-0.01704858,"ACH-000381":-1.768536123,"ACH-000383":-4.278944867,"ACH-000385":-2.598616377,"ACH-000387":5.001479376,"ACH-000389":-3.017772784,"ACH-000390":-4.453150469,"ACH-000393":-4.158646556,"ACH-000395":0.168393119,"ACH-000397":-4.449855578,"ACH-000401":-3.211761861,"ACH-000402":-2.702243634,"ACH-000403":-4.37356241,"ACH-000404":0.178087885,"ACH-000405":0.707390884,"ACH-000406":-3.550232705,"ACH-000407":-3.181476848,"ACH-000408":-3.903740723,"ACH-000410":-3.858022292,"ACH-000411":-3.707059868,"ACH-000414":-3.670338719,"ACH-000415":-3.967041805,"ACH-000416":0.282497161,"ACH-000420":1.600898391,"ACH-000421":12.44276573,"ACH-000422":5.071461665,"ACH-000424":2.988886709,"ACH-000425":2.39556067,"ACH-000426":3.726250558,"ACH-000427":-2.610958997,"ACH-000431":10.2636534,"ACH-000433":-0.062443566,"ACH-000434":8.265429481,"ACH-000435":-0.038569948,"ACH-000436":2.973471357,"ACH-000437":-3.213601407,"ACH-000438":-1.895522452,"ACH-000444":-4.07568203,"ACH-000445":-1.593515309,"ACH-000448":-3.550098589,"ACH-000450":-0.373236616,"ACH-000452":2.834250084,"ACH-000454":-3.262162849,"ACH-000458":-2.616669591,"ACH-000459":-0.716500978,"ACH-000460":-2.758237418,"ACH-000461":-2.395820226,"ACH-000463":5.250966332,"ACH-000464":-2.659609857,"ACH-000466":-3.776954863,"ACH-000467":-3.222466892,"ACH-000468":-2.070314638,"ACH-000469":-3.10109236,"ACH-000470":-3.544440313,"ACH-000471":-3.441410687,"ACH-000472":-4.456846942,"ACH-000473":-3.382666662,"ACH-000475":-4.120563129,"ACH-000476":-3.424340998,"ACH-000477":1.093535562,"ACH-000478":-1.844942738,"ACH-000480":-0.407576809,"ACH-000481":-3.133998948,"ACH-000483":1.384363805,"ACH-000484":3.813020426,"ACH-000485":0.528896346,"ACH-000486":-2.236743812,"ACH-000487":-3.60629697,"ACH-000488":-1.954119355,"ACH-000490":-3.224425839,"ACH-000491":0.096071117,"ACH-000493":-1.748076632,"ACH-000495":-3.53223467,"ACH-000496":1.541152676,"ACH-000498":-0.085840425,"ACH-000499":0.238412873,"ACH-000500":-3.217828165,"ACH-000502":-3.674154329,"ACH-000503":0.084525675,"ACH-000504":-2.662543034,"ACH-000505":-3.63925574,"ACH-000507":-3.892903277,"ACH-000510":-0.800783551,"ACH-000511":-1.054771355,"ACH-000512":3.212331597,"ACH-000514":7.454840149,"ACH-000516":2.739784416,"ACH-000517":-0.008214974,"ACH-000518":-4.22757887,"ACH-000520":-2.962308136,"ACH-000521":3.998104073,"ACH-000522":-2.111112159,"ACH-000524":-3.407710957,"ACH-000527":-1.586739679,"ACH-000528":-2.415327554,"ACH-000535":-1.360926202,"ACH-000537":-1.120007701,"ACH-000541":-1.494735759,"ACH-000542":-4.007949514,"ACH-000544":4.196718979,"ACH-000545":-1.928882305,"ACH-000547":-1.490164788,"ACH-000548":-3.661877039,"ACH-000549":-0.996542885,"ACH-000550":-3.050058368,"ACH-000551":6.870049907,"ACH-000552":-3.375964615,"ACH-000556":3.618483104,"ACH-000557":-2.970915284,"ACH-000563":-1.198751836,"ACH-000570":-1.447758255,