{"scores":{"ACH-000004":18.518224897494186,"ACH-000005":20,"ACH-000007":20,"ACH-000009":20,"ACH-000011":20,"ACH-000012":20,"ACH-000013":20,"ACH-000014":20,"ACH-000015":20,"ACH-000017":20,"ACH-000018":20,"ACH-000019":20,"ACH-000021":20,"ACH-000022":20,"ACH-000024":20,"ACH-000025":20,"ACH-000028":20,"ACH-000029":20,"ACH-000030":20,"ACH-000035":20,"ACH-000036":19.326008399470926,"ACH-000037":20,"ACH-000039":20,"ACH-000040":20,"ACH-000041":17.822234611469305,"ACH-000042":20,"ACH-000045":20,"ACH-000047":20,"ACH-000048":20,"ACH-000052":15.83426331451981,"ACH-000053":20,"ACH-000054":20,"ACH-000055":17.664152308200386,"ACH-000060":20,"ACH-000067":20,"ACH-000070":20,"ACH-000074":14.726477925083614,"ACH-000075":17.17529750230331,"ACH-000076":20,"ACH-000078":18.241149635853013,"ACH-000082":20,"ACH-000085":20,"ACH-000086":20,"ACH-000087":20,"ACH-000092":20,"ACH-000095":20,"ACH-000096":20,"ACH-000097":20,"ACH-000098":20,"ACH-000099":20,"ACH-000108":20,"ACH-000111":20,"ACH-000113":20,"ACH-000114":20,"ACH-000115":20,"ACH-000116":20,"ACH-000118":20,"ACH-000120":20,"ACH-000123":16.330587950449086,"ACH-000127":20,"ACH-000128":20,"ACH-000132":20,"ACH-000133":16.125713266366468,"ACH-000137":20,"ACH-000138":20,"ACH-000141":20,"ACH-000142":20,"ACH-000143":20,"ACH-000146":20,"ACH-000148":20,"ACH-000150":20,"ACH-000151":18.40913078641836,"ACH-000152":20,"ACH-000153":20,"ACH-000159":20,"ACH-000160":20,"ACH-000163":20,"ACH-000164":16.714692279975377,"ACH-000167":10.83403691351563,"ACH-000168":17.98119144875037,"ACH-000169":20,"ACH-000174":8.61252770887509,"ACH-000178":20,"ACH-000182":20,"ACH-000183":20,"ACH-000187":16.762173742567533,"ACH-000188":20,"ACH-000189":20,"ACH-000190":20,"ACH-000198":20,"ACH-000200":16.772400188997096,"ACH-000202":16.8408462991348,"ACH-000204":16.560999140396756,"ACH-000206":16.629600422264442,"ACH-000207":20,"ACH-000209":20,"ACH-000211":20,"ACH-000212":20,"ACH-000215":19.182460623049266,"ACH-000217":20,"ACH-000219":20,"ACH-000221":20,"ACH-000222":20,"ACH-000223":20,"ACH-000226":20,"ACH-000227":14.028990604845912,"ACH-000228":18.097695999624232,"ACH-000231":20,"ACH-000232":20,"ACH-000233":20,"ACH-000234":20,"ACH-000235":20,"ACH-000237":20,"ACH-000238":20,"ACH-000243":20,"ACH-000244":16.90264200910795,"ACH-000246":20,"ACH-000247":17.28794772124711,"ACH-000248":20,"ACH-000249":20,"ACH-000250":20,"ACH-000251":20,"ACH-000253":20,"ACH-000255":20,"ACH-000256":20,"ACH-000257":20,"ACH-000258":19.460489457426714,"ACH-000259":20,"ACH-000260":20,"ACH-000261":19.961954048774786,"ACH-000262":16.719910057376097,"ACH-000263":20,"ACH-000264":20,"ACH-000265":20,"ACH-000266":20,"ACH-000271":16.005575966494156,"ACH-000272":15.854885523156067,"ACH-000273":17.653016456708638,"ACH-000274":20,"ACH-000276":11.105907043861166,"ACH-000277":20,"ACH-000278":20,"ACH-000279":20,"ACH-000280":20,"ACH-000281":20,"ACH-000286":11.953290096179726,"ACH-000288":20,"ACH-000290":20,"ACH-000291":20,"ACH-000292":19.647351767396238,"ACH-000293":20,"ACH-000294":20,"ACH-000295":20,"ACH-000296":20,"ACH-000302":20,"ACH-000304":20,"ACH-000305":20,"ACH-000307":20,"ACH-000308":20,"ACH-000310":20,"ACH-000311":20,"ACH-000312":20,"ACH-000315":20,"ACH-000316":20,"ACH-000317":20,"ACH-000318":15.977852637784947,"ACH-000319":20,"ACH-000320":20,"ACH-000322":19.341682928331657,"ACH-000323":20,"ACH-000324":20,"ACH-000326":20,"ACH-000329":20,"ACH-000330":20,"ACH-000331":20,"ACH-000332":20,"ACH-000334":20,"ACH-000335":19.942253158256126,"ACH-000336":20,"ACH-000337":20,"ACH-000339":20,"ACH-000341":20,"ACH-000343":20,"ACH-000344":20,"ACH-000348":20,"ACH-000350":20,"ACH-000352":20,"ACH-000355":12.46860023915525,"ACH-000356":20,"ACH-000361":19.52039782499834,"ACH-000362":20,"ACH-000363":20,"ACH-000364":20,"ACH-000365":20,"ACH-000366":19.917128975868668,"ACH-000368":20,"ACH-000370":3.7707400151208867,"ACH-000374":20,"ACH-000375":20,"ACH-000376":18.23371659104059,"ACH-000377":20,"ACH-000378":20,"ACH-000381":20,"ACH-000383":20,"ACH-000385":20,"ACH-000387":20,"ACH-000389":20,"ACH-000390":20,"ACH-000393":20,"ACH-000395":20,"ACH-000397":20,"ACH-000401":20,"ACH-000402":20,"ACH-000403":20,"ACH-000404":20,"ACH-000405":20,"ACH-000406":20,"ACH-000407":20,"ACH-000408":20,"ACH-000410":20,"ACH-000411":20,"ACH-000414":20,"ACH-000415":19.847632656607853,"ACH-000416":20,"ACH-000420":20,"ACH-000421":20,"ACH-000422":19.976861304482526,"ACH-000424":20,"ACH-000425":20,"ACH-000426":20,"ACH-000427":20,"ACH-000431":14.461330385972145,"ACH-000433":20,"ACH-000434":19.203486196995474,"ACH-000435":20,"ACH-000436":20,"ACH-000437":15.76828376820263,"ACH-000438":19.282971680991636,"ACH-000444":20,"ACH-000445":20,"ACH-000448":20,"ACH-000450":20,"ACH-000452":20,"ACH-000454":20,"ACH-000458":20,"ACH-000459":20,"ACH-000460":20,"ACH-000461":20,"ACH-000463":18.714477350549906,"ACH-000464":20,"ACH-000466":20,"ACH-000467":20,"ACH-000468":19.047458565884966,"ACH-000469":20,"ACH-000470":20,"ACH-000471":20,"ACH-000472":20,"ACH-000473":20,"ACH-000475":10.687337955990337,"ACH-000476":20,"ACH-000477":20,"ACH-000478":17.440881933069004,"ACH-000480":-20,"ACH-000481":20,"ACH-000483":20,"ACH-000484":20,"ACH-000485":20,"ACH-000486":20,"ACH-000487":20,"ACH-000488":20,"ACH-000490":20,"ACH-000491":19.935204334030455,"ACH-000493":20,"ACH-000495":20,"ACH-000496":20,"ACH-000498":20,"ACH-000499":19.780861097732377,"ACH-000500":20,"ACH-000502":20,"ACH-000503":14.707819083405877,"ACH-000504":20,"ACH-000505":20,"ACH-000507":19.37336712563428,"ACH-000510":20,"ACH-000511":19.426726735574313,"ACH-000512":20,"ACH-000514":19.26976160746725,"ACH-000516":20,"ACH-000517":20,"ACH-000518":20,"ACH-000520":20,"ACH-000521":20,"ACH-000522":20,"ACH-000524":20,"ACH-000527":20,"ACH-000528":20,"ACH-000535":17.66813251676502,"ACH-000537":20,"ACH-000541":20,"ACH-000542":20,"ACH-000544":20,"ACH-000545":20,"ACH-000547":20,"ACH-000548":20,"ACH-000549":20,"ACH-000550":20,"ACH-000551":20,"ACH-000552":20,"ACH-000556":20,"ACH-000557":16.80129758901834,"ACH-000563":20,"ACH-000570":19.86342135830997,"ACH-000571":20,"ACH-000573":20,"ACH-000576":20,"ACH-000577":18.442126914416587,"ACH-000579":20,"ACH-000580":20,"ACH-000581":20,"ACH-000583":20,"ACH-000584":20,"ACH-000585":20,"ACH-000587":20,"ACH-000588":20,"ACH-000589":20,"ACH-000591":20,"ACH-000592":20,"ACH-000593":20,"ACH-000596":19.61761136749018,"ACH-000599":20,"ACH-000600":17.598517428458834,"ACH-000601":20,"ACH-000604":18.31397118329851,"ACH-000605":20,"ACH-000606":20,"ACH-000608":20,"ACH-000614":20,"ACH-000616":20,"ACH-000618":17.133170405789354,"ACH-000619":19.58843310691241,"ACH-000620":20,"ACH-000621":20,"ACH-000622":20,"ACH-000623":19.840952589374755,"ACH-000624":20,"ACH-000627":20,"ACH-000630":20,"ACH-000632":20,"ACH-000633":-20,"ACH-000634":20,"ACH-000637":20,"ACH-000638":20,"ACH-000639":20,"ACH-000646":20,"ACH-000647":19.775231065254935,"ACH-000648":16.39876310114998,"ACH-000649":20,"ACH-000651":20,"ACH-000652":20,"ACH-000653":20,"ACH-000654":20,"ACH-000655":17.97568357691367,"ACH-000657":20,"ACH-000658":20,"ACH-000661":20,"ACH-000662":20,"ACH-000663":17.335064371375296,"ACH-000665":20,"ACH-000667":16.356560539336083,"ACH-000671":20,"ACH-000673":20,"ACH-000676":20,"ACH-000677":20,"ACH-000680":20,"ACH-000681":20,"ACH-000682":19.34721994128729,"ACH-000683":20,"ACH-000684":20,"ACH-000685":20,"ACH-000688":20,"ACH-000693":20,"ACH-000694":20,"ACH-000695":20,"ACH-000696":20,"ACH-000697":20,"ACH-000698":20,"ACH-000699":20,"ACH-000700":20,"ACH-000701":20,"ACH-000702":20,"ACH-000706":20,"ACH-000711":20,"ACH-000713":20,"ACH-000714":20,"ACH-000718":20,"ACH-000720":20,"ACH-000721":20,"ACH-000724":20,"ACH-000725":18.947764918380358,"ACH-000732":17.355748347270683,"ACH-000734":20,"ACH-000735":20,"ACH-000736":20,"ACH-000738":20,"ACH-000739":20,"ACH-000740":20,"ACH-000746":20,"ACH-000747":20,"ACH-000748":20,"ACH-000753":20,"ACH-000756":20,"ACH-000757":20,"ACH-000758":20,"ACH-000760":20,"ACH-000762":20,"ACH-000763":20,"ACH-000764":20,"ACH-000765":20,"ACH-000766":20,"ACH-000767":20,"ACH-000768":20,"ACH-000769":20,"ACH-000770":20,"ACH-000771":20,