{"scores":{"ACH-000004":5.140957259,"ACH-000005":4.049177041,"ACH-000007":-13.91842953,"ACH-000009":1.20696668,"ACH-000011":2.140943539,"ACH-000012":0.869721384,"ACH-000013":-1.127121156,"ACH-000014":3.086006087,"ACH-000015":4.791797963,"ACH-000017":3.690494599,"ACH-000018":0.770128986,"ACH-000019":3.686772629,"ACH-000021":-2.862003225,"ACH-000022":-1.389648415,"ACH-000024":5.148849425,"ACH-000025":5.200425043,"ACH-000028":4.791323149,"ACH-000029":1.480176261,"ACH-000030":4.481573437,"ACH-000035":5.276147242,"ACH-000036":5.286099677,"ACH-000037":3.892648671,"ACH-000039":5.062738665,"ACH-000040":5.01518775,"ACH-000041":5.153417327,"ACH-000042":-18.0847109,"ACH-000045":3.466438877,"ACH-000047":-0.28528983,"ACH-000048":3.874921056,"ACH-000052":2.554866662,"ACH-000053":4.724086324,"ACH-000054":3.890537511,"ACH-000055":5.306751648,"ACH-000060":5.13666153,"ACH-000067":4.29733105,"ACH-000070":3.580415431,"ACH-000074":4.671163698,"ACH-000075":3.370764378,"ACH-000076":0.436883697,"ACH-000078":4.638789619,"ACH-000082":4.980688597,"ACH-000085":-7.408549194,"ACH-000086":2.747824551,"ACH-000087":4.834410138,"ACH-000092":4.884162201,"ACH-000095":4.296480856,"ACH-000096":4.595844873,"ACH-000097":4.450574394,"ACH-000098":4.830530758,"ACH-000099":4.903471789,"ACH-000108":-5.615854645,"ACH-000111":4.830871435,"ACH-000113":4.864938372,"ACH-000114":3.579502032,"ACH-000115":4.644164059,"ACH-000116":-9.385153275,"ACH-000118":2.684955074,"ACH-000120":3.50887622,"ACH-000123":3.866366689,"ACH-000127":3.926252075,"ACH-000128":2.815530037,"ACH-000132":1.112891278,"ACH-000133":4.963802507,"ACH-000137":5.225893451,"ACH-000138":4.283143959,"ACH-000141":-5.265089156,"ACH-000142":-4.88343906,"ACH-000143":-1.21331443,"ACH-000146":3.86578211,"ACH-000148":5.360071364,"ACH-000150":4.550764966,"ACH-000151":4.336920198,"ACH-000152":3.986104216,"ACH-000153":3.365011942,"ACH-000159":2.51876372,"ACH-000160":-0.859625839,"ACH-000163":4.411639812,"ACH-000164":4.800819939,"ACH-000167":3.249483542,"ACH-000168":3.803091835,"ACH-000169":4.70900113,"ACH-000174":5.053487366,"ACH-000178":-20,"ACH-000182":3.68374693,"ACH-000183":3.175185847,"ACH-000187":3.611849091,"ACH-000188":-0.965753858,"ACH-000189":4.893389343,"ACH-000190":3.627609742,"ACH-000198":3.071316738,"ACH-000200":4.610122188,"ACH-000202":-0.522883595,"ACH-000204":5.333809926,"ACH-000206":4.826370945,"ACH-000207":2.181397164,"ACH-000209":3.734882937,"ACH-000211":5.137709772,"ACH-000212":0.341892779,"ACH-000215":5.299627421,"ACH-000217":5.229990758,"ACH-000219":4.44173882,"ACH-000221":5.125660711,"ACH-000222":-15.87204084,"ACH-000223":4.779759454,"ACH-000226":3.975271766,"ACH-000227":5.288191203,"ACH-000228":1.315841083,"ACH-000231":3.116820065,"ACH-000232":4.121223578,"ACH-000233":4.714500123,"ACH-000234":3.340703465,"ACH-000235":-10.70031597,"ACH-000237":3.479582548,"ACH-000238":-8.364363339,"ACH-000243":-2.821400768,"ACH-000244":4.138855293,"ACH-000246":4.805913209,"ACH-000247":-15.58593651,"ACH-000248":3.985717871,"ACH-000249":-1.927862719,"ACH-000250":4.731379138,"ACH-000251":2.158749661,"ACH-000253":-11.56136785,"ACH-000255":4.187520473,"ACH-000256":-3.530110794,"ACH-000257":2.916779688,"ACH-000258":4.19082169,"ACH-000259":0.323393926,"ACH-000260":4.727447307,"ACH-000261":4.460730754,"ACH-000262":4.397549108,"ACH-000263":4.035252105,"ACH-000264":4.565801146,"ACH-000265":4.131422737,"ACH-000266":-4.413072799,"ACH-000271":2.167216848,"ACH-000272":4.567463896,"ACH-000273":5.059750488,"ACH-000274":4.611199319,"ACH-000276":2.669966999,"ACH-000277":5.325827874,"ACH-000278":5.06834208,"ACH-000279":4.508083084,"ACH-000280":-7.626071719,"ACH-000281":4.700741515,"ACH-000286":-0.238212898,"ACH-000288":4.473706356,"ACH-000290":4.030913069,"ACH-000291":-16.99807763,"ACH-000292":4.142147665,"ACH-000293":5.134755186,"ACH-000294":4.872663497,"ACH-000295":4.039495336,"ACH-000296":0.544505654,"ACH-000302":4.762678473,"ACH-000304":4.373959909,"ACH-000305":1.226425754,"ACH-000307":1.307140565,"ACH-000308":-3.26128112,"ACH-000310":4.646035374,"ACH-000311":-8.019532167,"ACH-000312":3.33841414,"ACH-000315":2.272163272,"ACH-000316":4.879430079,"ACH-000317":5.087983134,"ACH-000318":-3.205076009,"ACH-000319":4.950525525,"ACH-000320":3.439608442,"ACH-000322":3.877664663,"ACH-000323":4.636342285,"ACH-000324":4.79157892,"ACH-000326":4.543644241,"ACH-000329":5.246889096,"ACH-000330":4.116059325,"ACH-000331":3.67927809,"ACH-000332":5.209256871,"ACH-000334":4.417280042,"ACH-000335":3.988551772,"ACH-000336":2.345481233,"ACH-000337":4.14554835,"ACH-000339":5.139358318,"ACH-000341":5.286899714,"ACH-000343":3.188636445,"ACH-000344":-16.04528579,"ACH-000348":4.16170257,"ACH-000350":-8.185197189,"ACH-000352":4.95042716,"ACH-000355":4.349108277,"ACH-000356":0.151005255,"ACH-000361":4.973794063,"ACH-000362":3.768798386,"ACH-000363":3.68629724,"ACH-000364":4.803431345,"ACH-000365":4.988749324,"ACH-000366":5.049776427,"ACH-000368":4.65170534,"ACH-000370":4.130110117,"ACH-000374":1.897591794,"ACH-000375":4.82633162,"ACH-000376":4.193249792,"ACH-000377":5.343664928,"ACH-000378":2.135386113,"ACH-000381":-16.04941632,"ACH-000383":-17.34841613,"ACH-000385":5.355808242,"ACH-000387":4.333595116,"ACH-000389":2.261545658,"ACH-000390":1.686000749,"ACH-000393":5.231330774,"ACH-000395":-5.865069269,"ACH-000397":-0.503707064,"ACH-000401":1.965540201,"ACH-000402":4.407975399,"ACH-000403":3.251873102,"ACH-000404":4.45322461,"ACH-000405":4.958622331,"ACH-000406":4.794508215,"ACH-000407":4.612836474,"ACH-000408":2.827063678,"ACH-000410":4.822709196,"ACH-000411":2.188242295,"ACH-000414":-20,"ACH-000415":-6.998510762,"ACH-000416":4.421768061,"ACH-000420":4.742296279,"ACH-000421":-1.478058428,"ACH-000422":4.466569633,"ACH-000424":5.213285526,"ACH-000425":4.763634511,"ACH-000426":4.926643806,"ACH-000427":-16.73691277,"ACH-000431":2.68299629,"ACH-000433":5.178526251,"ACH-000434":3.892313877,"ACH-000435":-1.239712274,"ACH-000436":3.869345376,"ACH-000437":5.18139213,"ACH-000438":-10.23471424,"ACH-000444":5.311539714,"ACH-000445":3.100592004,"ACH-000448":-20,"ACH-000450":3.16388514,"ACH-000452":-4.833888842,"ACH-000454":5.259019097,"ACH-000458":4.298487068,"ACH-000459":4.870883875,"ACH-000460":-4.8483233,"ACH-000461":2.971171328,"ACH-000463":5.295706337,"ACH-000464":5.047156977,"ACH-000466":-17.10190843,"ACH-000467":-20,"ACH-000468":5.355663203,"ACH-000469":4.414869242,"ACH-000470":0.986887766,"ACH-000471":5.026309069,"ACH-000472":3.912236468,"ACH-000473":-20,"ACH-000475":0.315313596,"ACH-000476":5.176792104,"ACH-000477":0.993804567,"ACH-000478":2.109697552,"ACH-000480":4.504089724,"ACH-000481":-16.45410804,"ACH-000483":-2.178179359,"ACH-000484":2.672023405,"ACH-000485":-13.87275267,"ACH-000486":3.490149162,"ACH-000487":3.575209514,"ACH-000488":-4.0678688,"ACH-000490":-1.030698522,"ACH-000491":2.116509262,"ACH-000493":5.10913231,"ACH-000495":4.140498531,"ACH-000496":2.947374201,"ACH-000498":3.201139611,"ACH-000499":4.657010657,"ACH-000500":-0.471916351,"ACH-000502":1.7649921,"ACH-000503":-3.663386715,"ACH-000504":4.186125721,"ACH-000505":4.240082581,"ACH-000507":-2.304530147,"ACH-000510":4.793433518,"ACH-000511":5.141873591,"ACH-000512":4.798082359,"ACH-000514":4.402956156,"ACH-000516":4.903014276,"ACH-000517":4.065726952,"ACH-000518":5.359945728,"ACH-000520":4.50924256,"ACH-000521":3.179276404,"ACH-000522":4.165805758,"ACH-000524":-5.290683597,"ACH-000527":-20,"ACH-000528":-20,"ACH-000535":-15.89370729,"ACH-000537":5.35087934,"ACH-000541":4.362182297,"ACH-000542":4.531649077,"ACH-000544":2.904736909,"ACH-000545":-11.5063108,"ACH-000547":5.013941426,"ACH-000548":-1.786602592,"ACH-000549":-5.498677157,"ACH-000550":5.263201739,"ACH-000551":4.004246227,"ACH-000552":-18.49701471,"ACH-000556":-6.158446149,"ACH-000557":3.468298041,"ACH-000563":4.453816173,"ACH-000570":3.803565401,"ACH-000571":5.104016182,"ACH-000573":3.929246196,"ACH-000576":4.506676662,"ACH-000577":3.678066626,"ACH-000579":5.018934689,"ACH-000580":3.600970374,"ACH-000581":-2.378074755,"ACH-000583":5.001282355,"ACH-000584":1.637107084,