{"scores":{"ACH-000004":4.651725893,"ACH-000005":3.010005895,"ACH-000007":-12.42381766,"ACH-000009":-11.52543789,"ACH-000011":4.23724334,"ACH-000012":4.630206899,"ACH-000013":4.820686058,"ACH-000014":4.469676786,"ACH-000015":4.114309434,"ACH-000017":3.041419119,"ACH-000018":2.958063722,"ACH-000019":4.723857409,"ACH-000021":4.026187071,"ACH-000022":-20,"ACH-000024":-2.0897676,"ACH-000025":4.055730708,"ACH-000028":4.602675017,"ACH-000029":4.629549923,"ACH-000030":3.700519167,"ACH-000035":4.313455696,"ACH-000036":2.923893636,"ACH-000037":4.335079673,"ACH-000039":3.445507661,"ACH-000040":4.784942283,"ACH-000041":4.439890084,"ACH-000042":-20,"ACH-000045":2.902645316,"ACH-000047":4.827814747,"ACH-000048":4.830807547,"ACH-000052":3.476185999,"ACH-000053":4.646483358,"ACH-000054":4.467108333,"ACH-000055":4.261275146,"ACH-000060":-12.99737035,"ACH-000067":4.047496704,"ACH-000070":3.989000606,"ACH-000074":2.987586868,"ACH-000075":2.370653094,"ACH-000076":2.524363581,"ACH-000078":4.012756701,"ACH-000082":4.311275327,"ACH-000085":1.988894327,"ACH-000086":4.701761174,"ACH-000087":4.281654753,"ACH-000092":4.813167586,"ACH-000095":4.774980698,"ACH-000096":4.374212404,"ACH-000097":-5.574885004,"ACH-000098":4.829809934,"ACH-000099":0.039920261,"ACH-000108":-4.512922432,"ACH-000111":1.118910743,"ACH-000113":4.741539219,"ACH-000114":-20,"ACH-000115":4.291822502,"ACH-000116":3.322990826,"ACH-000118":4.243534556,"ACH-000120":4.173315945,"ACH-000123":4.830077622,"ACH-000127":4.696255547,"ACH-000128":4.72080418,"ACH-000132":1.905645053,"ACH-000133":1.202750563,"ACH-000137":4.162025475,"ACH-000138":-20,"ACH-000141":4.775449851,"ACH-000142":3.885861965,"ACH-000143":3.856386479,"ACH-000146":3.704917947,"ACH-000148":4.127423191,"ACH-000150":4.749612707,"ACH-000151":3.87885376,"ACH-000152":4.777940031,"ACH-000153":1.037772062,"ACH-000159":4.528486827,"ACH-000160":3.70763125,"ACH-000163":-15.88676752,"ACH-000164":-20,"ACH-000167":4.270792183,"ACH-000168":-6.396688814,"ACH-000169":4.812491923,"ACH-000174":-20,"ACH-000178":-18.56705094,"ACH-000182":-20,"ACH-000183":4.800334833,"ACH-000187":2.803253364,"ACH-000188":4.137425409,"ACH-000189":4.757407356,"ACH-000190":4.149918797,"ACH-000198":0.597582183,"ACH-000200":4.060280998,"ACH-000202":3.765379757,"ACH-000204":4.772877977,"ACH-000206":4.624895533,"ACH-000207":1.942086199,"ACH-000209":2.964829553,"ACH-000211":4.806645805,"ACH-000212":4.36180748,"ACH-000215":4.803709876,"ACH-000217":4.636513429,"ACH-000219":4.830891162,"ACH-000221":-1.444833594,"ACH-000222":-8.711302658,"ACH-000223":4.79347628,"ACH-000226":4.6865036,"ACH-000227":4.061281103,"ACH-000228":3.880030022,"ACH-000231":3.752516016,"ACH-000232":4.241846954,"ACH-000233":4.828949174,"ACH-000234":4.267909799,"ACH-000235":-20,"ACH-000237":4.58738808,"ACH-000238":3.070192845,"ACH-000243":-18.7113513,"ACH-000244":2.711138791,"ACH-000246":4.775596602,"ACH-000247":4.50308466,"ACH-000248":4.809897221,"ACH-000249":0.755580268,"ACH-000250":4.798058547,"ACH-000251":-5.780916428,"ACH-000253":3.805743406,"ACH-000255":4.777937821,"ACH-000256":4.830671186,"ACH-000257":1.851160144,"ACH-000258":3.924129423,"ACH-000259":4.824125679,"ACH-000260":4.681980254,"ACH-000261":4.823903225,"ACH-000262":2.769369161,"ACH-000263":4.360339515,"ACH-000264":-20,"ACH-000265":-11.23333975,"ACH-000266":-20,"ACH-000271":3.999928471,"ACH-000272":4.655558646,"ACH-000273":4.557616913,"ACH-000274":4.813519247,"ACH-000276":4.603118021,"ACH-000277":-6.699449318,"ACH-000278":4.778220508,"ACH-000279":3.892864123,"ACH-000280":4.29412405,"ACH-000281":-11.85415886,"ACH-000286":-7.059864538,"ACH-000288":4.823950626,"ACH-000290":4.800618762,"ACH-000291":4.627149471,"ACH-000292":3.140090088,"ACH-000293":4.813780029,"ACH-000294":-10.89046027,"ACH-000295":3.473854008,"ACH-000296":2.643345009,"ACH-000302":4.779159538,"ACH-000304":3.052128556,"ACH-000305":3.492129792,"ACH-000307":-20,"ACH-000308":3.977813234,"ACH-000310":3.37547962,"ACH-000311":-1.394695885,"ACH-000312":-1.648095452,"ACH-000315":4.829713517,"ACH-000316":4.819750653,"ACH-000317":3.99913202,"ACH-000318":2.263489931,"ACH-000319":4.656321913,"ACH-000320":-8.580503788,"ACH-000322":4.811537982,"ACH-000323":3.936077517,"ACH-000324":4.830634128,"ACH-000326":2.113180076,"ACH-000329":4.773826162,"ACH-000330":4.668865978,"ACH-000331":4.256188556,"ACH-000332":-20,"ACH-000334":2.768085956,"ACH-000335":4.443379572,"ACH-000336":2.525867125,"ACH-000337":3.643480227,"ACH-000339":-20,"ACH-000341":4.627445418,"ACH-000343":4.488213608,"ACH-000344":-0.005778177,"ACH-000348":4.58659066,"ACH-000350":-9.104762351,"ACH-000352":4.819965308,"ACH-000355":4.72359139,"ACH-000356":-0.265833894,"ACH-000361":3.371311313,"ACH-000362":2.971993561,"ACH-000363":4.733916739,"ACH-000364":4.652036428,"ACH-000365":4.610685226,"ACH-000366":4.830892969,"ACH-000368":4.643544508,"ACH-000370":-0.682978598,"ACH-000374":4.163663614,"ACH-000375":4.621183869,"ACH-000376":1.024327288,"ACH-000377":-0.556528493,"ACH-000378":4.668201572,"ACH-000381":-7.982315549,"ACH-000383":1.892750192,"ACH-000385":2.106266927,"ACH-000387":-5.936812238,"ACH-000389":3.867924847,"ACH-000390":3.718553256,"ACH-000393":4.601128364,"ACH-000395":-8.605967331,"ACH-000397":3.116649291,"ACH-000401":4.055189716,"ACH-000402":2.495393278,"ACH-000403":-20,"ACH-000404":4.646099561,"ACH-000405":4.577543015,"ACH-000406":4.782473895,"ACH-000407":-0.123041145,"ACH-000408":4.485449502,"ACH-000410":4.334555188,"ACH-000411":4.695115429,"ACH-000414":-1.125047653,"ACH-000415":4.177586963,"ACH-000416":1.303903975,"ACH-000420":4.725254276,"ACH-000421":-20,"ACH-000422":4.115151032,"ACH-000424":1.431418507,"ACH-000425":4.780200065,"ACH-000426":-4.017194737,"ACH-000427":3.010080793,"ACH-000431":4.778201976,"ACH-000433":4.726614133,"ACH-000434":4.669434515,"ACH-000435":2.777417057,"ACH-000436":4.615102367,"ACH-000437":4.83029871,"ACH-000438":-3.917039631,"ACH-000444":-16.34654582,"ACH-000445":4.486308859,"ACH-000448":4.830929511,"ACH-000450":1.7349019,"ACH-000452":-0.009406984,"ACH-000454":3.717900142,"ACH-000458":4.778940027,"ACH-000459":4.824343522,"ACH-000460":-20,"ACH-000461":2.579249122,"ACH-000463":-16.96103748,"ACH-000464":2.656967323,"ACH-000466":2.786667931,"ACH-000467":-20,"ACH-000468":-20,"ACH-000469":3.922989514,"ACH-000470":-12.63050943,"ACH-000471":-3.386548086,"ACH-000472":4.488794184,"ACH-000473":1.74699682,"ACH-000475":4.792831773,"ACH-000476":4.789958865,"ACH-000477":2.796788878,"ACH-000478":4.813810486,"ACH-000480":3.89068361,"ACH-000481":4.808105005,"ACH-000483":4.381386242,"ACH-000484":4.801079589,"ACH-000485":-15.94850512,"ACH-000486":4.638220752,"ACH-000487":4.818517755,"ACH-000488":4.81925284,"ACH-000490":4.829877555,"ACH-000491":-3.073773986,"ACH-000493":3.911763547,"ACH-000495":4.777647703,"ACH-000496":-19.65200938,"ACH-000498":3.408621824,"ACH-000499":1.818363052,"ACH-000500":3.461119645,"ACH-000502":-19.69655124,"ACH-000503":2.925917566,"ACH-000504":4.754207373,"ACH-000505":-20,"ACH-000507":-1.07980939,"ACH-000510":2.483335061,"ACH-000511":-19.50271732,"ACH-000512":4.089175493,"ACH-000514":4.819893611,"ACH-000516":4.823085893,"ACH-000517":-20,"ACH-000518":3.8552202,"ACH-000520":4.588418214,"ACH-000521":-8.307804513,"ACH-000522":-20,"ACH-000524":3.133181447,"ACH-000527":4.798797286,"ACH-000528":3.044133778,"ACH-000535":4.735981541,"ACH-000537":4.068184757,"ACH-000541":3.919180841,"ACH-000542":-19.23636887,"ACH-000544":3.436443304,"ACH-000545":3.888378987,"ACH-000547":2.058778488,"ACH-000548":4.784601191,"ACH-000549":4.788161521,"ACH-000550":3.320672741,"ACH-000551":1.784867991,"ACH-000552":4.140839651,"ACH-000556":3.815017775,"ACH-000557":4.534734795,"ACH-000563":-3.602788843,"ACH-000570":4.635411707,"ACH-000571":3.49366016,"ACH-000573":3.686372178,"ACH-000576":4.805390334,"ACH-000577":4.177603634,"ACH-000579":4.345881939,"ACH-000580":3.202245705,"ACH-000581":2.933441374,"ACH-000583":4.639198986,"ACH-000584":4.185972333,"ACH-000585":-12.00571298,"ACH-000587":1.554443685,"ACH-000588":1.451587868,"ACH-000589":4.05944651,