{"scores":{"ACH-000004":1.891883763,"ACH-000005":0.877495033,"ACH-000007":1.415171202,"ACH-000009":-6.481667696,"ACH-000011":2.080601009,"ACH-000012":-2.025384783,"ACH-000013":2.27474567,"ACH-000014":-0.201260439,"ACH-000015":1.315748584,"ACH-000017":2.455416686,"ACH-000018":1.349547404,"ACH-000019":0.698965256,"ACH-000021":2.605741086,"ACH-000022":-13.78853238,"ACH-000024":2.425940818,"ACH-000025":-0.355188571,"ACH-000028":-4.079525911,"ACH-000029":2.183235345,"ACH-000030":1.255299372,"ACH-000035":2.666417302,"ACH-000036":0.681171291,"ACH-000037":1.193145442,"ACH-000039":1.284439948,"ACH-000040":-1.804619442,"ACH-000041":1.627794866,"ACH-000042":2.663443726,"ACH-000045":2.379465215,"ACH-000047":1.082310795,"ACH-000048":2.271349721,"ACH-000052":1.851809637,"ACH-000053":1.761752265,"ACH-000054":1.968253814,"ACH-000055":1.423387072,"ACH-000060":2.376383439,"ACH-000067":-1.548136142,"ACH-000070":-1.731879208,"ACH-000074":0.657033709,"ACH-000075":0.932092584,"ACH-000076":2.450860862,"ACH-000078":-0.031067196,"ACH-000082":-2.586163429,"ACH-000085":0.002776526,"ACH-000086":-0.395240609,"ACH-000087":2.584905285,"ACH-000092":0.516232769,"ACH-000095":1.584724852,"ACH-000096":-0.861090505,"ACH-000097":0.217989386,"ACH-000098":-0.226736908,"ACH-000099":1.17477926,"ACH-000108":0.436516747,"ACH-000111":0.754053618,"ACH-000113":-0.383776788,"ACH-000114":1.547525052,"ACH-000115":0.671337243,"ACH-000116":-4.197826279,"ACH-000118":1.283820548,"ACH-000120":-3.260195089,"ACH-000123":-1.45103599,"ACH-000127":1.710330455,"ACH-000128":1.417774397,"ACH-000132":2.402491372,"ACH-000133":1.914886705,"ACH-000137":1.790502346,"ACH-000138":2.303638347,"ACH-000141":2.398431698,"ACH-000142":-3.097938729,"ACH-000143":1.940065939,"ACH-000146":0.881671815,"ACH-000148":0.683844694,"ACH-000150":2.547386478,"ACH-000151":1.737601831,"ACH-000152":1.719070726,"ACH-000153":0.610772719,"ACH-000159":1.917876266,"ACH-000160":1.642003816,"ACH-000163":1.346502424,"ACH-000164":2.610160606,"ACH-000167":1.27398636,"ACH-000168":2.14779228,"ACH-000169":1.647440189,"ACH-000174":-1.679852682,"ACH-000178":2.07193487,"ACH-000182":2.000567305,"ACH-000183":2.666758905,"ACH-000187":2.085668928,"ACH-000188":1.842350632,"ACH-000189":1.799886534,"ACH-000190":1.30216124,"ACH-000198":-0.798467414,"ACH-000200":-0.166967355,"ACH-000202":0.388125804,"ACH-000204":2.036838588,"ACH-000206":1.596887637,"ACH-000207":-3.611175558,"ACH-000209":1.758606779,"ACH-000211":0.985224903,"ACH-000212":-1.930654446,"ACH-000215":1.498018465,"ACH-000217":0.363364,"ACH-000219":-0.549038705,"ACH-000221":2.148152258,"ACH-000222":0.41463464,"ACH-000223":0.953482107,"ACH-000226":1.906085505,"ACH-000227":0.35140401,"ACH-000228":-6.138895892,"ACH-000231":1.534550355,"ACH-000232":2.642565028,"ACH-000233":2.342911234,"ACH-000234":2.290148633,"ACH-000235":2.302518981,"ACH-000237":-0.6100799,"ACH-000238":-3.960740534,"ACH-000243":-6.887169391,"ACH-000244":-0.223808668,"ACH-000246":-0.839440432,"ACH-000247":0.068232098,"ACH-000248":1.533339868,"ACH-000249":-0.151908247,"ACH-000250":-3.98739872,"ACH-000251":2.288305917,"ACH-000253":2.662138049,"ACH-000255":2.606851987,"ACH-000256":1.182403584,"ACH-000257":2.07456902,"ACH-000258":2.264377904,"ACH-000259":1.755556967,"ACH-000260":-0.609873551,"ACH-000261":-6.220805266,"ACH-000262":1.23411768,"ACH-000263":2.495382496,"ACH-000264":-0.079145222,"ACH-000265":0.519246756,"ACH-000266":2.656945558,"ACH-000271":0.923055539,"ACH-000272":2.061374284,"ACH-000273":2.317493789,"ACH-000274":1.365591288,"ACH-000276":-3.638725271,"ACH-000277":1.583260967,"ACH-000278":2.02264833,"ACH-000279":1.447511533,"ACH-000280":0.520833451,"ACH-000281":0.286255849,"ACH-000286":2.126744847,"ACH-000288":1.275448909,"ACH-000290":2.665544705,"ACH-000291":1.853628045,"ACH-000292":1.069721872,"ACH-000293":2.043010254,"ACH-000294":2.501459932,"ACH-000295":2.059635503,"ACH-000296":-0.423452329,"ACH-000302":0.979589304,"ACH-000304":1.432490056,"ACH-000305":0.784063414,"ACH-000307":2.537915119,"ACH-000308":2.551587918,"ACH-000310":-1.201303438,"ACH-000311":0.912938546,"ACH-000312":1.387090852,"ACH-000315":1.573307081,"ACH-000316":-1.257550499,"ACH-000317":0.692532825,"ACH-000318":2.470795016,"ACH-000319":2.042973599,"ACH-000320":1.387539682,"ACH-000322":-7.348299072,"ACH-000323":1.118220259,"ACH-000324":-0.784712028,"ACH-000326":1.983659617,"ACH-000329":2.628801438,"ACH-000330":1.455079317,"ACH-000331":1.436773735,"ACH-000332":2.157661003,"ACH-000334":1.249399223,"ACH-000335":0.423834113,"ACH-000336":-0.157446452,"ACH-000337":1.580038852,"ACH-000339":2.510608855,"ACH-000341":-2.315140603,"ACH-000343":2.260317944,"ACH-000344":0.80049081,"ACH-000348":1.587590524,"ACH-000350":2.599552165,"ACH-000352":1.424501116,"ACH-000355":2.651718827,"ACH-000356":1.502528378,"ACH-000361":2.420641882,"ACH-000362":-0.923094277,"ACH-000363":2.443239911,"ACH-000364":1.47002935,"ACH-000365":2.603433446,"ACH-000366":2.251643289,"ACH-000368":2.393929319,"ACH-000370":1.878530852,"ACH-000374":-2.728561188,"ACH-000375":0.317562743,"ACH-000376":2.460191237,"ACH-000377":2.021209608,"ACH-000378":1.966194333,"ACH-000381":2.355510624,"ACH-000383":2.217016747,"ACH-000385":-6.192642454,"ACH-000387":-0.260702279,"ACH-000389":1.008277138,"ACH-000390":-3.257490824,"ACH-000393":-0.88527993,"ACH-000395":1.233227089,"ACH-000397":0.944077517,"ACH-000401":2.32037883,"ACH-000402":0.966334255,"ACH-000403":1.940965709,"ACH-000404":0.505841825,"ACH-000405":2.570442691,"ACH-000406":-2.758562113,"ACH-000407":1.96166846,"ACH-000408":0.43269748,"ACH-000410":1.458465898,"ACH-000411":0.318183929,"ACH-000414":-4.400720053,"ACH-000415":0.092439348,"ACH-000416":2.646205449,"ACH-000420":2.355489136,"ACH-000421":2.60461899,"ACH-000422":2.244357256,"ACH-000424":2.493429507,"ACH-000425":1.971455724,"ACH-000426":2.583235985,"ACH-000427":2.142911381,"ACH-000431":0.812560391,"ACH-000433":-1.013571109,"ACH-000434":-0.26503215,"ACH-000435":1.623931305,"ACH-000436":0.369634672,"ACH-000437":0.9991931,"ACH-000438":1.155329296,"ACH-000444":-6.540860694,"ACH-000445":-1.647271207,"ACH-000448":2.659826862,"ACH-000450":0.961978965,"ACH-000452":0.869329533,"ACH-000454":-0.598808808,"ACH-000458":2.665438833,"ACH-000459":-0.252853572,"ACH-000460":0.891072615,"ACH-000461":-3.515932948,"ACH-000463":2.111184452,"ACH-000464":-0.741292624,"ACH-000466":2.110097976,"ACH-000467":1.670171044,"ACH-000468":0.23364657,"ACH-000469":1.053176141,"ACH-000470":1.278018047,"ACH-000471":1.495184417,"ACH-000472":-3.561656025,"ACH-000473":1.968708805,"ACH-000475":0.311080849,"ACH-000476":1.968102482,"ACH-000477":0.080593263,"ACH-000478":-4.810598352,"ACH-000480":2.597175899,"ACH-000481":0.21460645,"ACH-000483":2.40655136,"ACH-000484":1.651184033,"ACH-000485":0.643503796,"ACH-000486":-0.256340982,"ACH-000487":1.346184749,"ACH-000488":2.050400491,"ACH-000490":1.740827825,"ACH-000491":1.884962541,"ACH-000493":-0.526747813,"ACH-000495":2.4230376,"ACH-000496":2.278361225,"ACH-000498":1.185346605,"ACH-000499":0.758572979,"ACH-000500":-0.565865778,"ACH-000502":-4.754924937,"ACH-000503":2.095251022,"ACH-000504":2.627634899,"ACH-000505":2.654845746,"ACH-000507":-0.316775546,"ACH-000510":-1.374055716,"ACH-000511":0.292181513,"ACH-000512":1.636791275,"ACH-000514":2.495854957,"ACH-000516":2.667891443,"ACH-000517":-4.714846461,"ACH-000518":-3.963436752,"ACH-000520":1.309589861,"ACH-000521":1.079908012,"ACH-000522":2.612238422,"ACH-000524":2.151260727,"ACH-000527":-0.20444904,"ACH-000528":2.667893634,"ACH-000535":2.177279247,"ACH-000537":2.331835559,"ACH-000541":2.064308164,"ACH-000542":-0.462454314,"ACH-000544":0.050719082,"ACH-000545":2.169666628,"ACH-000547":2.584138303,"ACH-000548":1.082538511,"ACH-000549":-2.566716337,"ACH-000550":1.815629838,"ACH-000551":1.908652162,"ACH-000552":1.064457758,"ACH-000556":0.695032801,"ACH-000557":2.661362749,"ACH-000563":2.599360659,"ACH-000570":2.51198822,"ACH-000571":0.102695392,"ACH-000573":1.441081268,"ACH-000576":1.646147726,"ACH-000577":-0.609487518,"ACH-000579":-2.249691399,