{"scores":{"ACH-000004":1.865349595,"ACH-000005":1.981713747,"ACH-000007":1.818364316,"ACH-000009":2.167855385,"ACH-000011":1.295757183,"ACH-000012":1.07961874,"ACH-000013":2.168361232,"ACH-000014":0.901452077,"ACH-000015":-8.199447975,"ACH-000017":2.160324242,"ACH-000018":-0.321482105,"ACH-000019":1.93198734,"ACH-000021":-20,"ACH-000022":2.05536218,"ACH-000024":1.899980088,"ACH-000025":-20,"ACH-000028":-0.75830972,"ACH-000029":2.00164413,"ACH-000030":1.273004644,"ACH-000035":1.66055588,"ACH-000036":0.7773514,"ACH-000037":1.472954238,"ACH-000039":1.814881558,"ACH-000040":2.117104208,"ACH-000041":1.463679909,"ACH-000042":1.220397559,"ACH-000045":2.123811351,"ACH-000047":2.16759126,"ACH-000048":-2.035246626,"ACH-000052":0.949078802,"ACH-000053":-20,"ACH-000054":-2.281053636,"ACH-000055":1.758245228,"ACH-000060":1.800948271,"ACH-000067":1.486333478,"ACH-000070":2.164663706,"ACH-000074":2.168206992,"ACH-000075":1.658641413,"ACH-000076":2.080457875,"ACH-000078":1.245168733,"ACH-000082":2.083660977,"ACH-000085":1.610697473,"ACH-000086":1.037785236,"ACH-000087":-7.393677682,"ACH-000092":1.260716758,"ACH-000095":1.383701337,"ACH-000096":-1.177930875,"ACH-000097":2.08775905,"ACH-000098":1.808901382,"ACH-000099":1.805401585,"ACH-000108":-20,"ACH-000111":2.141908944,"ACH-000113":2.120031308,"ACH-000114":2.132278137,"ACH-000115":1.534157247,"ACH-000116":2.167453859,"ACH-000118":-4.057144238,"ACH-000120":1.251211884,"ACH-000123":-18.39515566,"ACH-000127":-3.838067156,"ACH-000128":0.951558692,"ACH-000132":2.156988504,"ACH-000133":2.107965587,"ACH-000137":1.973583892,"ACH-000138":2.155987225,"ACH-000141":2.153098929,"ACH-000142":1.165070282,"ACH-000143":-20,"ACH-000146":1.334117549,"ACH-000148":-2.867817524,"ACH-000150":2.128052952,"ACH-000151":2.109184176,"ACH-000152":-2.786906261,"ACH-000153":1.759145109,"ACH-000159":-10.04606794,"ACH-000160":2.116387718,"ACH-000163":0.808451779,"ACH-000164":1.226007479,"ACH-000167":1.164270611,"ACH-000168":-0.015486,"ACH-000169":1.567743062,"ACH-000174":2.13266193,"ACH-000178":0.753539971,"ACH-000182":1.677993432,"ACH-000183":2.121364045,"ACH-000187":2.034288051,"ACH-000188":1.019301866,"ACH-000189":-1.685780487,"ACH-000190":1.674488016,"ACH-000198":1.93058139,"ACH-000200":1.851128348,"ACH-000202":2.001666229,"ACH-000204":2.069261693,"ACH-000206":2.168519853,"ACH-000207":-20,"ACH-000209":2.064882709,"ACH-000211":2.155180491,"ACH-000212":-20,"ACH-000215":2.020541159,"ACH-000217":1.94394144,"ACH-000219":1.972354902,"ACH-000221":-2.905605419,"ACH-000222":2.168508625,"ACH-000223":1.941881718,"ACH-000226":1.721208741,"ACH-000227":-2.533003519,"ACH-000228":2.168127675,"ACH-000231":2.104866011,"ACH-000232":2.001117686,"ACH-000233":1.741000719,"ACH-000234":0.99441143,"ACH-000235":-6.692865927,"ACH-000237":2.08878282,"ACH-000238":2.16646131,"ACH-000243":-3.048343831,"ACH-000244":1.079285365,"ACH-000246":2.134636709,"ACH-000247":-20,"ACH-000248":1.127573236,"ACH-000249":2.168529711,"ACH-000250":1.379356075,"ACH-000251":2.060290651,"ACH-000253":2.098091244,"ACH-000255":2.16638093,"ACH-000256":2.045267845,"ACH-000257":2.074218366,"ACH-000258":1.414020735,"ACH-000259":2.166136982,"ACH-000260":2.052025458,"ACH-000261":2.165501859,"ACH-000262":-1.308690016,"ACH-000263":1.53032108,"ACH-000264":2.167257758,"ACH-000265":-2.970660069,"ACH-000266":2.158767392,"ACH-000271":2.132403288,"ACH-000272":-5.5923701,"ACH-000273":1.564653013,"ACH-000274":1.234462441,"ACH-000276":2.14490476,"ACH-000277":1.75727562,"ACH-000278":1.82999133,"ACH-000279":2.15207102,"ACH-000280":2.168529711,"ACH-000281":0.498211011,"ACH-000286":2.167688499,"ACH-000288":2.148788372,"ACH-000290":2.168241678,"ACH-000291":2.141017217,"ACH-000292":-0.388036708,"ACH-000293":2.167334455,"ACH-000294":-20,"ACH-000295":1.969941429,"ACH-000296":2.153606837,"ACH-000302":-0.108381341,"ACH-000304":1.500981765,"ACH-000305":2.16797297,"ACH-000307":1.722109558,"ACH-000308":2.088012144,"ACH-000310":1.084332218,"ACH-000311":1.729249909,"ACH-000312":1.382356431,"ACH-000315":-1.823943514,"ACH-000316":2.126873068,"ACH-000317":1.225369372,"ACH-000318":1.837327041,"ACH-000319":2.117180848,"ACH-000320":-0.040255894,"ACH-000322":1.925756361,"ACH-000323":2.038184709,"ACH-000324":1.628397102,"ACH-000326":2.168437155,"ACH-000329":2.016637959,"ACH-000330":1.518012616,"ACH-000331":-20,"ACH-000332":1.961437442,"ACH-000334":1.883465842,"ACH-000335":1.791012633,"ACH-000336":-0.436984814,"ACH-000337":2.144996406,"ACH-000339":1.153763411,"ACH-000341":-20,"ACH-000343":-20,"ACH-000344":1.996828508,"ACH-000348":2.168028936,"ACH-000350":1.743556952,"ACH-000352":1.656504692,"ACH-000355":1.954103814,"ACH-000356":1.773346271,"ACH-000361":1.240346683,"ACH-000362":-20,"ACH-000363":2.141969216,"ACH-000364":2.142357739,"ACH-000365":-20,"ACH-000366":2.025420716,"ACH-000368":1.55055988,"ACH-000370":2.024642483,"ACH-000374":2.00473809,"ACH-000375":-1.013106808,"ACH-000376":2.069828068,"ACH-000377":2.083073705,"ACH-000378":1.54395766,"ACH-000381":1.938304441,"ACH-000383":1.399723437,"ACH-000385":2.022775493,"ACH-000387":2.165977374,"ACH-000389":2.150894461,"ACH-000390":0.005947179,"ACH-000393":1.768032256,"ACH-000395":1.739765127,"ACH-000397":-8.248056069,"ACH-000401":-20,"ACH-000402":2.159182896,"ACH-000403":1.662883572,"ACH-000404":1.835461243,"ACH-000405":0.185183317,"ACH-000406":1.400134008,"ACH-000407":2.072348615,"ACH-000408":-1.327130922,"ACH-000410":1.944994172,"ACH-000411":2.168325035,"ACH-000414":2.123780802,"ACH-000415":1.950843524,"ACH-000416":1.148549373,"ACH-000420":-0.377839716,"ACH-000421":1.444533892,"ACH-000422":1.576761834,"ACH-000424":2.168529711,"ACH-000425":-4.461236361,"ACH-000426":2.040847577,"ACH-000427":2.167233318,"ACH-000431":1.874096817,"ACH-000433":-1.342146834,"ACH-000434":-20,"ACH-000435":1.184635282,"ACH-000436":1.838286501,"ACH-000437":2.073146459,"ACH-000438":-0.784147152,"ACH-000444":1.559997689,"ACH-000445":1.864226353,"ACH-000448":1.981954614,"ACH-000450":1.186027212,"ACH-000452":1.938409931,"ACH-000454":1.940999542,"ACH-000458":-7.399745358,"ACH-000459":2.08865028,"ACH-000460":1.635686369,"ACH-000461":1.679150071,"ACH-000463":-20,"ACH-000464":2.143199053,"ACH-000466":-3.854753865,"ACH-000467":1.988758459,"ACH-000468":2.163012333,"ACH-000469":2.168529367,"ACH-000470":2.0164995,"ACH-000471":2.167144986,"ACH-000472":2.16842136,"ACH-000473":2.167842637,"ACH-000475":2.034702682,"ACH-000476":1.945316432,"ACH-000477":1.061522239,"ACH-000478":2.161636988,"ACH-000480":1.872040294,"ACH-000481":2.162932832,"ACH-000483":2.168475478,"ACH-000484":2.140567922,"ACH-000485":1.387932275,"ACH-000486":2.168180009,"ACH-000487":2.167245524,"ACH-000488":2.167946042,"ACH-000490":2.168488676,"ACH-000491":2.027297973,"ACH-000493":1.947592455,"ACH-000495":2.02029317,"ACH-000496":1.475903287,"ACH-000498":1.897202105,"ACH-000499":-2.293017774,"ACH-000500":1.900170396,"ACH-000502":1.924093864,"ACH-000503":2.116609231,"ACH-000504":1.434207816,"ACH-000505":1.101139742,"ACH-000507":1.736820927,"ACH-000510":2.104608224,"ACH-000511":2.165528537,"ACH-000512":1.931569624,"ACH-000514":2.113683813,"ACH-000516":2.162080566,"ACH-000517":2.168295574,"ACH-000518":2.141559161,"ACH-000520":1.895354451,"ACH-000521":-7.816519044,"ACH-000522":1.811376687,"ACH-000524":-20,"ACH-000527":2.104045461,"ACH-000528":2.107376537,"ACH-000535":-20,"ACH-000537":-0.409592202,"ACH-000541":2.134403167,"ACH-000542":2.167207395,"ACH-000544":1.470857813,"ACH-000545":1.504305715,"ACH-000547":-0.181473341,"ACH-000548":2.125406557,"ACH-000549":1.655118736,"ACH-000550":2.135832088,"ACH-000551":2.050614724,"ACH-000552":2.140377228,"ACH-000556":1.405171706,"ACH-000557":2.166519864,"ACH-000563":2.136720689,"ACH-000570":2.14176911,"ACH-000571":2.117729376,"ACH-000573":1.756387966,"ACH-000576":2.128424961,"ACH-000577":1.153134204,"ACH-000579":-1.991400924,"ACH-000580":2.107172513,"ACH-000581":1.714934509,"ACH-000583":-20,"ACH-000584":1.745496135,"ACH-000585":-5.15438687,"ACH-000587":2.167188736,"ACH-000588":2.151669178,"ACH-000589":2.154125098,