{"scores":{"ACH-000004":1.544024331,"ACH-000005":2.127267211,"ACH-000007":2.560060739,"ACH-000009":2.401287123,"ACH-000011":2.515584652,"ACH-000012":2.550485726,"ACH-000013":-0.157663443,"ACH-000014":-10.39122399,"ACH-000015":2.518323368,"ACH-000017":2.203078988,"ACH-000018":-0.716403659,"ACH-000019":2.417044211,"ACH-000021":2.222743498,"ACH-000022":1.255607458,"ACH-000024":0.804053983,"ACH-000025":0.074406254,"ACH-000028":2.580636927,"ACH-000029":1.502795318,"ACH-000030":-1.047399003,"ACH-000035":2.468064824,"ACH-000036":0.116224393,"ACH-000037":-1.301204387,"ACH-000039":1.946335295,"ACH-000040":1.369634398,"ACH-000041":1.30073049,"ACH-000042":2.547135656,"ACH-000045":1.25721791,"ACH-000047":2.149714859,"ACH-000048":2.556762763,"ACH-000052":2.58078128,"ACH-000053":-7.361650527,"ACH-000054":-1.573778703,"ACH-000055":2.573227381,"ACH-000060":-4.490064695,"ACH-000067":-0.093775675,"ACH-000070":1.503890852,"ACH-000074":1.411986478,"ACH-000075":1.274695019,"ACH-000076":-4.626626544,"ACH-000078":2.070636856,"ACH-000082":1.728710345,"ACH-000085":-1.07293187,"ACH-000086":2.264489645,"ACH-000087":1.581492881,"ACH-000092":2.390490684,"ACH-000095":2.578877459,"ACH-000096":2.459474458,"ACH-000097":1.977440118,"ACH-000098":-1.809238357,"ACH-000099":2.573275106,"ACH-000108":2.577963185,"ACH-000111":2.398737175,"ACH-000113":1.849538695,"ACH-000114":2.559275958,"ACH-000115":2.425410058,"ACH-000116":-1.202610504,"ACH-000118":2.38717079,"ACH-000120":2.449753167,"ACH-000123":2.087970297,"ACH-000127":-0.654681518,"ACH-000128":-4.251840364,"ACH-000132":2.465754689,"ACH-000133":2.405080313,"ACH-000137":-13.29298794,"ACH-000138":-2.183478961,"ACH-000141":1.976568731,"ACH-000142":-1.110902994,"ACH-000143":1.523655501,"ACH-000146":2.262524252,"ACH-000148":2.538179627,"ACH-000150":1.932163934,"ACH-000151":1.612998258,"ACH-000152":1.753607726,"ACH-000153":2.580044157,"ACH-000159":2.477387189,"ACH-000160":0,"ACH-000163":2.564957138,"ACH-000164":2.575955998,"ACH-000167":-6.350702858,"ACH-000168":0.394593507,"ACH-000169":2.579147766,"ACH-000174":-3.706341978,"ACH-000178":1.761858405,"ACH-000182":2.163960775,"ACH-000183":2.064894774,"ACH-000187":2.431908854,"ACH-000188":0.328859016,"ACH-000189":2.566762926,"ACH-000190":1.646267144,"ACH-000198":0,"ACH-000200":2.363003569,"ACH-000202":1.829380232,"ACH-000204":2.436170901,"ACH-000206":1.374235565,"ACH-000207":2.205946826,"ACH-000209":2.459875784,"ACH-000211":-8.552142514,"ACH-000212":2.540008091,"ACH-000215":-3.142314897,"ACH-000217":2.57587286,"ACH-000219":0.70434365,"ACH-000221":1.651699236,"ACH-000222":2.409731138,"ACH-000223":2.331241814,"ACH-000226":0.856317509,"ACH-000227":1.681679597,"ACH-000228":2.394847128,"ACH-000231":-0.69807093,"ACH-000232":2.576525038,"ACH-000233":-3.764230386,"ACH-000234":2.551433647,"ACH-000235":2.328894492,"ACH-000237":1.531904429,"ACH-000238":-0.048160289,"ACH-000243":2.466209661,"ACH-000244":1.479906901,"ACH-000246":2.580209543,"ACH-000247":2.405797224,"ACH-000248":2.5588358,"ACH-000249":2.356262066,"ACH-000250":1.192727043,"ACH-000251":0.34864567,"ACH-000253":1.205549454,"ACH-000255":1.461881891,"ACH-000256":1.426271259,"ACH-000257":1.866856976,"ACH-000258":2.329015579,"ACH-000259":2.573341129,"ACH-000260":2.579192713,"ACH-000261":2.331332099,"ACH-000262":0.315425497,"ACH-000263":1.722419949,"ACH-000264":-1.453522986,"ACH-000265":2.577145097,"ACH-000266":0.026524585,"ACH-000271":1.815614807,"ACH-000272":-2.578797184,"ACH-000273":0,"ACH-000274":0.383423958,"ACH-000276":0.171799545,"ACH-000277":1.82543606,"ACH-000278":2.566841299,"ACH-000279":2.501504517,"ACH-000280":1.541342479,"ACH-000281":-0.248498338,"ACH-000286":-9.498191627,"ACH-000288":1.397130829,"ACH-000290":2.576294987,"ACH-000291":1.657599892,"ACH-000292":1.769577949,"ACH-000293":0.511199229,"ACH-000294":-0.037035103,"ACH-000295":0.900062487,"ACH-000296":2.287118359,"ACH-000302":1.684180503,"ACH-000304":2.31511083,"ACH-000305":2.364155969,"ACH-000307":2.432961111,"ACH-000308":-18.11529132,"ACH-000310":1.721233375,"ACH-000311":2.037624792,"ACH-000312":2.514451434,"ACH-000315":2.563771913,"ACH-000316":1.180642494,"ACH-000317":1.958614345,"ACH-000318":2.575445371,"ACH-000319":1.62869322,"ACH-000320":0.294216189,"ACH-000322":-1.094554739,"ACH-000323":2.515835088,"ACH-000324":-0.580013494,"ACH-000326":2.561923331,"ACH-000329":-1.963517648,"ACH-000330":-1.766093548,"ACH-000331":-4.384254942,"ACH-000332":2.569686973,"ACH-000334":0.745003348,"ACH-000335":2.019141326,"ACH-000336":2.009109569,"ACH-000337":2.31699335,"ACH-000339":-3.614355897,"ACH-000341":2.342235062,"ACH-000343":2.078220254,"ACH-000344":2.233539136,"ACH-000348":-6.575385749,"ACH-000350":2.450365845,"ACH-000352":2.575461671,"ACH-000355":1.525549272,"ACH-000356":-1.735842722,"ACH-000361":2.561599442,"ACH-000362":1.973446773,"ACH-000363":2.5448044,"ACH-000364":-2.874182771,"ACH-000365":1.361149653,"ACH-000366":2.373547654,"ACH-000368":1.630595151,"ACH-000370":0.012469204,"ACH-000374":2.554216085,"ACH-000375":2.565953094,"ACH-000376":1.21326528,"ACH-000377":1.176091598,"ACH-000378":2.387114798,"ACH-000381":2.573976343,"ACH-000383":2.093936583,"ACH-000385":2.580096062,"ACH-000387":0.894251087,"ACH-000389":-0.004952718,"ACH-000390":-13.42391607,"ACH-000393":-2.740314816,"ACH-000395":1.825928097,"ACH-000397":-2.068390808,"ACH-000401":2.066799763,"ACH-000402":0.225095103,"ACH-000403":2.516130039,"ACH-000404":2.580265636,"ACH-000405":0.620013138,"ACH-000406":2.576909813,"ACH-000407":-0.359450047,"ACH-000408":1.996853079,"ACH-000410":2.579755024,"ACH-000411":2.319609658,"ACH-000414":2.361420509,"ACH-000415":2.392732204,"ACH-000416":2.467559681,"ACH-000420":1.708403096,"ACH-000421":0.847977393,"ACH-000422":2.198842023,"ACH-000424":1.751694385,"ACH-000425":1.841496261,"ACH-000426":2.238458664,"ACH-000427":0.857088956,"ACH-000431":2.034069988,"ACH-000433":1.883008018,"ACH-000434":2.422609473,"ACH-000435":2.413464826,"ACH-000436":1.084281209,"ACH-000437":-2.545368831,"ACH-000438":2.558641367,"ACH-000444":2.507248017,"ACH-000445":-3.207023536,"ACH-000448":-3.267261678,"ACH-000450":2.169965357,"ACH-000452":2.36355399,"ACH-000454":2.112850005,"ACH-000458":2.287894207,"ACH-000459":-3.192763838,"ACH-000460":-12.2467832,"ACH-000461":2.58051161,"ACH-000463":2.450687628,"ACH-000464":2.220694539,"ACH-000466":0.970660976,"ACH-000467":-2.966526158,"ACH-000468":2.403130569,"ACH-000469":-6.514099423,"ACH-000470":-8.951708306,"ACH-000471":-5.29100563,"ACH-000472":2.316667216,"ACH-000473":2.282867761,"ACH-000475":2.569555869,"ACH-000476":2.480030426,"ACH-000477":-3.536520718,"ACH-000478":2.58078128,"ACH-000480":2.525865286,"ACH-000481":2.537709747,"ACH-000483":2.44246097,"ACH-000484":1.490258189,"ACH-000485":2.573799443,"ACH-000486":2.547958511,"ACH-000487":2.373512265,"ACH-000488":-2.322430303,"ACH-000490":2.579941926,"ACH-000491":2.234635847,"ACH-000493":0.87177316,"ACH-000495":2.089404127,"ACH-000496":2.314451147,"ACH-000498":1.249456167,"ACH-000499":2.515465099,"ACH-000500":1.329950675,"ACH-000502":-1.155551863,"ACH-000503":2.098342636,"ACH-000504":-3.175896018,"ACH-000505":-5.603666177,"ACH-000507":2.16595764,"ACH-000510":1.374712321,"ACH-000511":1.987082764,"ACH-000512":0.084038455,"ACH-000514":1.697234859,"ACH-000516":1.861448852,"ACH-000517":2.557630553,"ACH-000518":2.365767864,"ACH-000520":2.569927628,"ACH-000521":-1.2080411,"ACH-000522":1.316456346,"ACH-000524":2.297219359,"ACH-000527":0.218549326,"ACH-000528":1.355319236,"ACH-000535":0.513788569,"ACH-000537":-0.899979426,"ACH-000541":2.402069858,"ACH-000542":0.382557821,"ACH-000544":-4.152801911,"ACH-000545":0.17146973,"ACH-000547":1.835863356,"ACH-000548":1.98381359,"ACH-000549":2.544542419,"ACH-000550":2.444765737,"ACH-000551":2.024187877,"ACH-000552":2.494340941,"ACH-000556":2.497122159,"ACH-000557":2.571226743,"ACH-000563":-8.036819356,"ACH-000570":2.417387991,"ACH-000571":1.522621201,"ACH-000573":2.275569918,"ACH-000576":2.58072558,"ACH-000577":2.458590816,"ACH-000579":2.026596686,"ACH-000580":2.153394847,"ACH-000581":2.511522613,