{"scores":{"ACH-000004":2.604529619,"ACH-000005":2.936051072,"ACH-000007":1.915384285,"ACH-000009":0.396637704,"ACH-000011":-2.986565156,"ACH-000012":4.143663068,"ACH-000013":3.503999615,"ACH-000014":3.332505208,"ACH-000015":4.539562776,"ACH-000017":3.217636861,"ACH-000018":3.58768878,"ACH-000019":1.972515196,"ACH-000021":3.238571816,"ACH-000022":3.791992882,"ACH-000024":4.414811782,"ACH-000025":4.080058746,"ACH-000028":-10.76744928,"ACH-000029":4.316505725,"ACH-000030":3.71328551,"ACH-000035":4.548133363,"ACH-000036":-9.360128306,"ACH-000037":1.914243132,"ACH-000039":1.387605216,"ACH-000040":2.06188719,"ACH-000041":4.665342467,"ACH-000042":3.258073201,"ACH-000045":-3.06665456,"ACH-000047":4.005924088,"ACH-000048":4.389931482,"ACH-000052":4.53584457,"ACH-000053":2.619210918,"ACH-000054":-0.775496622,"ACH-000055":2.758817092,"ACH-000060":4.571396184,"ACH-000067":3.780074731,"ACH-000070":-0.594909878,"ACH-000074":3.030338175,"ACH-000075":1.345692199,"ACH-000076":4.530689725,"ACH-000078":0.552250202,"ACH-000082":1.06311977,"ACH-000085":4.348608117,"ACH-000086":3.363441739,"ACH-000087":3.498045982,"ACH-000092":1.702656109,"ACH-000095":-9.94627849,"ACH-000096":-1.105413992,"ACH-000097":0.3317721,"ACH-000098":3.118759665,"ACH-000099":-7.835837384,"ACH-000108":2.667198735,"ACH-000111":2.391978273,"ACH-000113":-0.239109445,"ACH-000114":3.261655467,"ACH-000115":3.014396371,"ACH-000116":4.194993654,"ACH-000118":4.574726547,"ACH-000120":-1.048746973,"ACH-000123":-2.754240503,"ACH-000127":3.4206493,"ACH-000128":4.477110008,"ACH-000132":-1.966909264,"ACH-000133":2.375243451,"ACH-000137":4.139250426,"ACH-000138":4.162517496,"ACH-000141":2.952564455,"ACH-000142":4.122665806,"ACH-000143":3.52185414,"ACH-000146":1.268082116,"ACH-000148":2.252711121,"ACH-000150":4.620597097,"ACH-000151":-0.544121042,"ACH-000152":3.649894581,"ACH-000153":1.029812739,"ACH-000159":2.812604909,"ACH-000160":2.1311056,"ACH-000163":3.381795023,"ACH-000164":4.186417358,"ACH-000167":2.627931192,"ACH-000168":4.373662615,"ACH-000169":3.647284791,"ACH-000174":3.899784153,"ACH-000178":4.528202565,"ACH-000182":4.175447265,"ACH-000183":3.572624599,"ACH-000187":3.673028842,"ACH-000188":4.203338193,"ACH-000189":0.468805814,"ACH-000190":3.333855094,"ACH-000198":-10.41035153,"ACH-000200":-1.759811423,"ACH-000202":-1.075288917,"ACH-000204":4.425431692,"ACH-000206":1.469947465,"ACH-000207":4.16847319,"ACH-000209":-1.286876236,"ACH-000211":3.680131181,"ACH-000212":2.198636018,"ACH-000215":1.147237803,"ACH-000217":3.561382929,"ACH-000219":-7.87225388,"ACH-000221":4.65163446,"ACH-000222":2.810340189,"ACH-000223":2.282276921,"ACH-000226":-11.22209828,"ACH-000227":2.465162785,"ACH-000228":3.204248093,"ACH-000231":3.025533846,"ACH-000232":4.540679054,"ACH-000233":4.59602318,"ACH-000234":2.351090603,"ACH-000235":1.563476126,"ACH-000237":2.277671655,"ACH-000238":2.98782987,"ACH-000243":3.130129148,"ACH-000244":3.34733031,"ACH-000246":-3.236725653,"ACH-000247":3.85842812,"ACH-000248":4.111020398,"ACH-000249":2.992226953,"ACH-000250":4.405869115,"ACH-000251":3.660393216,"ACH-000253":3.838711651,"ACH-000255":4.633267518,"ACH-000256":3.878774672,"ACH-000257":3.640095109,"ACH-000258":3.898259384,"ACH-000259":1.891225703,"ACH-000260":3.876189191,"ACH-000261":2.213030109,"ACH-000262":3.648006173,"ACH-000263":4.430560206,"ACH-000264":1.057135156,"ACH-000265":4.631505736,"ACH-000266":1.38934104,"ACH-000271":3.21659704,"ACH-000272":-20,"ACH-000273":3.885962357,"ACH-000274":2.185958809,"ACH-000276":4.445081616,"ACH-000277":2.880119061,"ACH-000278":3.654175511,"ACH-000279":4.563246797,"ACH-000280":-1.622347805,"ACH-000281":4.428629797,"ACH-000286":4.395236233,"ACH-000288":3.3616092,"ACH-000290":3.454394422,"ACH-000291":4.22359959,"ACH-000292":4.646948509,"ACH-000293":3.26085246,"ACH-000294":2.736742448,"ACH-000295":4.281219692,"ACH-000296":3.68765923,"ACH-000302":3.454847975,"ACH-000304":3.756571978,"ACH-000305":3.527063155,"ACH-000307":3.93231663,"ACH-000308":3.529629313,"ACH-000310":1.687443488,"ACH-000311":-1.374651459,"ACH-000312":3.328501579,"ACH-000315":4.372673205,"ACH-000316":3.582705098,"ACH-000317":3.147578195,"ACH-000318":3.823657467,"ACH-000319":2.653896709,"ACH-000320":2.629218682,"ACH-000322":2.246122573,"ACH-000323":2.926140787,"ACH-000324":-8.195666551,"ACH-000326":3.574601903,"ACH-000329":3.831646272,"ACH-000330":4.538353616,"ACH-000331":4.527025815,"ACH-000332":3.429094398,"ACH-000334":3.205648646,"ACH-000335":0.16923656,"ACH-000336":0.109554705,"ACH-000337":2.98587083,"ACH-000339":4.134154746,"ACH-000341":2.781541055,"ACH-000343":3.695066559,"ACH-000344":2.253214976,"ACH-000348":0.764193887,"ACH-000350":3.517902453,"ACH-000352":3.480821479,"ACH-000355":4.542612778,"ACH-000356":4.606619144,"ACH-000361":-3.01194934,"ACH-000362":-1.820912277,"ACH-000363":3.179277586,"ACH-000364":-1.575642258,"ACH-000365":-0.638979488,"ACH-000366":4.130329762,"ACH-000368":3.362575968,"ACH-000370":3.710233998,"ACH-000374":3.105067342,"ACH-000375":-3.834624052,"ACH-000376":4.012869027,"ACH-000377":2.077762962,"ACH-000378":4.308137262,"ACH-000381":3.793634313,"ACH-000383":3.029710496,"ACH-000385":1.638817723,"ACH-000387":4.482072964,"ACH-000389":-7.518746173,"ACH-000390":2.985151184,"ACH-000393":2.445740958,"ACH-000395":4.418049277,"ACH-000397":3.618264725,"ACH-000401":4.32725879,"ACH-000402":4.423099102,"ACH-000403":2.802956946,"ACH-000404":2.419297435,"ACH-000405":2.555308476,"ACH-000406":4.26405515,"ACH-000407":3.973747335,"ACH-000408":4.665322416,"ACH-000410":3.467598951,"ACH-000411":-10.57011435,"ACH-000414":-2.273675045,"ACH-000415":3.802929609,"ACH-000416":2.704867062,"ACH-000420":3.334123852,"ACH-000421":2.708623715,"ACH-000422":3.956979808,"ACH-000424":4.659241845,"ACH-000425":1.560754722,"ACH-000426":4.016190854,"ACH-000427":2.869202248,"ACH-000431":3.741856607,"ACH-000433":-0.851046394,"ACH-000434":3.598934366,"ACH-000435":-0.465870628,"ACH-000436":3.918637368,"ACH-000437":4.188305334,"ACH-000438":4.5814459,"ACH-000444":-11.85967668,"ACH-000445":3.293314174,"ACH-000448":0.455531489,"ACH-000450":3.620037284,"ACH-000452":2.37293551,"ACH-000454":4.651396655,"ACH-000458":4.089564478,"ACH-000459":1.417277819,"ACH-000460":4.398860367,"ACH-000461":4.665627914,"ACH-000463":-2.38033729,"ACH-000464":2.174789217,"ACH-000466":3.927231718,"ACH-000467":3.109156243,"ACH-000468":3.41872944,"ACH-000469":3.015801349,"ACH-000470":4.54313271,"ACH-000471":2.610913965,"ACH-000472":1.787359237,"ACH-000473":3.097272653,"ACH-000475":4.162842054,"ACH-000476":3.443592586,"ACH-000477":3.170324101,"ACH-000478":1.298638737,"ACH-000480":3.484914706,"ACH-000481":3.136484014,"ACH-000483":3.172527494,"ACH-000484":0.427967059,"ACH-000485":-3.143279442,"ACH-000486":-0.256005927,"ACH-000487":4.527606873,"ACH-000488":4.658550661,"ACH-000490":2.925950625,"ACH-000491":4.614194423,"ACH-000493":2.622496116,"ACH-000495":1.58523413,"ACH-000496":3.00661262,"ACH-000498":4.257985293,"ACH-000499":3.919680258,"ACH-000500":3.481337608,"ACH-000502":2.883071294,"ACH-000503":2.019078585,"ACH-000504":1.799786338,"ACH-000505":3.662674408,"ACH-000507":4.516346465,"ACH-000510":2.52137279,"ACH-000511":1.78413408,"ACH-000512":4.515755987,"ACH-000514":2.187249898,"ACH-000516":-2.604575337,"ACH-000517":2.386498873,"ACH-000518":3.394427509,"ACH-000520":3.460567469,"ACH-000521":4.280679755,"ACH-000522":3.18717946,"ACH-000524":1.805685472,"ACH-000527":3.686956341,"ACH-000528":4.169661842,"ACH-000535":2.19274701,"ACH-000537":1.426448298,"ACH-000541":4.61045707,"ACH-000542":-1.487504298,"ACH-000544":4.097932389,"ACH-000545":3.278969693,"ACH-000547":3.839849613,"ACH-000548":0.240254676,"ACH-000549":4.662840695,"ACH-000550":0.618651062,"ACH-000551":4.665963949,"ACH-000552":3.933774601,"ACH-000556":3.685108115,"ACH-000557":4.452854806,"ACH-000563":4.383858999,"ACH-000570":4.05191183,"ACH-000571":0.514348562,"ACH-000573":3.687995362,"ACH-000576":4.118139388,"ACH-000577":2.437857284,"ACH-000579":4.56315524,"ACH-000580":-0.946840062,"ACH-000581":3.233367361,"ACH-000583":4.386498127,