{"scores":{"ACH-000004":7.110823005,"ACH-000005":7.098211691,"ACH-000007":6.898868382,"ACH-000009":7.149393309,"ACH-000011":7.06857514,"ACH-000012":6.948162051,"ACH-000013":6.839644624,"ACH-000014":7.152885428,"ACH-000015":3.307436119,"ACH-000017":7.050580133,"ACH-000018":6.630492231,"ACH-000019":5.867036831,"ACH-000021":6.028207503,"ACH-000022":5.794068701,"ACH-000024":4.24677188,"ACH-000025":6.425165119,"ACH-000028":2.849073833,"ACH-000029":6.96158431,"ACH-000030":6.240332384,"ACH-000035":6.505455011,"ACH-000036":6.609772039,"ACH-000037":7.152135766,"ACH-000039":6.87074784,"ACH-000040":6.928388015,"ACH-000041":6.981496731,"ACH-000042":5.470864858,"ACH-000045":7.120667216,"ACH-000047":7.149667565,"ACH-000048":6.281558039,"ACH-000052":7.023432844,"ACH-000053":5.46589705,"ACH-000054":6.865823143,"ACH-000055":7.11375996,"ACH-000060":6.645168128,"ACH-000067":7.155152053,"ACH-000070":7.149416274,"ACH-000074":5.2527002,"ACH-000075":7.088958462,"ACH-000076":7.064096779,"ACH-000078":7.151455505,"ACH-000082":7.118582753,"ACH-000085":7.11895806,"ACH-000086":4.424928507,"ACH-000087":7.093349593,"ACH-000092":7.035927004,"ACH-000095":6.840551167,"ACH-000096":7.011947182,"ACH-000097":5.926039894,"ACH-000098":4.960729261,"ACH-000099":7.14382903,"ACH-000108":6.57832492,"ACH-000111":5.875425807,"ACH-000113":7.085588258,"ACH-000114":6.20686448,"ACH-000115":6.905420033,"ACH-000116":6.162394264,"ACH-000118":6.707700856,"ACH-000120":6.998907195,"ACH-000123":6.1593504,"ACH-000127":6.99494594,"ACH-000128":7.152018107,"ACH-000132":7.113998267,"ACH-000133":6.300372418,"ACH-000137":5.686235508,"ACH-000138":4.353441397,"ACH-000141":6.939804043,"ACH-000142":6.736542025,"ACH-000143":7.088508038,"ACH-000146":7.128020728,"ACH-000148":7.120659852,"ACH-000150":6.174971005,"ACH-000151":7.093909738,"ACH-000152":7.117383353,"ACH-000153":7.149952698,"ACH-000159":6.732484756,"ACH-000160":6.238575214,"ACH-000163":6.061127048,"ACH-000164":5.296824073,"ACH-000167":7.128911408,"ACH-000168":6.701827583,"ACH-000169":7.123389155,"ACH-000174":6.442359289,"ACH-000178":7.136666727,"ACH-000182":7.017510346,"ACH-000183":6.988620107,"ACH-000187":6.977621514,"ACH-000188":4.300125115,"ACH-000189":6.147145305,"ACH-000190":7.079118724,"ACH-000198":7.094714706,"ACH-000200":5.624093577,"ACH-000202":4.571785708,"ACH-000204":7.106837706,"ACH-000206":5.213442814,"ACH-000207":7.117116222,"ACH-000209":4.89920533,"ACH-000211":6.847501062,"ACH-000212":7.143904911,"ACH-000215":6.906197164,"ACH-000217":5.675225294,"ACH-000219":6.910775455,"ACH-000221":4.188348848,"ACH-000222":6.401291207,"ACH-000223":6.602066811,"ACH-000226":7.106073594,"ACH-000227":7.074864853,"ACH-000228":6.079063058,"ACH-000231":6.852879737,"ACH-000232":6.620539344,"ACH-000233":6.740020342,"ACH-000234":5.912012385,"ACH-000235":5.473900345,"ACH-000237":5.291958281,"ACH-000238":7.116173968,"ACH-000243":6.721276972,"ACH-000244":6.976249243,"ACH-000246":7.118497426,"ACH-000247":7.128095533,"ACH-000248":7.089338587,"ACH-000249":7.143370774,"ACH-000250":6.396548699,"ACH-000251":7.154252781,"ACH-000253":6.003853136,"ACH-000255":6.77113645,"ACH-000256":6.454605986,"ACH-000257":7.15529018,"ACH-000258":7.024390268,"ACH-000259":6.958693721,"ACH-000260":6.519855342,"ACH-000261":6.606869836,"ACH-000262":7.026207418,"ACH-000263":7.155643755,"ACH-000264":7.15564895,"ACH-000265":6.218726186,"ACH-000266":6.493928078,"ACH-000271":7.075650988,"ACH-000272":6.487541401,"ACH-000273":7.099706659,"ACH-000274":7.155414253,"ACH-000276":7.053432796,"ACH-000277":7.098703313,"ACH-000278":7.117702534,"ACH-000279":7.075644631,"ACH-000280":5.555598231,"ACH-000281":6.914420186,"ACH-000286":7.125774995,"ACH-000288":7.084039599,"ACH-000290":7.144743982,"ACH-000291":6.977896246,"ACH-000292":4.81996819,"ACH-000293":6.871923345,"ACH-000294":6.854560733,"ACH-000295":6.104000064,"ACH-000296":7.034180001,"ACH-000302":5.192772598,"ACH-000304":5.801462039,"ACH-000305":7.152203572,"ACH-000307":6.153379755,"ACH-000308":6.797277085,"ACH-000310":7.132203698,"ACH-000311":6.909006396,"ACH-000312":6.889809482,"ACH-000315":-20,"ACH-000316":7.028066948,"ACH-000317":7.145042101,"ACH-000318":4.947675982,"ACH-000319":7.009255914,"ACH-000320":7.114562982,"ACH-000322":7.147462197,"ACH-000323":6.364456815,"ACH-000324":7.155627695,"ACH-000326":7.153767079,"ACH-000329":6.845115436,"ACH-000330":7.14980356,"ACH-000331":7.06290964,"ACH-000332":6.889681028,"ACH-000334":-19.25610406,"ACH-000335":7.135435848,"ACH-000336":6.594046973,"ACH-000337":6.943686999,"ACH-000339":7.10486025,"ACH-000341":6.869813807,"ACH-000343":3.352162239,"ACH-000344":7.116075303,"ACH-000348":6.781136767,"ACH-000350":7.021591861,"ACH-000352":6.08688753,"ACH-000355":7.14518913,"ACH-000356":5.779268227,"ACH-000361":6.982116032,"ACH-000362":7.134679756,"ACH-000363":7.077330719,"ACH-000364":6.987774277,"ACH-000365":-18.86002465,"ACH-000366":6.629924134,"ACH-000368":6.663977804,"ACH-000370":5.725933775,"ACH-000374":6.365744517,"ACH-000375":6.650459617,"ACH-000376":6.063591859,"ACH-000377":7.066031396,"ACH-000378":4.540976793,"ACH-000381":7.146002475,"ACH-000383":5.725756942,"ACH-000385":6.185911893,"ACH-000387":7.10441937,"ACH-000389":6.444191047,"ACH-000390":6.900919833,"ACH-000393":5.391876843,"ACH-000395":6.804292985,"ACH-000397":7.085146181,"ACH-000401":7.100995291,"ACH-000402":-2.244063563,"ACH-000403":7.152822939,"ACH-000404":7.093253617,"ACH-000405":7.145826677,"ACH-000406":5.88107074,"ACH-000407":7.034978716,"ACH-000408":4.317778196,"ACH-000410":6.549062442,"ACH-000411":6.836174412,"ACH-000414":6.302593982,"ACH-000415":5.331874371,"ACH-000416":6.488526575,"ACH-000420":5.323344591,"ACH-000421":6.88733656,"ACH-000422":7.069668029,"ACH-000424":6.813611753,"ACH-000425":6.629873126,"ACH-000426":6.613784572,"ACH-000427":6.588409485,"ACH-000431":5.480812482,"ACH-000433":5.963895476,"ACH-000434":5.834818818,"ACH-000435":5.068520713,"ACH-000436":7.057511654,"ACH-000437":6.964717169,"ACH-000438":7.119756054,"ACH-000444":7.132530925,"ACH-000445":4.582037551,"ACH-000448":5.505791958,"ACH-000450":7.121985351,"ACH-000452":5.597952112,"ACH-000454":2.882456296,"ACH-000458":6.086730235,"ACH-000459":6.370532356,"ACH-000460":6.996155953,"ACH-000461":5.960051324,"ACH-000463":7.152490719,"ACH-000464":7.084840858,"ACH-000466":6.818618633,"ACH-000467":6.983228373,"ACH-000468":5.287605814,"ACH-000469":6.772660646,"ACH-000470":6.884663782,"ACH-000471":6.145313117,"ACH-000472":7.142644064,"ACH-000473":4.866505409,"ACH-000475":6.644310102,"ACH-000476":7.154561851,"ACH-000477":6.876724536,"ACH-000478":6.9958745,"ACH-000480":6.872638861,"ACH-000481":6.835189153,"ACH-000483":7.155243535,"ACH-000484":6.973416793,"ACH-000485":6.219570837,"ACH-000486":6.054555265,"ACH-000487":7.154963759,"ACH-000488":7.134015055,"ACH-000490":7.139220343,"ACH-000491":7.152927045,"ACH-000493":4.972242253,"ACH-000495":7.04984511,"ACH-000496":7.137083935,"ACH-000498":5.942583562,"ACH-000499":6.562934639,"ACH-000500":7.147498242,"ACH-000502":5.441209308,"ACH-000503":7.136995854,"ACH-000504":6.495661553,"ACH-000505":6.622443403,"ACH-000507":6.255644604,"ACH-000510":7.142369725,"ACH-000511":7.124687677,"ACH-000512":-9.191265112,"ACH-000514":6.567763947,"ACH-000516":6.838152455,"ACH-000517":6.685450418,"ACH-000518":7.062938006,"ACH-000520":5.596046885,"ACH-000521":6.883529104,"ACH-000522":5.070412778,"ACH-000524":6.680967227,"ACH-000527":4.299848213,"ACH-000528":6.588705004,"ACH-000535":7.106228224,"ACH-000537":6.452699305,"ACH-000541":7.120251968,"ACH-000542":6.196545073,"ACH-000544":6.286238099,"ACH-000545":4.504094834,"ACH-000547":7.061863317,"ACH-000548":7.008160075,"ACH-000549":6.857962,"ACH-000550":6.910746608,"ACH-000551":6.619535313,"ACH-000552":3.792544541,"ACH-000556":5.934859577,"ACH-000557":7.149625712,"ACH-000563":7.155555942,"ACH-000570":7.155315869,"ACH-000571":7.025038028,"ACH-000573":6.845491449,"ACH-000576":4.831131181,"ACH-000577":6.151960174,"ACH-000579":7.094877754,"ACH-000580":7.155179597,"ACH-000581":7.146763166,"ACH-000583":-4.986105212,"ACH-000584":7.040364548,