{"scores":{"ACH-000004":2.69769412,"ACH-000005":2.545914615,"ACH-000007":2.219402404,"ACH-000009":2.769897446,"ACH-000011":-1.995050003,"ACH-000012":2.66415827,"ACH-000013":0.219744914,"ACH-000014":2.712921625,"ACH-000015":2.516255782,"ACH-000017":-0.361972493,"ACH-000018":2.775823915,"ACH-000019":1.311827536,"ACH-000021":2.447176573,"ACH-000022":2.61889192,"ACH-000024":-10.21686858,"ACH-000025":1.747378232,"ACH-000028":1.213788171,"ACH-000029":-0.829709189,"ACH-000030":2.591448334,"ACH-000035":-4.012674191,"ACH-000036":-0.370696606,"ACH-000037":1.173911152,"ACH-000039":1.274507962,"ACH-000040":2.640248977,"ACH-000041":2.596758759,"ACH-000042":2.742019385,"ACH-000045":2.775816568,"ACH-000047":2.586069242,"ACH-000048":2.775965665,"ACH-000052":1.727612909,"ACH-000053":2.740936508,"ACH-000054":2.752177304,"ACH-000055":-2.485928457,"ACH-000060":2.598155001,"ACH-000067":1.986376434,"ACH-000070":1.608104234,"ACH-000074":2.294094459,"ACH-000075":2.773641322,"ACH-000076":2.754938054,"ACH-000078":2.775979968,"ACH-000082":2.775455156,"ACH-000085":2.306141031,"ACH-000086":2.765691858,"ACH-000087":2.41924454,"ACH-000092":2.769831858,"ACH-000095":-3.618641749,"ACH-000096":2.141396664,"ACH-000097":0.934492144,"ACH-000098":2.547441959,"ACH-000099":-1.716826504,"ACH-000108":2.767199387,"ACH-000111":-3.196649617,"ACH-000113":2.775769119,"ACH-000114":2.773867525,"ACH-000115":2.477656075,"ACH-000116":2.47084439,"ACH-000118":2.624657778,"ACH-000120":2.770877282,"ACH-000123":2.520533295,"ACH-000127":2.411930295,"ACH-000128":2.164877948,"ACH-000132":1.524489891,"ACH-000133":2.731314319,"ACH-000137":2.497679703,"ACH-000138":2.7675307,"ACH-000141":2.658693943,"ACH-000142":-3.164921996,"ACH-000143":2.492345689,"ACH-000146":2.607640912,"ACH-000148":-0.960541145,"ACH-000150":1.347471015,"ACH-000151":1.832965126,"ACH-000152":0.879181787,"ACH-000153":2.770604284,"ACH-000159":-0.074349262,"ACH-000160":1.766400719,"ACH-000163":2.55481436,"ACH-000164":-5.791467508,"ACH-000167":2.753398926,"ACH-000168":2.550673298,"ACH-000169":-0.516918228,"ACH-000174":2.775605275,"ACH-000178":2.646058101,"ACH-000182":2.597688873,"ACH-000183":0.959400825,"ACH-000187":2.566096411,"ACH-000188":1.867697628,"ACH-000189":-2.728797098,"ACH-000190":2.287255981,"ACH-000198":2.65992355,"ACH-000200":2.775609561,"ACH-000202":2.76767589,"ACH-000204":1.965242656,"ACH-000206":2.767124681,"ACH-000207":0.007182361,"ACH-000209":-7.79582839,"ACH-000211":2.775020557,"ACH-000212":2.7504015,"ACH-000215":1.394764763,"ACH-000217":2.135986172,"ACH-000219":2.654024329,"ACH-000221":-0.451741214,"ACH-000222":2.708600936,"ACH-000223":1.857614227,"ACH-000226":2.774338508,"ACH-000227":-1.233753062,"ACH-000228":2.669750771,"ACH-000231":2.738544733,"ACH-000232":2.153285789,"ACH-000233":2.767437931,"ACH-000234":0.739455663,"ACH-000235":2.447824889,"ACH-000237":2.76906132,"ACH-000238":1.716240349,"ACH-000243":2.698356282,"ACH-000244":2.288425471,"ACH-000246":-0.44535347,"ACH-000247":1.868270996,"ACH-000248":2.158615258,"ACH-000249":1.972511025,"ACH-000250":2.235580992,"ACH-000251":0.922643407,"ACH-000253":2.774877182,"ACH-000255":1.938576538,"ACH-000256":1.887854656,"ACH-000257":2.765362047,"ACH-000258":2.750500018,"ACH-000259":2.773206052,"ACH-000260":-3.441017204,"ACH-000261":2.484968913,"ACH-000262":-1.49461647,"ACH-000263":2.546682415,"ACH-000264":-1.292978121,"ACH-000265":2.775910026,"ACH-000266":2.677422453,"ACH-000271":1.598763082,"ACH-000272":1.593213178,"ACH-000273":1.215351512,"ACH-000274":2.717506741,"ACH-000276":0.854093297,"ACH-000277":-12.53542177,"ACH-000278":2.66312883,"ACH-000279":1.286992885,"ACH-000280":-6.030771618,"ACH-000281":2.759919567,"ACH-000286":2.739413289,"ACH-000288":-3.509148401,"ACH-000290":-5.325747807,"ACH-000291":2.38220357,"ACH-000292":-0.962992313,"ACH-000293":1.255443569,"ACH-000294":2.698669778,"ACH-000295":2.751065824,"ACH-000296":2.150379784,"ACH-000302":1.811154008,"ACH-000304":1.926509778,"ACH-000305":1.22063145,"ACH-000307":2.7244128,"ACH-000308":2.688720296,"ACH-000310":2.527282214,"ACH-000311":-1.23808698,"ACH-000312":0.504415852,"ACH-000315":2.75195292,"ACH-000316":1.936027332,"ACH-000317":2.524938137,"ACH-000318":-0.241658578,"ACH-000319":1.891766704,"ACH-000320":2.775423381,"ACH-000322":2.74306002,"ACH-000323":-4.407560461,"ACH-000324":-2.654282134,"ACH-000326":2.763030882,"ACH-000329":2.524907967,"ACH-000330":2.18577738,"ACH-000331":1.337325875,"ACH-000332":2.750285814,"ACH-000334":2.32655572,"ACH-000335":2.367126452,"ACH-000336":2.549918176,"ACH-000337":2.616562854,"ACH-000339":0.284974916,"ACH-000341":2.379761594,"ACH-000343":0.653246107,"ACH-000344":0.469445847,"ACH-000348":2.209402942,"ACH-000350":2.565801102,"ACH-000352":2.644146746,"ACH-000355":0.639122226,"ACH-000356":2.556631482,"ACH-000361":2.556265357,"ACH-000362":2.556365223,"ACH-000363":2.770523671,"ACH-000364":-1.397388584,"ACH-000365":2.774956493,"ACH-000366":2.306592736,"ACH-000368":-1.362885945,"ACH-000370":2.301192187,"ACH-000374":2.718306084,"ACH-000375":-1.933919358,"ACH-000376":1.947672389,"ACH-000377":-2.091291523,"ACH-000378":2.572895707,"ACH-000381":2.775743155,"ACH-000383":2.543078822,"ACH-000385":2.606879543,"ACH-000387":2.740936889,"ACH-000389":2.764756383,"ACH-000390":-0.722510014,"ACH-000393":2.573701591,"ACH-000395":2.775602098,"ACH-000397":1.600780238,"ACH-000401":-0.732279368,"ACH-000402":2.395024367,"ACH-000403":2.027395739,"ACH-000404":1.557449374,"ACH-000405":2.410364514,"ACH-000406":2.775061503,"ACH-000407":-5.593787564,"ACH-000408":2.408935419,"ACH-000410":2.659268923,"ACH-000411":2.62100098,"ACH-000414":2.277163811,"ACH-000415":-0.17137395,"ACH-000416":-20,"ACH-000420":1.222572312,"ACH-000421":-4.321191352,"ACH-000422":-1.278945487,"ACH-000424":2.705318887,"ACH-000425":0.321492971,"ACH-000426":-2.168267966,"ACH-000427":2.080445751,"ACH-000431":-3.135611614,"ACH-000433":-0.397619828,"ACH-000434":1.856927261,"ACH-000435":0.700230887,"ACH-000436":2.166614269,"ACH-000437":2.138638543,"ACH-000438":-1.18399869,"ACH-000444":2.460143812,"ACH-000445":2.641527888,"ACH-000448":2.722443476,"ACH-000450":2.45528241,"ACH-000452":-10.78603611,"ACH-000454":2.364004904,"ACH-000458":2.285426755,"ACH-000459":-0.872627701,"ACH-000460":-5.046973769,"ACH-000461":2.737920832,"ACH-000463":2.703203203,"ACH-000464":2.717732045,"ACH-000466":2.688305057,"ACH-000467":2.773823884,"ACH-000468":2.709801219,"ACH-000469":2.654033552,"ACH-000470":2.743687175,"ACH-000471":2.762774035,"ACH-000472":0.464980876,"ACH-000473":2.074771889,"ACH-000475":-7.597804183,"ACH-000476":2.429308406,"ACH-000477":2.019535944,"ACH-000478":-3.605700126,"ACH-000480":-1.38800816,"ACH-000481":2.526776082,"ACH-000483":-1.840912791,"ACH-000484":0.740273822,"ACH-000485":1.485295001,"ACH-000486":2.775762151,"ACH-000487":2.771171456,"ACH-000488":-0.402208746,"ACH-000490":0.43419926,"ACH-000491":-4.991265658,"ACH-000493":-1.044140646,"ACH-000495":2.750924205,"ACH-000496":0.240653663,"ACH-000498":1.727466938,"ACH-000499":2.360687126,"ACH-000500":1.080256979,"ACH-000502":2.750183164,"ACH-000503":-3.08084915,"ACH-000504":2.769860878,"ACH-000505":2.757731012,"ACH-000507":-0.044743813,"ACH-000510":2.742223371,"ACH-000511":2.246232455,"ACH-000512":-1.788600775,"ACH-000514":-0.066275311,"ACH-000516":2.035695037,"ACH-000517":2.692560294,"ACH-000518":0.110176025,"ACH-000520":2.770572012,"ACH-000521":-1.484402127,"ACH-000522":2.425766342,"ACH-000524":0.655631561,"ACH-000527":2.586851433,"ACH-000528":2.768545406,"ACH-000535":2.166395589,"ACH-000537":2.603669492,"ACH-000541":-0.474955479,"ACH-000542":2.726112958,"ACH-000544":-0.159270448,"ACH-000545":1.691934967,"ACH-000547":2.750954095,"ACH-000548":2.305945586,"ACH-000549":-1.22834402,"ACH-000550":2.770342888,"ACH-000551":-0.129718355,"ACH-000552":2.769768923,"ACH-000556":-3.093144729,"ACH-000557":2.422726746,"ACH-000563":2.696232716,"ACH-000570":2.605608936,"ACH-000571":2.732006389,"ACH-000573":2.750800511,"ACH-000576":0.399951644,"ACH-000577":1.765732179,"ACH-000579":2.657613381,"ACH-000580":2.629912796,