{"scores":{"ACH-000004":1.723865156,"ACH-000005":0.329306271,"ACH-000007":-1.57561814,"ACH-000009":0.421406932,"ACH-000011":1.796495663,"ACH-000012":-0.191587177,"ACH-000013":1.487280418,"ACH-000014":2.005912118,"ACH-000015":0.540428073,"ACH-000017":1.79617907,"ACH-000018":1.343124278,"ACH-000019":1.112847485,"ACH-000021":1.810391742,"ACH-000022":0.826591666,"ACH-000024":1.628818986,"ACH-000025":-1.112974322,"ACH-000028":-8.933141929,"ACH-000029":-7.037976698,"ACH-000030":1.604195151,"ACH-000035":0.444957948,"ACH-000036":1.077283856,"ACH-000037":1.974656059,"ACH-000039":1.750565826,"ACH-000040":2.000711208,"ACH-000041":-0.557838024,"ACH-000042":1.947841259,"ACH-000045":-0.070545549,"ACH-000047":-4.867257391,"ACH-000048":-7.149444655,"ACH-000052":1.36425026,"ACH-000053":1.976616598,"ACH-000054":1.524461268,"ACH-000055":1.871021892,"ACH-000060":1.735383403,"ACH-000067":1.518705346,"ACH-000070":1.668051282,"ACH-000074":0.640097049,"ACH-000075":1.98290617,"ACH-000076":1.552179057,"ACH-000078":2.005639665,"ACH-000082":1.013369138,"ACH-000085":2.007369464,"ACH-000086":-0.521412356,"ACH-000087":-1.670277501,"ACH-000092":1.826105859,"ACH-000095":1.901517958,"ACH-000096":-0.369479114,"ACH-000097":1.949934099,"ACH-000098":1.86714882,"ACH-000099":1.637363912,"ACH-000108":1.975899131,"ACH-000111":-2.06613634,"ACH-000113":-10.66277357,"ACH-000114":1.951983474,"ACH-000115":-0.670096382,"ACH-000116":1.814333194,"ACH-000118":-0.225882143,"ACH-000120":1.88589907,"ACH-000123":-4.633884511,"ACH-000127":-17.80648876,"ACH-000128":0.890522117,"ACH-000132":1.336166243,"ACH-000133":1.887474573,"ACH-000137":1.642500051,"ACH-000138":1.74161766,"ACH-000141":0.376760863,"ACH-000142":0.196856086,"ACH-000143":1.681752197,"ACH-000146":2.007773738,"ACH-000148":1.52420778,"ACH-000150":-2.161163066,"ACH-000151":1.591688125,"ACH-000152":1.958804769,"ACH-000153":0.201081329,"ACH-000159":1.852511143,"ACH-000160":1.502033597,"ACH-000163":0.15099721,"ACH-000164":1.968623201,"ACH-000167":2.000294742,"ACH-000168":2.006488058,"ACH-000169":0.357452147,"ACH-000174":1.980165276,"ACH-000178":1.922454006,"ACH-000182":1.87985284,"ACH-000183":2.000161595,"ACH-000187":-3.530617316,"ACH-000188":1.788394726,"ACH-000189":-0.163840401,"ACH-000190":-0.00863634,"ACH-000198":1.973655203,"ACH-000200":1.850548065,"ACH-000202":0.822215307,"ACH-000204":-2.210770733,"ACH-000206":1.800011264,"ACH-000207":0.615387355,"ACH-000209":0.647950006,"ACH-000211":1.945890439,"ACH-000212":1.986990537,"ACH-000215":1.964802721,"ACH-000217":1.048488317,"ACH-000219":-2.037891931,"ACH-000221":-4.437085762,"ACH-000222":2.006658634,"ACH-000223":1.192906616,"ACH-000226":1.928432572,"ACH-000227":0.720727321,"ACH-000228":1.450958824,"ACH-000231":1.643333381,"ACH-000232":1.781004422,"ACH-000233":0.548083621,"ACH-000234":-20,"ACH-000235":1.989200195,"ACH-000237":1.726254925,"ACH-000238":1.520446722,"ACH-000243":1.9976893,"ACH-000244":2.001383958,"ACH-000246":0.085045508,"ACH-000247":2.007693467,"ACH-000248":1.242666718,"ACH-000249":0.195834392,"ACH-000250":1.846796684,"ACH-000251":1.806301911,"ACH-000253":2.00657112,"ACH-000255":1.623731501,"ACH-000256":1.901898007,"ACH-000257":1.837827395,"ACH-000258":1.023114567,"ACH-000259":1.994830443,"ACH-000260":1.793300416,"ACH-000261":1.599334574,"ACH-000262":2.001950745,"ACH-000263":0.905686703,"ACH-000264":1.762218637,"ACH-000265":-3.816614768,"ACH-000266":1.790314941,"ACH-000271":-5.534443547,"ACH-000272":1.152676622,"ACH-000273":1.927272877,"ACH-000274":1.471890186,"ACH-000276":0.477585679,"ACH-000277":0.862310246,"ACH-000278":1.683227292,"ACH-000279":-1.923496636,"ACH-000280":1.991329124,"ACH-000281":1.721519175,"ACH-000286":1.263903248,"ACH-000288":0.286926019,"ACH-000290":1.791124874,"ACH-000291":2.006090213,"ACH-000292":-4.879954283,"ACH-000293":1.726908484,"ACH-000294":1.993514819,"ACH-000295":1.373620568,"ACH-000296":1.997160555,"ACH-000302":0.125834766,"ACH-000304":-1.377469394,"ACH-000305":-1.616109073,"ACH-000307":2.003761084,"ACH-000308":1.196450969,"ACH-000310":1.844505129,"ACH-000311":1.379419271,"ACH-000312":1.906939062,"ACH-000315":1.99569133,"ACH-000316":1.713838905,"ACH-000317":1.88052317,"ACH-000318":1.736444209,"ACH-000319":-0.156640866,"ACH-000320":1.88902822,"ACH-000322":0.641185584,"ACH-000323":1.080960549,"ACH-000324":1.641860423,"ACH-000326":2.007412216,"ACH-000329":1.45874312,"ACH-000330":1.488042513,"ACH-000331":1.687508025,"ACH-000332":1.983890422,"ACH-000334":-20,"ACH-000335":0.797495254,"ACH-000336":0.991152836,"ACH-000337":1.76486196,"ACH-000339":1.902381091,"ACH-000341":1.975599286,"ACH-000343":2.002552901,"ACH-000344":1.331348079,"ACH-000348":1.902179536,"ACH-000350":1.54186734,"ACH-000352":0.810179687,"ACH-000355":2.007752308,"ACH-000356":1.277782137,"ACH-000361":1.612722602,"ACH-000362":1.870587812,"ACH-000363":1.918870502,"ACH-000364":-1.054779584,"ACH-000365":1.996305138,"ACH-000366":1.956753431,"ACH-000368":1.713293364,"ACH-000370":1.981349563,"ACH-000374":0.853872016,"ACH-000375":1.986587696,"ACH-000376":-1.752847025,"ACH-000377":0.3590755,"ACH-000378":1.941624958,"ACH-000381":1.979687824,"ACH-000383":0.620365831,"ACH-000385":1.041745207,"ACH-000387":1.925640357,"ACH-000389":1.299416221,"ACH-000390":1.22394968,"ACH-000393":1.98302665,"ACH-000395":1.822060277,"ACH-000397":1.923793106,"ACH-000401":1.925706114,"ACH-000402":1.405857957,"ACH-000403":2.007364235,"ACH-000404":-0.810172586,"ACH-000405":1.684537408,"ACH-000406":1.967517941,"ACH-000407":1.013981958,"ACH-000408":1.975057764,"ACH-000410":-0.227971257,"ACH-000411":1.787787826,"ACH-000414":2.007351612,"ACH-000415":1.819543285,"ACH-000416":1.745803561,"ACH-000420":0.548488972,"ACH-000421":2.001926778,"ACH-000422":1.996841384,"ACH-000424":0.802585746,"ACH-000425":1.17295108,"ACH-000426":1.744264208,"ACH-000427":0.260142848,"ACH-000431":1.354976326,"ACH-000433":1.516464759,"ACH-000434":1.907524659,"ACH-000435":1.018321608,"ACH-000436":2.007800795,"ACH-000437":0.943783074,"ACH-000438":1.13323706,"ACH-000444":1.119642282,"ACH-000445":2.005957332,"ACH-000448":1.318627443,"ACH-000450":-4.317351021,"ACH-000452":1.946799534,"ACH-000454":-1.459245232,"ACH-000458":2.007800769,"ACH-000459":-1.049868781,"ACH-000460":1.971595444,"ACH-000461":-0.004867726,"ACH-000463":1.520933919,"ACH-000464":1.283689676,"ACH-000466":1.646117208,"ACH-000467":1.936775351,"ACH-000468":1.431065358,"ACH-000469":0.858954495,"ACH-000470":1.761998862,"ACH-000471":1.571164806,"ACH-000472":2.001001486,"ACH-000473":1.84280353,"ACH-000475":-1.658839179,"ACH-000476":0.985525439,"ACH-000477":1.858721278,"ACH-000478":1.804150789,"ACH-000480":1.02036879,"ACH-000481":0.344627851,"ACH-000483":-3.207069949,"ACH-000484":0.583676552,"ACH-000485":1.952752599,"ACH-000486":-0.56672919,"ACH-000487":0.938345778,"ACH-000488":-6.785597249,"ACH-000490":2.002154838,"ACH-000491":0.349020834,"ACH-000493":1.994447807,"ACH-000495":-0.613606247,"ACH-000496":2.002740465,"ACH-000498":0.741261659,"ACH-000499":-3.678540659,"ACH-000500":1.776226121,"ACH-000502":1.473993083,"ACH-000503":1.375422786,"ACH-000504":1.321200819,"ACH-000505":1.835741715,"ACH-000507":-5.209487942,"ACH-000510":1.478399208,"ACH-000511":1.864126242,"ACH-000512":-0.272861261,"ACH-000514":1.449652857,"ACH-000516":1.615981156,"ACH-000517":1.209676174,"ACH-000518":1.399167261,"ACH-000520":1.691900571,"ACH-000521":1.985840951,"ACH-000522":-4.120344679,"ACH-000524":1.999510966,"ACH-000527":0.550983494,"ACH-000528":-1.803206007,"ACH-000535":1.739755474,"ACH-000537":1.893679087,"ACH-000541":2.005030457,"ACH-000542":2.001311499,"ACH-000544":0.33976493,"ACH-000545":1.735107729,"ACH-000547":-1.575130321,"ACH-000548":1.978045537,"ACH-000549":1.985606643,"ACH-000550":1.959856988,"ACH-000551":0.671046325,"ACH-000552":1.697359585,"ACH-000556":1.040461264,"ACH-000557":1.49127213,"ACH-000563":1.778876792,"ACH-000570":1.693236985,"ACH-000571":1.563464021,"ACH-000573":1.241236896,"ACH-000576":2.006807088,"ACH-000577":-0.231333683,"ACH-000579":-0.724938424,"ACH-000580":1.731754944,"ACH-000581":1.424347095,