{"scores":{"ACH-000004":-2.71194696,"ACH-000005":-2.628008548,"ACH-000007":-0.188024499,"ACH-000009":-0.806581778,"ACH-000011":-0.337149962,"ACH-000012":2.624936811,"ACH-000013":2.203364188,"ACH-000014":-1.209490935,"ACH-000015":1.50135997,"ACH-000017":-1.400438641,"ACH-000018":2.092967564,"ACH-000019":0.879934881,"ACH-000021":2.012159026,"ACH-000022":1.956090477,"ACH-000024":-2.458767865,"ACH-000025":-0.005901372,"ACH-000028":-0.467191371,"ACH-000029":0.918158344,"ACH-000030":-10.71839679,"ACH-000035":0.843685645,"ACH-000036":2.386484479,"ACH-000037":1.495020498,"ACH-000039":2.208244069,"ACH-000040":0.950265738,"ACH-000041":0.608214098,"ACH-000042":0.635167115,"ACH-000045":-0.397304909,"ACH-000047":-1.070711265,"ACH-000048":2.095868074,"ACH-000052":1.749318811,"ACH-000053":-5.785505255,"ACH-000054":2.388250738,"ACH-000055":2.561652369,"ACH-000060":2.129850753,"ACH-000067":2.019811857,"ACH-000070":-1.905906616,"ACH-000074":0.453285736,"ACH-000075":1.686563804,"ACH-000076":-0.737730236,"ACH-000078":1.270872062,"ACH-000082":1.770048868,"ACH-000085":2.561593378,"ACH-000086":2.672786084,"ACH-000087":0.749915746,"ACH-000092":1.624025614,"ACH-000095":2.316071934,"ACH-000096":2.620850921,"ACH-000097":0.443808522,"ACH-000098":2.104813526,"ACH-000099":1.369650569,"ACH-000108":-1.748521849,"ACH-000111":-0.446304753,"ACH-000113":2.353551008,"ACH-000114":1.980677208,"ACH-000115":0.287156415,"ACH-000116":2.401126661,"ACH-000118":2.609717046,"ACH-000120":2.55650846,"ACH-000123":1.887864449,"ACH-000127":-1.285997794,"ACH-000128":0.907417516,"ACH-000132":2.057677962,"ACH-000133":2.667559393,"ACH-000137":1.652252122,"ACH-000138":0.75030067,"ACH-000141":2.219522459,"ACH-000142":1.610051361,"ACH-000143":2.316725437,"ACH-000146":-2.332149547,"ACH-000148":1.762261876,"ACH-000150":2.567930485,"ACH-000151":-0.4960515,"ACH-000152":2.124906401,"ACH-000153":0.416219127,"ACH-000159":-4.471553115,"ACH-000160":1.642754918,"ACH-000163":1.589900256,"ACH-000164":2.110850526,"ACH-000167":-1.110795156,"ACH-000168":-0.968010141,"ACH-000169":2.157929753,"ACH-000174":2.109214756,"ACH-000178":0.206377305,"ACH-000182":-0.654235302,"ACH-000183":-2.338754604,"ACH-000187":0.338021499,"ACH-000188":2.617992132,"ACH-000189":1.962328295,"ACH-000190":1.546540521,"ACH-000198":-2.676007742,"ACH-000200":2.13855803,"ACH-000202":0.931297506,"ACH-000204":0.587702031,"ACH-000206":-0.150724519,"ACH-000207":-0.39722944,"ACH-000209":2.644827942,"ACH-000211":1.42361621,"ACH-000212":-4.6972449,"ACH-000215":2.525538086,"ACH-000217":1.808588419,"ACH-000219":-2.66895391,"ACH-000221":2.587980073,"ACH-000222":-2.362703558,"ACH-000223":0.050374993,"ACH-000226":-3.203494902,"ACH-000227":0.858510821,"ACH-000228":2.190709921,"ACH-000231":2.312491509,"ACH-000232":2.635996172,"ACH-000233":-3.151441242,"ACH-000234":1.167463593,"ACH-000235":-5.234977135,"ACH-000237":2.287562588,"ACH-000238":1.666926917,"ACH-000243":0.820185304,"ACH-000244":1.585264717,"ACH-000246":2.645720962,"ACH-000247":1.911372423,"ACH-000248":0.220866284,"ACH-000249":-1.088779646,"ACH-000250":1.575896294,"ACH-000251":1.274797776,"ACH-000253":-2.595200142,"ACH-000255":2.240772098,"ACH-000256":2.036873752,"ACH-000257":0.301558052,"ACH-000258":0.302000917,"ACH-000259":1.830758997,"ACH-000260":2.709147984,"ACH-000261":2.391534871,"ACH-000262":1.711338659,"ACH-000263":-0.534420386,"ACH-000264":0.612745221,"ACH-000265":2.210992147,"ACH-000266":0.753141123,"ACH-000271":-0.337099885,"ACH-000272":-3.049181175,"ACH-000273":-0.01262028,"ACH-000274":1.679894253,"ACH-000276":1.647491927,"ACH-000277":1.708823979,"ACH-000278":1.349376395,"ACH-000279":-1.647679763,"ACH-000280":1.90154817,"ACH-000281":-1.002829517,"ACH-000286":-0.418868227,"ACH-000288":2.432349657,"ACH-000290":-4.45594281,"ACH-000291":2.707426708,"ACH-000292":2.547388425,"ACH-000293":2.223174532,"ACH-000294":-2.660520258,"ACH-000295":-0.757683781,"ACH-000296":2.516356957,"ACH-000302":2.517488921,"ACH-000304":1.786236546,"ACH-000305":1.952473069,"ACH-000307":-3.121333402,"ACH-000308":1.654585487,"ACH-000310":1.997104929,"ACH-000311":-0.147931388,"ACH-000312":0.57458635,"ACH-000315":0.92625864,"ACH-000316":2.109518511,"ACH-000317":0.616804351,"ACH-000318":1.116446721,"ACH-000319":0.803262631,"ACH-000320":0.525224502,"ACH-000322":0.448265937,"ACH-000323":1.967251696,"ACH-000324":2.411169026,"ACH-000326":-3.89403216,"ACH-000329":2.413362195,"ACH-000330":-0.436902761,"ACH-000331":2.695213088,"ACH-000332":2.288612465,"ACH-000334":1.183758255,"ACH-000335":0.070082676,"ACH-000336":1.291547443,"ACH-000337":-5.056058917,"ACH-000339":-1.243556667,"ACH-000341":1.455917477,"ACH-000343":1.955160498,"ACH-000344":0.161455687,"ACH-000348":1.437730614,"ACH-000350":1.758712596,"ACH-000352":-1.494159281,"ACH-000355":-1.93699476,"ACH-000356":1.360972769,"ACH-000361":1.891743467,"ACH-000362":0.048073069,"ACH-000363":0.281278883,"ACH-000364":2.187192732,"ACH-000365":-2.18088809,"ACH-000366":1.573504459,"ACH-000368":1.956183374,"ACH-000370":1.349664757,"ACH-000374":1.997033509,"ACH-000375":-0.516812932,"ACH-000376":2.587481496,"ACH-000377":-2.485671152,"ACH-000378":2.08347233,"ACH-000381":-4.175402084,"ACH-000383":-5.035471812,"ACH-000385":0.261345949,"ACH-000387":-2.961633252,"ACH-000389":1.992337227,"ACH-000390":-1.333804925,"ACH-000393":0.629304032,"ACH-000395":-0.052035807,"ACH-000397":2.344522797,"ACH-000401":-1.275355972,"ACH-000402":-0.571518529,"ACH-000403":2.070807701,"ACH-000404":-0.237253179,"ACH-000405":-5.645027749,"ACH-000406":-5.869230191,"ACH-000407":2.5531962,"ACH-000408":1.003758785,"ACH-000410":1.896564256,"ACH-000411":-2.612401072,"ACH-000414":1.495522255,"ACH-000415":1.763688661,"ACH-000416":-8.897393865,"ACH-000420":1.398790152,"ACH-000421":-3.704302429,"ACH-000422":2.205908291,"ACH-000424":0.486146233,"ACH-000425":0.947774533,"ACH-000426":0.725167987,"ACH-000427":1.371494999,"ACH-000431":2.486314012,"ACH-000433":1.674345501,"ACH-000434":1.699778658,"ACH-000435":1.09601266,"ACH-000436":-0.349729461,"ACH-000437":2.665738925,"ACH-000438":1.007548962,"ACH-000444":0.458179741,"ACH-000445":2.541114239,"ACH-000448":-5.712846834,"ACH-000450":1.240447965,"ACH-000452":0.430329086,"ACH-000454":-0.536821463,"ACH-000458":2.596660505,"ACH-000459":-3.292736146,"ACH-000460":-3.110868588,"ACH-000461":0.361607157,"ACH-000463":2.315522651,"ACH-000464":2.049463698,"ACH-000466":1.763346358,"ACH-000467":-0.288177308,"ACH-000468":-0.785437296,"ACH-000469":2.192998121,"ACH-000470":0.874346336,"ACH-000471":0.067702728,"ACH-000472":1.098542962,"ACH-000473":1.903182253,"ACH-000475":1.394529739,"ACH-000476":1.754879957,"ACH-000477":-0.032473663,"ACH-000478":2.062049609,"ACH-000480":2.253077493,"ACH-000481":0.829524408,"ACH-000483":0.421145605,"ACH-000484":0.922690369,"ACH-000485":0.168293583,"ACH-000486":0.159738357,"ACH-000487":0.247349414,"ACH-000488":2.704177857,"ACH-000490":2.269292888,"ACH-000491":1.53763043,"ACH-000493":2.02046476,"ACH-000495":0.240066838,"ACH-000496":1.474215046,"ACH-000498":0.597409943,"ACH-000499":2.181479692,"ACH-000500":0.32526244,"ACH-000502":-5.440554636,"ACH-000503":1.502407785,"ACH-000504":-0.863530443,"ACH-000505":0.908322443,"ACH-000507":-1.010357253,"ACH-000510":0.202870597,"ACH-000511":2.386449298,"ACH-000512":-2.38074501,"ACH-000514":0.192198715,"ACH-000516":1.823930085,"ACH-000517":0.523851999,"ACH-000518":1.277911387,"ACH-000520":2.642962538,"ACH-000521":1.626283742,"ACH-000522":-0.865303286,"ACH-000524":1.598680933,"ACH-000527":2.282051833,"ACH-000528":2.473095508,"ACH-000535":2.515480091,"ACH-000537":2.400880928,"ACH-000541":0.004975078,"ACH-000542":-0.898894863,"ACH-000544":1.254001343,"ACH-000545":1.804434742,"ACH-000547":1.525737279,"ACH-000548":0.540325207,"ACH-000549":1.53321154,"ACH-000550":0.315311777,"ACH-000551":-0.060572789,"ACH-000552":-0.790271481,"ACH-000556":0.921652876,"ACH-000557":-2.631000516,"ACH-000563":2.533843744,"ACH-000570":0.821649738,"ACH-000571":0.670643845,"ACH-000573":0.379689324,"ACH-000576":-3.799790594,"ACH-000577":1.335430996,"ACH-000579":1.700604687,