{"scores":{"ACH-000004":20,"ACH-000005":20,"ACH-000007":15.07806307,"ACH-000009":20,"ACH-000011":20,"ACH-000012":20,"ACH-000013":16.14682781,"ACH-000014":20,"ACH-000015":20,"ACH-000017":20,"ACH-000018":20,"ACH-000019":20,"ACH-000021":20,"ACH-000022":13.79037296,"ACH-000024":20,"ACH-000025":19.69189934,"ACH-000028":20,"ACH-000029":20,"ACH-000030":20,"ACH-000035":19.28288337,"ACH-000036":20,"ACH-000037":19.34916088,"ACH-000039":20,"ACH-000040":20,"ACH-000041":20,"ACH-000042":20,"ACH-000045":20,"ACH-000047":19.5211026,"ACH-000048":20,"ACH-000052":12.97841761,"ACH-000053":20,"ACH-000054":20,"ACH-000055":20,"ACH-000060":20,"ACH-000067":20,"ACH-000070":20,"ACH-000074":20,"ACH-000075":20,"ACH-000076":20,"ACH-000078":20,"ACH-000082":20,"ACH-000085":20,"ACH-000086":20,"ACH-000087":20,"ACH-000092":20,"ACH-000095":20,"ACH-000096":18.63033282,"ACH-000097":20,"ACH-000098":20,"ACH-000099":20,"ACH-000108":20,"ACH-000111":16.93016812,"ACH-000113":20,"ACH-000114":20,"ACH-000115":20,"ACH-000116":20,"ACH-000118":20,"ACH-000120":20,"ACH-000123":20,"ACH-000127":20,"ACH-000128":20,"ACH-000132":20,"ACH-000133":20,"ACH-000137":20,"ACH-000138":20,"ACH-000141":16.4496336,"ACH-000142":20,"ACH-000143":20,"ACH-000146":20,"ACH-000148":19.684174,"ACH-000150":20,"ACH-000151":19.82138947,"ACH-000152":20,"ACH-000153":20,"ACH-000159":20,"ACH-000160":0,"ACH-000163":20,"ACH-000164":20,"ACH-000167":20,"ACH-000168":20,"ACH-000169":-20,"ACH-000174":20,"ACH-000178":18.71613997,"ACH-000182":15.57458128,"ACH-000183":20,"ACH-000187":16.89644756,"ACH-000188":17.57328457,"ACH-000189":14.53110553,"ACH-000190":20,"ACH-000198":0,"ACH-000200":20,"ACH-000202":20,"ACH-000204":20,"ACH-000206":20,"ACH-000207":18.38462739,"ACH-000209":19.66711524,"ACH-000211":20,"ACH-000212":20,"ACH-000215":17.8592517,"ACH-000217":17.55636181,"ACH-000219":20,"ACH-000221":20,"ACH-000222":20,"ACH-000223":20,"ACH-000226":20,"ACH-000227":20,"ACH-000228":20,"ACH-000231":20,"ACH-000232":20,"ACH-000233":20,"ACH-000234":20,"ACH-000235":20,"ACH-000237":18.95873613,"ACH-000238":20,"ACH-000243":20,"ACH-000244":16.69043695,"ACH-000246":20,"ACH-000247":20,"ACH-000248":20,"ACH-000249":16.63302206,"ACH-000250":20,"ACH-000251":20,"ACH-000253":18.57916391,"ACH-000255":19.228026,"ACH-000256":16.79942964,"ACH-000257":17.35057175,"ACH-000258":20,"ACH-000259":20,"ACH-000260":20,"ACH-000261":20,"ACH-000262":20,"ACH-000263":20,"ACH-000264":20,"ACH-000265":20,"ACH-000266":20,"ACH-000271":20,"ACH-000272":20,"ACH-000273":0,"ACH-000274":20,"ACH-000276":17.66944462,"ACH-000277":20,"ACH-000278":17.55501955,"ACH-000279":17.49526667,"ACH-000280":19.82178564,"ACH-000281":16.08663639,"ACH-000286":13.79171311,"ACH-000288":20,"ACH-000290":20,"ACH-000291":20,"ACH-000292":20,"ACH-000293":18.40040365,"ACH-000294":20,"ACH-000295":16.37553752,"ACH-000296":18.25202521,"ACH-000302":20,"ACH-000304":16.54827844,"ACH-000305":20,"ACH-000307":16.45713992,"ACH-000308":15.41838666,"ACH-000310":20,"ACH-000311":20,"ACH-000312":20,"ACH-000315":20,"ACH-000316":20,"ACH-000317":20,"ACH-000318":20,"ACH-000319":20,"ACH-000320":20,"ACH-000322":20,"ACH-000323":20,"ACH-000324":18.93596829,"ACH-000326":17.95358903,"ACH-000329":20,"ACH-000330":20,"ACH-000331":20,"ACH-000332":20,"ACH-000334":20,"ACH-000335":20,"ACH-000336":20,"ACH-000337":20,"ACH-000339":17.01943337,"ACH-000341":20,"ACH-000343":20,"ACH-000344":20,"ACH-000348":10.87212031,"ACH-000350":20,"ACH-000352":20,"ACH-000355":19.77134101,"ACH-000356":12.67101859,"ACH-000361":19.03837053,"ACH-000362":20,"ACH-000363":19.13868669,"ACH-000364":20,"ACH-000365":20,"ACH-000366":16.10375884,"ACH-000368":20,"ACH-000370":20,"ACH-000374":20,"ACH-000375":20,"ACH-000376":19.9650913,"ACH-000377":20,"ACH-000378":20,"ACH-000381":20,"ACH-000383":20,"ACH-000385":20,"ACH-000387":17.22204371,"ACH-000389":19.53918905,"ACH-000390":20,"ACH-000393":11.72749425,"ACH-000395":20,"ACH-000397":20,"ACH-000401":14.62824354,"ACH-000402":20,"ACH-000403":20,"ACH-000404":20,"ACH-000405":20,"ACH-000406":20,"ACH-000407":19.57603105,"ACH-000408":20,"ACH-000410":20,"ACH-000411":20,"ACH-000414":20,"ACH-000415":16.3074398,"ACH-000416":20,"ACH-000420":20,"ACH-000421":18.57503293,"ACH-000422":20,"ACH-000424":20,"ACH-000425":20,"ACH-000426":20,"ACH-000427":20,"ACH-000431":17.95772156,"ACH-000433":17.43532739,"ACH-000434":20,"ACH-000435":20,"ACH-000436":20,"ACH-000437":20,"ACH-000438":20,"ACH-000444":15.16462054,"ACH-000445":18.30804263,"ACH-000448":20,"ACH-000450":18.31860954,"ACH-000452":20,"ACH-000454":14.17118029,"ACH-000458":17.06673817,"ACH-000459":17.20480243,"ACH-000460":20,"ACH-000461":20,"ACH-000463":20,"ACH-000464":20,"ACH-000466":20,"ACH-000467":20,"ACH-000468":20,"ACH-000469":20,"ACH-000470":20,"ACH-000471":20,"ACH-000472":20,"ACH-000473":16.82795299,"ACH-000475":19.93873561,"ACH-000476":16.54061415,"ACH-000477":19.842133,"ACH-000478":20,"ACH-000480":20,"ACH-000481":20,"ACH-000483":20,"ACH-000484":16.43906531,"ACH-000485":19.44060867,"ACH-000486":20,"ACH-000487":20,"ACH-000488":20,"ACH-000490":20,"ACH-000491":20,"ACH-000493":16.3475485,"ACH-000495":20,"ACH-000496":20,"ACH-000498":12.69946734,"ACH-000499":20,"ACH-000500":20,"ACH-000502":20,"ACH-000503":20,"ACH-000504":20,"ACH-000505":20,"ACH-000507":20,"ACH-000510":18.59177979,"ACH-000511":19.69843713,"ACH-000512":20,"ACH-000514":18.85185051,"ACH-000516":20,"ACH-000517":20,"ACH-000518":20,"ACH-000520":20,"ACH-000521":20,"ACH-000522":20,"ACH-000524":20,"ACH-000527":20,"ACH-000528":20,"ACH-000535":20,"ACH-000537":20,"ACH-000541":20,"ACH-000542":20,"ACH-000544":20,"ACH-000545":20,"ACH-000547":18.35255369,"ACH-000548":17.57918241,"ACH-000549":13.42129381,"ACH-000550":17.28546054,"ACH-000551":20,"ACH-000552":20,"ACH-000556":20,"ACH-000557":18.62544857,"ACH-000563":20,"ACH-000570":19.45272929,"ACH-000571":20,"ACH-000573":20,"ACH-000576":13.18269715,"ACH-000577":20,"ACH-000579":20,"ACH-000580":18.58461878,"ACH-000581":12.58149577,"ACH-000583":20,"ACH-000584":18.7583388,"ACH-000585":20,"ACH-000587":20,"ACH-000588":20,"ACH-000589":20,"ACH-000591":15.77550661,"ACH-000592":19.90526858,"ACH-000593":20,"ACH-000596":20,"ACH-000599":20,"ACH-000600":16.85112098,"ACH-000601":20,"ACH-000604":20,"ACH-000605":20,"ACH-000606":20,"ACH-000608":20,"ACH-000614":20,"ACH-000616":19.38831189,"ACH-000618":20,"ACH-000619":20,"ACH-000620":20,"ACH-000621":20,"ACH-000622":20,"ACH-000623":20,"ACH-000624":17.59244317,"ACH-000627":20,"ACH-000630":20,"ACH-000632":19.96406059,"ACH-000633":20,"ACH-000634":20,"ACH-000637":20,"ACH-000638":20,"ACH-000639":20,"ACH-000646":20,"ACH-000647":20,"ACH-000648":20,"ACH-000649":20,"ACH-000651":15.58802457,"ACH-000652":19.41155265,"ACH-000653":20,"ACH-000654":18.68721258,"ACH-000655":20,"ACH-000657":20,"ACH-000658":20,"ACH-000661":20,"ACH-000662":15.85200659,"ACH-000663":20,"ACH-000665":20,"ACH-000667":20,"ACH-000671":20,"ACH-000673":20,"ACH-000676":20,"ACH-000677":20,"ACH-000680":20,"ACH-000681":20,"ACH-000682":20,"ACH-000683":20,"ACH-000684":16.79217844,"ACH-000685":18.78118304,"ACH-000688":20,"ACH-000693":20,"ACH-000694":20,"ACH-000695":20,"ACH-000696":20,"ACH-000697":17.27541162,"ACH-000698":17.97929475,"ACH-000699":19.42600425,"ACH-000700":20,"ACH-000701":20,"ACH-000702":14.32818053,"ACH-000706":20,"ACH-000711":17.03979355,"ACH-000713":18.1202698,"ACH-000714":20,"ACH-000718":20,"ACH-000720":20,"ACH-000721":20,"ACH-000724":18.71059581,"ACH-000725":20,"ACH-000732":16.60182813,"ACH-000734":20,"ACH-000735":20,"ACH-000736":20,"ACH-000738":20,"ACH-000739":20,"ACH-000740":20,"ACH-000746":20,"ACH-000747":20,"ACH-000748":14.86975084,"ACH-000753":19.26474365,"ACH-000756":20,"ACH-000757":20,"ACH-000758":19.81847053,"ACH-000760":15.01451596,"ACH-000762":18.78372443,"ACH-000763":20,"ACH-000764":20,"ACH-000765":20,"ACH-000766":20,"ACH-000767":20,"ACH-000768":18.50295745,"ACH-000769":14.84343635,"ACH-000770":20,"ACH-000771":20,"ACH-000773":20,"ACH-000774":20,"ACH-000775":20,"ACH-000776":20,"ACH-000777":17.03084898,"ACH-000778":20,"ACH-000781":20,"ACH-000782":20,"ACH-000783":20,"ACH-000784":15.07920752,"ACH-000785":20,