{"scores":{"ACH-000004":-6.229901019,"ACH-000005":-3.476989351,"ACH-000007":3.53289358,"ACH-000009":4.273485192,"ACH-000011":4.846677625,"ACH-000012":4.670033289,"ACH-000013":4.202153438,"ACH-000014":4.05464609,"ACH-000015":5.18126115,"ACH-000017":4.578530224,"ACH-000018":4.676432134,"ACH-000019":-0.722456244,"ACH-000021":-0.38187795,"ACH-000022":3.209144183,"ACH-000024":-5.423538762,"ACH-000025":3.776456145,"ACH-000028":0.246530023,"ACH-000029":4.755240683,"ACH-000030":-11.67211731,"ACH-000035":0.720462568,"ACH-000036":4.309868861,"ACH-000037":3.050421398,"ACH-000039":1.752653008,"ACH-000040":3.388614726,"ACH-000041":3.670122229,"ACH-000042":1.42880768,"ACH-000045":-1.11225447,"ACH-000047":-7.508104681,"ACH-000048":3.047690177,"ACH-000052":4.098126746,"ACH-000053":-9.313979927,"ACH-000054":4.884258986,"ACH-000055":3.122194088,"ACH-000060":3.999597243,"ACH-000067":3.235875381,"ACH-000070":-5.983158959,"ACH-000074":-5.071039207,"ACH-000075":0.483248528,"ACH-000076":-3.412738483,"ACH-000078":3.774683944,"ACH-000082":3.45036242,"ACH-000085":5.188019928,"ACH-000086":5.017415643,"ACH-000087":3.479623005,"ACH-000092":4.504838822,"ACH-000095":5.112780102,"ACH-000096":4.701735061,"ACH-000097":-9.698583701,"ACH-000098":4.005091997,"ACH-000099":4.338278252,"ACH-000108":-8.90032501,"ACH-000111":-2.950407398,"ACH-000113":-0.475659915,"ACH-000114":3.765459865,"ACH-000115":2.97436388,"ACH-000116":4.621488442,"ACH-000118":-0.685251226,"ACH-000120":3.931301462,"ACH-000123":5.047712116,"ACH-000127":-12.92094346,"ACH-000128":2.546207467,"ACH-000132":3.207508274,"ACH-000133":4.45900173,"ACH-000137":3.660376484,"ACH-000138":4.376308978,"ACH-000141":3.393518113,"ACH-000142":5.061182789,"ACH-000143":3.750448969,"ACH-000146":-20,"ACH-000148":1.746588053,"ACH-000150":4.828682698,"ACH-000151":-2.678291754,"ACH-000152":3.48518135,"ACH-000153":2.304858584,"ACH-000159":-0.148393954,"ACH-000160":2.420932164,"ACH-000163":3.322467658,"ACH-000164":5.179496074,"ACH-000167":0.778376104,"ACH-000168":-7.044012132,"ACH-000169":5.16111577,"ACH-000174":2.711514026,"ACH-000178":1.892484424,"ACH-000182":0.821831007,"ACH-000183":-4.121929166,"ACH-000187":-5.413636298,"ACH-000188":3.922471999,"ACH-000189":2.014473913,"ACH-000190":3.855175789,"ACH-000198":-3.49306567,"ACH-000200":4.063819498,"ACH-000202":1.860520351,"ACH-000204":1.713906157,"ACH-000206":1.129500386,"ACH-000207":3.437525654,"ACH-000209":2.870288745,"ACH-000211":4.333422194,"ACH-000212":-8.918381304,"ACH-000215":4.630473126,"ACH-000217":3.909030037,"ACH-000219":5.190981301,"ACH-000221":2.492920362,"ACH-000222":-4.944063255,"ACH-000223":-1.078198864,"ACH-000226":-1.111988821,"ACH-000227":4.377216271,"ACH-000228":3.630842077,"ACH-000231":3.932932878,"ACH-000232":5.128721625,"ACH-000233":-2.408362186,"ACH-000234":1.843597128,"ACH-000235":-14.63649552,"ACH-000237":2.617649788,"ACH-000238":4.288260281,"ACH-000243":3.43521739,"ACH-000244":3.674012636,"ACH-000246":3.987739993,"ACH-000247":0.251208843,"ACH-000248":1.907858709,"ACH-000249":-0.777681036,"ACH-000250":4.465608597,"ACH-000251":-0.010213628,"ACH-000253":-10.15547847,"ACH-000255":4.639103663,"ACH-000256":4.275832757,"ACH-000257":-1.147793284,"ACH-000258":-7.150466787,"ACH-000259":4.142629557,"ACH-000260":4.876110822,"ACH-000261":4.001386408,"ACH-000262":4.660760535,"ACH-000263":-1.893533201,"ACH-000264":3.364946001,"ACH-000265":4.394188815,"ACH-000266":2.794761187,"ACH-000271":1.597274145,"ACH-000272":-10.15403904,"ACH-000273":-2.687433289,"ACH-000274":3.798839491,"ACH-000276":2.625827618,"ACH-000277":-7.672035905,"ACH-000278":1.176203577,"ACH-000279":-3.361660439,"ACH-000280":5.192348001,"ACH-000281":0.030026791,"ACH-000286":-0.502672437,"ACH-000288":4.2976217,"ACH-000290":-16.07577855,"ACH-000291":4.522318696,"ACH-000292":4.96233148,"ACH-000293":2.633640116,"ACH-000294":0.094444666,"ACH-000295":-1.659408515,"ACH-000296":1.280518125,"ACH-000302":4.286870441,"ACH-000304":2.823554755,"ACH-000305":4.680019667,"ACH-000307":3.887131962,"ACH-000308":-20,"ACH-000310":3.840020994,"ACH-000311":5.141243872,"ACH-000312":4.778096977,"ACH-000315":-2.005137028,"ACH-000316":2.136437375,"ACH-000317":1.398181062,"ACH-000318":0.826168087,"ACH-000319":3.651986538,"ACH-000320":0.971244986,"ACH-000322":3.757459829,"ACH-000323":3.562586438,"ACH-000324":4.84117604,"ACH-000326":-5.784673321,"ACH-000329":4.602709233,"ACH-000330":-10.56455948,"ACH-000331":4.872190044,"ACH-000332":3.678797974,"ACH-000334":1.904963345,"ACH-000335":4.889109518,"ACH-000336":3.202822702,"ACH-000337":-6.297345485,"ACH-000339":-15.69479357,"ACH-000341":4.990849329,"ACH-000343":3.716484103,"ACH-000344":4.842579646,"ACH-000348":2.483524932,"ACH-000350":3.670886368,"ACH-000352":-4.952591555,"ACH-000355":0.649130672,"ACH-000356":4.484367756,"ACH-000361":3.529872434,"ACH-000362":-5.329465484,"ACH-000363":-12.49340165,"ACH-000364":4.875748492,"ACH-000365":-1.181082049,"ACH-000366":5.081904445,"ACH-000368":2.835509121,"ACH-000370":0.755688637,"ACH-000374":3.48181998,"ACH-000375":1.226816595,"ACH-000376":4.57462248,"ACH-000377":3.517977182,"ACH-000378":3.519773997,"ACH-000381":1.865297735,"ACH-000383":-6.344224332,"ACH-000385":4.061438736,"ACH-000387":-8.076518022,"ACH-000389":5.084067073,"ACH-000390":4.849467332,"ACH-000393":4.550312768,"ACH-000395":0.593446969,"ACH-000397":1.642692958,"ACH-000401":-4.499612637,"ACH-000402":2.680168936,"ACH-000403":3.686648631,"ACH-000404":4.628521824,"ACH-000405":-3.739061356,"ACH-000406":-12.66328149,"ACH-000407":3.941883562,"ACH-000408":2.77830484,"ACH-000410":4.23789829,"ACH-000411":1.378825298,"ACH-000414":3.427234149,"ACH-000415":3.414234538,"ACH-000416":-20,"ACH-000420":4.513140537,"ACH-000421":-1.064396872,"ACH-000422":3.249878996,"ACH-000424":3.700976344,"ACH-000425":3.677896139,"ACH-000426":-3.657382417,"ACH-000427":4.239789047,"ACH-000431":1.320737276,"ACH-000433":3.746002191,"ACH-000434":1.574852739,"ACH-000435":-2.182848388,"ACH-000436":-4.851311664,"ACH-000437":3.754547351,"ACH-000438":2.93212115,"ACH-000444":4.27175061,"ACH-000445":3.417519672,"ACH-000448":4.10368889,"ACH-000450":3.509546945,"ACH-000452":-4.79821847,"ACH-000454":4.624455359,"ACH-000458":4.968867294,"ACH-000459":1.722290539,"ACH-000460":-9.417212539,"ACH-000461":3.645604147,"ACH-000463":4.282311623,"ACH-000464":3.616343656,"ACH-000466":4.436233662,"ACH-000467":4.312041496,"ACH-000468":2.47659276,"ACH-000469":4.327043973,"ACH-000470":3.531336208,"ACH-000471":2.184868833,"ACH-000472":3.975137131,"ACH-000473":4.122663119,"ACH-000475":5.183090691,"ACH-000476":2.983856436,"ACH-000477":1.299857636,"ACH-000478":4.373137872,"ACH-000480":5.076107796,"ACH-000481":4.237993924,"ACH-000483":2.225838498,"ACH-000484":3.692570832,"ACH-000485":4.096918952,"ACH-000486":5.183780814,"ACH-000487":-3.155087922,"ACH-000488":5.149660253,"ACH-000490":5.009794829,"ACH-000491":-4.943966311,"ACH-000493":4.10844728,"ACH-000495":2.532295288,"ACH-000496":3.411667793,"ACH-000498":1.395471057,"ACH-000499":4.967426953,"ACH-000500":0.189824997,"ACH-000502":-2.029005568,"ACH-000503":2.041794594,"ACH-000504":3.355801824,"ACH-000505":2.499176774,"ACH-000507":-1.471311382,"ACH-000510":4.381822151,"ACH-000511":3.854580662,"ACH-000512":2.573665839,"ACH-000514":-3.557951022,"ACH-000516":3.611660527,"ACH-000517":3.605904252,"ACH-000518":3.818112024,"ACH-000520":3.168313501,"ACH-000521":2.548061283,"ACH-000522":4.897718066,"ACH-000524":3.108518019,"ACH-000527":4.41066751,"ACH-000528":4.617089832,"ACH-000535":4.324767027,"ACH-000537":2.866923239,"ACH-000541":0.22363423,"ACH-000542":5.075776203,"ACH-000544":4.50374334,"ACH-000545":3.666738736,"ACH-000547":3.73513561,"ACH-000548":2.281126317,"ACH-000549":4.127981744,"ACH-000550":3.898289336,"ACH-000551":-4.317805447,"ACH-000552":4.850626457,"ACH-000556":-14.05624812,"ACH-000557":-7.57013046,"ACH-000563":0.894406911,"ACH-000570":4.294391214,"ACH-000571":3.461221401,"ACH-000573":3.969692215,"ACH-000576":-3.168471328,"ACH-000577":3.400313872,"ACH-000579":2.134514668,"ACH-000580":1.682863973,