{"scores":{"ACH-000004":-0.208112318,"ACH-000005":-1.080561551,"ACH-000007":1.679800555,"ACH-000009":1.474077362,"ACH-000011":1.917014013,"ACH-000012":2.106514566,"ACH-000013":1.565367288,"ACH-000014":-0.494771679,"ACH-000015":0.854456623,"ACH-000017":-20,"ACH-000018":1.85194899,"ACH-000019":2.079611483,"ACH-000021":2.131636482,"ACH-000022":2.171193633,"ACH-000024":1.493736788,"ACH-000025":1.78262141,"ACH-000028":1.895281106,"ACH-000029":2.171294837,"ACH-000030":1.918188739,"ACH-000035":-20,"ACH-000036":1.474339447,"ACH-000037":2.132512367,"ACH-000039":2.163056039,"ACH-000040":-20,"ACH-000041":2.061317794,"ACH-000042":1.022837417,"ACH-000045":2.01254055,"ACH-000047":2.174375635,"ACH-000048":2.142110398,"ACH-000052":0.902148837,"ACH-000053":-1.288933237,"ACH-000054":2.155753282,"ACH-000055":-1.079929252,"ACH-000060":-1.504243466,"ACH-000067":-20,"ACH-000070":2.15558597,"ACH-000074":-20,"ACH-000075":1.805454498,"ACH-000076":2.153736954,"ACH-000078":1.71807635,"ACH-000082":-5.638022181,"ACH-000085":1.826345908,"ACH-000086":2.021934512,"ACH-000087":0.611870601,"ACH-000092":2.043372221,"ACH-000095":2.174270408,"ACH-000096":-20,"ACH-000097":2.126744407,"ACH-000098":2.169735332,"ACH-000099":0.715920102,"ACH-000108":1.498432684,"ACH-000111":-20,"ACH-000113":2.172018423,"ACH-000114":2.150850377,"ACH-000115":2.062715238,"ACH-000116":1.854892102,"ACH-000118":1.421398267,"ACH-000120":0.423358097,"ACH-000123":1.98503239,"ACH-000127":1.533738381,"ACH-000128":2.138400591,"ACH-000132":1.914346201,"ACH-000133":1.692948725,"ACH-000137":2.154293366,"ACH-000138":2.162091215,"ACH-000141":2.106041164,"ACH-000142":-1.811165316,"ACH-000143":-3.139289402,"ACH-000146":2.1744746,"ACH-000148":-0.854331335,"ACH-000150":-20,"ACH-000151":1.930736513,"ACH-000152":1.458374434,"ACH-000153":2.172293748,"ACH-000159":2.118511185,"ACH-000160":2.171644486,"ACH-000163":1.929021644,"ACH-000164":2.162411489,"ACH-000167":-20,"ACH-000168":1.652489323,"ACH-000169":1.974328349,"ACH-000174":1.764281367,"ACH-000178":1.985900499,"ACH-000182":2.174278209,"ACH-000183":-14.1524067,"ACH-000187":2.015635178,"ACH-000188":-1.196137294,"ACH-000189":1.364364986,"ACH-000190":2.045454889,"ACH-000198":-11.20210941,"ACH-000200":2.118998787,"ACH-000202":2.163122059,"ACH-000204":0.974862863,"ACH-000206":1.579156062,"ACH-000207":1.691797255,"ACH-000209":1.511268473,"ACH-000211":0.604621693,"ACH-000212":1.235972841,"ACH-000215":1.292783222,"ACH-000217":2.136981243,"ACH-000219":2.168028078,"ACH-000221":1.761279897,"ACH-000222":2.067929038,"ACH-000223":2.127748826,"ACH-000226":1.309538755,"ACH-000227":1.223708681,"ACH-000228":1.130560043,"ACH-000231":2.169681482,"ACH-000232":1.994529715,"ACH-000233":1.29004076,"ACH-000234":2.170634961,"ACH-000235":1.545637331,"ACH-000237":2.169355416,"ACH-000238":-20,"ACH-000243":2.165487718,"ACH-000244":2.153800043,"ACH-000246":2.113030462,"ACH-000247":1.970603227,"ACH-000248":2.092031998,"ACH-000249":1.590985603,"ACH-000250":0.868163883,"ACH-000251":1.171622439,"ACH-000253":2.112737313,"ACH-000255":1.959579475,"ACH-000256":2.149035694,"ACH-000257":2.12237479,"ACH-000258":1.275730805,"ACH-000259":2.119597448,"ACH-000260":-17.96502335,"ACH-000261":1.989366058,"ACH-000262":1.92019071,"ACH-000263":2.170679336,"ACH-000264":2.022159466,"ACH-000265":1.907967567,"ACH-000266":2.13567374,"ACH-000271":1.606481601,"ACH-000272":2.130150083,"ACH-000273":2.133745303,"ACH-000274":1.044974961,"ACH-000276":-0.20520343,"ACH-000277":1.984113598,"ACH-000278":-20,"ACH-000279":2.166522418,"ACH-000280":1.369098011,"ACH-000281":2.110130107,"ACH-000286":0.888507926,"ACH-000288":-20,"ACH-000290":1.593860321,"ACH-000291":1.817785869,"ACH-000292":2.001673756,"ACH-000293":-20,"ACH-000294":2.063083554,"ACH-000295":-1.044287704,"ACH-000296":1.680788725,"ACH-000302":2.075268386,"ACH-000304":1.667151951,"ACH-000305":2.134800792,"ACH-000307":1.634134629,"ACH-000308":1.660752819,"ACH-000310":1.950227461,"ACH-000311":1.822372799,"ACH-000312":1.942777561,"ACH-000315":1.718738124,"ACH-000316":2.161238894,"ACH-000317":0.935584799,"ACH-000318":2.103958739,"ACH-000319":1.389477924,"ACH-000320":1.851436815,"ACH-000322":2.146932364,"ACH-000323":2.154666179,"ACH-000324":1.757161676,"ACH-000326":1.971728448,"ACH-000329":-2.701637735,"ACH-000330":1.341419948,"ACH-000331":1.764561758,"ACH-000332":0.861616222,"ACH-000334":1.396670818,"ACH-000335":2.116386355,"ACH-000336":-0.109845262,"ACH-000337":2.17431746,"ACH-000339":1.846818659,"ACH-000341":1.603409007,"ACH-000343":-20,"ACH-000344":-0.616193019,"ACH-000348":2.034115792,"ACH-000350":2.097092445,"ACH-000352":2.174155083,"ACH-000355":0.999899239,"ACH-000356":1.387249468,"ACH-000361":2.05560909,"ACH-000362":2.08736169,"ACH-000363":1.802960979,"ACH-000364":-0.007116533,"ACH-000365":1.981811566,"ACH-000366":1.46352076,"ACH-000368":2.064778648,"ACH-000370":-1.520684901,"ACH-000374":2.08783029,"ACH-000375":-20,"ACH-000376":1.678149002,"ACH-000377":-1.796080565,"ACH-000378":2.072076239,"ACH-000381":2.109374873,"ACH-000383":-3.268300875,"ACH-000385":2.172900861,"ACH-000387":1.510062327,"ACH-000389":2.056892535,"ACH-000390":2.171583562,"ACH-000393":2.145593108,"ACH-000395":2.143886628,"ACH-000397":2.171958852,"ACH-000401":2.035595834,"ACH-000402":-0.139676521,"ACH-000403":2.091626615,"ACH-000404":2.106506804,"ACH-000405":-4.312315624,"ACH-000406":2.174361464,"ACH-000407":-2.322693187,"ACH-000408":2.127185964,"ACH-000410":1.709626517,"ACH-000411":0.853311821,"ACH-000414":2.172346021,"ACH-000415":0.944462253,"ACH-000416":1.811830011,"ACH-000420":1.795079334,"ACH-000421":2.150225234,"ACH-000422":1.962430216,"ACH-000424":2.172142231,"ACH-000425":2.16570021,"ACH-000426":1.722150821,"ACH-000427":1.208175597,"ACH-000431":1.840279069,"ACH-000433":-20,"ACH-000434":2.159696497,"ACH-000435":1.936019248,"ACH-000436":2.129696534,"ACH-000437":-4.123091598,"ACH-000438":1.682619589,"ACH-000444":2.018525414,"ACH-000445":-7.218753302,"ACH-000448":2.167275228,"ACH-000450":1.892208862,"ACH-000452":2.017378991,"ACH-000454":2.17125974,"ACH-000458":2.127471532,"ACH-000459":-2.02079497,"ACH-000460":1.453587042,"ACH-000461":1.872372925,"ACH-000463":2.020383325,"ACH-000464":-20,"ACH-000466":2.123938403,"ACH-000467":1.964059711,"ACH-000468":-20,"ACH-000469":1.55733204,"ACH-000470":2.166920808,"ACH-000471":2.134101267,"ACH-000472":2.135917749,"ACH-000473":-20,"ACH-000475":2.031673616,"ACH-000476":1.923978059,"ACH-000477":2.165706385,"ACH-000478":1.826460046,"ACH-000480":2.160999028,"ACH-000481":1.986743302,"ACH-000483":-20,"ACH-000484":1.790661863,"ACH-000485":1.982161795,"ACH-000486":2.01509879,"ACH-000487":-15.18884862,"ACH-000488":-12.87601928,"ACH-000490":2.025600408,"ACH-000491":2.173573819,"ACH-000493":2.080262223,"ACH-000495":-20,"ACH-000496":1.991392573,"ACH-000498":1.51576049,"ACH-000499":1.802524777,"ACH-000500":1.431676458,"ACH-000502":-1.713200016,"ACH-000503":2.135580472,"ACH-000504":1.814496005,"ACH-000505":2.172562253,"ACH-000507":2.1744746,"ACH-000510":2.171732105,"ACH-000511":0.993749191,"ACH-000512":-2.787081795,"ACH-000514":0.98718836,"ACH-000516":2.053762615,"ACH-000517":2.058196508,"ACH-000518":0.949568537,"ACH-000520":2.156956938,"ACH-000521":1.937182534,"ACH-000522":1.925448674,"ACH-000524":2.126845667,"ACH-000527":2.126679284,"ACH-000528":2.156373564,"ACH-000535":2.173146093,"ACH-000537":1.957663968,"ACH-000541":1.933025141,"ACH-000542":1.99374312,"ACH-000544":0.85614297,"ACH-000545":2.024389836,"ACH-000547":1.900140273,"ACH-000548":1.385289,"ACH-000549":1.9128735,"ACH-000550":1.895988487,"ACH-000551":1.493587563,"ACH-000552":2.138711434,"ACH-000556":0.203262303,"ACH-000557":-0.47091459,"ACH-000563":-1.302966527,"ACH-000570":2.066245307,"ACH-000571":1.589898054,"ACH-000573":1.769686215,"ACH-000576":1.851449236,"ACH-000577":-0.524781248,"ACH-000579":1.648642319,"ACH-000580":1.848248493,"ACH-000581":2.159107483,"ACH-000583":1.658239821,"ACH-000584":2.17427985,"ACH-000585":1.264820299,"ACH-000587":2.122814825,"ACH-000588":1.609899249,"ACH-000589":2.098966951,"ACH-000591":1.74928965,