{"scores":{"ACH-000004":2.666141884,"ACH-000005":2.73076428,"ACH-000007":1.270102858,"ACH-000009":1.803190206,"ACH-000011":2.732000043,"ACH-000012":0.327347802,"ACH-000013":0.830281333,"ACH-000014":1.599037575,"ACH-000015":0.096040306,"ACH-000017":2.38419779,"ACH-000018":2.769903293,"ACH-000019":-0.05750436,"ACH-000021":1.50040534,"ACH-000022":2.162639247,"ACH-000024":2.315492357,"ACH-000025":-0.527067383,"ACH-000028":-1.287168114,"ACH-000029":-2.266794865,"ACH-000030":2.510617572,"ACH-000035":0.680000821,"ACH-000036":2.616668834,"ACH-000037":1.777101651,"ACH-000039":2.138056315,"ACH-000040":2.514911427,"ACH-000041":1.358897692,"ACH-000042":2.742036524,"ACH-000045":-1.723017952,"ACH-000047":-9.395467701,"ACH-000048":1.054690648,"ACH-000052":2.296090209,"ACH-000053":2.614977574,"ACH-000054":-2.756199235,"ACH-000055":2.512471745,"ACH-000060":1.246740012,"ACH-000067":2.725192508,"ACH-000070":2.351808177,"ACH-000074":0.391774272,"ACH-000075":2.033382727,"ACH-000076":-0.687496962,"ACH-000078":-0.597571438,"ACH-000082":2.1400341,"ACH-000085":2.031266795,"ACH-000086":1.784892338,"ACH-000087":0.736235349,"ACH-000092":2.327632817,"ACH-000095":2.689739541,"ACH-000096":2.644160324,"ACH-000097":1.749214077,"ACH-000098":2.322655064,"ACH-000099":0.176245789,"ACH-000108":2.619756523,"ACH-000111":-0.521519239,"ACH-000113":-0.261485877,"ACH-000114":2.755332991,"ACH-000115":2.457511487,"ACH-000116":0.299746005,"ACH-000118":-4.62660657,"ACH-000120":1.985401509,"ACH-000123":1.668121381,"ACH-000127":-4.312124151,"ACH-000128":1.22499336,"ACH-000132":1.100336681,"ACH-000133":1.527745912,"ACH-000137":2.304916509,"ACH-000138":-0.718874908,"ACH-000141":-0.72652289,"ACH-000142":2.53945885,"ACH-000143":2.765506908,"ACH-000146":1.307556528,"ACH-000148":-0.636947656,"ACH-000150":1.992091675,"ACH-000151":1.258308766,"ACH-000152":2.459361286,"ACH-000153":-0.05111172,"ACH-000159":0.783170666,"ACH-000160":-0.737177064,"ACH-000163":2.483029903,"ACH-000164":2.26523321,"ACH-000167":2.291249754,"ACH-000168":2.774036797,"ACH-000169":1.594771896,"ACH-000174":2.368466259,"ACH-000178":2.732167296,"ACH-000182":-5.981326717,"ACH-000183":1.539259501,"ACH-000187":-11.15706307,"ACH-000188":2.727729166,"ACH-000189":2.775584466,"ACH-000190":-0.544504769,"ACH-000198":0.33126436,"ACH-000200":1.351586386,"ACH-000202":1.85378041,"ACH-000204":1.242981602,"ACH-000206":2.231246969,"ACH-000207":2.401185163,"ACH-000209":1.375956725,"ACH-000211":2.141863618,"ACH-000212":2.315594415,"ACH-000215":1.907888944,"ACH-000217":-8.619602719,"ACH-000219":2.03361844,"ACH-000221":-0.957282326,"ACH-000222":1.892681581,"ACH-000223":2.194811584,"ACH-000226":1.107428141,"ACH-000227":0.465872986,"ACH-000228":2.616481685,"ACH-000231":2.76045735,"ACH-000232":2.225300146,"ACH-000233":0.555722796,"ACH-000234":2.009348794,"ACH-000235":1.693991585,"ACH-000237":2.753665761,"ACH-000238":2.609251809,"ACH-000243":1.557121581,"ACH-000244":1.327494183,"ACH-000246":-4.430295198,"ACH-000247":2.300854736,"ACH-000248":2.467803439,"ACH-000249":0.748860091,"ACH-000250":2.726659956,"ACH-000251":2.315462323,"ACH-000253":2.137879406,"ACH-000255":2.407121468,"ACH-000256":2.343577356,"ACH-000257":2.297188686,"ACH-000258":2.330260835,"ACH-000259":1.040235668,"ACH-000260":2.220981738,"ACH-000261":2.379823086,"ACH-000262":1.665537323,"ACH-000263":1.6394973,"ACH-000264":1.863441593,"ACH-000265":-0.421788556,"ACH-000266":2.412833684,"ACH-000271":-0.73668801,"ACH-000272":1.881585977,"ACH-000273":2.233317783,"ACH-000274":1.915743139,"ACH-000276":2.587819346,"ACH-000277":-2.847600677,"ACH-000278":2.692428357,"ACH-000279":1.362383626,"ACH-000280":0.7165385,"ACH-000281":2.485155172,"ACH-000286":-3.607964922,"ACH-000288":-0.218544488,"ACH-000290":-0.49157844,"ACH-000291":0.767884783,"ACH-000292":1.145019218,"ACH-000293":2.044773165,"ACH-000294":2.638792581,"ACH-000295":1.492708017,"ACH-000296":2.600583996,"ACH-000302":-0.700288999,"ACH-000304":-4.958339605,"ACH-000305":1.603110849,"ACH-000307":2.034831384,"ACH-000308":0.196656852,"ACH-000310":2.116025867,"ACH-000311":1.871893621,"ACH-000312":0.913065898,"ACH-000315":2.662955156,"ACH-000316":1.155993007,"ACH-000317":-1.071185572,"ACH-000318":1.398409669,"ACH-000319":1.522724045,"ACH-000320":1.082884383,"ACH-000322":-1.288741186,"ACH-000323":1.784534549,"ACH-000324":2.774017929,"ACH-000326":-0.228950854,"ACH-000329":-7.06011865,"ACH-000330":1.388470935,"ACH-000331":2.736399149,"ACH-000332":2.758055942,"ACH-000334":2.011526944,"ACH-000335":1.726120191,"ACH-000336":0.261565773,"ACH-000337":-0.27997118,"ACH-000339":1.734994849,"ACH-000341":1.839859929,"ACH-000343":2.105462647,"ACH-000344":-0.290900702,"ACH-000348":-0.352286667,"ACH-000350":0.570057609,"ACH-000352":0.28996589,"ACH-000355":0.805722801,"ACH-000356":-2.64287145,"ACH-000361":2.366602189,"ACH-000362":0.558541385,"ACH-000363":-0.473727532,"ACH-000364":1.081192488,"ACH-000365":-0.499880669,"ACH-000366":2.36723353,"ACH-000368":1.981735372,"ACH-000370":1.786537798,"ACH-000374":-0.596969255,"ACH-000375":1.960269838,"ACH-000376":0.820923316,"ACH-000377":-0.140516706,"ACH-000378":-0.578134792,"ACH-000381":2.765131136,"ACH-000383":-0.469175368,"ACH-000385":2.296869501,"ACH-000387":2.769718889,"ACH-000389":2.763743938,"ACH-000390":1.397323411,"ACH-000393":2.774300191,"ACH-000395":2.440488083,"ACH-000397":2.756840786,"ACH-000401":2.704065944,"ACH-000402":2.123848449,"ACH-000403":0.256755311,"ACH-000404":0.908229627,"ACH-000405":1.928102188,"ACH-000406":-4.894275978,"ACH-000407":1.816648438,"ACH-000408":0.026876734,"ACH-000410":2.758694984,"ACH-000411":2.697055759,"ACH-000414":-1.039723268,"ACH-000415":2.445444891,"ACH-000416":2.46308629,"ACH-000420":1.157783128,"ACH-000421":2.338717573,"ACH-000422":0.832299576,"ACH-000424":1.024495183,"ACH-000425":1.175143653,"ACH-000426":2.547039986,"ACH-000427":-1.393797245,"ACH-000431":2.469286423,"ACH-000433":1.855576316,"ACH-000434":1.499365425,"ACH-000435":2.38979734,"ACH-000436":2.764350352,"ACH-000437":2.759204389,"ACH-000438":1.818304488,"ACH-000444":1.914620373,"ACH-000445":2.352005405,"ACH-000448":2.352208402,"ACH-000450":-2.207742864,"ACH-000452":2.581143481,"ACH-000454":-0.397168183,"ACH-000458":2.356407716,"ACH-000459":-2.465982639,"ACH-000460":2.087920407,"ACH-000461":-2.668847809,"ACH-000463":2.758756088,"ACH-000464":2.451888927,"ACH-000466":1.445386368,"ACH-000467":-4.477591729,"ACH-000468":2.405173992,"ACH-000469":-1.212752472,"ACH-000470":2.696394373,"ACH-000471":2.62007437,"ACH-000472":1.908265928,"ACH-000473":2.09721917,"ACH-000475":2.204697361,"ACH-000476":-1.168560617,"ACH-000477":1.41019414,"ACH-000478":2.554111463,"ACH-000480":0.648074154,"ACH-000481":1.014819328,"ACH-000483":0.069379783,"ACH-000484":2.249172397,"ACH-000485":2.500014999,"ACH-000486":0.874834272,"ACH-000487":1.66364327,"ACH-000488":-7.353104192,"ACH-000490":2.610579689,"ACH-000491":0.67446706,"ACH-000493":1.976712705,"ACH-000495":2.54449167,"ACH-000496":2.666966841,"ACH-000498":2.289441205,"ACH-000499":-0.01567132,"ACH-000500":1.90788448,"ACH-000502":1.863544964,"ACH-000503":2.060796947,"ACH-000504":2.051261899,"ACH-000505":1.611643588,"ACH-000507":0.915183383,"ACH-000510":0.585967931,"ACH-000511":2.71597906,"ACH-000512":0.227160885,"ACH-000514":-1.347105064,"ACH-000516":2.323891666,"ACH-000517":1.76657107,"ACH-000518":2.145134966,"ACH-000520":2.707000692,"ACH-000521":2.134659586,"ACH-000522":0.851115194,"ACH-000524":2.315290179,"ACH-000527":1.645268368,"ACH-000528":-8.756158877,"ACH-000535":-1.882674037,"ACH-000537":-2.261470941,"ACH-000541":1.625194284,"ACH-000542":2.720368534,"ACH-000544":1.397253081,"ACH-000545":1.301437668,"ACH-000547":-2.124033957,"ACH-000548":2.767242835,"ACH-000549":-0.037826481,"ACH-000550":2.327280513,"ACH-000551":0.637723805,"ACH-000552":1.340082774,"ACH-000556":-2.370356394,"ACH-000557":0.799337211,"ACH-000563":-1.292720689,"ACH-000570":2.74805252,"ACH-000571":1.693763271,"ACH-000573":2.507156948,"ACH-000576":2.444214917,"ACH-000577":1.693640099,"ACH-000579":-1.149064737,"ACH-000580":1.310775394,