{"scores":{"ACH-000004":1.986885884,"ACH-000005":2.060775593,"ACH-000007":0.626211446,"ACH-000009":1.476635419,"ACH-000011":2.388639901,"ACH-000012":1.578782195,"ACH-000013":-1.047498304,"ACH-000014":-1.675030275,"ACH-000015":-5.10645582,"ACH-000017":2.119870623,"ACH-000018":2.444575158,"ACH-000019":1.730829083,"ACH-000021":0.657755002,"ACH-000022":2.260521956,"ACH-000024":2.448458738,"ACH-000025":0.149789038,"ACH-000028":-2.158936746,"ACH-000029":1.120612755,"ACH-000030":2.109990627,"ACH-000035":2.039961183,"ACH-000036":1.350335208,"ACH-000037":2.103999405,"ACH-000039":1.844514753,"ACH-000040":2.490284286,"ACH-000041":1.990100864,"ACH-000042":2.329625813,"ACH-000045":-0.584648008,"ACH-000047":-3.778892735,"ACH-000048":-10.07394394,"ACH-000052":1.970708526,"ACH-000053":1.96266361,"ACH-000054":0.372004328,"ACH-000055":1.986031682,"ACH-000060":1.088748392,"ACH-000067":1.629792284,"ACH-000070":0.268215749,"ACH-000074":-0.175735324,"ACH-000075":2.203059636,"ACH-000076":-1.76148853,"ACH-000078":1.560228022,"ACH-000082":2.107388468,"ACH-000085":0.856950519,"ACH-000086":-1.205963202,"ACH-000087":1.040587705,"ACH-000092":2.045508,"ACH-000095":2.387417724,"ACH-000096":-0.311390644,"ACH-000097":1.326350572,"ACH-000098":2.358505717,"ACH-000099":1.542387112,"ACH-000108":2.037219595,"ACH-000111":-0.696568268,"ACH-000113":-4.467369667,"ACH-000114":2.382906529,"ACH-000115":2.327459812,"ACH-000116":1.409875538,"ACH-000118":-5.47142453,"ACH-000120":2.404351885,"ACH-000123":-1.203270946,"ACH-000127":-4.499597488,"ACH-000128":-1.131038927,"ACH-000132":0.386393878,"ACH-000133":2.347583752,"ACH-000137":2.330303766,"ACH-000138":-1.066312816,"ACH-000141":-0.447617163,"ACH-000142":2.388546934,"ACH-000143":1.953376984,"ACH-000146":2.469842904,"ACH-000148":1.5797997,"ACH-000150":1.611709159,"ACH-000151":1.654172374,"ACH-000152":2.027247865,"ACH-000153":0.681596718,"ACH-000159":2.333506842,"ACH-000160":-0.180621783,"ACH-000163":1.693877066,"ACH-000164":2.262109935,"ACH-000167":2.48215674,"ACH-000168":2.43349559,"ACH-000169":-1.644545438,"ACH-000174":2.14944239,"ACH-000178":1.977171965,"ACH-000182":-2.212214666,"ACH-000183":1.3491518,"ACH-000187":-0.651296138,"ACH-000188":2.489263693,"ACH-000189":0.122379007,"ACH-000190":-5.583173968,"ACH-000198":-3.461206183,"ACH-000200":2.124045285,"ACH-000202":0.008737527,"ACH-000204":-0.060072961,"ACH-000206":2.446654281,"ACH-000207":-1.914628945,"ACH-000209":0.027217135,"ACH-000211":2.37845697,"ACH-000212":1.411683127,"ACH-000215":2.186192515,"ACH-000217":-5.921506876,"ACH-000219":2.479391364,"ACH-000221":-5.507996663,"ACH-000222":0.889459763,"ACH-000223":1.927936719,"ACH-000226":1.698400413,"ACH-000227":1.157968388,"ACH-000228":2.233330164,"ACH-000231":2.444355715,"ACH-000232":2.06932133,"ACH-000233":-1.540845429,"ACH-000234":1.551416843,"ACH-000235":1.032426465,"ACH-000237":2.315625045,"ACH-000238":2.320285444,"ACH-000243":0.509367293,"ACH-000244":0.875550015,"ACH-000246":0.426703308,"ACH-000247":2.438844669,"ACH-000248":-0.160480405,"ACH-000249":0.952208358,"ACH-000250":2.085590788,"ACH-000251":-1.208974974,"ACH-000253":2.462963187,"ACH-000255":1.419496477,"ACH-000256":1.649971024,"ACH-000257":2.179996608,"ACH-000258":2.251758063,"ACH-000259":1.684163063,"ACH-000260":1.937703223,"ACH-000261":1.10856782,"ACH-000262":2.271694685,"ACH-000263":0.182199648,"ACH-000264":1.735854819,"ACH-000265":-4.494367413,"ACH-000266":1.644458149,"ACH-000271":-0.745572434,"ACH-000272":1.353982677,"ACH-000273":1.829358818,"ACH-000274":1.634106591,"ACH-000276":1.2459661,"ACH-000277":1.757299939,"ACH-000278":2.249392819,"ACH-000279":-1.409518503,"ACH-000280":0.624780813,"ACH-000281":1.529333546,"ACH-000286":-2.056582415,"ACH-000288":1.271001922,"ACH-000290":-0.038621487,"ACH-000291":1.387747792,"ACH-000292":-5.184220417,"ACH-000293":1.870360623,"ACH-000294":2.389142164,"ACH-000295":1.944697585,"ACH-000296":2.487429022,"ACH-000302":-0.681306952,"ACH-000304":0.385552288,"ACH-000305":0.622652436,"ACH-000307":2.267558748,"ACH-000308":1.737526264,"ACH-000310":2.478753492,"ACH-000311":0.421372655,"ACH-000312":1.457508333,"ACH-000315":2.446460694,"ACH-000316":2.156369313,"ACH-000317":1.172503272,"ACH-000318":2.447007516,"ACH-000319":1.723073946,"ACH-000320":2.234340514,"ACH-000322":-1.564916726,"ACH-000323":2.339878364,"ACH-000324":2.264371761,"ACH-000326":2.301742132,"ACH-000329":0.168773427,"ACH-000330":2.373224486,"ACH-000331":2.485496089,"ACH-000332":2.317935855,"ACH-000334":1.602028905,"ACH-000335":0.88905374,"ACH-000336":-1.245396523,"ACH-000337":2.177534973,"ACH-000339":1.368004768,"ACH-000341":0.750467853,"ACH-000343":1.7702739,"ACH-000344":-2.552569218,"ACH-000348":0.730504072,"ACH-000350":0.689338316,"ACH-000352":-1.305411419,"ACH-000355":-1.196683142,"ACH-000356":2.046378615,"ACH-000361":1.737766231,"ACH-000362":1.910258514,"ACH-000363":0.904908736,"ACH-000364":-0.10097476,"ACH-000365":1.047913962,"ACH-000366":2.440231611,"ACH-000368":-1.026470845,"ACH-000370":2.32339032,"ACH-000374":0.162483102,"ACH-000375":0.625307404,"ACH-000376":-7.75129326,"ACH-000377":-0.199335202,"ACH-000378":0.516958344,"ACH-000381":2.260542682,"ACH-000383":-1.383514691,"ACH-000385":2.46015443,"ACH-000387":2.476133977,"ACH-000389":1.727336721,"ACH-000390":2.330668112,"ACH-000393":2.481704838,"ACH-000395":2.260389877,"ACH-000397":2.283699876,"ACH-000401":2.022900008,"ACH-000402":2.294486107,"ACH-000403":-0.986731406,"ACH-000404":1.815932667,"ACH-000405":2.094667546,"ACH-000406":-2.974153189,"ACH-000407":1.423140015,"ACH-000408":1.747387709,"ACH-000410":0.084063189,"ACH-000411":2.44657673,"ACH-000414":0.574155182,"ACH-000415":1.892591314,"ACH-000416":2.442676736,"ACH-000420":1.144593524,"ACH-000421":1.269908049,"ACH-000422":0.018151674,"ACH-000424":-1.388626034,"ACH-000425":1.870413946,"ACH-000426":1.721433298,"ACH-000427":0.80462216,"ACH-000431":1.581279885,"ACH-000433":2.490110504,"ACH-000434":2.361629748,"ACH-000435":-0.364044303,"ACH-000436":2.455424312,"ACH-000437":2.348346893,"ACH-000438":2.371520528,"ACH-000444":1.084479434,"ACH-000445":2.272067138,"ACH-000448":2.472684571,"ACH-000450":-2.307834117,"ACH-000452":2.320376632,"ACH-000454":-3.566069263,"ACH-000458":1.657387039,"ACH-000459":-9.298719756,"ACH-000460":1.796440549,"ACH-000461":-9.787276011,"ACH-000463":1.071861644,"ACH-000464":2.069686647,"ACH-000466":1.235229073,"ACH-000467":-1.936408206,"ACH-000468":-0.11189417,"ACH-000469":-1.392605143,"ACH-000470":2.488183167,"ACH-000471":2.486885542,"ACH-000472":1.748031021,"ACH-000473":2.292082609,"ACH-000475":2.00020141,"ACH-000476":1.898370053,"ACH-000477":0.541953356,"ACH-000478":1.627703599,"ACH-000480":-1.154952619,"ACH-000481":-1.900804562,"ACH-000483":-0.908797341,"ACH-000484":1.115613256,"ACH-000485":1.555030637,"ACH-000486":0.335074597,"ACH-000487":2.173157055,"ACH-000488":-4.291010559,"ACH-000490":2.268940865,"ACH-000491":1.694062619,"ACH-000493":-0.35668083,"ACH-000495":1.94017857,"ACH-000496":2.087424854,"ACH-000498":0.345281834,"ACH-000499":-3.5732815,"ACH-000500":0.875695725,"ACH-000502":2.487607109,"ACH-000503":-0.525924747,"ACH-000504":0.127271978,"ACH-000505":1.491185575,"ACH-000507":-2.365052144,"ACH-000510":0.966940694,"ACH-000511":2.111005173,"ACH-000512":0.683381701,"ACH-000514":-1.345168505,"ACH-000516":2.473509851,"ACH-000517":1.723405598,"ACH-000518":1.525331929,"ACH-000520":1.478327375,"ACH-000521":2.242554174,"ACH-000522":-0.268344822,"ACH-000524":2.476127169,"ACH-000527":0.193725252,"ACH-000528":-2.709649204,"ACH-000535":1.730958246,"ACH-000537":1.69533539,"ACH-000541":-1.314750572,"ACH-000542":1.95794356,"ACH-000544":0.682857886,"ACH-000545":1.106304794,"ACH-000547":-2.348095273,"ACH-000548":2.0052214,"ACH-000549":-0.933689954,"ACH-000550":2.467696699,"ACH-000551":-5.072356215,"ACH-000552":1.8445957,"ACH-000556":1.154792171,"ACH-000557":1.475394325,"ACH-000563":-2.815846699,"ACH-000570":1.840467944,"ACH-000571":0.921598283,"ACH-000573":-1.032640352,"ACH-000576":2.364903509,"ACH-000577":-1.295059814,"ACH-000579":0.064718258,"ACH-000580":0.086382253,