{"scores":{"ACH-000004":1.950010841,"ACH-000005":-0.360022638,"ACH-000007":0.623240715,"ACH-000009":1.873011415,"ACH-000011":1.620155589,"ACH-000012":-0.638345172,"ACH-000013":-0.559420608,"ACH-000014":1.703284563,"ACH-000015":1.780063994,"ACH-000017":1.723246192,"ACH-000018":1.415994643,"ACH-000019":-3.124032846,"ACH-000021":-0.390673925,"ACH-000022":1.741497647,"ACH-000024":1.965828117,"ACH-000025":1.747444111,"ACH-000028":-4.560775367,"ACH-000029":-2.260402736,"ACH-000030":1.705574413,"ACH-000035":1.13329594,"ACH-000036":1.800265513,"ACH-000037":1.279574751,"ACH-000039":1.923652833,"ACH-000040":1.955704657,"ACH-000041":0.322837885,"ACH-000042":1.965316983,"ACH-000045":0.605019254,"ACH-000047":-4.988146629,"ACH-000048":0.932785331,"ACH-000052":1.384037445,"ACH-000053":0.970270938,"ACH-000054":1.628847363,"ACH-000055":1.473994531,"ACH-000060":0.812679469,"ACH-000067":1.637240803,"ACH-000070":0.944968148,"ACH-000074":1.959111808,"ACH-000075":1.082030235,"ACH-000076":1.431210959,"ACH-000078":0.394058414,"ACH-000082":0.955458938,"ACH-000085":0.694039072,"ACH-000086":-0.342154358,"ACH-000087":1.47071055,"ACH-000092":1.517946138,"ACH-000095":1.808354523,"ACH-000096":1.534705787,"ACH-000097":1.328478225,"ACH-000098":1.369841242,"ACH-000099":0.513444789,"ACH-000108":1.953600791,"ACH-000111":0.109986551,"ACH-000113":1.315733752,"ACH-000114":1.965503636,"ACH-000115":1.55450124,"ACH-000116":1.394670083,"ACH-000118":-11.09450184,"ACH-000120":1.928394685,"ACH-000123":-0.772536398,"ACH-000127":0.130925724,"ACH-000128":-0.63723784,"ACH-000132":1.155283932,"ACH-000133":1.718000132,"ACH-000137":1.812760345,"ACH-000138":0.499108248,"ACH-000141":1.189649772,"ACH-000142":1.937551147,"ACH-000143":0.396061071,"ACH-000146":1.896187639,"ACH-000148":1.198272616,"ACH-000150":1.386909298,"ACH-000151":1.661568425,"ACH-000152":1.527625808,"ACH-000153":1.953653221,"ACH-000159":-0.089244332,"ACH-000160":-2.008948158,"ACH-000163":1.688462051,"ACH-000164":1.880359769,"ACH-000167":1.11577333,"ACH-000168":1.715846194,"ACH-000169":-0.137981637,"ACH-000174":1.483752452,"ACH-000178":1.597414549,"ACH-000182":-7.601728453,"ACH-000183":1.886465061,"ACH-000187":-2.327215702,"ACH-000188":1.914380806,"ACH-000189":0.903319358,"ACH-000190":-0.437691882,"ACH-000198":1.256280758,"ACH-000200":0.126381145,"ACH-000202":-0.674683507,"ACH-000204":-0.100727715,"ACH-000206":1.965323353,"ACH-000207":-0.178531908,"ACH-000209":0.993372991,"ACH-000211":1.941106838,"ACH-000212":1.888396807,"ACH-000215":1.661696377,"ACH-000217":-6.300206526,"ACH-000219":1.679286667,"ACH-000221":-1.664873785,"ACH-000222":1.29932106,"ACH-000223":0.596747684,"ACH-000226":1.78701552,"ACH-000227":1.87787992,"ACH-000228":1.288779486,"ACH-000231":1.844439184,"ACH-000232":1.962118784,"ACH-000233":1.098317912,"ACH-000234":-0.486487049,"ACH-000235":1.505823884,"ACH-000237":1.927251298,"ACH-000238":1.57818544,"ACH-000243":1.532578377,"ACH-000244":0.180876173,"ACH-000246":-1.938513496,"ACH-000247":1.467416845,"ACH-000248":1.154389174,"ACH-000249":1.246198528,"ACH-000250":1.911637017,"ACH-000251":0.885762766,"ACH-000253":-0.033708804,"ACH-000255":1.474605666,"ACH-000256":1.930784846,"ACH-000257":0.935290513,"ACH-000258":1.095384086,"ACH-000259":0.919566183,"ACH-000260":1.965759577,"ACH-000261":1.886590792,"ACH-000262":0.681121856,"ACH-000263":0.785575803,"ACH-000264":0.544386744,"ACH-000265":-2.266954166,"ACH-000266":1.932988794,"ACH-000271":0.182853198,"ACH-000272":1.815725263,"ACH-000273":0.92404465,"ACH-000274":0.92732605,"ACH-000276":1.616008856,"ACH-000277":-1.947733099,"ACH-000278":1.90275199,"ACH-000279":-0.169607822,"ACH-000280":-0.161661104,"ACH-000281":1.276000862,"ACH-000286":-3.779781971,"ACH-000288":0.957474127,"ACH-000290":-0.327003246,"ACH-000291":0.617674363,"ACH-000292":-1.324499328,"ACH-000293":0.488996394,"ACH-000294":1.254272685,"ACH-000295":1.913899435,"ACH-000296":1.904526357,"ACH-000302":-2.183896255,"ACH-000304":1.758437693,"ACH-000305":1.350612169,"ACH-000307":1.932202126,"ACH-000308":1.618752296,"ACH-000310":1.818063066,"ACH-000311":1.843181268,"ACH-000312":-0.175210453,"ACH-000315":1.919507316,"ACH-000316":1.602920707,"ACH-000317":-5.667616074,"ACH-000318":1.588378791,"ACH-000319":0.093993354,"ACH-000320":1.779876807,"ACH-000322":0.478100066,"ACH-000323":1.769294079,"ACH-000324":1.856312287,"ACH-000326":0.460949237,"ACH-000329":-3.731294074,"ACH-000330":0.933256191,"ACH-000331":1.198929892,"ACH-000332":1.957865207,"ACH-000334":1.825014946,"ACH-000335":0.802049068,"ACH-000336":0.889709917,"ACH-000337":0.457437664,"ACH-000339":1.193602739,"ACH-000341":1.951413391,"ACH-000343":1.639018144,"ACH-000344":0.180217847,"ACH-000348":-0.819190668,"ACH-000350":0.461316663,"ACH-000352":0.581046289,"ACH-000355":1.149129648,"ACH-000356":-3.873059393,"ACH-000361":1.393774108,"ACH-000362":1.913552327,"ACH-000363":0.172129756,"ACH-000364":0.425394683,"ACH-000365":1.051198313,"ACH-000366":1.965599256,"ACH-000368":1.657561437,"ACH-000370":-0.17841263,"ACH-000374":-1.188319356,"ACH-000375":1.872462745,"ACH-000376":-0.069807286,"ACH-000377":-0.005313665,"ACH-000378":1.310157889,"ACH-000381":1.859614223,"ACH-000383":1.294351322,"ACH-000385":0.657976103,"ACH-000387":1.805073382,"ACH-000389":1.88021408,"ACH-000390":0.235678225,"ACH-000393":1.953620017,"ACH-000395":1.64548572,"ACH-000397":1.964487496,"ACH-000401":1.955889421,"ACH-000402":1.965753672,"ACH-000403":1.091034798,"ACH-000404":1.01919895,"ACH-000405":0.387829963,"ACH-000406":-1.364397768,"ACH-000407":0.26865309,"ACH-000408":1.334852369,"ACH-000410":1.350562065,"ACH-000411":1.926789922,"ACH-000414":1.645442407,"ACH-000415":1.654658795,"ACH-000416":1.800590455,"ACH-000420":0.613683719,"ACH-000421":1.840368785,"ACH-000422":0.94702005,"ACH-000424":-0.555492728,"ACH-000425":1.268410519,"ACH-000426":1.925863103,"ACH-000427":-0.633010673,"ACH-000431":0.6131517,"ACH-000433":1.885980861,"ACH-000434":1.953748392,"ACH-000435":1.254861542,"ACH-000436":1.82654203,"ACH-000437":1.964585838,"ACH-000438":1.952614187,"ACH-000444":0.913067254,"ACH-000445":1.96440044,"ACH-000448":1.61415745,"ACH-000450":-0.816318815,"ACH-000452":1.957117587,"ACH-000454":0.145836474,"ACH-000458":1.683341516,"ACH-000459":-4.500905083,"ACH-000460":1.945221885,"ACH-000461":-5.211783642,"ACH-000463":1.914852143,"ACH-000464":1.757463445,"ACH-000466":0.35902749,"ACH-000467":-3.562088296,"ACH-000468":1.69623335,"ACH-000469":0.221618317,"ACH-000470":1.57695618,"ACH-000471":1.960775829,"ACH-000472":0.912696723,"ACH-000473":1.465998563,"ACH-000475":0.685018229,"ACH-000476":-0.707718461,"ACH-000477":1.217247566,"ACH-000478":1.907807896,"ACH-000480":-0.484431304,"ACH-000481":0.953564188,"ACH-000483":-1.94905559,"ACH-000484":1.287755691,"ACH-000485":0.95713546,"ACH-000486":0.714737781,"ACH-000487":1.901829828,"ACH-000488":-10.88396351,"ACH-000490":0.953058913,"ACH-000491":0.914217664,"ACH-000493":1.89192527,"ACH-000495":1.95932428,"ACH-000496":1.964078068,"ACH-000498":1.700604672,"ACH-000499":1.538380843,"ACH-000500":1.354903825,"ACH-000502":1.275294373,"ACH-000503":1.615496444,"ACH-000504":1.387877867,"ACH-000505":1.699256171,"ACH-000507":-0.177782265,"ACH-000510":1.807860662,"ACH-000511":1.743630287,"ACH-000512":-0.181077061,"ACH-000514":0.737581776,"ACH-000516":0.998361797,"ACH-000517":1.749790369,"ACH-000518":1.403893394,"ACH-000520":1.92483418,"ACH-000521":1.781833705,"ACH-000522":0.336199362,"ACH-000524":1.272086415,"ACH-000527":1.834379353,"ACH-000528":-0.753363225,"ACH-000535":-0.754966601,"ACH-000537":0.466272472,"ACH-000541":0.776114101,"ACH-000542":1.725269831,"ACH-000544":-0.872423941,"ACH-000545":-0.217503624,"ACH-000547":-3.163424804,"ACH-000548":1.710347074,"ACH-000549":-0.475575511,"ACH-000550":1.741734782,"ACH-000551":1.374615924,"ACH-000552":1.448583758,"ACH-000556":-1.942219176,"ACH-000557":1.90896073,"ACH-000563":-0.820832353,"ACH-000570":1.895969162,"ACH-000571":-0.446324843,"ACH-000573":1.965145798,"ACH-000576":1.869271781,"ACH-000577":1.91587191,"ACH-000579":0.591329566,"ACH-000580":1.965754399,