{"scores":{"ACH-000004":1.447520126,"ACH-000005":2.015863262,"ACH-000007":-5.655158801,"ACH-000009":0.268065898,"ACH-000011":-0.550343371,"ACH-000012":0.945739804,"ACH-000013":2.416976354,"ACH-000014":-0.367275094,"ACH-000015":2.441641017,"ACH-000017":1.601908476,"ACH-000018":0.619915618,"ACH-000019":2.221838268,"ACH-000021":1.955045709,"ACH-000022":2.507413707,"ACH-000024":2.251039732,"ACH-000025":2.314968271,"ACH-000028":-0.716184169,"ACH-000029":2.488441749,"ACH-000030":1.170448405,"ACH-000035":2.395100373,"ACH-000036":1.270551187,"ACH-000037":1.586967104,"ACH-000039":0.187052774,"ACH-000040":-0.982767727,"ACH-000041":-0.181362271,"ACH-000042":-1.071585633,"ACH-000045":-1.321726528,"ACH-000047":2.467505033,"ACH-000048":2.306684263,"ACH-000052":1.623424776,"ACH-000053":2.488605334,"ACH-000054":0.751933873,"ACH-000055":0.232306549,"ACH-000060":0.984923556,"ACH-000067":1.962063903,"ACH-000070":1.49013026,"ACH-000074":2.231295252,"ACH-000075":2.499092423,"ACH-000076":0.704670204,"ACH-000078":-0.002480789,"ACH-000082":2.508311786,"ACH-000085":1.624464353,"ACH-000086":2.279479211,"ACH-000087":0.590015628,"ACH-000092":2.042385892,"ACH-000095":1.593690733,"ACH-000096":2.349089423,"ACH-000097":2.508289277,"ACH-000098":1.714987596,"ACH-000099":2.361372194,"ACH-000108":1.548012302,"ACH-000111":0.730907539,"ACH-000113":-0.875036624,"ACH-000114":1.189628897,"ACH-000115":0.542189864,"ACH-000116":2.395499728,"ACH-000118":0.958289287,"ACH-000120":2.125140675,"ACH-000123":1.003941679,"ACH-000127":-3.278559745,"ACH-000128":2.32973759,"ACH-000132":1.405535393,"ACH-000133":1.673508589,"ACH-000137":2.231936929,"ACH-000138":-0.713604014,"ACH-000141":2.05076978,"ACH-000142":-0.052165955,"ACH-000143":0.921245324,"ACH-000146":-0.661020812,"ACH-000148":-0.020912944,"ACH-000150":-0.130444698,"ACH-000151":2.423616236,"ACH-000152":2.083233442,"ACH-000153":2.093740581,"ACH-000159":2.451850254,"ACH-000160":2.120755722,"ACH-000163":1.385377905,"ACH-000164":2.484410735,"ACH-000167":2.379934384,"ACH-000168":1.347490087,"ACH-000169":2.236498575,"ACH-000174":1.10161066,"ACH-000178":1.693351903,"ACH-000182":2.48288493,"ACH-000183":1.731198893,"ACH-000187":2.493508327,"ACH-000188":0.338958648,"ACH-000189":2.161753402,"ACH-000190":2.20114756,"ACH-000198":-0.417170875,"ACH-000200":1.720067496,"ACH-000202":1.939136242,"ACH-000204":1.230332727,"ACH-000206":1.556444311,"ACH-000207":2.352695765,"ACH-000209":2.399567176,"ACH-000211":-13.77050385,"ACH-000212":1.335824087,"ACH-000215":2.286983314,"ACH-000217":-1.051196317,"ACH-000219":-10.61157405,"ACH-000221":1.213739304,"ACH-000222":1.097868866,"ACH-000223":1.063756299,"ACH-000226":2.489676504,"ACH-000227":0.731320513,"ACH-000228":1.5411091,"ACH-000231":2.283463701,"ACH-000232":2.007052077,"ACH-000233":0.864191133,"ACH-000234":0.931741884,"ACH-000235":-0.890771759,"ACH-000237":1.143480907,"ACH-000238":-3.406034719,"ACH-000243":1.300042058,"ACH-000244":-0.223296512,"ACH-000246":1.50312796,"ACH-000247":-1.234230217,"ACH-000248":-1.552863546,"ACH-000249":1.669249698,"ACH-000250":2.258206054,"ACH-000251":1.537361679,"ACH-000253":2.499429662,"ACH-000255":2.481428705,"ACH-000256":0.066704143,"ACH-000257":1.974136438,"ACH-000258":0.074057218,"ACH-000259":2.49125474,"ACH-000260":0.605613644,"ACH-000261":1.8160668,"ACH-000262":-0.513638937,"ACH-000263":1.031278435,"ACH-000264":1.597237601,"ACH-000265":0.99126606,"ACH-000266":2.102703757,"ACH-000271":2.507205128,"ACH-000272":2.308368652,"ACH-000273":-0.320790417,"ACH-000274":-5.218056323,"ACH-000276":1.768604897,"ACH-000277":1.037907573,"ACH-000278":-0.034672757,"ACH-000279":0.787119195,"ACH-000280":0.76134829,"ACH-000281":-2.954608125,"ACH-000286":2.154096519,"ACH-000288":0.974381317,"ACH-000290":2.506560203,"ACH-000291":1.539447119,"ACH-000292":0.764318585,"ACH-000293":1.994795616,"ACH-000294":-7.787762852,"ACH-000295":1.89372246,"ACH-000296":1.493351617,"ACH-000302":1.98061816,"ACH-000304":0.467468489,"ACH-000305":2.37766607,"ACH-000307":2.486615924,"ACH-000308":1.87161141,"ACH-000310":2.474516691,"ACH-000311":0.349558112,"ACH-000312":2.423543697,"ACH-000315":-0.392417554,"ACH-000316":0.490271708,"ACH-000317":2.328321713,"ACH-000318":0.190495358,"ACH-000319":2.424745849,"ACH-000320":-3.99364325,"ACH-000322":1.764694557,"ACH-000323":1.858623664,"ACH-000324":1.848979986,"ACH-000326":0.554890149,"ACH-000329":2.02317735,"ACH-000330":1.965953247,"ACH-000331":1.077034058,"ACH-000332":1.333571743,"ACH-000334":2.324970722,"ACH-000335":-5.160663844,"ACH-000336":1.153848743,"ACH-000337":1.554368388,"ACH-000339":-0.283208279,"ACH-000341":2.017157984,"ACH-000343":2.395787353,"ACH-000344":-1.288651778,"ACH-000348":1.51888174,"ACH-000350":2.181547371,"ACH-000352":2.229385355,"ACH-000355":2.37027247,"ACH-000356":1.457489491,"ACH-000361":-1.532149977,"ACH-000362":0.504203912,"ACH-000363":0.246488697,"ACH-000364":-3.243518321,"ACH-000365":-7.915292241,"ACH-000366":2.488322239,"ACH-000368":1.860806513,"ACH-000370":2.205704252,"ACH-000374":2.349693319,"ACH-000375":2.505042339,"ACH-000376":1.590644365,"ACH-000377":1.74159672,"ACH-000378":-6.541005497,"ACH-000381":2.137416243,"ACH-000383":-2.24185019,"ACH-000385":2.418494422,"ACH-000387":2.383544915,"ACH-000389":2.5074862,"ACH-000390":2.368867319,"ACH-000393":1.734369187,"ACH-000395":1.7444914,"ACH-000397":2.087090159,"ACH-000401":2.066617715,"ACH-000402":-0.296491339,"ACH-000403":1.663127322,"ACH-000404":1.531010219,"ACH-000405":1.896304138,"ACH-000406":2.31893764,"ACH-000407":1.262798872,"ACH-000408":2.298085664,"ACH-000410":2.467970148,"ACH-000411":0.154323425,"ACH-000414":2.350868772,"ACH-000415":1.045176832,"ACH-000416":0.568256311,"ACH-000420":2.458790298,"ACH-000421":2.436679944,"ACH-000422":-2.311954547,"ACH-000424":0.204140636,"ACH-000425":0.152971941,"ACH-000426":0.794724345,"ACH-000427":2.09589895,"ACH-000431":2.472510922,"ACH-000433":0.668627621,"ACH-000434":2.353667985,"ACH-000435":1.898579583,"ACH-000436":-1.454768157,"ACH-000437":2.444523463,"ACH-000438":2.037700963,"ACH-000444":2.507185089,"ACH-000445":1.965044445,"ACH-000448":-5.864559497,"ACH-000450":-0.92911737,"ACH-000452":2.34635502,"ACH-000454":2.263237154,"ACH-000458":1.229761525,"ACH-000459":0.776048868,"ACH-000460":1.225326921,"ACH-000461":2.493115094,"ACH-000463":-6.043201224,"ACH-000464":-0.973017746,"ACH-000466":2.376056494,"ACH-000467":1.852510989,"ACH-000468":-1.233056873,"ACH-000469":-3.428253008,"ACH-000470":-5.574532474,"ACH-000471":2.02537198,"ACH-000472":-0.66983012,"ACH-000473":1.668393908,"ACH-000475":2.459859081,"ACH-000476":0.929458786,"ACH-000477":0.570620143,"ACH-000478":0.736950927,"ACH-000480":1.193751881,"ACH-000481":2.165466556,"ACH-000483":-1.722067156,"ACH-000484":2.403533962,"ACH-000485":1.37020362,"ACH-000486":-3.559787044,"ACH-000487":1.71930671,"ACH-000488":-2.246633542,"ACH-000490":1.334969638,"ACH-000491":-0.986913811,"ACH-000493":-3.537338309,"ACH-000495":1.492386422,"ACH-000496":-0.685480378,"ACH-000498":2.282157402,"ACH-000499":-0.676576673,"ACH-000500":0.480169369,"ACH-000502":1.105904305,"ACH-000503":0.31779148,"ACH-000504":2.469106488,"ACH-000505":1.857680479,"ACH-000507":-3.160227847,"ACH-000510":2.263983034,"ACH-000511":0.862565457,"ACH-000512":2.429490473,"ACH-000514":2.016146732,"ACH-000516":2.074125341,"ACH-000517":1.555712295,"ACH-000518":1.469980383,"ACH-000520":2.245666353,"ACH-000521":0.560246634,"ACH-000522":2.304740735,"ACH-000524":2.436108169,"ACH-000527":2.507750067,"ACH-000528":1.559826454,"ACH-000535":1.533720444,"ACH-000537":2.226166884,"ACH-000541":1.697997728,"ACH-000542":2.3455466,"ACH-000544":1.285184233,"ACH-000545":-1.122916624,"ACH-000547":2.313882703,"ACH-000548":2.110996587,"ACH-000549":1.504239426,"ACH-000550":2.23370446,"ACH-000551":1.441216351,"ACH-000552":2.497672004,"ACH-000556":2.505157771,"ACH-000557":2.10467507,"ACH-000563":2.12536124,"ACH-000570":0.931293332,"ACH-000571":2.051144894,"ACH-000573":2.430692704,"ACH-000576":2.505504286,"ACH-000577":1.778611656,"ACH-000579":-1.44150702,"ACH-000580":-1.364215226,