{"scores":{"ACH-000004":0.635067748,"ACH-000005":1.714585029,"ACH-000007":1.207214741,"ACH-000009":0.774622138,"ACH-000011":2.125478226,"ACH-000012":0.816393343,"ACH-000013":1.81478902,"ACH-000014":2.081486636,"ACH-000015":1.674305952,"ACH-000017":-0.150308563,"ACH-000018":0.014539041,"ACH-000019":0.014684838,"ACH-000021":1.773314163,"ACH-000022":-1.140488316,"ACH-000024":1.009799487,"ACH-000025":2.021975512,"ACH-000028":1.701475017,"ACH-000029":-3.34667302,"ACH-000030":2.122160597,"ACH-000035":-3.202013503,"ACH-000036":-2.089582868,"ACH-000037":1.891144195,"ACH-000039":0.69597021,"ACH-000040":-3.612133905,"ACH-000041":0.53155345,"ACH-000042":1.089405181,"ACH-000045":1.883677697,"ACH-000047":2.09137576,"ACH-000048":2.123130156,"ACH-000052":-3.179005237,"ACH-000053":2.123507615,"ACH-000054":1.564823223,"ACH-000055":0.090670448,"ACH-000060":0.640359336,"ACH-000067":1.957830593,"ACH-000070":0.50299945,"ACH-000074":0.17213098,"ACH-000075":0.659390272,"ACH-000076":0.888088819,"ACH-000078":1.737747841,"ACH-000082":0.793385823,"ACH-000085":2.124274015,"ACH-000086":2.122704261,"ACH-000087":0.241024256,"ACH-000092":-8.106209253,"ACH-000095":1.283100529,"ACH-000096":1.875946335,"ACH-000097":-0.461925943,"ACH-000098":1.871385405,"ACH-000099":1.656859724,"ACH-000108":1.687557637,"ACH-000111":1.521879008,"ACH-000113":-1.188341467,"ACH-000114":2.007958779,"ACH-000115":1.772020333,"ACH-000116":-2.913434787,"ACH-000118":2.01410978,"ACH-000120":-5.814482707,"ACH-000123":2.125099172,"ACH-000127":2.020670809,"ACH-000128":1.75635893,"ACH-000132":2.005414839,"ACH-000133":-1.347593255,"ACH-000137":0.50295513,"ACH-000138":0.099235916,"ACH-000141":1.690518926,"ACH-000142":1.51419254,"ACH-000143":1.338442064,"ACH-000146":2.120559722,"ACH-000148":-0.631873803,"ACH-000150":-1.250699108,"ACH-000151":-0.617317427,"ACH-000152":-11.29598373,"ACH-000153":1.153427094,"ACH-000159":1.171179112,"ACH-000160":-0.128478637,"ACH-000163":-1.2471878,"ACH-000164":2.104522551,"ACH-000167":2.023980705,"ACH-000168":1.479079064,"ACH-000169":-1.178957538,"ACH-000174":0.776713743,"ACH-000178":1.941450168,"ACH-000182":2.06027742,"ACH-000183":1.321099857,"ACH-000187":2.064598378,"ACH-000188":-0.942973634,"ACH-000189":1.09197722,"ACH-000190":2.100005929,"ACH-000198":1.67308951,"ACH-000200":2.112283624,"ACH-000202":1.684358193,"ACH-000204":1.090118821,"ACH-000206":1.008859245,"ACH-000207":1.148828943,"ACH-000209":1.276380788,"ACH-000211":2.077134933,"ACH-000212":2.077111215,"ACH-000215":-0.89158279,"ACH-000217":2.095488366,"ACH-000219":-3.277536353,"ACH-000221":1.730991872,"ACH-000222":1.679706212,"ACH-000223":1.842809178,"ACH-000226":1.859765212,"ACH-000227":1.597578958,"ACH-000228":1.362758325,"ACH-000231":1.063417765,"ACH-000232":2.125924409,"ACH-000233":2.058868216,"ACH-000234":0.798006398,"ACH-000235":1.457382168,"ACH-000237":2.124922734,"ACH-000238":-7.188181402,"ACH-000243":2.103247545,"ACH-000244":-11.66288759,"ACH-000246":-6.860539791,"ACH-000247":1.903862744,"ACH-000248":-4.127859316,"ACH-000249":0.673475101,"ACH-000250":1.988041826,"ACH-000251":1.940341284,"ACH-000253":1.893908606,"ACH-000255":1.666277644,"ACH-000256":2.060261811,"ACH-000257":-2.022936777,"ACH-000258":-0.200810798,"ACH-000259":-17.00795183,"ACH-000260":2.047899829,"ACH-000261":1.739225989,"ACH-000262":0.368900013,"ACH-000263":-3.315389667,"ACH-000264":1.970376813,"ACH-000265":1.235571325,"ACH-000266":2.120680534,"ACH-000271":1.445706743,"ACH-000272":1.990653564,"ACH-000273":1.954437045,"ACH-000274":0.816183883,"ACH-000276":0.256647806,"ACH-000277":-5.501564514,"ACH-000278":1.93203372,"ACH-000279":-10.2118742,"ACH-000280":0.741625283,"ACH-000281":1.530125657,"ACH-000286":1.387806897,"ACH-000288":-4.791005335,"ACH-000290":0.787743075,"ACH-000291":0.938354536,"ACH-000292":-1.16812309,"ACH-000293":1.749171968,"ACH-000294":1.882489262,"ACH-000295":-0.731152907,"ACH-000296":1.948427784,"ACH-000302":2.125845227,"ACH-000304":1.523937495,"ACH-000305":0.206509596,"ACH-000307":2.122378866,"ACH-000308":-8.250890896,"ACH-000310":1.823241814,"ACH-000311":2.069724984,"ACH-000312":1.832194274,"ACH-000315":-5.652552476,"ACH-000316":2.117537896,"ACH-000317":1.992334929,"ACH-000318":0.007776005,"ACH-000319":-0.659302848,"ACH-000320":2.124733476,"ACH-000322":1.868389401,"ACH-000323":1.659985989,"ACH-000324":1.876635486,"ACH-000326":1.931283201,"ACH-000329":1.755410326,"ACH-000330":2.039380784,"ACH-000331":-0.363244327,"ACH-000332":2.12606444,"ACH-000334":0.922778401,"ACH-000335":1.779804375,"ACH-000336":1.717347641,"ACH-000337":-3.451899436,"ACH-000339":1.992779131,"ACH-000341":2.125939221,"ACH-000343":2.125609635,"ACH-000344":1.317710577,"ACH-000348":1.989346346,"ACH-000350":1.909125545,"ACH-000352":0.577400776,"ACH-000355":1.918665347,"ACH-000356":0.381634714,"ACH-000361":-1.604187385,"ACH-000362":1.820957311,"ACH-000363":1.361326585,"ACH-000364":2.034089955,"ACH-000365":2.125945421,"ACH-000366":-2.8076427,"ACH-000368":-1.110995,"ACH-000370":2.037158643,"ACH-000374":1.875489777,"ACH-000375":1.476784509,"ACH-000376":-7.882032913,"ACH-000377":1.978333391,"ACH-000378":1.520965176,"ACH-000381":1.920268735,"ACH-000383":2.124461006,"ACH-000385":2.040029446,"ACH-000387":2.045790715,"ACH-000389":1.414033363,"ACH-000390":0.868787277,"ACH-000393":1.776300947,"ACH-000395":0.728787616,"ACH-000397":0.600240757,"ACH-000401":1.544132928,"ACH-000402":0.174661378,"ACH-000403":1.95333254,"ACH-000404":-3.094389293,"ACH-000405":1.841781448,"ACH-000406":-0.224606142,"ACH-000407":0.753430462,"ACH-000408":1.892211179,"ACH-000410":-8.051738003,"ACH-000411":0.788381288,"ACH-000414":1.070870889,"ACH-000415":0.842983993,"ACH-000416":2.125631046,"ACH-000420":2.097791136,"ACH-000421":1.789912402,"ACH-000422":0.473118701,"ACH-000424":-1.843896715,"ACH-000425":1.484084088,"ACH-000426":0.70686276,"ACH-000427":2.125374646,"ACH-000431":1.68391643,"ACH-000433":-1.565057639,"ACH-000434":-9.30341788,"ACH-000435":2.119711766,"ACH-000436":1.879004938,"ACH-000437":2.112617856,"ACH-000438":1.940723935,"ACH-000444":1.771732626,"ACH-000445":1.335984285,"ACH-000448":1.915105541,"ACH-000450":-2.044152951,"ACH-000452":0.257447279,"ACH-000454":2.123871864,"ACH-000458":2.082493693,"ACH-000459":2.122339539,"ACH-000460":2.122669119,"ACH-000461":1.857738316,"ACH-000463":1.730720049,"ACH-000464":0.69035847,"ACH-000466":2.094914287,"ACH-000467":2.040087016,"ACH-000468":0.112869372,"ACH-000469":1.880445839,"ACH-000470":2.125965304,"ACH-000471":1.577024305,"ACH-000472":2.042946414,"ACH-000473":2.044963337,"ACH-000475":1.824800539,"ACH-000476":1.92377182,"ACH-000477":0.817977462,"ACH-000478":2.078911992,"ACH-000480":1.646020376,"ACH-000481":1.964513639,"ACH-000483":1.925659319,"ACH-000484":1.755538979,"ACH-000485":1.881076671,"ACH-000486":1.752838797,"ACH-000487":2.100356394,"ACH-000488":2.121918968,"ACH-000490":1.774401465,"ACH-000491":2.011873393,"ACH-000493":2.125925073,"ACH-000495":2.106975397,"ACH-000496":-0.38301387,"ACH-000498":2.097917591,"ACH-000499":-1.97473412,"ACH-000500":1.888935691,"ACH-000502":1.566929876,"ACH-000503":0.09229874,"ACH-000504":0.573962858,"ACH-000505":2.086128941,"ACH-000507":1.970004519,"ACH-000510":2.06935796,"ACH-000511":0.815111525,"ACH-000512":-0.477111871,"ACH-000514":0.954148934,"ACH-000516":-10.37114798,"ACH-000517":2.125033157,"ACH-000518":-5.258935046,"ACH-000520":1.586565671,"ACH-000521":-0.73974264,"ACH-000522":2.120106733,"ACH-000524":-1.548045908,"ACH-000527":0.646743366,"ACH-000528":1.834067491,"ACH-000535":2.118160088,"ACH-000537":2.021659539,"ACH-000541":0.314730054,"ACH-000542":2.121562266,"ACH-000544":2.112382305,"ACH-000545":-3.248259125,"ACH-000547":0.171738985,"ACH-000548":2.124967441,"ACH-000549":2.125354485,"ACH-000550":2.004687286,"ACH-000551":0.943762312,"ACH-000552":2.12603785,"ACH-000556":2.051339232,"ACH-000557":2.092148682,"ACH-000563":1.447022453,"ACH-000570":-4.464356103,"ACH-000571":2.110064564,"ACH-000573":2.008009814,"ACH-000576":1.615801194,"ACH-000577":-0.971323717,"ACH-000579":-3.800424738,"ACH-000580":-12.90101024,