{"scores":{"ACH-000004":-16.71233641,"ACH-000005":-7.434892975,"ACH-000007":1.981079301,"ACH-000009":2.032894602,"ACH-000011":-5.008859829,"ACH-000012":1.644381906,"ACH-000013":-9.851253918,"ACH-000014":2.065056317,"ACH-000015":2.050897856,"ACH-000017":1.990782012,"ACH-000018":-1.742465128,"ACH-000019":1.536919415,"ACH-000021":1.768831213,"ACH-000022":2.062972855,"ACH-000024":1.716605831,"ACH-000025":1.722752475,"ACH-000028":1.928162687,"ACH-000029":1.599318041,"ACH-000030":2.014708741,"ACH-000035":-0.084339375,"ACH-000036":-20,"ACH-000037":1.317884123,"ACH-000039":2.063688571,"ACH-000040":1.436487477,"ACH-000041":2.06012904,"ACH-000042":1.638320621,"ACH-000045":2.070455356,"ACH-000047":2.070582348,"ACH-000048":1.60639023,"ACH-000052":2.059188964,"ACH-000053":2.039546497,"ACH-000054":-20,"ACH-000055":-20,"ACH-000060":-0.276349614,"ACH-000067":1.795448292,"ACH-000070":2.062488573,"ACH-000074":2.005152234,"ACH-000075":1.001027417,"ACH-000076":1.97636232,"ACH-000078":1.506673887,"ACH-000082":1.69093838,"ACH-000085":2.056161917,"ACH-000086":1.988231675,"ACH-000087":1.377076512,"ACH-000092":-20,"ACH-000095":1.520749158,"ACH-000096":-20,"ACH-000097":0.858266816,"ACH-000098":1.387015459,"ACH-000099":1.798843276,"ACH-000108":1.994260335,"ACH-000111":0.845105244,"ACH-000113":1.853919956,"ACH-000114":1.973369001,"ACH-000115":-3.737873049,"ACH-000116":2.001211702,"ACH-000118":1.871534094,"ACH-000120":-1.536914204,"ACH-000123":-14.76257287,"ACH-000127":-20,"ACH-000128":-1.799584605,"ACH-000132":-20,"ACH-000133":1.939890405,"ACH-000137":-20,"ACH-000138":2.066978896,"ACH-000141":0.720458103,"ACH-000142":1.174576604,"ACH-000143":1.731732022,"ACH-000146":1.929478686,"ACH-000148":-2.917760694,"ACH-000150":2.003119838,"ACH-000151":2.067529738,"ACH-000152":1.9797507,"ACH-000153":2.019078128,"ACH-000159":1.953109325,"ACH-000160":2.059495463,"ACH-000163":1.967993194,"ACH-000164":1.256314495,"ACH-000167":1.861109903,"ACH-000168":1.400408598,"ACH-000169":-0.916782897,"ACH-000174":-4.338113298,"ACH-000178":-20,"ACH-000182":1.945179121,"ACH-000183":1.976745966,"ACH-000187":1.720519206,"ACH-000188":1.967086622,"ACH-000189":-0.389473741,"ACH-000190":1.357743439,"ACH-000198":1.984467914,"ACH-000200":1.861946714,"ACH-000202":1.699976554,"ACH-000204":1.928651025,"ACH-000206":1.769213498,"ACH-000207":2.070523621,"ACH-000209":1.654459101,"ACH-000211":0.888604856,"ACH-000212":2.030372451,"ACH-000215":1.407316132,"ACH-000217":2.00479259,"ACH-000219":2.017704786,"ACH-000221":2.013913816,"ACH-000222":-20,"ACH-000223":-20,"ACH-000226":-20,"ACH-000227":1.515543771,"ACH-000228":2.04703675,"ACH-000231":1.968467395,"ACH-000232":-4.591964486,"ACH-000233":2.063654343,"ACH-000234":-0.20882792,"ACH-000235":2.069725067,"ACH-000237":-1.405692605,"ACH-000238":2.0693638,"ACH-000243":-0.96679957,"ACH-000244":1.862180143,"ACH-000246":-0.612874337,"ACH-000247":2.031836134,"ACH-000248":1.444326817,"ACH-000249":2.064318468,"ACH-000250":1.822044663,"ACH-000251":1.991744064,"ACH-000253":2.05203898,"ACH-000255":2.068319586,"ACH-000256":1.970767936,"ACH-000257":1.256966248,"ACH-000258":1.691921974,"ACH-000259":1.672113876,"ACH-000260":2.070582348,"ACH-000261":-2.293617513,"ACH-000262":1.85437153,"ACH-000263":2.064045962,"ACH-000264":2.057580471,"ACH-000265":-5.394216517,"ACH-000266":-20,"ACH-000271":2.038213612,"ACH-000272":1.969375408,"ACH-000273":1.19971088,"ACH-000274":1.734891151,"ACH-000276":1.61183139,"ACH-000277":1.873494461,"ACH-000278":2.04733181,"ACH-000279":0.900023991,"ACH-000280":2.070397639,"ACH-000281":1.00223703,"ACH-000286":2.003820732,"ACH-000288":-20,"ACH-000290":-17.97665937,"ACH-000291":2.001564496,"ACH-000292":1.179416835,"ACH-000293":2.067792706,"ACH-000294":1.935097332,"ACH-000295":1.695994192,"ACH-000296":1.995552655,"ACH-000302":1.413627408,"ACH-000304":1.643721212,"ACH-000305":-5.531706061,"ACH-000307":1.72897198,"ACH-000308":2.047249829,"ACH-000310":2.03130699,"ACH-000311":2.070582348,"ACH-000312":1.876515781,"ACH-000315":1.984592438,"ACH-000316":2.045995115,"ACH-000317":2.060641552,"ACH-000318":1.643760284,"ACH-000319":1.999442119,"ACH-000320":2.06738954,"ACH-000322":1.975145341,"ACH-000323":2.068540568,"ACH-000324":0.899187421,"ACH-000326":1.731366502,"ACH-000329":1.124918174,"ACH-000330":1.899486476,"ACH-000331":2.054343375,"ACH-000332":-20,"ACH-000334":2.060265364,"ACH-000335":1.030392372,"ACH-000336":2.026594763,"ACH-000337":2.068181849,"ACH-000339":2.070305647,"ACH-000341":2.066553958,"ACH-000343":1.777225486,"ACH-000344":1.276070383,"ACH-000348":1.008275379,"ACH-000350":1.702823541,"ACH-000352":-1.84577194,"ACH-000355":1.98073006,"ACH-000356":-20,"ACH-000361":-20,"ACH-000362":2.053290886,"ACH-000363":1.784170108,"ACH-000364":1.00027535,"ACH-000365":2.069814147,"ACH-000366":2.06668307,"ACH-000368":2.008062165,"ACH-000370":1.975580338,"ACH-000374":-20,"ACH-000375":1.13183774,"ACH-000376":1.995586524,"ACH-000377":2.066980899,"ACH-000378":2.070582348,"ACH-000381":2.062842629,"ACH-000383":1.469550905,"ACH-000385":-20,"ACH-000387":1.184256878,"ACH-000389":-20,"ACH-000390":2.046695436,"ACH-000393":-20,"ACH-000395":1.851606121,"ACH-000397":-5.67212997,"ACH-000401":-20,"ACH-000402":2.006567466,"ACH-000403":2.065677767,"ACH-000404":-20,"ACH-000405":1.455965462,"ACH-000406":2.011700724,"ACH-000407":1.682151523,"ACH-000408":1.362621455,"ACH-000410":2.016668119,"ACH-000411":2.069878051,"ACH-000414":2.070582348,"ACH-000415":2.067215153,"ACH-000416":2.058946857,"ACH-000420":-0.008990488,"ACH-000421":2.06631393,"ACH-000422":2.058821647,"ACH-000424":0.934971555,"ACH-000425":2.033362238,"ACH-000426":1.98386112,"ACH-000427":1.652887925,"ACH-000431":2.032121807,"ACH-000433":0.656581443,"ACH-000434":2.057106115,"ACH-000435":-2.333825327,"ACH-000436":2.062460119,"ACH-000437":2.066682769,"ACH-000438":-1.660009653,"ACH-000444":1.883712665,"ACH-000445":2.06382827,"ACH-000448":1.207372588,"ACH-000450":1.838678477,"ACH-000452":1.877829668,"ACH-000454":2.044742902,"ACH-000458":-12.07984389,"ACH-000459":2.070020145,"ACH-000460":-15.13421453,"ACH-000461":0.739865962,"ACH-000463":1.293414307,"ACH-000464":2.059438295,"ACH-000466":2.042753226,"ACH-000467":2.070582348,"ACH-000468":2.037992373,"ACH-000469":-20,"ACH-000470":-1.172819859,"ACH-000471":2.069592226,"ACH-000472":1.115632807,"ACH-000473":1.996870808,"ACH-000475":1.818538255,"ACH-000476":1.657045391,"ACH-000477":1.719446155,"ACH-000478":2.048793986,"ACH-000480":2.069108746,"ACH-000481":1.271251719,"ACH-000483":-20,"ACH-000484":-4.511491033,"ACH-000485":1.993495895,"ACH-000486":2.000877099,"ACH-000487":1.021154635,"ACH-000488":2.01290986,"ACH-000490":1.926996771,"ACH-000491":1.083408625,"ACH-000493":1.291753186,"ACH-000495":-6.715811976,"ACH-000496":0.970253422,"ACH-000498":1.520992339,"ACH-000499":2.045132055,"ACH-000500":-20,"ACH-000502":1.975535016,"ACH-000503":2.033945399,"ACH-000504":-1.629501838,"ACH-000505":1.89466742,"ACH-000507":2.063156008,"ACH-000510":2.049823295,"ACH-000511":1.035741779,"ACH-000512":1.550636205,"ACH-000514":2.045081439,"ACH-000516":1.824731408,"ACH-000517":2.070024461,"ACH-000518":1.562976824,"ACH-000520":-0.95867082,"ACH-000521":2.070582348,"ACH-000522":0.897439458,"ACH-000524":-20,"ACH-000527":1.195808096,"ACH-000528":0.869015982,"ACH-000535":2.016101818,"ACH-000537":-20,"ACH-000541":1.777435856,"ACH-000542":-20,"ACH-000544":1.426680499,"ACH-000545":-0.699702327,"ACH-000547":1.873592991,"ACH-000548":1.175292153,"ACH-000549":0.709998544,"ACH-000550":1.740381996,"ACH-000551":2.023229383,"ACH-000552":1.77284943,"ACH-000556":1.864445133,"ACH-000557":1.568317922,"ACH-000563":1.711821961,"ACH-000570":1.210961347,"ACH-000571":1.715046763,"ACH-000573":1.859349717,"ACH-000576":1.169435444,"ACH-000577":1.664678789,"ACH-000579":-20,"ACH-000580":2.029186698,"ACH-000581":-0.728243117,"ACH-000583":2.001667958,"ACH-000584":-6.784506064,"ACH-000585":2.06130946,"ACH-000587":1.878834459,"ACH-000588":1.503452084,"ACH-000589":-20,"ACH-000591":1.055663441,"ACH-000592":2.035739369,"ACH-000593":2.047799385,"ACH-000596":1.300179137,