{"scores":{"ACH-000004":-3.124753061,"ACH-000005":-1.387995201,"ACH-000007":-3.155295575,"ACH-000009":-3.152842243,"ACH-000011":3.630803513,"ACH-000012":-0.624578441,"ACH-000013":-3.029163019,"ACH-000014":-3.150515673,"ACH-000015":-2.891616973,"ACH-000017":-1.880757628,"ACH-000018":0.015770581,"ACH-000019":-3.131300026,"ACH-000021":-3.156212274,"ACH-000022":-3.090710361,"ACH-000024":-1.266104341,"ACH-000025":2.376683121,"ACH-000028":-2.358469869,"ACH-000029":-1.572488604,"ACH-000030":-3.154306969,"ACH-000035":-2.991687559,"ACH-000036":7.661439273,"ACH-000037":-3.023338675,"ACH-000039":-2.543953063,"ACH-000040":-0.321977045,"ACH-000041":-3.153553244,"ACH-000042":4.18395305,"ACH-000045":-2.656255679,"ACH-000047":-2.674359372,"ACH-000048":-3.087005125,"ACH-000052":-2.955416142,"ACH-000053":-2.43825822,"ACH-000054":-2.594633465,"ACH-000055":-2.926982518,"ACH-000060":-1.642671191,"ACH-000067":1.319754929,"ACH-000070":-1.73305414,"ACH-000074":-3.110208446,"ACH-000075":-2.826131567,"ACH-000076":-2.986976996,"ACH-000078":-2.184603898,"ACH-000082":4.73436604,"ACH-000085":-3.091879309,"ACH-000086":-2.153951736,"ACH-000087":-2.835126494,"ACH-000092":0.853221743,"ACH-000095":-2.963493655,"ACH-000096":-2.405896797,"ACH-000097":-3.154444307,"ACH-000098":20,"ACH-000099":-2.917805482,"ACH-000108":5.313890684,"ACH-000111":-1.597567899,"ACH-000113":-0.834093399,"ACH-000114":-3.100996253,"ACH-000115":-3.146296073,"ACH-000116":-3.129174892,"ACH-000118":-3.130603698,"ACH-000120":-1.521308984,"ACH-000123":-1.029409241,"ACH-000127":-2.813001653,"ACH-000128":-2.771729357,"ACH-000132":-1.812021485,"ACH-000133":-3.156211164,"ACH-000137":-1.195850874,"ACH-000138":6.503348218,"ACH-000141":-0.434320288,"ACH-000142":-3.135048753,"ACH-000143":-2.628096232,"ACH-000146":-3.134713904,"ACH-000148":-2.992890726,"ACH-000150":-0.30771389,"ACH-000151":-2.528867302,"ACH-000152":-3.134618621,"ACH-000153":-3.152121176,"ACH-000159":-2.371754919,"ACH-000160":-3.140208816,"ACH-000163":-3.153197333,"ACH-000164":-3.032109508,"ACH-000167":-3.154167897,"ACH-000168":-3.138196342,"ACH-000169":-3.154136263,"ACH-000174":-2.41760028,"ACH-000178":-3.132077815,"ACH-000182":-3.003203558,"ACH-000183":-3.111624055,"ACH-000187":-3.12192395,"ACH-000188":-3.148766367,"ACH-000189":-3.128054477,"ACH-000190":-2.332744666,"ACH-000198":-2.62842973,"ACH-000200":18.98164784,"ACH-000202":0.52855922,"ACH-000204":-2.960652477,"ACH-000206":-2.364739055,"ACH-000207":-2.609720602,"ACH-000209":-2.240792181,"ACH-000211":-3.026190724,"ACH-000212":4.043628142,"ACH-000215":4.667864918,"ACH-000217":-2.341874622,"ACH-000219":8.052461217,"ACH-000221":-3.14101543,"ACH-000222":-3.035215964,"ACH-000223":-2.336521246,"ACH-000226":-3.047207701,"ACH-000227":-2.997629701,"ACH-000228":-3.156137298,"ACH-000231":-2.011998409,"ACH-000232":-2.776184377,"ACH-000233":-2.861951852,"ACH-000234":-3.151084559,"ACH-000235":-2.936076321,"ACH-000237":-3.13891202,"ACH-000238":-2.98814194,"ACH-000243":-1.826693554,"ACH-000244":1.757336008,"ACH-000246":-2.737746528,"ACH-000247":-2.826473161,"ACH-000248":-3.153903438,"ACH-000249":-3.035795923,"ACH-000250":-2.682170688,"ACH-000251":0.85101943,"ACH-000253":-3.15260234,"ACH-000255":-3.135189019,"ACH-000256":-3.140165868,"ACH-000257":-3.141541992,"ACH-000258":-2.265488607,"ACH-000259":-2.766053248,"ACH-000260":-3.100243509,"ACH-000261":-2.946867796,"ACH-000262":-3.150589696,"ACH-000263":-2.510329441,"ACH-000264":-2.31974379,"ACH-000265":-1.915818357,"ACH-000266":6.714751039,"ACH-000271":-2.734043104,"ACH-000272":-2.495628142,"ACH-000273":3.004575158,"ACH-000274":-2.631440899,"ACH-000276":-3.0495001,"ACH-000277":-3.154410917,"ACH-000278":0.946932553,"ACH-000279":-2.831564758,"ACH-000280":-2.615413095,"ACH-000281":6.328773945,"ACH-000286":0.295443906,"ACH-000288":-3.140114455,"ACH-000290":-3.153026047,"ACH-000291":-2.770740783,"ACH-000292":-2.284417894,"ACH-000293":-2.194894836,"ACH-000294":-3.065422234,"ACH-000295":-2.423224552,"ACH-000296":-3.13927428,"ACH-000302":-3.145249899,"ACH-000304":-2.328301748,"ACH-000305":-3.141231845,"ACH-000307":-1.607844899,"ACH-000308":-2.792627529,"ACH-000310":-1.637723813,"ACH-000311":-3.130191633,"ACH-000312":-2.438685917,"ACH-000315":-1.833479199,"ACH-000316":0.135160041,"ACH-000317":-2.683509199,"ACH-000318":-3.151684714,"ACH-000319":-3.14027604,"ACH-000320":-2.836522603,"ACH-000322":-2.003841968,"ACH-000323":-2.536926761,"ACH-000324":-3.155331182,"ACH-000326":-3.142615244,"ACH-000329":-2.934143515,"ACH-000330":-3.153988881,"ACH-000331":-3.036609365,"ACH-000332":-2.464915433,"ACH-000334":-2.745593757,"ACH-000335":-3.101108919,"ACH-000336":-2.34927919,"ACH-000337":-2.113608095,"ACH-000339":-2.72115847,"ACH-000341":-3.101116334,"ACH-000343":-3.150242836,"ACH-000344":-1.496258623,"ACH-000348":-1.389496711,"ACH-000350":-2.856121637,"ACH-000352":-3.028011415,"ACH-000355":-3.102553861,"ACH-000356":-2.953753659,"ACH-000361":1.943647695,"ACH-000362":-0.385051004,"ACH-000363":-3.147434988,"ACH-000364":10.2543678,"ACH-000365":-2.832652021,"ACH-000366":-2.8836904,"ACH-000368":1.704055459,"ACH-000370":-2.870692084,"ACH-000374":-1.999967258,"ACH-000375":-3.156059973,"ACH-000376":-3.131778292,"ACH-000377":-3.15308584,"ACH-000378":-2.587437591,"ACH-000381":-0.973567875,"ACH-000383":-3.136393857,"ACH-000385":-1.958194489,"ACH-000387":-2.949674229,"ACH-000389":4.087202075,"ACH-000390":-2.916711491,"ACH-000393":-3.093308898,"ACH-000395":-2.205093259,"ACH-000397":-3.129442811,"ACH-000401":-3.088992536,"ACH-000402":-1.514101372,"ACH-000403":-2.966961854,"ACH-000404":-3.095651812,"ACH-000405":-2.761634133,"ACH-000406":-3.151217496,"ACH-000407":11.05096068,"ACH-000408":-1.612591136,"ACH-000410":-3.114189227,"ACH-000411":-3.155657898,"ACH-000414":-3.139535467,"ACH-000415":-3.155968142,"ACH-000416":-3.124214138,"ACH-000420":-0.153965462,"ACH-000421":-3.028955309,"ACH-000422":-2.753972117,"ACH-000424":-2.863020783,"ACH-000425":-3.153115178,"ACH-000426":-1.774127644,"ACH-000427":-2.986653101,"ACH-000431":-2.922006524,"ACH-000433":1.338883539,"ACH-000434":-2.470821452,"ACH-000435":-2.161036541,"ACH-000436":-2.198048908,"ACH-000437":4.980684845,"ACH-000438":-2.733666346,"ACH-000444":-3.098645772,"ACH-000445":-2.822480253,"ACH-000448":-2.247611361,"ACH-000450":-1.254187817,"ACH-000452":-2.337245222,"ACH-000454":-2.932334485,"ACH-000458":-2.027834694,"ACH-000459":-2.575924369,"ACH-000460":-2.500822316,"ACH-000461":-2.963280353,"ACH-000463":-3.123511402,"ACH-000464":-3.067834722,"ACH-000466":-3.151169074,"ACH-000467":-3.155745562,"ACH-000468":20,"ACH-000469":2.17596382,"ACH-000470":-3.044387153,"ACH-000471":-0.110445789,"ACH-000472":-3.152906997,"ACH-000473":-2.703394632,"ACH-000475":-2.625532734,"ACH-000476":-3.111432248,"ACH-000477":-2.204439039,"ACH-000478":12.97077817,"ACH-000480":-3.15368841,"ACH-000481":-2.398268524,"ACH-000483":-2.827594562,"ACH-000484":-2.580064929,"ACH-000485":-3.156086452,"ACH-000486":2.022825454,"ACH-000487":-2.836443488,"ACH-000488":-2.95023785,"ACH-000490":-3.005939864,"ACH-000491":-2.662444565,"ACH-000493":3.973720963,"ACH-000495":-3.156053831,"ACH-000496":14.78197446,"ACH-000498":-0.310086839,"ACH-000499":-3.008480378,"ACH-000500":-1.115094525,"ACH-000502":-2.657423575,"ACH-000503":-1.86418429,"ACH-000504":5.737079165,"ACH-000505":-3.154832122,"ACH-000507":-2.848831428,"ACH-000510":-3.155092848,"ACH-000511":-1.168470062,"ACH-000512":-2.488119312,"ACH-000514":-3.146610786,"ACH-000516":1.000497858,"ACH-000517":-3.126009841,"ACH-000518":-2.59723779,"ACH-000520":-2.795910044,"ACH-000521":20,"ACH-000522":-0.049814808,"ACH-000524":-3.13727002,"ACH-000527":-3.155685167,"ACH-000528":-3.000226533,"ACH-000535":-3.04832835,"ACH-000537":-2.588866693,"ACH-000541":-0.987976805,"ACH-000542":-3.062167755,"ACH-000544":-3.081833356,"ACH-000545":-1.972189142,"ACH-000547":-2.96822067,"ACH-000548":-2.772830082,"ACH-000549":-3.089223752,"ACH-000550":20,"ACH-000551":-2.899383364,"ACH-000552":-2.838798945,"ACH-000556":-2.719743373,"ACH-000557":-2.418427665,"ACH-000563":3.532930043,