{"scores":{"ACH-000004":2.561447601,"ACH-000005":1.127084732,"ACH-000007":2.686839828,"ACH-000009":2.20748258,"ACH-000011":1.916093882,"ACH-000012":2.34368052,"ACH-000013":0.75163458,"ACH-000014":2.082143843,"ACH-000015":-1.496861889,"ACH-000017":-3.804469796,"ACH-000018":0.070264236,"ACH-000019":1.415738372,"ACH-000021":1.011580267,"ACH-000022":1.82083514,"ACH-000024":2.301608874,"ACH-000025":0.271808181,"ACH-000028":1.56583372,"ACH-000029":2.582817924,"ACH-000030":2.697769444,"ACH-000035":-0.532767939,"ACH-000036":-1.264433022,"ACH-000037":0.547246112,"ACH-000039":1.366087871,"ACH-000040":2.346364979,"ACH-000041":1.608049901,"ACH-000042":-7.850648971,"ACH-000045":2.684106447,"ACH-000047":-0.176214031,"ACH-000048":1.612867553,"ACH-000052":1.849087791,"ACH-000053":2.653269929,"ACH-000054":0.806732428,"ACH-000055":-15.24814811,"ACH-000060":-1.757208353,"ACH-000067":2.258555677,"ACH-000070":2.101140817,"ACH-000074":0.253554252,"ACH-000075":2.246822992,"ACH-000076":2.200362392,"ACH-000078":1.583158126,"ACH-000082":-2.797556854,"ACH-000085":1.705503604,"ACH-000086":1.015651797,"ACH-000087":2.594775929,"ACH-000092":2.473996062,"ACH-000095":-1.677715892,"ACH-000096":-4.499101917,"ACH-000097":2.239691936,"ACH-000098":0.729341997,"ACH-000099":2.087690906,"ACH-000108":0.88220922,"ACH-000111":1.385489197,"ACH-000113":-0.763897015,"ACH-000114":1.08810132,"ACH-000115":-1.924357926,"ACH-000116":0.126802858,"ACH-000118":0.407023377,"ACH-000120":2.206257778,"ACH-000123":1.321102523,"ACH-000127":2.58699652,"ACH-000128":1.298260178,"ACH-000132":2.041516504,"ACH-000133":-0.818563587,"ACH-000137":2.195137782,"ACH-000138":-2.896847244,"ACH-000141":2.356105966,"ACH-000142":0.264810309,"ACH-000143":1.486806894,"ACH-000146":2.299818633,"ACH-000148":2.089707425,"ACH-000150":1.528289497,"ACH-000151":1.73668676,"ACH-000152":0.786415855,"ACH-000153":-0.574113728,"ACH-000159":-0.035032958,"ACH-000160":2.613870985,"ACH-000163":2.023194513,"ACH-000164":-0.094120845,"ACH-000167":2.695384388,"ACH-000168":-0.874147016,"ACH-000169":2.697760587,"ACH-000174":-0.437623127,"ACH-000178":2.54158141,"ACH-000182":2.241456246,"ACH-000183":1.445342008,"ACH-000187":2.455931566,"ACH-000188":2.673841469,"ACH-000189":1.416310964,"ACH-000190":0.637298844,"ACH-000198":-1.706661576,"ACH-000200":0.040120438,"ACH-000202":1.136573183,"ACH-000204":2.156821541,"ACH-000206":-1.905800285,"ACH-000207":-0.048464148,"ACH-000209":1.607518449,"ACH-000211":1.812870344,"ACH-000212":1.632690028,"ACH-000215":1.032126107,"ACH-000217":1.523306713,"ACH-000219":2.190820317,"ACH-000221":2.204927367,"ACH-000222":2.288867176,"ACH-000223":2.593117405,"ACH-000226":1.174904917,"ACH-000227":2.668701784,"ACH-000228":2.117584845,"ACH-000231":1.39662737,"ACH-000232":1.714371671,"ACH-000233":2.21758855,"ACH-000234":1.646440597,"ACH-000235":-3.023230747,"ACH-000237":-1.269771268,"ACH-000238":2.640643853,"ACH-000243":2.179959531,"ACH-000244":1.787678928,"ACH-000246":1.33659696,"ACH-000247":2.418043246,"ACH-000248":1.907936871,"ACH-000249":1.23355433,"ACH-000250":2.010083699,"ACH-000251":1.904332537,"ACH-000253":0.832135371,"ACH-000255":0.550536175,"ACH-000256":1.605499164,"ACH-000257":1.676802972,"ACH-000258":1.28450764,"ACH-000259":1.894973682,"ACH-000260":2.471449841,"ACH-000261":2.524016016,"ACH-000262":-1.549602262,"ACH-000263":-0.991854712,"ACH-000264":1.994741186,"ACH-000265":-2.670303347,"ACH-000266":-1.692188543,"ACH-000271":1.939201763,"ACH-000272":1.188619468,"ACH-000273":0.909350085,"ACH-000274":2.354598391,"ACH-000276":0.040551665,"ACH-000277":2.515849132,"ACH-000278":2.214742074,"ACH-000279":1.189898716,"ACH-000280":1.016016273,"ACH-000281":2.028342075,"ACH-000286":1.508492225,"ACH-000288":1.438951807,"ACH-000290":1.816059881,"ACH-000291":-10.328381,"ACH-000292":2.536039289,"ACH-000293":2.135243361,"ACH-000294":2.014633248,"ACH-000295":0.153753354,"ACH-000296":1.756942353,"ACH-000302":1.161027795,"ACH-000304":1.616049184,"ACH-000305":2.392909576,"ACH-000307":0.363226283,"ACH-000308":2.040273012,"ACH-000310":2.028977818,"ACH-000311":-3.796723583,"ACH-000312":2.54799819,"ACH-000315":1.534867973,"ACH-000316":-0.720863993,"ACH-000317":2.670567957,"ACH-000318":-0.43052535,"ACH-000319":1.394707066,"ACH-000320":1.644628664,"ACH-000322":2.325071621,"ACH-000323":-4.379276522,"ACH-000324":2.603647366,"ACH-000326":-2.33780615,"ACH-000329":2.36511015,"ACH-000330":-3.609250654,"ACH-000331":0.822749539,"ACH-000332":0.297396066,"ACH-000334":1.769583873,"ACH-000335":2.547696296,"ACH-000336":-0.957581597,"ACH-000337":-3.096398914,"ACH-000339":-0.113566802,"ACH-000341":1.046546104,"ACH-000343":1.736806225,"ACH-000344":1.188120424,"ACH-000348":1.662728173,"ACH-000350":2.045504123,"ACH-000352":0.740101695,"ACH-000355":-11.30975991,"ACH-000356":1.509142196,"ACH-000361":0.021245695,"ACH-000362":2.085947463,"ACH-000363":2.476290172,"ACH-000364":0.608363367,"ACH-000365":0.807560197,"ACH-000366":2.378715474,"ACH-000368":2.321419704,"ACH-000370":1.107833669,"ACH-000374":1.589869499,"ACH-000375":-1.132288499,"ACH-000376":2.64264855,"ACH-000377":0.707869747,"ACH-000378":1.858339623,"ACH-000381":2.200568709,"ACH-000383":2.445169586,"ACH-000385":2.450696912,"ACH-000387":-3.414360967,"ACH-000389":1.914603508,"ACH-000390":2.191384594,"ACH-000393":-0.834540545,"ACH-000395":0.05743341,"ACH-000397":-4.572395916,"ACH-000401":-1.006134791,"ACH-000402":1.234846262,"ACH-000403":2.356295928,"ACH-000404":2.366182451,"ACH-000405":1.476691945,"ACH-000406":0.843473259,"ACH-000407":0.928050686,"ACH-000408":-2.509264179,"ACH-000410":1.118150743,"ACH-000411":1.899057088,"ACH-000414":1.72436365,"ACH-000415":2.116175606,"ACH-000416":2.644398809,"ACH-000420":1.495314332,"ACH-000421":2.630476539,"ACH-000422":0.524357281,"ACH-000424":-0.814098199,"ACH-000425":2.626886012,"ACH-000426":-1.300369703,"ACH-000427":1.031659347,"ACH-000431":2.40688777,"ACH-000433":-1.98216666,"ACH-000434":1.43079446,"ACH-000435":2.016449776,"ACH-000436":2.696574706,"ACH-000437":-0.13715147,"ACH-000438":1.618723456,"ACH-000444":2.424790846,"ACH-000445":2.230558807,"ACH-000448":0.879711047,"ACH-000450":-0.352051853,"ACH-000452":0.122070198,"ACH-000454":1.725256492,"ACH-000458":0.037175961,"ACH-000459":0.582425585,"ACH-000460":-0.070601022,"ACH-000461":1.21542917,"ACH-000463":2.045651981,"ACH-000464":-0.100428366,"ACH-000466":1.609654173,"ACH-000467":2.349019362,"ACH-000468":1.342104765,"ACH-000469":2.697876414,"ACH-000470":2.575597491,"ACH-000471":0.785840184,"ACH-000472":2.513724004,"ACH-000473":-0.417824399,"ACH-000475":2.519339887,"ACH-000476":1.767451081,"ACH-000477":2.616152926,"ACH-000478":-0.055749428,"ACH-000480":0.541081791,"ACH-000481":-1.194586487,"ACH-000483":-3.24713729,"ACH-000484":2.116797114,"ACH-000485":2.208852454,"ACH-000486":-2.308885048,"ACH-000487":-3.605617887,"ACH-000488":-0.288308116,"ACH-000490":2.657718053,"ACH-000491":-0.611766179,"ACH-000493":1.243939219,"ACH-000495":1.328900714,"ACH-000496":0.444140565,"ACH-000498":1.746642485,"ACH-000499":1.956307254,"ACH-000500":2.069281836,"ACH-000502":-1.179977227,"ACH-000503":1.517222109,"ACH-000504":2.078379634,"ACH-000505":1.310946593,"ACH-000507":2.219347242,"ACH-000510":2.614692781,"ACH-000511":2.658461059,"ACH-000512":-0.288060766,"ACH-000514":1.231216824,"ACH-000516":2.627132213,"ACH-000517":2.237359449,"ACH-000518":1.944452522,"ACH-000520":1.018389015,"ACH-000521":0.328698372,"ACH-000522":-9.45787452,"ACH-000524":-1.678071798,"ACH-000527":2.375846099,"ACH-000528":2.666198207,"ACH-000535":-2.785211627,"ACH-000537":2.240343119,"ACH-000541":1.031236689,"ACH-000542":-7.441569718,"ACH-000544":-6.216962823,"ACH-000545":1.532809987,"ACH-000547":-2.380371566,"ACH-000548":1.582604379,"ACH-000549":0.351049965,"ACH-000550":1.416440682,"ACH-000551":0.9941716,"ACH-000552":2.481957285,"ACH-000556":2.429904111,"ACH-000557":0.989228452,"ACH-000563":1.653447134,"ACH-000570":1.796074617,"ACH-000571":2.529573371,"ACH-000573":0.599023617,"ACH-000576":0.005141058,"ACH-000577":1.924612924,"ACH-000579":2.638370257,"ACH-000580":0.087513935,