{"scores":{"ACH-000004":3.943823634,"ACH-000005":3.741743736,"ACH-000007":3.686810776,"ACH-000009":-1.366333319,"ACH-000011":-13.99254915,"ACH-000012":4.593710472,"ACH-000013":-8.720555771,"ACH-000014":4.23345072,"ACH-000015":4.160387855,"ACH-000017":4.47285986,"ACH-000018":3.194391961,"ACH-000019":2.95693218,"ACH-000021":-5.519041695,"ACH-000022":4.433906987,"ACH-000024":4.570701592,"ACH-000025":4.226761443,"ACH-000028":3.871013626,"ACH-000029":3.262010263,"ACH-000030":-0.693042099,"ACH-000035":3.801928359,"ACH-000036":2.939936886,"ACH-000037":3.534383803,"ACH-000039":3.604662638,"ACH-000040":4.520495574,"ACH-000041":4.596346479,"ACH-000042":3.107979444,"ACH-000045":4.463946924,"ACH-000047":-6.2378388,"ACH-000048":4.488825007,"ACH-000052":1.951657686,"ACH-000053":2.016248875,"ACH-000054":4.032661649,"ACH-000055":3.94265887,"ACH-000060":0.89307351,"ACH-000067":4.48270017,"ACH-000070":3.207958965,"ACH-000074":3.960822219,"ACH-000075":4.409407639,"ACH-000076":4.0074302,"ACH-000078":3.203689598,"ACH-000082":4.590029112,"ACH-000085":4.590430079,"ACH-000086":1.492377705,"ACH-000087":4.51747598,"ACH-000092":3.77565207,"ACH-000095":2.134136792,"ACH-000096":-0.490041956,"ACH-000097":2.501275503,"ACH-000098":4.498773905,"ACH-000099":3.589105126,"ACH-000108":-4.10527026,"ACH-000111":3.320414566,"ACH-000113":3.785620599,"ACH-000114":2.732619633,"ACH-000115":4.158930697,"ACH-000116":-3.877769886,"ACH-000118":0.996572294,"ACH-000120":3.669294222,"ACH-000123":3.060136149,"ACH-000127":0.593387777,"ACH-000128":4.570089155,"ACH-000132":2.255858147,"ACH-000133":4.452529935,"ACH-000137":4.059856115,"ACH-000138":-0.946171004,"ACH-000141":3.52339806,"ACH-000142":4.471108432,"ACH-000143":3.376821494,"ACH-000146":3.203892228,"ACH-000148":2.166763767,"ACH-000150":4.539650869,"ACH-000151":4.05910837,"ACH-000152":4.546354713,"ACH-000153":3.56866459,"ACH-000159":-1.278091071,"ACH-000160":4.44042091,"ACH-000163":4.313567829,"ACH-000164":4.590254701,"ACH-000167":4.49157782,"ACH-000168":2.557104442,"ACH-000169":4.459705123,"ACH-000174":3.134107818,"ACH-000178":2.95151018,"ACH-000182":3.804588297,"ACH-000183":4.241719031,"ACH-000187":4.436309185,"ACH-000188":3.236079168,"ACH-000189":1.89271562,"ACH-000190":4.239814977,"ACH-000198":4.101369027,"ACH-000200":1.618248961,"ACH-000202":3.981599464,"ACH-000204":1.668031944,"ACH-000206":3.597231862,"ACH-000207":3.988615173,"ACH-000209":-2.246211143,"ACH-000211":4.478525317,"ACH-000212":4.492294169,"ACH-000215":4.562054437,"ACH-000217":2.76272085,"ACH-000219":4.385363049,"ACH-000221":4.452277253,"ACH-000222":2.287541882,"ACH-000223":3.861888218,"ACH-000226":4.594929277,"ACH-000227":1.987466872,"ACH-000228":4.14254621,"ACH-000231":3.088587128,"ACH-000232":4.452170871,"ACH-000233":3.995565282,"ACH-000234":-5.496989042,"ACH-000235":-2.566260046,"ACH-000237":0.527251414,"ACH-000238":2.56341869,"ACH-000243":2.928294554,"ACH-000244":4.361792699,"ACH-000246":-20,"ACH-000247":4.178534639,"ACH-000248":3.539430555,"ACH-000249":4.462259905,"ACH-000250":2.539673101,"ACH-000251":4.369790669,"ACH-000253":4.131519522,"ACH-000255":4.312300331,"ACH-000256":1.01506923,"ACH-000257":3.340853782,"ACH-000258":4.027800474,"ACH-000259":3.625267403,"ACH-000260":4.487422623,"ACH-000261":3.729202643,"ACH-000262":-4.008253168,"ACH-000263":3.610887705,"ACH-000264":3.884297715,"ACH-000265":4.4468655,"ACH-000266":3.41471811,"ACH-000271":4.085121664,"ACH-000272":-11.73059047,"ACH-000273":4.437374025,"ACH-000274":2.947904514,"ACH-000276":4.573428982,"ACH-000277":4.535931694,"ACH-000278":3.116382923,"ACH-000279":3.660138191,"ACH-000280":3.355559232,"ACH-000281":4.001067382,"ACH-000286":1.919191588,"ACH-000288":1.983634051,"ACH-000290":4.169107254,"ACH-000291":-0.458503896,"ACH-000292":4.037878512,"ACH-000293":-0.622787428,"ACH-000294":3.356078765,"ACH-000295":4.072257808,"ACH-000296":-2.82532111,"ACH-000302":-8.460986951,"ACH-000304":4.596268364,"ACH-000305":4.480243341,"ACH-000307":4.595368443,"ACH-000308":-3.753115429,"ACH-000310":2.458574226,"ACH-000311":3.766727195,"ACH-000312":3.345032702,"ACH-000315":4.565356279,"ACH-000316":2.319237531,"ACH-000317":-10.17261696,"ACH-000318":2.574392831,"ACH-000319":4.160304297,"ACH-000320":0.251305214,"ACH-000322":3.970933685,"ACH-000323":4.32386426,"ACH-000324":-8.848443606,"ACH-000326":3.742671808,"ACH-000329":4.473329922,"ACH-000330":4.236233784,"ACH-000331":-0.427351001,"ACH-000332":1.226814934,"ACH-000334":3.788792381,"ACH-000335":3.725127048,"ACH-000336":4.368399174,"ACH-000337":4.496761392,"ACH-000339":4.037734192,"ACH-000341":2.607826451,"ACH-000343":4.475015518,"ACH-000344":4.591262346,"ACH-000348":4.514573257,"ACH-000350":4.438004001,"ACH-000352":4.594054037,"ACH-000355":4.428183399,"ACH-000356":3.909109329,"ACH-000361":2.557867314,"ACH-000362":3.801055665,"ACH-000363":3.253383626,"ACH-000364":3.454536945,"ACH-000365":3.525962411,"ACH-000366":4.294516976,"ACH-000368":3.957520896,"ACH-000370":3.690504198,"ACH-000374":4.325275135,"ACH-000375":2.023442608,"ACH-000376":2.913293984,"ACH-000377":4.594588542,"ACH-000378":2.526019436,"ACH-000381":3.791075067,"ACH-000383":-0.14780514,"ACH-000385":4.418928733,"ACH-000387":3.781664184,"ACH-000389":4.060379264,"ACH-000390":2.911756734,"ACH-000393":3.213353376,"ACH-000395":1.359445072,"ACH-000397":-0.616607541,"ACH-000401":4.297410612,"ACH-000402":3.784776963,"ACH-000403":-5.772402343,"ACH-000404":4.503286289,"ACH-000405":4.504810876,"ACH-000406":3.495776206,"ACH-000407":3.805497739,"ACH-000408":4.247140317,"ACH-000410":2.967574176,"ACH-000411":-15.23530262,"ACH-000414":4.268528822,"ACH-000415":4.595614504,"ACH-000416":3.187581009,"ACH-000420":-1.297528345,"ACH-000421":4.542177828,"ACH-000422":3.239950854,"ACH-000424":4.412340585,"ACH-000425":4.080109925,"ACH-000426":4.505809355,"ACH-000427":3.098142289,"ACH-000431":3.225704975,"ACH-000433":-4.503810224,"ACH-000434":4.524498798,"ACH-000435":1.376601027,"ACH-000436":3.313864296,"ACH-000437":4.194997312,"ACH-000438":3.590920914,"ACH-000444":3.98606153,"ACH-000445":-0.544956431,"ACH-000448":4.342210082,"ACH-000450":4.585874943,"ACH-000452":4.466844024,"ACH-000454":4.082544135,"ACH-000458":4.583508288,"ACH-000459":2.86519527,"ACH-000460":-20,"ACH-000461":4.430065325,"ACH-000463":3.987376204,"ACH-000464":4.427488694,"ACH-000466":-7.858861096,"ACH-000467":1.362838119,"ACH-000468":4.591733572,"ACH-000469":4.122184489,"ACH-000470":1.095516998,"ACH-000471":-4.281940842,"ACH-000472":4.572424287,"ACH-000473":4.529251749,"ACH-000475":0.381614349,"ACH-000476":0.412342545,"ACH-000477":3.406982933,"ACH-000478":4.514808302,"ACH-000480":3.71143728,"ACH-000481":4.250116314,"ACH-000483":-4.476870392,"ACH-000484":-2.189631265,"ACH-000485":4.340612002,"ACH-000486":4.271777054,"ACH-000487":3.380316863,"ACH-000488":2.912916705,"ACH-000490":4.596196621,"ACH-000491":4.273309486,"ACH-000493":-8.380738008,"ACH-000495":3.034375382,"ACH-000496":-0.29863323,"ACH-000498":2.041037835,"ACH-000499":3.751401892,"ACH-000500":4.092721308,"ACH-000502":4.526064925,"ACH-000503":1.777370688,"ACH-000504":4.545137169,"ACH-000505":2.173334279,"ACH-000507":3.107684127,"ACH-000510":2.407341904,"ACH-000511":4.142921468,"ACH-000512":4.279039515,"ACH-000514":3.925494538,"ACH-000516":4.528771933,"ACH-000517":4.009835135,"ACH-000518":1.817854795,"ACH-000520":2.161474436,"ACH-000521":-0.994797713,"ACH-000522":4.589688276,"ACH-000524":-18.02242364,"ACH-000527":-14.88985465,"ACH-000528":-7.917954595,"ACH-000535":3.427448714,"ACH-000537":-8.315595809,"ACH-000541":2.135895423,"ACH-000542":2.877324235,"ACH-000544":4.576014083,"ACH-000545":4.116582747,"ACH-000547":-8.597265534,"ACH-000548":3.164641169,"ACH-000549":4.114563484,"ACH-000550":4.586827751,"ACH-000551":3.285333865,"ACH-000552":4.593517274,"ACH-000556":2.695263126,"ACH-000557":4.379818947,"ACH-000563":4.227693484,"ACH-000570":4.583832516,"ACH-000571":4.244036536,"ACH-000573":4.589056428,"ACH-000576":4.148780345,"ACH-000577":4.573549029,"ACH-000579":3.209681969,"ACH-000580":3.962132493,"ACH-000581":2.630174479,