{"scores":{"ACH-000004":7.781314649,"ACH-000005":8.276595706,"ACH-000007":7.781297358,"ACH-000009":6.522405866,"ACH-000011":8.375742182,"ACH-000012":7.840656731,"ACH-000013":7.93117913,"ACH-000014":6.93161064,"ACH-000015":6.813224742,"ACH-000017":8.429360607,"ACH-000018":8.056506254,"ACH-000019":7.179426037,"ACH-000021":5.934853416,"ACH-000022":7.284475642,"ACH-000024":7.792707075,"ACH-000025":8.462379039,"ACH-000028":7.969027325,"ACH-000029":7.511169375,"ACH-000030":4.204890627,"ACH-000035":7.812459963,"ACH-000036":8.393513845,"ACH-000037":6.096095649,"ACH-000039":7.495417014,"ACH-000040":5.616242654,"ACH-000041":3.95901916,"ACH-000042":5.454815729,"ACH-000045":8.443472448,"ACH-000047":6.277524317,"ACH-000048":8.445445811,"ACH-000052":8.317618008,"ACH-000053":7.432576165,"ACH-000054":7.527268914,"ACH-000055":8.511663631,"ACH-000060":8.41873862,"ACH-000067":4.73523779,"ACH-000070":-18.16075334,"ACH-000074":7.394934513,"ACH-000075":6.306865333,"ACH-000076":7.742270808,"ACH-000078":6.329596228,"ACH-000082":7.269455218,"ACH-000085":5.652405888,"ACH-000086":7.07105734,"ACH-000087":7.437194628,"ACH-000092":6.129487647,"ACH-000095":7.82822004,"ACH-000096":7.478636816,"ACH-000097":8.503998208,"ACH-000098":6.241028193,"ACH-000099":6.837158008,"ACH-000108":7.739327533,"ACH-000111":8.470298381,"ACH-000113":8.480941781,"ACH-000114":4.807839206,"ACH-000115":8.27847455,"ACH-000116":8.192572122,"ACH-000118":7.520398061,"ACH-000120":7.720526385,"ACH-000123":7.452155868,"ACH-000127":7.083359209,"ACH-000128":8.433230715,"ACH-000132":5.749241155,"ACH-000133":8.03592021,"ACH-000137":8.057090645,"ACH-000138":8.439340104,"ACH-000141":7.698289539,"ACH-000142":8.510255121,"ACH-000143":6.534516313,"ACH-000146":7.214103861,"ACH-000148":6.41832601,"ACH-000150":7.274807599,"ACH-000151":-2.319852661,"ACH-000152":7.533567112,"ACH-000153":8.064334632,"ACH-000159":6.517192446,"ACH-000160":7.77368349,"ACH-000163":6.305913614,"ACH-000164":4.319051123,"ACH-000167":-5.848863082,"ACH-000168":7.984327841,"ACH-000169":7.776183199,"ACH-000174":8.116034093,"ACH-000178":8.246981014,"ACH-000182":7.561017566,"ACH-000183":7.572312582,"ACH-000187":7.255516998,"ACH-000188":5.910676145,"ACH-000189":3.816780468,"ACH-000190":8.331902221,"ACH-000198":7.600048984,"ACH-000200":6.796182933,"ACH-000202":8.509647872,"ACH-000204":6.014831903,"ACH-000206":8.394134205,"ACH-000207":7.326997021,"ACH-000209":8.24911284,"ACH-000211":6.368873041,"ACH-000212":7.606149633,"ACH-000215":6.462362525,"ACH-000217":6.429252073,"ACH-000219":8.495493688,"ACH-000221":2.377200743,"ACH-000222":6.09714256,"ACH-000223":8.001444117,"ACH-000226":6.472171702,"ACH-000227":8.295914428,"ACH-000228":7.655326573,"ACH-000231":8.027111824,"ACH-000232":6.971059442,"ACH-000233":8.013867928,"ACH-000234":6.256835102,"ACH-000235":4.615378642,"ACH-000237":5.745498193,"ACH-000238":7.624623617,"ACH-000243":8.136174624,"ACH-000244":3.677302762,"ACH-000246":7.903849721,"ACH-000247":7.704426873,"ACH-000248":8.496294767,"ACH-000249":8.498820626,"ACH-000250":8.359689035,"ACH-000251":6.567657522,"ACH-000253":8.370408834,"ACH-000255":6.712277687,"ACH-000256":8.094814445,"ACH-000257":8.09595693,"ACH-000258":8.393417189,"ACH-000259":8.38169518,"ACH-000260":6.693980295,"ACH-000261":6.919096554,"ACH-000262":7.397338,"ACH-000263":7.972222559,"ACH-000264":7.093602777,"ACH-000265":6.495009779,"ACH-000266":4.2601029,"ACH-000271":6.303825296,"ACH-000272":1.072771481,"ACH-000273":7.833292427,"ACH-000274":6.293028695,"ACH-000276":5.068948465,"ACH-000277":8.446624015,"ACH-000278":3.45727242,"ACH-000279":4.466834457,"ACH-000280":7.019461257,"ACH-000281":6.88413138,"ACH-000286":8.442484318,"ACH-000288":8.170400888,"ACH-000290":6.407586634,"ACH-000291":6.193373191,"ACH-000292":6.208814679,"ACH-000293":5.68405035,"ACH-000294":6.744080914,"ACH-000295":8.493289287,"ACH-000296":6.535983678,"ACH-000302":6.270949844,"ACH-000304":7.285206889,"ACH-000305":6.816126973,"ACH-000307":7.294445959,"ACH-000308":5.689395102,"ACH-000310":7.285156172,"ACH-000311":7.598573284,"ACH-000312":8.344283766,"ACH-000315":-9.814578945,"ACH-000316":6.724648435,"ACH-000317":7.261851571,"ACH-000318":8.456591971,"ACH-000319":8.506674051,"ACH-000320":7.876447524,"ACH-000322":4.528880795,"ACH-000323":8.40076393,"ACH-000324":8.509564838,"ACH-000326":7.541657535,"ACH-000329":8.013927823,"ACH-000330":7.501056725,"ACH-000331":8.353596218,"ACH-000332":5.211399143,"ACH-000334":-1.436470645,"ACH-000335":7.328554696,"ACH-000336":7.599989904,"ACH-000337":4.988313446,"ACH-000339":5.338225992,"ACH-000341":8.391588816,"ACH-000343":8.339516329,"ACH-000344":7.977593186,"ACH-000348":6.215145565,"ACH-000350":7.892937784,"ACH-000352":7.999666464,"ACH-000355":7.365158536,"ACH-000356":8.508847666,"ACH-000361":8.511551928,"ACH-000362":8.357231055,"ACH-000363":7.84269111,"ACH-000364":6.524970686,"ACH-000365":-20,"ACH-000366":5.529906704,"ACH-000368":5.753593898,"ACH-000370":8.205674643,"ACH-000374":7.224238271,"ACH-000375":8.157513153,"ACH-000376":8.141723403,"ACH-000377":8.457417664,"ACH-000378":7.813057839,"ACH-000381":5.055144674,"ACH-000383":7.434986153,"ACH-000385":5.3470126,"ACH-000387":6.665180038,"ACH-000389":8.498000357,"ACH-000390":3.883817787,"ACH-000393":8.219739626,"ACH-000395":8.43605334,"ACH-000397":7.112928767,"ACH-000401":8.126493465,"ACH-000402":-9.380809202,"ACH-000403":8.201336072,"ACH-000404":7.033251168,"ACH-000405":-10.55566136,"ACH-000406":6.602385833,"ACH-000407":7.992494864,"ACH-000408":7.752533476,"ACH-000410":7.372704341,"ACH-000411":7.835981254,"ACH-000414":8.056714572,"ACH-000415":6.828906283,"ACH-000416":7.38088531,"ACH-000420":6.552315906,"ACH-000421":8.07090213,"ACH-000422":5.922223453,"ACH-000424":8.028471604,"ACH-000425":8.473034672,"ACH-000426":3.513404473,"ACH-000427":7.617958506,"ACH-000431":8.49865749,"ACH-000433":6.083306275,"ACH-000434":6.461361809,"ACH-000435":1.8085643,"ACH-000436":7.613050723,"ACH-000437":8.253462527,"ACH-000438":7.407762059,"ACH-000444":7.484063821,"ACH-000445":6.567900712,"ACH-000448":6.672573194,"ACH-000450":6.205153124,"ACH-000452":6.299347361,"ACH-000454":5.640803207,"ACH-000458":6.61993805,"ACH-000459":4.780197544,"ACH-000460":7.96232303,"ACH-000461":8.184788123,"ACH-000463":7.898258986,"ACH-000464":7.850618971,"ACH-000466":6.255339205,"ACH-000467":8.291923395,"ACH-000468":6.098007785,"ACH-000469":7.140502482,"ACH-000470":8.431362587,"ACH-000471":7.606091928,"ACH-000472":6.664452631,"ACH-000473":6.883301195,"ACH-000475":7.1033509,"ACH-000476":8.110385498,"ACH-000477":7.31321249,"ACH-000478":7.374162875,"ACH-000480":4.604377811,"ACH-000481":6.29754614,"ACH-000483":5.949436019,"ACH-000484":5.298767863,"ACH-000485":8.47974169,"ACH-000486":8.456560892,"ACH-000487":8.294953886,"ACH-000488":8.235179297,"ACH-000490":7.185498224,"ACH-000491":8.44291467,"ACH-000493":7.901184019,"ACH-000495":8.005316063,"ACH-000496":8.244858463,"ACH-000498":5.709779144,"ACH-000499":5.886188401,"ACH-000500":7.414400674,"ACH-000502":7.362631612,"ACH-000503":7.878797771,"ACH-000504":7.371571367,"ACH-000505":7.367922753,"ACH-000507":8.155667014,"ACH-000510":7.962239055,"ACH-000511":7.252605166,"ACH-000512":6.432384464,"ACH-000514":8.507882892,"ACH-000516":7.595544931,"ACH-000517":7.646001953,"ACH-000518":8.02916528,"ACH-000520":8.449271162,"ACH-000521":7.887078421,"ACH-000522":8.45858457,"ACH-000524":6.342503509,"ACH-000527":7.962536053,"ACH-000528":6.408892623,"ACH-000535":5.057664217,"ACH-000537":7.948258678,"ACH-000541":8.222939054,"ACH-000542":6.745576389,"ACH-000544":7.26940776,"ACH-000545":8.204683519,"ACH-000547":3.315921194,"ACH-000548":6.973462082,"ACH-000549":7.815252305,"ACH-000550":7.924345546,"ACH-000551":7.13500227,"ACH-000552":8.497419703,"ACH-000556":6.92265734,"ACH-000557":6.130895115,"ACH-000563":6.459511867,"ACH-000570":7.553095336,"ACH-000571":4.833690446,"ACH-000573":8.385995329,"ACH-000576":5.459661097,"ACH-000577":7.06579465,"ACH-000579":5.362431588,"ACH-000580":5.752145739,"ACH-000581":8.489698544,"ACH-000583":-0.791502841,"ACH-000584":5.096665786,