{"scores":{"ACH-000004":2.068443368,"ACH-000005":1.377322887,"ACH-000007":-2.089564335,"ACH-000009":2.546199438,"ACH-000011":3.50611974,"ACH-000012":2.232483141,"ACH-000013":1.258156439,"ACH-000014":0.519338764,"ACH-000015":1.953986619,"ACH-000017":0.505150423,"ACH-000018":2.871517938,"ACH-000019":2.530410417,"ACH-000021":2.501768508,"ACH-000022":1.753719944,"ACH-000024":3.339874209,"ACH-000025":1.572248506,"ACH-000028":-1.81158492,"ACH-000029":0.8591815,"ACH-000030":1.854574651,"ACH-000035":0.304882497,"ACH-000036":3.541609849,"ACH-000037":1.779578104,"ACH-000039":3.101888397,"ACH-000040":2.936628696,"ACH-000041":1.923871387,"ACH-000042":2.650557679,"ACH-000045":1.20114272,"ACH-000047":-1.495184623,"ACH-000048":0.050120933,"ACH-000052":2.241288937,"ACH-000053":2.538245531,"ACH-000054":3.077787206,"ACH-000055":2.486690161,"ACH-000060":1.628989246,"ACH-000067":1.798274067,"ACH-000070":-2.109968031,"ACH-000074":-2.108383139,"ACH-000075":1.925903135,"ACH-000076":-2.144400595,"ACH-000078":3.143287288,"ACH-000082":2.769568056,"ACH-000085":2.681426909,"ACH-000086":2.226202041,"ACH-000087":1.137759823,"ACH-000092":2.581465604,"ACH-000095":3.490278779,"ACH-000096":2.70100529,"ACH-000097":2.699589654,"ACH-000098":2.994431194,"ACH-000099":1.760726593,"ACH-000108":2.947414964,"ACH-000111":1.230409552,"ACH-000113":-1.935463396,"ACH-000114":2.474798919,"ACH-000115":2.652505689,"ACH-000116":1.853393832,"ACH-000118":-1.436962344,"ACH-000120":3.158028059,"ACH-000123":1.412004625,"ACH-000127":2.487881559,"ACH-000128":1.829879805,"ACH-000132":2.278147433,"ACH-000133":3.301517831,"ACH-000137":2.563479429,"ACH-000138":0.55337288,"ACH-000141":0.061313493,"ACH-000142":3.416160431,"ACH-000143":2.29446071,"ACH-000146":-4.269315155,"ACH-000148":-0.18041114,"ACH-000150":2.221677068,"ACH-000151":1.767077208,"ACH-000152":1.104089308,"ACH-000153":0.690363337,"ACH-000159":2.240769255,"ACH-000160":-2.196917449,"ACH-000163":2.620802803,"ACH-000164":2.067958123,"ACH-000167":3.071753644,"ACH-000168":3.490966875,"ACH-000169":2.526245477,"ACH-000174":3.358086235,"ACH-000178":3.55241041,"ACH-000182":-7.204562623,"ACH-000183":-0.627576909,"ACH-000187":-4.469737801,"ACH-000188":3.403636,"ACH-000189":1.250914674,"ACH-000190":-0.060277313,"ACH-000198":-2.154348182,"ACH-000200":2.474165181,"ACH-000202":0.715692689,"ACH-000204":3.403500305,"ACH-000206":0.740009496,"ACH-000207":0.968024375,"ACH-000209":1.869686856,"ACH-000211":2.69848933,"ACH-000212":1.769293018,"ACH-000215":1.702471859,"ACH-000217":-3.816705471,"ACH-000219":0.768514951,"ACH-000221":1.556180492,"ACH-000222":2.001109971,"ACH-000223":1.832044464,"ACH-000226":2.95867875,"ACH-000227":2.383212262,"ACH-000228":3.145826162,"ACH-000231":3.278805051,"ACH-000232":2.515187331,"ACH-000233":-0.4864224,"ACH-000234":3.219550187,"ACH-000235":2.970613134,"ACH-000237":3.257908562,"ACH-000238":1.866827463,"ACH-000243":0.881518774,"ACH-000244":1.95849575,"ACH-000246":-1.349125312,"ACH-000247":-0.464073953,"ACH-000248":2.631786912,"ACH-000249":0.143524388,"ACH-000250":3.277593512,"ACH-000251":2.282906646,"ACH-000253":3.431404035,"ACH-000255":2.124841706,"ACH-000256":1.458451616,"ACH-000257":2.530410177,"ACH-000258":1.005009547,"ACH-000259":2.734403444,"ACH-000260":3.400202007,"ACH-000261":1.055097547,"ACH-000262":2.224896004,"ACH-000263":2.151722553,"ACH-000264":1.770778478,"ACH-000265":-5.250544042,"ACH-000266":2.336055367,"ACH-000271":-4.194414753,"ACH-000272":2.217556509,"ACH-000273":2.43076617,"ACH-000274":2.565991515,"ACH-000276":3.36743159,"ACH-000277":-1.133695507,"ACH-000278":1.702731153,"ACH-000279":-1.784879552,"ACH-000280":3.502984385,"ACH-000281":0.389461117,"ACH-000286":-4.379586668,"ACH-000288":0.177672743,"ACH-000290":2.882992676,"ACH-000291":1.469503722,"ACH-000292":-0.106998835,"ACH-000293":3.004542045,"ACH-000294":0.238425329,"ACH-000295":1.644399181,"ACH-000296":3.01844666,"ACH-000302":2.599241905,"ACH-000304":1.151630341,"ACH-000305":1.768030326,"ACH-000307":1.817996889,"ACH-000308":2.634060782,"ACH-000310":3.422695173,"ACH-000311":2.418315955,"ACH-000312":-2.158000024,"ACH-000315":2.15872413,"ACH-000316":2.669437377,"ACH-000317":-4.295502129,"ACH-000318":2.348911768,"ACH-000319":3.168516595,"ACH-000320":1.181644412,"ACH-000322":0.985760172,"ACH-000323":2.774518483,"ACH-000324":3.543527965,"ACH-000326":-3.608236225,"ACH-000329":-2.08597256,"ACH-000330":-0.087979996,"ACH-000331":2.259807209,"ACH-000332":3.531828903,"ACH-000334":0.775253404,"ACH-000335":0.620779772,"ACH-000336":-0.411685878,"ACH-000337":2.416640073,"ACH-000339":-1.547257487,"ACH-000341":2.767965235,"ACH-000343":2.102292838,"ACH-000344":3.136630518,"ACH-000348":1.842109722,"ACH-000350":-0.285351206,"ACH-000352":-0.422690302,"ACH-000355":2.131721268,"ACH-000356":1.814081855,"ACH-000361":1.824724649,"ACH-000362":0.736117831,"ACH-000363":-2.083928766,"ACH-000364":1.047795877,"ACH-000365":0.002484696,"ACH-000366":3.041240937,"ACH-000368":2.456410327,"ACH-000370":1.153931799,"ACH-000374":-1.235539373,"ACH-000375":1.989396058,"ACH-000376":-0.775398477,"ACH-000377":-1.200235935,"ACH-000378":1.550653603,"ACH-000381":1.678646702,"ACH-000383":1.316292926,"ACH-000385":2.685368712,"ACH-000387":1.638649411,"ACH-000389":2.766509842,"ACH-000390":1.08701135,"ACH-000393":2.967704898,"ACH-000395":2.176292086,"ACH-000397":2.95305502,"ACH-000401":1.5960459,"ACH-000402":0.398678226,"ACH-000403":1.86975421,"ACH-000404":1.533394554,"ACH-000405":-0.661959368,"ACH-000406":1.220632927,"ACH-000407":2.022907364,"ACH-000408":0.050732659,"ACH-000410":2.01537366,"ACH-000411":3.480483659,"ACH-000414":1.102797951,"ACH-000415":1.900016684,"ACH-000416":3.310424432,"ACH-000420":2.539864988,"ACH-000421":2.547128781,"ACH-000422":2.27784709,"ACH-000424":1.099342231,"ACH-000425":3.317421874,"ACH-000426":2.634183306,"ACH-000427":-0.221159028,"ACH-000431":3.127988348,"ACH-000433":1.923456895,"ACH-000434":0.792586364,"ACH-000435":2.796366576,"ACH-000436":2.945862542,"ACH-000437":3.521836422,"ACH-000438":3.187763108,"ACH-000444":1.579034675,"ACH-000445":3.467504696,"ACH-000448":2.608344597,"ACH-000450":-1.756417968,"ACH-000452":2.682899461,"ACH-000454":-0.540492355,"ACH-000458":2.8525172,"ACH-000459":-4.979060725,"ACH-000460":2.031683817,"ACH-000461":0.762881989,"ACH-000463":3.341561547,"ACH-000464":2.736379157,"ACH-000466":0.936049551,"ACH-000467":-2.316093729,"ACH-000468":3.047162609,"ACH-000469":-1.138753737,"ACH-000470":3.217256293,"ACH-000471":3.112944866,"ACH-000472":0.46877444,"ACH-000473":1.811612515,"ACH-000475":2.153608067,"ACH-000476":0.812152389,"ACH-000477":2.441637021,"ACH-000478":3.327364333,"ACH-000480":1.479395098,"ACH-000481":1.238976635,"ACH-000483":2.636200986,"ACH-000484":1.652071864,"ACH-000485":1.297735514,"ACH-000486":1.270358189,"ACH-000487":-3.725971832,"ACH-000488":-7.555089756,"ACH-000490":2.959245621,"ACH-000491":0.006594498,"ACH-000493":3.303599536,"ACH-000495":3.011028184,"ACH-000496":1.842922232,"ACH-000498":1.621122071,"ACH-000499":-0.69184414,"ACH-000500":0.008404378,"ACH-000502":3.351397168,"ACH-000503":2.984247716,"ACH-000504":0.935169629,"ACH-000505":2.459263323,"ACH-000507":1.261851461,"ACH-000510":2.986911484,"ACH-000511":3.033380769,"ACH-000512":-0.782112656,"ACH-000514":0.887085055,"ACH-000516":2.529322989,"ACH-000517":2.651164115,"ACH-000518":2.1228045,"ACH-000520":2.240524007,"ACH-000521":2.284203746,"ACH-000522":1.742998313,"ACH-000524":2.428166719,"ACH-000527":3.520814771,"ACH-000528":-0.356196821,"ACH-000535":0.944217168,"ACH-000537":2.224609805,"ACH-000541":1.550185328,"ACH-000542":2.765806189,"ACH-000544":1.960928345,"ACH-000545":1.548826199,"ACH-000547":0.432220378,"ACH-000548":3.033395477,"ACH-000549":2.778446009,"ACH-000550":3.023095682,"ACH-000551":-1.91919185,"ACH-000552":2.755396105,"ACH-000556":1.860158677,"ACH-000557":1.64184881,"ACH-000563":0.784881063,"ACH-000570":2.518689603,"ACH-000571":1.397510105,"ACH-000573":2.218083712,"ACH-000576":3.526180712,"ACH-000577":1.171070636,"ACH-000579":1.84049792,"ACH-000580":1.956003963,"ACH-000581":2.597989517,