{"scores":{"ACH-000004":-2.802008808,"ACH-000005":2.258611352,"ACH-000007":2.017748761,"ACH-000009":1.655500832,"ACH-000011":1.348908343,"ACH-000012":-6.225408522,"ACH-000013":2.12554913,"ACH-000014":2.117306569,"ACH-000015":2.083339869,"ACH-000017":-20,"ACH-000018":-0.130375673,"ACH-000019":2.263685575,"ACH-000021":-10.2873735,"ACH-000022":2.142559363,"ACH-000024":1.759973237,"ACH-000025":2.164992154,"ACH-000028":-20,"ACH-000029":-20,"ACH-000030":-12.26875092,"ACH-000035":2.03672813,"ACH-000036":2.268812783,"ACH-000037":1.267647602,"ACH-000039":1.820671401,"ACH-000040":2.249261331,"ACH-000041":2.096427669,"ACH-000042":1.907683907,"ACH-000045":2.270688765,"ACH-000047":1.486213512,"ACH-000048":2.261152354,"ACH-000052":2.121754706,"ACH-000053":-4.030520711,"ACH-000054":2.079795559,"ACH-000055":0.677905101,"ACH-000060":0.902680932,"ACH-000067":1.630644266,"ACH-000070":-1.244297079,"ACH-000074":2.246321252,"ACH-000075":-0.196479649,"ACH-000076":-20,"ACH-000078":2.08715963,"ACH-000082":2.144960745,"ACH-000085":2.238839074,"ACH-000086":2.266356848,"ACH-000087":2.185924969,"ACH-000092":2.03300096,"ACH-000095":2.074781708,"ACH-000096":2.251808994,"ACH-000097":2.047397713,"ACH-000098":1.882714581,"ACH-000099":2.268125309,"ACH-000108":2.166879211,"ACH-000111":2.268779038,"ACH-000113":-20,"ACH-000114":2.239891726,"ACH-000115":-20,"ACH-000116":1.8763264,"ACH-000118":-14.29461609,"ACH-000120":2.051242435,"ACH-000123":2.126485774,"ACH-000127":1.701054322,"ACH-000128":2.030725201,"ACH-000132":2.254762348,"ACH-000133":2.132129509,"ACH-000137":2.079561711,"ACH-000138":-1.982741262,"ACH-000141":1.121040153,"ACH-000142":1.873033284,"ACH-000143":2.136871228,"ACH-000146":-5.639813404,"ACH-000148":1.930596323,"ACH-000150":2.212585543,"ACH-000151":2.108519591,"ACH-000152":2.245172246,"ACH-000153":-20,"ACH-000159":1.239173936,"ACH-000160":2.061423409,"ACH-000163":1.974796627,"ACH-000164":-2.311779291,"ACH-000167":0.734693464,"ACH-000168":1.229614477,"ACH-000169":1.573283199,"ACH-000174":1.329285673,"ACH-000178":1.871374954,"ACH-000182":-20,"ACH-000183":1.637745184,"ACH-000187":1.346965499,"ACH-000188":1.993687126,"ACH-000189":1.917601446,"ACH-000190":2.084480815,"ACH-000198":2.148684925,"ACH-000200":2.222533712,"ACH-000202":2.199820519,"ACH-000204":2.217576404,"ACH-000206":1.412048016,"ACH-000207":1.259723054,"ACH-000209":0.844476402,"ACH-000211":-0.028032307,"ACH-000212":2.21684293,"ACH-000215":1.217335168,"ACH-000217":2.193057944,"ACH-000219":1.350168123,"ACH-000221":1.342205972,"ACH-000222":1.847169685,"ACH-000223":-5.296709724,"ACH-000226":1.12825683,"ACH-000227":1.971132188,"ACH-000228":2.233730308,"ACH-000231":1.802430878,"ACH-000232":2.270688765,"ACH-000233":-0.445650668,"ACH-000234":2.171233875,"ACH-000235":-20,"ACH-000237":2.270665315,"ACH-000238":1.610227778,"ACH-000243":-4.770294132,"ACH-000244":2.270688765,"ACH-000246":2.268419377,"ACH-000247":1.56621868,"ACH-000248":2.269620976,"ACH-000249":1.804008637,"ACH-000250":-7.504650507,"ACH-000251":-2.358495665,"ACH-000253":1.707261664,"ACH-000255":2.18116588,"ACH-000256":1.143707433,"ACH-000257":2.203071029,"ACH-000258":2.211159093,"ACH-000259":2.194495974,"ACH-000260":0.754631407,"ACH-000261":1.893813204,"ACH-000262":1.921400542,"ACH-000263":1.837198454,"ACH-000264":2.259465275,"ACH-000265":-0.867814834,"ACH-000266":2.270529207,"ACH-000271":2.055089033,"ACH-000272":-20,"ACH-000273":1.134734388,"ACH-000274":2.258556938,"ACH-000276":1.911142369,"ACH-000277":2.230236982,"ACH-000278":1.909052997,"ACH-000279":2.135701175,"ACH-000280":1.977764753,"ACH-000281":1.741645887,"ACH-000286":0.946114999,"ACH-000288":1.98128672,"ACH-000290":2.242877948,"ACH-000291":2.208372165,"ACH-000292":2.270582287,"ACH-000293":2.134378223,"ACH-000294":-5.507318887,"ACH-000295":-0.572514669,"ACH-000296":2.14145971,"ACH-000302":2.265648274,"ACH-000304":1.605675553,"ACH-000305":0.694596634,"ACH-000307":1.508080208,"ACH-000308":2.24074085,"ACH-000310":2.221430143,"ACH-000311":1.850909856,"ACH-000312":2.167847714,"ACH-000315":1.704031062,"ACH-000316":2.270617207,"ACH-000317":-5.799221788,"ACH-000318":1.884347028,"ACH-000319":2.252155315,"ACH-000320":0.677470188,"ACH-000322":2.261722152,"ACH-000323":2.078697356,"ACH-000324":-8.070918997,"ACH-000326":-20,"ACH-000329":2.198767298,"ACH-000330":2.182285032,"ACH-000331":1.776984223,"ACH-000332":1.46324651,"ACH-000334":2.254207516,"ACH-000335":2.153962395,"ACH-000336":2.190277574,"ACH-000337":-20,"ACH-000339":2.19824848,"ACH-000341":2.053604733,"ACH-000343":2.270659368,"ACH-000344":2.090717858,"ACH-000348":1.611319769,"ACH-000350":2.269246888,"ACH-000352":-0.802898469,"ACH-000355":2.147575812,"ACH-000356":2.178715177,"ACH-000361":-1.291232597,"ACH-000362":2.259846649,"ACH-000363":2.046048449,"ACH-000364":1.419093297,"ACH-000365":1.857484995,"ACH-000366":2.248086067,"ACH-000368":1.379253428,"ACH-000370":2.022568099,"ACH-000374":-0.256400029,"ACH-000375":2.157644926,"ACH-000376":1.832477591,"ACH-000377":1.876807028,"ACH-000378":1.423654211,"ACH-000381":1.870060249,"ACH-000383":0.952102542,"ACH-000385":1.068158223,"ACH-000387":-3.685814151,"ACH-000389":2.017846043,"ACH-000390":1.901797086,"ACH-000393":1.890375199,"ACH-000395":1.277781897,"ACH-000397":2.096839562,"ACH-000401":2.23198758,"ACH-000402":1.210726356,"ACH-000403":2.213794047,"ACH-000404":1.974380453,"ACH-000405":1.624267063,"ACH-000406":2.035859395,"ACH-000407":1.77415011,"ACH-000408":1.626186018,"ACH-000410":2.041377745,"ACH-000411":0.996285106,"ACH-000414":1.826778561,"ACH-000415":1.311034174,"ACH-000416":1.066435286,"ACH-000420":2.239847697,"ACH-000421":2.128495205,"ACH-000422":2.196686566,"ACH-000424":1.795299574,"ACH-000425":2.263239182,"ACH-000426":1.137897307,"ACH-000427":-0.467097443,"ACH-000431":2.190457867,"ACH-000433":1.175946244,"ACH-000434":2.214889178,"ACH-000435":2.083277213,"ACH-000436":1.620077466,"ACH-000437":2.217440254,"ACH-000438":1.237754864,"ACH-000444":2.035377406,"ACH-000445":2.270636553,"ACH-000448":2.267106937,"ACH-000450":1.274842692,"ACH-000452":2.243497746,"ACH-000454":2.032021229,"ACH-000458":-0.3167388,"ACH-000459":1.892155609,"ACH-000460":1.955857868,"ACH-000461":2.266312435,"ACH-000463":1.576132775,"ACH-000464":2.270390131,"ACH-000466":1.926855988,"ACH-000467":2.218795832,"ACH-000468":2.256232089,"ACH-000469":2.140669656,"ACH-000470":1.366124331,"ACH-000471":1.099244136,"ACH-000472":2.191566462,"ACH-000473":2.270625439,"ACH-000475":2.142762984,"ACH-000476":2.097291597,"ACH-000477":0.500725783,"ACH-000478":2.25649901,"ACH-000480":0.899177726,"ACH-000481":2.254004016,"ACH-000483":1.666411078,"ACH-000484":1.365736974,"ACH-000485":2.187109744,"ACH-000486":2.267291438,"ACH-000487":2.25351285,"ACH-000488":1.068438207,"ACH-000490":2.27063987,"ACH-000491":2.265145274,"ACH-000493":2.261047203,"ACH-000495":2.238283081,"ACH-000496":-20,"ACH-000498":2.262940813,"ACH-000499":0.184496041,"ACH-000500":1.176894381,"ACH-000502":1.483730836,"ACH-000503":2.141255273,"ACH-000504":2.169234525,"ACH-000505":2.194111388,"ACH-000507":2.23478693,"ACH-000510":1.15345234,"ACH-000511":2.001745472,"ACH-000512":-20,"ACH-000514":2.268066659,"ACH-000516":2.268304984,"ACH-000517":1.966882819,"ACH-000518":0.94073714,"ACH-000520":2.270688765,"ACH-000521":-2.081810001,"ACH-000522":2.256764602,"ACH-000524":2.177801665,"ACH-000527":-7.814283906,"ACH-000528":2.265089618,"ACH-000535":2.269560682,"ACH-000537":1.303595235,"ACH-000541":2.26121118,"ACH-000542":2.26994597,"ACH-000544":1.688533871,"ACH-000545":2.037932314,"ACH-000547":2.149148707,"ACH-000548":2.266924123,"ACH-000549":2.11619317,"ACH-000550":2.217554024,"ACH-000551":2.268573791,"ACH-000552":2.259482368,"ACH-000556":2.099380114,"ACH-000557":1.970509661,"ACH-000563":2.217145809,"ACH-000570":0.960964127,"ACH-000571":2.264815909,"ACH-000573":-20,"ACH-000576":2.14480664,"ACH-000577":2.213451009,"ACH-000579":2.155172901,"ACH-000580":2.180201267,"ACH-000581":0.846432174,"ACH-000583":-20,"ACH-000584":2.260923503,"ACH-000585":1.224491509,"ACH-000587":0.987027441,"ACH-000588":1.017952657,