{"scores":{"ACH-000004":-16.40343145,"ACH-000005":-4.474650644,"ACH-000007":2.261670046,"ACH-000009":2.199216785,"ACH-000011":2.21864606,"ACH-000012":-3.00012307,"ACH-000013":1.985271854,"ACH-000014":2.228280961,"ACH-000015":2.254736694,"ACH-000017":1.820512003,"ACH-000018":-20,"ACH-000019":2.082000873,"ACH-000021":-2.951201489,"ACH-000022":2.065462169,"ACH-000024":-0.326103274,"ACH-000025":2.252418115,"ACH-000028":1.397475265,"ACH-000029":-20,"ACH-000030":-2.209721281,"ACH-000035":2.168747525,"ACH-000036":2.259225539,"ACH-000037":1.740369327,"ACH-000039":1.028974716,"ACH-000040":2.261102734,"ACH-000041":2.255519572,"ACH-000042":2.252295286,"ACH-000045":1.639291955,"ACH-000047":-1.341424625,"ACH-000048":2.164958301,"ACH-000052":1.932403556,"ACH-000053":1.362218491,"ACH-000054":2.087326641,"ACH-000055":2.074297459,"ACH-000060":0.491383766,"ACH-000067":2.234015234,"ACH-000070":-7.598922499,"ACH-000074":-1.123199235,"ACH-000075":2.246102219,"ACH-000076":-9.078935181,"ACH-000078":2.256790628,"ACH-000082":2.243908788,"ACH-000085":1.061748134,"ACH-000086":1.854611863,"ACH-000087":2.002217502,"ACH-000092":2.232648537,"ACH-000095":1.128902875,"ACH-000096":1.915493548,"ACH-000097":2.043226946,"ACH-000098":2.072362343,"ACH-000099":1.970060545,"ACH-000108":2.217145021,"ACH-000111":2.258809464,"ACH-000113":0.933654809,"ACH-000114":1.819848378,"ACH-000115":2.024187902,"ACH-000116":2.25777198,"ACH-000118":-2.902718563,"ACH-000120":2.142274292,"ACH-000123":1.950411532,"ACH-000127":-20,"ACH-000128":2.159114713,"ACH-000132":1.79821082,"ACH-000133":-0.190089341,"ACH-000137":2.197705129,"ACH-000138":1.114200051,"ACH-000141":1.983753304,"ACH-000142":1.942452394,"ACH-000143":1.261487978,"ACH-000146":-3.356068033,"ACH-000148":2.216736369,"ACH-000150":2.054131347,"ACH-000151":2.261253231,"ACH-000152":0.54008247,"ACH-000153":2.13769369,"ACH-000159":-0.026026774,"ACH-000160":1.425128604,"ACH-000163":2.194573655,"ACH-000164":-4.009670513,"ACH-000167":2.150312087,"ACH-000168":-20,"ACH-000169":-0.726790668,"ACH-000174":0.518597269,"ACH-000178":2.223786878,"ACH-000182":-20,"ACH-000183":2.217383543,"ACH-000187":2.04689848,"ACH-000188":2.139795995,"ACH-000189":1.962807352,"ACH-000190":2.022052043,"ACH-000198":1.857641472,"ACH-000200":2.068915621,"ACH-000202":2.223384041,"ACH-000204":2.240893257,"ACH-000206":1.605680073,"ACH-000207":-0.46924139,"ACH-000209":2.001806992,"ACH-000211":2.248369945,"ACH-000212":2.201497317,"ACH-000215":1.904893085,"ACH-000217":1.996578429,"ACH-000219":2.108240358,"ACH-000221":2.172033878,"ACH-000222":2.161225968,"ACH-000223":-7.997415532,"ACH-000226":2.14668607,"ACH-000227":0.849625546,"ACH-000228":1.797122532,"ACH-000231":-0.512443306,"ACH-000232":1.627179294,"ACH-000233":-0.131323445,"ACH-000234":0.481666961,"ACH-000235":1.522960691,"ACH-000237":2.108579287,"ACH-000238":1.493555193,"ACH-000243":1.107742659,"ACH-000244":2.147468542,"ACH-000246":2.053689496,"ACH-000247":1.651499834,"ACH-000248":2.058979009,"ACH-000249":1.554923423,"ACH-000250":-12.90366325,"ACH-000251":1.808355694,"ACH-000253":0.744551928,"ACH-000255":1.777346938,"ACH-000256":2.094799516,"ACH-000257":1.442585478,"ACH-000258":2.216851221,"ACH-000259":1.774625305,"ACH-000260":1.234002752,"ACH-000261":2.02371737,"ACH-000262":2.160063172,"ACH-000263":1.716971137,"ACH-000264":1.943701392,"ACH-000265":1.330450577,"ACH-000266":-20,"ACH-000271":2.075554373,"ACH-000272":1.897108376,"ACH-000273":2.242728259,"ACH-000274":2.261954135,"ACH-000276":2.212338131,"ACH-000277":2.166973722,"ACH-000278":1.695265326,"ACH-000279":2.108313867,"ACH-000280":2.242893648,"ACH-000281":2.218413771,"ACH-000286":1.897600804,"ACH-000288":1.389563244,"ACH-000290":2.121724844,"ACH-000291":2.255218935,"ACH-000292":1.894712784,"ACH-000293":0.566659454,"ACH-000294":-20,"ACH-000295":-2.171180906,"ACH-000296":2.201185758,"ACH-000302":1.757126032,"ACH-000304":1.12515705,"ACH-000305":1.502874528,"ACH-000307":2.078413819,"ACH-000308":-20,"ACH-000310":1.520910441,"ACH-000311":2.165879289,"ACH-000312":1.182292906,"ACH-000315":1.496168047,"ACH-000316":1.914000983,"ACH-000317":-2.438391673,"ACH-000318":2.213443177,"ACH-000319":0.831358012,"ACH-000320":2.068506413,"ACH-000322":2.097096408,"ACH-000323":0.088178233,"ACH-000324":-13.22268504,"ACH-000326":-0.255428332,"ACH-000329":2.213566468,"ACH-000330":2.196934068,"ACH-000331":2.226983962,"ACH-000332":0.897355717,"ACH-000334":1.195994172,"ACH-000335":2.26193009,"ACH-000336":0.67824351,"ACH-000337":1.968521991,"ACH-000339":2.123063893,"ACH-000341":2.259872693,"ACH-000343":1.7656601,"ACH-000344":2.242622513,"ACH-000348":2.246201082,"ACH-000350":2.261926159,"ACH-000352":-1.903018445,"ACH-000355":1.74558121,"ACH-000356":1.639720229,"ACH-000361":-0.854838898,"ACH-000362":2.155953215,"ACH-000363":2.167375173,"ACH-000364":1.877410087,"ACH-000365":2.242926493,"ACH-000366":1.804986591,"ACH-000368":1.704546557,"ACH-000370":2.261977015,"ACH-000374":2.230634867,"ACH-000375":0.537748097,"ACH-000376":2.207649324,"ACH-000377":1.708971698,"ACH-000378":-20,"ACH-000381":2.225964525,"ACH-000383":2.199242785,"ACH-000385":2.09693922,"ACH-000387":-1.320962309,"ACH-000389":1.717343501,"ACH-000390":2.216073784,"ACH-000393":2.25961244,"ACH-000395":-4.717212393,"ACH-000397":1.841463738,"ACH-000401":2.258116926,"ACH-000402":2.257897062,"ACH-000403":1.061535888,"ACH-000404":1.073994119,"ACH-000405":0.637062811,"ACH-000406":2.142182907,"ACH-000407":1.277171029,"ACH-000408":1.080871674,"ACH-000410":2.200835559,"ACH-000411":0.835528403,"ACH-000414":0.977150977,"ACH-000415":1.276180281,"ACH-000416":2.159917375,"ACH-000420":2.254646397,"ACH-000421":2.196765201,"ACH-000422":2.23410341,"ACH-000424":0.96133785,"ACH-000425":2.18899969,"ACH-000426":1.779132386,"ACH-000427":-3.478646297,"ACH-000431":1.195641847,"ACH-000433":-3.275729403,"ACH-000434":1.986958131,"ACH-000435":2.050512498,"ACH-000436":1.176817546,"ACH-000437":2.099563265,"ACH-000438":2.137374183,"ACH-000444":1.846577926,"ACH-000445":2.230244255,"ACH-000448":2.261834345,"ACH-000450":1.8705532,"ACH-000452":2.253313528,"ACH-000454":-0.614018835,"ACH-000458":-2.461826207,"ACH-000459":1.203947117,"ACH-000460":1.387573537,"ACH-000461":2.071367989,"ACH-000463":1.896911805,"ACH-000464":2.188058427,"ACH-000466":2.220055455,"ACH-000467":1.07209181,"ACH-000468":2.235055649,"ACH-000469":1.802464943,"ACH-000470":-3.048315315,"ACH-000471":1.620582211,"ACH-000472":2.121002313,"ACH-000473":-20,"ACH-000475":2.200574485,"ACH-000476":1.163395282,"ACH-000477":2.220790311,"ACH-000478":2.189364127,"ACH-000480":2.145753623,"ACH-000481":2.023160031,"ACH-000483":2.084243076,"ACH-000484":2.235501926,"ACH-000485":2.15097291,"ACH-000486":2.174362312,"ACH-000487":2.228649432,"ACH-000488":0.545338788,"ACH-000490":1.161884155,"ACH-000491":2.125096894,"ACH-000493":2.261993469,"ACH-000495":-0.616117568,"ACH-000496":1.966058972,"ACH-000498":2.074970439,"ACH-000499":2.211106107,"ACH-000500":2.214551408,"ACH-000502":1.891001974,"ACH-000503":2.247988036,"ACH-000504":1.966346808,"ACH-000505":2.017511188,"ACH-000507":2.093946881,"ACH-000510":-2.021322903,"ACH-000511":1.172960308,"ACH-000512":-0.312087944,"ACH-000514":-20,"ACH-000516":2.248857138,"ACH-000517":1.818792715,"ACH-000518":-20,"ACH-000520":2.261156457,"ACH-000521":1.760601495,"ACH-000522":2.083448048,"ACH-000524":2.230222158,"ACH-000527":-16.82283349,"ACH-000528":2.119977572,"ACH-000535":2.139468486,"ACH-000537":2.252312682,"ACH-000541":1.252922776,"ACH-000542":2.219013248,"ACH-000544":0.808972669,"ACH-000545":2.237859826,"ACH-000547":2.049103251,"ACH-000548":2.200029003,"ACH-000549":2.06132788,"ACH-000550":1.25313463,"ACH-000551":-0.198038413,"ACH-000552":1.76812515,"ACH-000556":2.256844595,"ACH-000557":1.426170679,"ACH-000563":1.473668988,"ACH-000570":2.04022658,"ACH-000571":2.239216608,"ACH-000573":1.836113516,"ACH-000576":2.049781112,"ACH-000577":1.987850548,"ACH-000579":2.230783088,"ACH-000580":2.054945037,"ACH-000581":2.203161203,"ACH-000583":-20,"ACH-000584":2.214802705,"ACH-000585":2.070107068,"ACH-000587":2.146643521,