{"scores":{"ACH-000004":0,"ACH-000005":-2.533325396,"ACH-000007":-2.323161713,"ACH-000009":-2.203746316,"ACH-000011":-1.870538329,"ACH-000012":-0.907400896,"ACH-000013":-1.025995038,"ACH-000014":-1.347934246,"ACH-000015":0,"ACH-000017":-1.405236679,"ACH-000018":-1.570147389,"ACH-000019":-0.996356623,"ACH-000021":-2.42403325,"ACH-000022":-2.187793699,"ACH-000024":-1.182575576,"ACH-000025":3.911276849,"ACH-000028":-2.551638687,"ACH-000029":0,"ACH-000030":-2.539147207,"ACH-000035":0,"ACH-000036":-2.015366003,"ACH-000037":-2.644235102,"ACH-000039":-2.674106023,"ACH-000040":-2.662687618,"ACH-000041":-2.531223774,"ACH-000042":-1.784553485,"ACH-000045":-1.801998715,"ACH-000047":7.051417619,"ACH-000048":-0.683726981,"ACH-000052":-2.659502768,"ACH-000053":1.622045681,"ACH-000054":-1.769680381,"ACH-000055":-2.661733561,"ACH-000060":-1.562332418,"ACH-000067":-1.751128676,"ACH-000070":-2.276180565,"ACH-000074":-1.744216431,"ACH-000075":-2.539511383,"ACH-000076":-2.512380147,"ACH-000078":-2.357595057,"ACH-000082":-0.520150439,"ACH-000085":-2.574119561,"ACH-000086":-1.964612601,"ACH-000087":-2.45914102,"ACH-000092":5.119243113,"ACH-000095":-2.541867052,"ACH-000096":-2.688313273,"ACH-000097":2.978834396,"ACH-000098":-1.648742608,"ACH-000099":-2.620608865,"ACH-000108":-1.932975199,"ACH-000111":-2.38453624,"ACH-000113":-1.990099502,"ACH-000114":-2.182855923,"ACH-000115":2.078848031,"ACH-000116":-1.607991071,"ACH-000118":2.112518915,"ACH-000120":9.128192851,"ACH-000123":-2.235373071,"ACH-000127":-2.694213248,"ACH-000128":0,"ACH-000132":9.128192851,"ACH-000133":-2.279947619,"ACH-000137":-2.63605931,"ACH-000138":-1.201724352,"ACH-000141":0,"ACH-000142":-2.212735541,"ACH-000143":-2.382836172,"ACH-000146":-0.739563812,"ACH-000148":-2.656369005,"ACH-000150":-2.69404043,"ACH-000151":1.729034986,"ACH-000152":-1.681280547,"ACH-000153":-1.244951275,"ACH-000159":0.75939754,"ACH-000160":-1.425166939,"ACH-000163":-2.460955756,"ACH-000164":-1.007767569,"ACH-000167":-1.515702918,"ACH-000168":-2.171043522,"ACH-000169":-2.32946678,"ACH-000174":6.447393741,"ACH-000178":-2.313330361,"ACH-000182":0,"ACH-000183":-0.709066443,"ACH-000187":0,"ACH-000188":-2.642226341,"ACH-000189":-2.045079934,"ACH-000190":-2.650937453,"ACH-000198":-1.428524719,"ACH-000200":-1.726038727,"ACH-000202":-1.021234005,"ACH-000204":-1.577351477,"ACH-000206":-2.192076611,"ACH-000207":-2.463212089,"ACH-000209":-2.152594045,"ACH-000211":-2.046729497,"ACH-000212":-1.888245055,"ACH-000215":1.683511043,"ACH-000217":9.128192851,"ACH-000219":-2.253555785,"ACH-000221":-0.086094394,"ACH-000222":1.804105507,"ACH-000223":9.128192851,"ACH-000226":-2.221238042,"ACH-000227":-2.676673894,"ACH-000228":0,"ACH-000231":-0.115539894,"ACH-000232":-2.562902613,"ACH-000233":-2.627967561,"ACH-000234":-1.226678241,"ACH-000235":-2.015699387,"ACH-000237":-2.556292903,"ACH-000238":-1.9869772,"ACH-000243":-1.236080961,"ACH-000244":-2.089372098,"ACH-000246":-2.304366868,"ACH-000247":-1.892780641,"ACH-000248":-2.458448362,"ACH-000249":-1.905771787,"ACH-000250":-1.921995544,"ACH-000251":0,"ACH-000253":-2.085109442,"ACH-000255":-2.551370522,"ACH-000256":-0.743607771,"ACH-000257":-1.694736063,"ACH-000258":0,"ACH-000259":-2.428790946,"ACH-000260":-2.679738245,"ACH-000261":-2.678644398,"ACH-000262":-0.589181524,"ACH-000263":-0.103052473,"ACH-000264":-2.394852105,"ACH-000265":-2.694213248,"ACH-000266":9.128192851,"ACH-000271":-2.515786965,"ACH-000272":1.208888856,"ACH-000273":0,"ACH-000274":9.128192851,"ACH-000276":2.845424789,"ACH-000277":9.128192851,"ACH-000278":-2.468984276,"ACH-000279":-0.909985038,"ACH-000280":-2.575739814,"ACH-000281":-2.462395188,"ACH-000286":-2.330627969,"ACH-000288":-2.694213248,"ACH-000290":3.972360222,"ACH-000291":0,"ACH-000292":-1.883965653,"ACH-000293":3.288887906,"ACH-000294":-2.677078651,"ACH-000295":-2.655585198,"ACH-000296":-1.836244943,"ACH-000302":-1.386687715,"ACH-000304":0.840760356,"ACH-000305":9.128192851,"ACH-000307":-2.694213248,"ACH-000308":9.128192851,"ACH-000310":-1.854094899,"ACH-000311":-2.41016167,"ACH-000312":-1.979099316,"ACH-000315":-2.694213248,"ACH-000316":-0.886268745,"ACH-000317":-2.684926822,"ACH-000318":-2.503726524,"ACH-000319":-2.512262907,"ACH-000320":-2.420098258,"ACH-000322":0,"ACH-000323":-2.209421797,"ACH-000324":-2.609115151,"ACH-000326":-0.79239044,"ACH-000329":-0.400712572,"ACH-000330":0,"ACH-000331":-2.10588445,"ACH-000332":-1.57875669,"ACH-000334":0.44540387,"ACH-000335":-2.477742262,"ACH-000336":-2.693579088,"ACH-000337":-1.373710228,"ACH-000339":-2.493439132,"ACH-000341":-2.011710383,"ACH-000343":-1.382054618,"ACH-000344":0.128871787,"ACH-000348":-1.654267218,"ACH-000350":0.175152905,"ACH-000352":-0.19047253,"ACH-000355":-2.689876579,"ACH-000356":-1.447491279,"ACH-000361":-1.024124246,"ACH-000362":6.896558872,"ACH-000363":9.128192851,"ACH-000364":-2.299248373,"ACH-000365":-2.693308782,"ACH-000366":-2.24244924,"ACH-000368":-1.020292244,"ACH-000370":-1.85977455,"ACH-000374":-2.433280406,"ACH-000375":-0.528764269,"ACH-000376":-2.471332691,"ACH-000377":-2.382654094,"ACH-000378":-1.305241837,"ACH-000381":-1.957072055,"ACH-000383":0,"ACH-000385":-2.559298714,"ACH-000387":-1.525975697,"ACH-000389":-2.693336124,"ACH-000390":2.036516048,"ACH-000393":-2.667952535,"ACH-000395":-2.083940687,"ACH-000397":-1.875999601,"ACH-000401":-2.34620038,"ACH-000402":-2.136663996,"ACH-000403":4.808396189,"ACH-000404":-1.514988632,"ACH-000405":-2.284549121,"ACH-000406":-2.258083943,"ACH-000407":-2.613299225,"ACH-000408":-2.541450052,"ACH-000410":-1.96077749,"ACH-000411":-1.692250335,"ACH-000414":1.245119277,"ACH-000415":-2.481431718,"ACH-000416":-2.142079888,"ACH-000420":-0.36207494,"ACH-000421":-1.797215814,"ACH-000422":-2.689800062,"ACH-000424":-2.652600171,"ACH-000425":-0.899609372,"ACH-000426":-2.282481318,"ACH-000427":-0.805018203,"ACH-000431":7.05644968,"ACH-000433":0.268941891,"ACH-000434":-2.298608647,"ACH-000435":-1.947611648,"ACH-000436":-2.424451084,"ACH-000437":-2.515012139,"ACH-000438":-2.688042357,"ACH-000444":-1.985811717,"ACH-000445":-0.251685542,"ACH-000448":-2.682565324,"ACH-000450":-1.62971997,"ACH-000452":-2.327091399,"ACH-000454":-2.221348731,"ACH-000458":-2.654692876,"ACH-000459":-2.22323292,"ACH-000460":0.175672276,"ACH-000461":-1.862152292,"ACH-000463":-2.346019002,"ACH-000464":-2.199296734,"ACH-000466":-1.231698085,"ACH-000467":0,"ACH-000468":-2.693432129,"ACH-000469":-0.931479683,"ACH-000470":-1.775142136,"ACH-000471":0,"ACH-000472":-2.694213248,"ACH-000473":-1.855574848,"ACH-000475":-2.531780084,"ACH-000476":9.128192851,"ACH-000477":0,"ACH-000478":-0.967189616,"ACH-000480":0,"ACH-000481":3.703700709,"ACH-000483":0,"ACH-000484":-0.985021874,"ACH-000485":-2.311790407,"ACH-000486":-2.321171021,"ACH-000487":-0.909808894,"ACH-000488":-0.999179998,"ACH-000490":0.310499518,"ACH-000491":9.128192851,"ACH-000493":-0.032812072,"ACH-000495":-2.61534259,"ACH-000496":-2.066607741,"ACH-000498":-2.227282037,"ACH-000499":-2.14492314,"ACH-000500":-2.408668354,"ACH-000502":-1.99125218,"ACH-000503":6.213584506,"ACH-000504":9.128192851,"ACH-000505":-2.694213248,"ACH-000507":9.128192851,"ACH-000510":-2.685442392,"ACH-000511":-2.261875403,"ACH-000512":-2.694213248,"ACH-000514":9.128192851,"ACH-000516":0.418778315,"ACH-000517":9.128192851,"ACH-000518":-2.500632873,"ACH-000520":0,"ACH-000521":-2.046376818,"ACH-000522":-2.688517999,"ACH-000524":3.025775942,"ACH-000527":-1.783587778,"ACH-000528":6.552933135,"ACH-000535":-2.678365728,"ACH-000537":-1.640939022,"ACH-000541":-1.855019696,"ACH-000542":-2.537530707,"ACH-000544":-2.404620393,"ACH-000545":-2.688752766,"ACH-000547":-0.584315022,"ACH-000548":-1.827287753,"ACH-000549":-1.610561195,"ACH-000550":-1.737213859,"ACH-000551":-2.187030157,"ACH-000552":-2.694213248,"ACH-000556":9.128192851,"ACH-000557":0.818375415,"ACH-000563":9.128192851,"ACH-000570":-1.134537701,"ACH-000571":-2.021043074,"ACH-000573":-1.776186131,"ACH-000576":1.825895251,"ACH-000577":2.589265641,"ACH-000579":9.128192851,"ACH-000580":-1.819503417,"ACH-000581":-1.261611493,