{"scores":{"ACH-000004":2.21519905,"ACH-000005":2.513016204,"ACH-000007":-0.898860568,"ACH-000009":0.69944248,"ACH-000011":-10.38038039,"ACH-000012":2.889320626,"ACH-000013":2.770633745,"ACH-000014":2.991075305,"ACH-000015":2.947928385,"ACH-000017":-7.871515,"ACH-000018":2.761506391,"ACH-000019":-2.905636538,"ACH-000021":3.111354518,"ACH-000022":-1.631242955,"ACH-000024":0.584605772,"ACH-000025":2.420684835,"ACH-000028":-2.445013527,"ACH-000029":2.567844876,"ACH-000030":-1.087374976,"ACH-000035":1.6435765,"ACH-000036":1.590478438,"ACH-000037":2.878619057,"ACH-000039":-2.473605253,"ACH-000040":2.807177115,"ACH-000041":-1.303785098,"ACH-000042":-1.207823044,"ACH-000045":3.031943645,"ACH-000047":2.490625323,"ACH-000048":2.515497122,"ACH-000052":0.746095683,"ACH-000053":1.324820631,"ACH-000054":3.119941783,"ACH-000055":2.987368847,"ACH-000060":0.204878322,"ACH-000067":2.186931637,"ACH-000070":0.935932198,"ACH-000074":2.233469557,"ACH-000075":1.342990031,"ACH-000076":1.03518106,"ACH-000078":2.393847934,"ACH-000082":1.245703464,"ACH-000085":-5.202049474,"ACH-000086":3.116184623,"ACH-000087":-4.62204549,"ACH-000092":2.975826001,"ACH-000095":2.870209988,"ACH-000096":1.243050367,"ACH-000097":2.833720573,"ACH-000098":-3.873908712,"ACH-000099":-4.877631882,"ACH-000108":2.631313398,"ACH-000111":1.172970899,"ACH-000113":3.109711135,"ACH-000114":2.979994807,"ACH-000115":-1.795950287,"ACH-000116":2.636026853,"ACH-000118":1.222051604,"ACH-000120":2.38955316,"ACH-000123":2.99146435,"ACH-000127":2.822238335,"ACH-000128":2.843168631,"ACH-000132":2.803979379,"ACH-000133":1.564781563,"ACH-000137":1.857147969,"ACH-000138":-0.177925742,"ACH-000141":1.293883859,"ACH-000142":-20,"ACH-000143":-3.038665623,"ACH-000146":2.674419892,"ACH-000148":2.692431141,"ACH-000150":3.113816613,"ACH-000151":2.856238933,"ACH-000152":1.900442196,"ACH-000153":1.901987258,"ACH-000159":3.061913981,"ACH-000160":-1.679187315,"ACH-000163":-2.521966485,"ACH-000164":2.948519228,"ACH-000167":1.784875019,"ACH-000168":2.745667394,"ACH-000169":-4.814405361,"ACH-000174":1.575590115,"ACH-000178":2.55519795,"ACH-000182":-7.366327482,"ACH-000183":-9.168372753,"ACH-000187":-4.414587903,"ACH-000188":1.878109506,"ACH-000189":2.709485499,"ACH-000190":3.085306334,"ACH-000198":1.243874853,"ACH-000200":2.248488188,"ACH-000202":0.084122269,"ACH-000204":-4.108867077,"ACH-000206":2.487710931,"ACH-000207":-11.4680745,"ACH-000209":1.057374824,"ACH-000211":-9.098674055,"ACH-000212":2.551697549,"ACH-000215":2.823238793,"ACH-000217":2.959428184,"ACH-000219":3.119129744,"ACH-000221":2.67096391,"ACH-000222":0.920811987,"ACH-000223":3.125093934,"ACH-000226":3.126531721,"ACH-000227":-0.245370606,"ACH-000228":1.869161819,"ACH-000231":3.078615271,"ACH-000232":2.838322794,"ACH-000233":2.337406051,"ACH-000234":0.826643835,"ACH-000235":-2.492132989,"ACH-000237":3.040290374,"ACH-000238":2.072127796,"ACH-000243":-5.95443066,"ACH-000244":-0.057532695,"ACH-000246":2.931944275,"ACH-000247":-0.066987965,"ACH-000248":-4.721674218,"ACH-000249":2.19481908,"ACH-000250":3.118922249,"ACH-000251":1.971738522,"ACH-000253":1.557747637,"ACH-000255":3.078123835,"ACH-000256":2.84844312,"ACH-000257":2.671722718,"ACH-000258":2.716354415,"ACH-000259":1.899747842,"ACH-000260":-0.926143378,"ACH-000261":2.205111669,"ACH-000262":1.864184538,"ACH-000263":2.271842198,"ACH-000264":1.79431039,"ACH-000265":1.811408872,"ACH-000266":2.270291228,"ACH-000271":0.207177464,"ACH-000272":2.483908281,"ACH-000273":2.065705809,"ACH-000274":1.80776957,"ACH-000276":2.739543023,"ACH-000277":-3.850185219,"ACH-000278":3.079942062,"ACH-000279":-0.345892801,"ACH-000280":-9.19758944,"ACH-000281":0.69841352,"ACH-000286":1.396132435,"ACH-000288":3.057850569,"ACH-000290":3.125633977,"ACH-000291":1.738611254,"ACH-000292":1.456258091,"ACH-000293":2.493358998,"ACH-000294":2.922686746,"ACH-000295":2.003815924,"ACH-000296":2.886431289,"ACH-000302":1.223167036,"ACH-000304":2.542300478,"ACH-000305":-7.160617613,"ACH-000307":-9.305821483,"ACH-000308":2.97839094,"ACH-000310":-0.175710069,"ACH-000311":-1.974338915,"ACH-000312":1.657464954,"ACH-000315":3.000391429,"ACH-000316":3.115714166,"ACH-000317":1.922856264,"ACH-000318":2.625659712,"ACH-000319":2.844178755,"ACH-000320":0.945424093,"ACH-000322":3.058962726,"ACH-000323":2.423103417,"ACH-000324":-1.384584182,"ACH-000326":2.591876911,"ACH-000329":3.078045374,"ACH-000330":-7.947586572,"ACH-000331":3.064063207,"ACH-000332":-4.307641077,"ACH-000334":3.125128897,"ACH-000335":2.790477308,"ACH-000336":0.806459792,"ACH-000337":1.603528259,"ACH-000339":2.996438817,"ACH-000341":-2.874299054,"ACH-000343":3.009827364,"ACH-000344":0.916306231,"ACH-000348":1.82291638,"ACH-000350":-2.684508699,"ACH-000352":3.091106733,"ACH-000355":2.617838225,"ACH-000356":-5.752261999,"ACH-000361":2.900142409,"ACH-000362":3.038762064,"ACH-000363":-9.139897392,"ACH-000364":1.195595573,"ACH-000365":3.013987197,"ACH-000366":-11.05396782,"ACH-000368":2.913598843,"ACH-000370":-0.533980919,"ACH-000374":2.774206648,"ACH-000375":1.268899295,"ACH-000376":2.009160157,"ACH-000377":1.635672426,"ACH-000378":2.898179698,"ACH-000381":-5.269565641,"ACH-000383":1.379966197,"ACH-000385":2.618643576,"ACH-000387":3.103441623,"ACH-000389":2.883483122,"ACH-000390":-0.120887578,"ACH-000393":2.892745164,"ACH-000395":2.053746286,"ACH-000397":-18.14150849,"ACH-000401":3.031716356,"ACH-000402":2.443383759,"ACH-000403":2.671099944,"ACH-000404":2.296256392,"ACH-000405":3.121219886,"ACH-000406":3.102716881,"ACH-000407":1.969661952,"ACH-000408":2.763578355,"ACH-000410":1.427352057,"ACH-000411":-2.267426544,"ACH-000414":-2.026293573,"ACH-000415":0.632437409,"ACH-000416":3.122775492,"ACH-000420":-0.008246925,"ACH-000421":-0.910017664,"ACH-000422":2.91997624,"ACH-000424":-0.824240049,"ACH-000425":2.414485234,"ACH-000426":1.024758446,"ACH-000427":-4.923179139,"ACH-000431":1.508413621,"ACH-000433":2.651508303,"ACH-000434":2.618935005,"ACH-000435":2.406240314,"ACH-000436":2.414552755,"ACH-000437":2.952910002,"ACH-000438":-0.989773038,"ACH-000444":-1.651454867,"ACH-000445":2.205008436,"ACH-000448":-4.570413108,"ACH-000450":2.504069602,"ACH-000452":-0.882759113,"ACH-000454":-0.300875737,"ACH-000458":-0.230878972,"ACH-000459":2.345795928,"ACH-000460":-2.684993004,"ACH-000461":-4.204000754,"ACH-000463":0.925208862,"ACH-000464":1.753631224,"ACH-000466":-5.608300056,"ACH-000467":0.734313166,"ACH-000468":1.023682799,"ACH-000469":1.471124716,"ACH-000470":2.75744206,"ACH-000471":2.827081747,"ACH-000472":-20,"ACH-000473":2.268713534,"ACH-000475":-1.315812462,"ACH-000476":2.091032413,"ACH-000477":2.224618422,"ACH-000478":0.572973678,"ACH-000480":2.452146596,"ACH-000481":-5.436258392,"ACH-000483":1.998852015,"ACH-000484":2.869549749,"ACH-000485":0.411936706,"ACH-000486":2.64135089,"ACH-000487":3.03509348,"ACH-000488":-0.256837725,"ACH-000490":-15.49728393,"ACH-000491":-4.596211249,"ACH-000493":3.001628096,"ACH-000495":2.341361286,"ACH-000496":-0.118571611,"ACH-000498":2.850005373,"ACH-000499":-1.838580968,"ACH-000500":1.475874601,"ACH-000502":-3.500254193,"ACH-000503":-1.3170665,"ACH-000504":-1.364769511,"ACH-000505":1.993453181,"ACH-000507":1.174118491,"ACH-000510":1.672498414,"ACH-000511":2.449138102,"ACH-000512":1.139563705,"ACH-000514":1.854797584,"ACH-000516":2.376484039,"ACH-000517":0.281423502,"ACH-000518":-5.858138684,"ACH-000520":2.223345007,"ACH-000521":3.031041292,"ACH-000522":2.358851627,"ACH-000524":3.036522494,"ACH-000527":-11.61247444,"ACH-000528":1.477759727,"ACH-000535":-1.970316841,"ACH-000537":1.350689275,"ACH-000541":0.692076861,"ACH-000542":3.126202148,"ACH-000544":-2.795172327,"ACH-000545":-5.363943686,"ACH-000547":-3.472420409,"ACH-000548":-0.658169526,"ACH-000549":-12.62259251,"ACH-000550":3.109372399,"ACH-000551":2.839170925,"ACH-000552":-8.636742858,"ACH-000556":3.124783203,"ACH-000557":2.100304643,"ACH-000563":2.301415358,"ACH-000570":2.25794461,"ACH-000571":-2.930116019,"ACH-000573":3.112354231,"ACH-000576":-9.745562823,"ACH-000577":3.118914301,"ACH-000579":2.816577282,