{"scores":{"ACH-000004":0,"ACH-000005":-0.722271258,"ACH-000007":4.074604453,"ACH-000009":4.081350982,"ACH-000011":4.073715288,"ACH-000012":4.075252901,"ACH-000013":3.14302701,"ACH-000014":2.107826934,"ACH-000015":0,"ACH-000017":3.840160155,"ACH-000018":3.542765496,"ACH-000019":3.533342843,"ACH-000021":3.502413675,"ACH-000022":3.928996298,"ACH-000024":-17.55425407,"ACH-000025":2.861096736,"ACH-000028":4.074833328,"ACH-000029":0,"ACH-000030":3.450886594,"ACH-000035":0,"ACH-000036":3.748429522,"ACH-000037":2.057268694,"ACH-000039":4.017328731,"ACH-000040":2.083258546,"ACH-000041":1.323601944,"ACH-000042":3.956281055,"ACH-000045":3.876425672,"ACH-000047":4.003604067,"ACH-000048":3.212301547,"ACH-000052":3.154029476,"ACH-000053":2.47232687,"ACH-000054":3.775641432,"ACH-000055":2.565744805,"ACH-000060":4.071939151,"ACH-000067":4.080985832,"ACH-000070":-0.990115457,"ACH-000074":3.505290135,"ACH-000075":3.502143251,"ACH-000076":3.91620676,"ACH-000078":3.812479556,"ACH-000082":2.697560872,"ACH-000085":4.075549252,"ACH-000086":3.874959574,"ACH-000087":4.050111861,"ACH-000092":4.081635997,"ACH-000095":3.961088449,"ACH-000096":4.077758129,"ACH-000097":3.897175986,"ACH-000098":4.08175884,"ACH-000099":3.920199204,"ACH-000108":3.395490596,"ACH-000111":3.91784344,"ACH-000113":1.682899649,"ACH-000114":1.810816429,"ACH-000115":4.078911639,"ACH-000116":4.047603667,"ACH-000118":4.076374965,"ACH-000120":3.403110241,"ACH-000123":3.936339495,"ACH-000127":3.809503094,"ACH-000128":0,"ACH-000132":4.081521372,"ACH-000133":3.153739277,"ACH-000137":3.529679644,"ACH-000138":3.925356714,"ACH-000141":0,"ACH-000142":2.545153623,"ACH-000143":3.833427805,"ACH-000146":4.058935325,"ACH-000148":3.907966594,"ACH-000150":2.143033732,"ACH-000151":-6.294696843,"ACH-000152":0.74575276,"ACH-000153":3.873679556,"ACH-000159":3.227975835,"ACH-000160":3.498665429,"ACH-000163":2.99109259,"ACH-000164":4.06032227,"ACH-000167":3.646135142,"ACH-000168":3.947314014,"ACH-000169":3.990175996,"ACH-000174":3.853168715,"ACH-000178":4.081763957,"ACH-000182":0,"ACH-000183":-20,"ACH-000187":0,"ACH-000188":3.285116973,"ACH-000189":1.518986848,"ACH-000190":3.97687659,"ACH-000198":3.930048155,"ACH-000200":2.53561076,"ACH-000202":2.571449255,"ACH-000204":-5.201690158,"ACH-000206":1.741298448,"ACH-000207":4.035889016,"ACH-000209":4.081711401,"ACH-000211":3.003530123,"ACH-000212":3.802001441,"ACH-000215":4.036805875,"ACH-000217":3.672598736,"ACH-000219":4.016792764,"ACH-000221":3.452276491,"ACH-000222":4.045419936,"ACH-000223":4.07168093,"ACH-000226":3.583849837,"ACH-000227":3.002816695,"ACH-000228":0,"ACH-000231":4.068904404,"ACH-000232":3.87591005,"ACH-000233":3.18320912,"ACH-000234":3.862004628,"ACH-000235":3.515947576,"ACH-000237":2.345550647,"ACH-000238":3.861233097,"ACH-000243":3.380049377,"ACH-000244":3.95483519,"ACH-000246":3.963843037,"ACH-000247":3.901536233,"ACH-000248":3.82844162,"ACH-000249":3.950858525,"ACH-000250":3.860883649,"ACH-000251":0,"ACH-000253":4.080879911,"ACH-000255":3.137486133,"ACH-000256":3.846149986,"ACH-000257":3.767695349,"ACH-000258":0,"ACH-000259":3.438795425,"ACH-000260":3.996834429,"ACH-000261":4.047234859,"ACH-000262":2.631912598,"ACH-000263":4.031868423,"ACH-000264":3.879677785,"ACH-000265":4.077108985,"ACH-000266":3.869291842,"ACH-000271":3.085302957,"ACH-000272":4.0397512,"ACH-000273":0,"ACH-000274":3.761159271,"ACH-000276":3.803053141,"ACH-000277":3.785505221,"ACH-000278":2.243509871,"ACH-000279":3.209247214,"ACH-000280":2.512467263,"ACH-000281":3.704070917,"ACH-000286":3.603112356,"ACH-000288":3.909872257,"ACH-000290":2.849406517,"ACH-000291":0,"ACH-000292":3.848674351,"ACH-000293":3.681391432,"ACH-000294":3.924401794,"ACH-000295":3.878394429,"ACH-000296":1.596595692,"ACH-000302":2.640416911,"ACH-000304":3.854710382,"ACH-000305":4.081272814,"ACH-000307":3.691010689,"ACH-000308":3.778961498,"ACH-000310":3.597672386,"ACH-000311":0.578814278,"ACH-000312":3.90799815,"ACH-000315":2.400188771,"ACH-000316":3.053546948,"ACH-000317":3.882075972,"ACH-000318":3.982442385,"ACH-000319":3.25793356,"ACH-000320":3.675649478,"ACH-000322":0,"ACH-000323":3.523033696,"ACH-000324":3.940219225,"ACH-000326":3.967825491,"ACH-000329":3.474936418,"ACH-000330":0,"ACH-000331":4.077818678,"ACH-000332":4.078234023,"ACH-000334":2.836529605,"ACH-000335":3.792572369,"ACH-000336":4.081470487,"ACH-000337":3.96291827,"ACH-000339":2.973433877,"ACH-000341":2.906991062,"ACH-000343":3.364390389,"ACH-000344":3.669366084,"ACH-000348":4.006587496,"ACH-000350":4.016038143,"ACH-000352":3.418880678,"ACH-000355":3.878624366,"ACH-000356":4.020305017,"ACH-000361":3.45067516,"ACH-000362":4.081763957,"ACH-000363":-20,"ACH-000364":3.46093369,"ACH-000365":4.030952925,"ACH-000366":3.93936088,"ACH-000368":4.007149609,"ACH-000370":3.239590857,"ACH-000374":3.188467888,"ACH-000375":2.965898234,"ACH-000376":2.088710206,"ACH-000377":3.869908619,"ACH-000378":3.084435578,"ACH-000381":4.028815573,"ACH-000383":0,"ACH-000385":3.458128209,"ACH-000387":4.079528158,"ACH-000389":3.89429501,"ACH-000390":3.545404619,"ACH-000393":3.212198646,"ACH-000395":3.17308799,"ACH-000397":4.069197057,"ACH-000401":4.009117694,"ACH-000402":4.08026747,"ACH-000403":3.193171382,"ACH-000404":3.863592338,"ACH-000405":4.038305635,"ACH-000406":4.057311243,"ACH-000407":3.80391338,"ACH-000408":3.651924847,"ACH-000410":3.454874667,"ACH-000411":4.061097839,"ACH-000414":3.359938226,"ACH-000415":3.899983801,"ACH-000416":3.991237558,"ACH-000420":1.828689469,"ACH-000421":4.044670825,"ACH-000422":4.054224026,"ACH-000424":3.979023381,"ACH-000425":3.070088753,"ACH-000426":-14.09336731,"ACH-000427":2.916103178,"ACH-000431":3.231532241,"ACH-000433":4.019424669,"ACH-000434":3.660488222,"ACH-000435":3.824642083,"ACH-000436":4.002441282,"ACH-000437":2.860759331,"ACH-000438":4.081755494,"ACH-000444":3.937613931,"ACH-000445":1.160996445,"ACH-000448":3.135115757,"ACH-000450":3.693841206,"ACH-000452":3.116095892,"ACH-000454":4.05842095,"ACH-000458":3.862538487,"ACH-000459":2.805878055,"ACH-000460":4.081638359,"ACH-000461":3.460703135,"ACH-000463":4.020665056,"ACH-000464":4.07486206,"ACH-000466":4.059652589,"ACH-000467":0,"ACH-000468":4.071904521,"ACH-000469":3.2975864,"ACH-000470":3.153615081,"ACH-000471":0,"ACH-000472":1.956072235,"ACH-000473":3.9707937,"ACH-000475":3.980995078,"ACH-000476":3.916690785,"ACH-000477":0,"ACH-000478":4.052045975,"ACH-000480":0,"ACH-000481":4.037986245,"ACH-000483":0,"ACH-000484":4.05407035,"ACH-000485":3.931205589,"ACH-000486":3.979315437,"ACH-000487":2.364378917,"ACH-000488":3.791495153,"ACH-000490":1.657837076,"ACH-000491":4.035608274,"ACH-000493":3.526604902,"ACH-000495":3.985191711,"ACH-000496":2.498982316,"ACH-000498":1.944309048,"ACH-000499":0.507422611,"ACH-000500":4.032453643,"ACH-000502":3.982944029,"ACH-000503":3.924333416,"ACH-000504":2.960464841,"ACH-000505":4.064858406,"ACH-000507":3.947496862,"ACH-000510":3.752394076,"ACH-000511":-14.87489347,"ACH-000512":-20,"ACH-000514":4.080396938,"ACH-000516":3.173500468,"ACH-000517":3.897782027,"ACH-000518":3.189718089,"ACH-000520":0,"ACH-000521":1.433602565,"ACH-000522":3.600124003,"ACH-000524":3.941343547,"ACH-000527":4.049823305,"ACH-000528":3.552511021,"ACH-000535":3.126204102,"ACH-000537":3.822209498,"ACH-000541":-9.36989419,"ACH-000542":2.862786914,"ACH-000544":4.070599831,"ACH-000545":2.055720606,"ACH-000547":-0.142636041,"ACH-000548":4.081713337,"ACH-000549":2.783480816,"ACH-000550":4.081691243,"ACH-000551":3.365934266,"ACH-000552":3.969276885,"ACH-000556":3.418374539,"ACH-000557":3.199768523,"ACH-000563":4.079442211,"ACH-000570":3.971041744,"ACH-000571":3.275790408,"ACH-000573":-1.449664862,"ACH-000576":-20,"ACH-000577":3.950931452,"ACH-000579":4.043818064,"ACH-000580":2.61460207,"ACH-000581":3.976299439,"ACH-000583":3.856042095,"ACH-000584":3.909898922,"ACH-000585":4.066627955,"ACH-000587":4.081763957,"ACH-000588":-20,"ACH-000589":3.545130641,"ACH-000591":4.041831576,"ACH-000592":4.077861465,"ACH-000593":0,"ACH-000596":2.733906476,"ACH-000599":2.651684717,"ACH-000600":3.586735326,