{"scores":{"ACH-000004":0.291895626,"ACH-000005":-0.290089702,"ACH-000007":-1.720909163,"ACH-000009":-2.210810792,"ACH-000011":-2.329584249,"ACH-000012":-2.760787276,"ACH-000013":-2.678459856,"ACH-000014":-1.980261132,"ACH-000015":-0.866827122,"ACH-000017":6.243006911,"ACH-000018":-1.443122219,"ACH-000019":-1.680164415,"ACH-000021":-1.294707442,"ACH-000022":-2.545482434,"ACH-000024":-2.349735753,"ACH-000025":-2.543682869,"ACH-000028":-2.418391365,"ACH-000029":-2.778400794,"ACH-000030":-0.22780261,"ACH-000035":-2.674289779,"ACH-000036":-2.628019278,"ACH-000037":-2.517364469,"ACH-000039":-1.526281546,"ACH-000040":1.888326419,"ACH-000041":0.326642156,"ACH-000042":-2.598125152,"ACH-000045":-0.623314223,"ACH-000047":-0.802010295,"ACH-000048":-2.777609958,"ACH-000052":-2.135123296,"ACH-000053":-2.57510839,"ACH-000054":0.103379635,"ACH-000055":-2.284479054,"ACH-000060":-1.834466417,"ACH-000067":-2.495125988,"ACH-000070":-2.174174691,"ACH-000074":-2.399779424,"ACH-000075":-2.731443019,"ACH-000076":-1.061815571,"ACH-000078":-2.550029743,"ACH-000082":5.614835219,"ACH-000085":-1.677291378,"ACH-000086":-2.635454279,"ACH-000087":-2.271547406,"ACH-000092":-2.679635752,"ACH-000095":-1.323135446,"ACH-000096":-2.572451269,"ACH-000097":-1.329438799,"ACH-000098":-2.779205698,"ACH-000099":-2.636939715,"ACH-000108":-2.737512773,"ACH-000111":-2.780419313,"ACH-000113":-1.78157146,"ACH-000114":-2.217034801,"ACH-000115":-0.191323055,"ACH-000116":0.199193082,"ACH-000118":-2.122482706,"ACH-000120":-0.918564417,"ACH-000123":-1.924727132,"ACH-000127":-2.788966528,"ACH-000128":6.561880201,"ACH-000132":-1.563757973,"ACH-000133":-2.466255903,"ACH-000137":-2.785297485,"ACH-000138":-2.482967111,"ACH-000141":0.691571035,"ACH-000142":-2.776981485,"ACH-000143":-0.278819084,"ACH-000146":-2.188972551,"ACH-000148":-2.334690857,"ACH-000150":-1.946371793,"ACH-000151":-2.164961271,"ACH-000152":-2.789271028,"ACH-000153":0.381942244,"ACH-000159":-2.608031065,"ACH-000160":-2.215016417,"ACH-000163":0.763562943,"ACH-000164":-2.75987761,"ACH-000167":-1.067994063,"ACH-000168":-1.751774811,"ACH-000169":2.695286541,"ACH-000174":-2.646294663,"ACH-000178":-1.491681795,"ACH-000182":-2.78901038,"ACH-000183":-2.51156491,"ACH-000187":3.853715904,"ACH-000188":-1.738315687,"ACH-000189":-1.102162142,"ACH-000190":-1.667704113,"ACH-000198":-2.338578083,"ACH-000200":-1.645229835,"ACH-000202":-1.012462238,"ACH-000204":-2.558407398,"ACH-000206":-1.428182428,"ACH-000207":-1.326277516,"ACH-000209":-1.291933027,"ACH-000211":-2.763005511,"ACH-000212":-2.384163271,"ACH-000215":-1.936979963,"ACH-000217":-2.722957793,"ACH-000219":-1.352256027,"ACH-000221":-0.682641904,"ACH-000222":-1.737277525,"ACH-000223":-2.189274856,"ACH-000226":-2.659957211,"ACH-000227":-2.239684348,"ACH-000228":-2.396695959,"ACH-000231":-2.763488464,"ACH-000232":-1.735942937,"ACH-000233":-2.76123041,"ACH-000234":-0.391222093,"ACH-000235":-1.148585931,"ACH-000237":-2.769613504,"ACH-000238":0.926109464,"ACH-000243":-2.669317076,"ACH-000244":-0.306241758,"ACH-000246":-2.082496633,"ACH-000247":-2.111834521,"ACH-000248":-0.276010327,"ACH-000249":-2.50106466,"ACH-000250":-2.063678793,"ACH-000251":-2.452552773,"ACH-000253":-1.253627819,"ACH-000255":-2.36257728,"ACH-000256":-2.516501861,"ACH-000257":4.563863912,"ACH-000258":-2.789240533,"ACH-000259":-2.418707968,"ACH-000260":-2.719816776,"ACH-000261":5.079752211,"ACH-000262":-0.725260285,"ACH-000263":-2.101594169,"ACH-000264":3.387764844,"ACH-000265":-2.537827881,"ACH-000266":2.712957147,"ACH-000271":-2.332737202,"ACH-000272":2.311996371,"ACH-000273":-2.758414582,"ACH-000274":0.149366575,"ACH-000276":0.531170732,"ACH-000277":2.71126526,"ACH-000278":-2.742371258,"ACH-000279":-1.172546783,"ACH-000280":-0.285902718,"ACH-000281":-2.73418676,"ACH-000286":-2.763720343,"ACH-000288":-2.69679766,"ACH-000290":3.721497563,"ACH-000291":-2.20388653,"ACH-000292":-2.789023221,"ACH-000293":-2.539462256,"ACH-000294":-1.167334772,"ACH-000295":-2.215771165,"ACH-000296":-2.314226262,"ACH-000302":-2.664843253,"ACH-000304":-1.40105871,"ACH-000305":-2.730888762,"ACH-000307":-2.492323473,"ACH-000308":-1.869062271,"ACH-000310":-0.46210721,"ACH-000311":-2.290231849,"ACH-000312":1.1284455,"ACH-000315":-2.633743233,"ACH-000316":-0.538053232,"ACH-000317":-1.33339091,"ACH-000318":-1.039110801,"ACH-000319":-1.6329794,"ACH-000320":-2.439427808,"ACH-000322":-2.788100185,"ACH-000323":3.723640517,"ACH-000324":-1.792332424,"ACH-000326":-2.415527784,"ACH-000329":-1.449754499,"ACH-000330":1.709227483,"ACH-000331":-1.918839799,"ACH-000332":-1.44419922,"ACH-000334":0.542822317,"ACH-000335":-1.544836176,"ACH-000336":-2.493488673,"ACH-000337":1.961732929,"ACH-000339":-0.870203778,"ACH-000341":1.45381472,"ACH-000343":-2.336736122,"ACH-000344":-2.70437319,"ACH-000348":-2.223414839,"ACH-000350":-0.187418044,"ACH-000352":4.176559701,"ACH-000355":0.222648314,"ACH-000356":-2.648175084,"ACH-000361":-1.862491801,"ACH-000362":-2.403222226,"ACH-000363":2.853926605,"ACH-000364":-1.791511726,"ACH-000365":-2.181631248,"ACH-000366":-2.608793072,"ACH-000368":-1.879813808,"ACH-000370":-1.800162093,"ACH-000374":-1.892423306,"ACH-000375":-2.28921293,"ACH-000376":-2.237345397,"ACH-000377":-2.690843391,"ACH-000378":-2.75696035,"ACH-000381":-1.191603366,"ACH-000383":-2.783843875,"ACH-000385":-2.213980381,"ACH-000387":-2.32623051,"ACH-000389":-1.743846585,"ACH-000390":-1.774930841,"ACH-000393":0.761242084,"ACH-000395":-0.23168613,"ACH-000397":-2.783819943,"ACH-000401":-0.857378149,"ACH-000402":-2.09004812,"ACH-000403":-2.770370096,"ACH-000404":-1.437657427,"ACH-000405":-1.436324495,"ACH-000406":-2.548949003,"ACH-000407":-1.587520553,"ACH-000408":-2.138314595,"ACH-000410":-0.483270856,"ACH-000411":-2.055156793,"ACH-000414":-1.051897328,"ACH-000415":-2.315536267,"ACH-000416":-1.457927502,"ACH-000420":0.368337103,"ACH-000421":-2.785112868,"ACH-000422":-2.659012378,"ACH-000424":-1.810029007,"ACH-000425":-2.522926847,"ACH-000426":-2.52575529,"ACH-000427":-2.744345234,"ACH-000431":1.686026218,"ACH-000433":-2.241265883,"ACH-000434":-2.432469806,"ACH-000435":-2.440508593,"ACH-000436":0.936027878,"ACH-000437":-2.782312758,"ACH-000438":-2.469778055,"ACH-000444":-1.31435843,"ACH-000445":-2.332548898,"ACH-000448":13.30005273,"ACH-000450":-2.213174668,"ACH-000452":-1.804923484,"ACH-000454":-2.62630257,"ACH-000458":-1.933769082,"ACH-000459":-2.249070552,"ACH-000460":-2.545747822,"ACH-000461":-0.53966958,"ACH-000463":-1.948835853,"ACH-000464":-1.906241875,"ACH-000466":-0.31652991,"ACH-000467":-2.174655067,"ACH-000468":-1.625921299,"ACH-000469":-1.176254413,"ACH-000470":-0.488852475,"ACH-000471":-2.504090403,"ACH-000472":7.944258086,"ACH-000473":-2.307523746,"ACH-000475":-2.027679081,"ACH-000476":1.185547851,"ACH-000477":2.320255369,"ACH-000478":-2.723300137,"ACH-000480":-1.932844937,"ACH-000481":-2.235010461,"ACH-000483":-2.726700893,"ACH-000484":0.882905011,"ACH-000485":-2.313424162,"ACH-000486":-2.209084162,"ACH-000487":0.233450937,"ACH-000488":-1.187135798,"ACH-000490":-2.369013582,"ACH-000491":-1.80989929,"ACH-000493":-2.789215651,"ACH-000495":-2.778086893,"ACH-000496":-2.651823408,"ACH-000498":-2.337269773,"ACH-000499":-2.560195931,"ACH-000500":-2.414764742,"ACH-000502":-2.052631113,"ACH-000503":-2.724857062,"ACH-000504":-2.613344602,"ACH-000505":-2.658967591,"ACH-000507":-2.516279026,"ACH-000510":-2.736962976,"ACH-000511":-2.690203174,"ACH-000512":-2.421192303,"ACH-000514":-1.628675348,"ACH-000516":-2.775450945,"ACH-000517":-2.678653991,"ACH-000518":-0.842310355,"ACH-000520":-2.716488415,"ACH-000521":0.292508054,"ACH-000522":2.406462708,"ACH-000524":2.72274518,"ACH-000527":0.581042665,"ACH-000528":13.87104231,"ACH-000535":-2.213251156,"ACH-000537":1.339052735,"ACH-000541":-1.966499131,"ACH-000542":-2.735227499,"ACH-000544":-2.767376831,"ACH-000545":-1.894948427,"ACH-000547":-1.517895954,"ACH-000548":-1.249453911,"ACH-000549":-0.569981494,"ACH-000550":-2.788368054,"ACH-000551":-1.621563037,"ACH-000552":-2.367585351,"ACH-000556":2.525313947,"ACH-000557":-2.129194644,