{"scores":{"ACH-000004":-2.130097877,"ACH-000005":-2.284196035,"ACH-000007":-2.112711399,"ACH-000009":-2.094887082,"ACH-000011":-0.573447433,"ACH-000012":-1.224747057,"ACH-000013":-1.828215298,"ACH-000014":-1.96129508,"ACH-000015":-2.123926898,"ACH-000017":16.68611655,"ACH-000018":1.290038677,"ACH-000019":-2.383792103,"ACH-000021":20,"ACH-000022":-1.412521409,"ACH-000024":-2.360938193,"ACH-000025":-2.087113585,"ACH-000028":-2.061181993,"ACH-000029":-0.858437875,"ACH-000030":0.171794485,"ACH-000035":-2.068814171,"ACH-000036":-2.222122419,"ACH-000037":-1.993494563,"ACH-000039":0.442401545,"ACH-000040":-0.075554752,"ACH-000041":1.40001227,"ACH-000042":20,"ACH-000045":-2.01675203,"ACH-000047":-1.266413605,"ACH-000048":-2.383741619,"ACH-000052":-0.576841073,"ACH-000053":-2.280867476,"ACH-000054":-2.383952862,"ACH-000055":-2.054553325,"ACH-000060":5.405900716,"ACH-000067":6.660500331,"ACH-000070":-2.088122964,"ACH-000074":-2.368413106,"ACH-000075":-2.291777246,"ACH-000076":-2.303353765,"ACH-000078":-2.375312633,"ACH-000082":-1.552011908,"ACH-000085":-2.137782146,"ACH-000086":-1.953035496,"ACH-000087":20,"ACH-000092":-2.043839891,"ACH-000095":14.35280596,"ACH-000096":-1.069133123,"ACH-000097":-2.383610423,"ACH-000098":1.331314887,"ACH-000099":-1.753019303,"ACH-000108":-2.380772843,"ACH-000111":-0.955994606,"ACH-000113":-2.007304306,"ACH-000114":-2.356903629,"ACH-000115":-1.978198764,"ACH-000116":-1.393178713,"ACH-000118":-1.841582772,"ACH-000120":-2.281405677,"ACH-000123":-1.690329374,"ACH-000127":-1.952884083,"ACH-000128":-1.79586158,"ACH-000132":-1.853245292,"ACH-000133":-2.04004396,"ACH-000137":-2.380671522,"ACH-000138":-1.638785957,"ACH-000141":-2.269001759,"ACH-000142":6.313315843,"ACH-000143":-0.586042918,"ACH-000146":-2.378133376,"ACH-000148":-2.381428272,"ACH-000150":3.572201983,"ACH-000151":-2.382678507,"ACH-000152":-2.313750766,"ACH-000153":-2.348466811,"ACH-000159":-2.241581603,"ACH-000160":-2.352751387,"ACH-000163":-1.851372572,"ACH-000164":-2.174122544,"ACH-000167":-2.360516997,"ACH-000168":-2.260700759,"ACH-000169":-1.830004151,"ACH-000174":2.22080191,"ACH-000178":0.484444574,"ACH-000182":-2.331424344,"ACH-000183":-2.321178602,"ACH-000187":0.081740824,"ACH-000188":-2.371113171,"ACH-000189":-1.937687994,"ACH-000190":-2.375096047,"ACH-000198":-1.351086076,"ACH-000200":-2.164811363,"ACH-000202":2.74435081,"ACH-000204":-2.288758758,"ACH-000206":-0.252483925,"ACH-000207":1.684219056,"ACH-000209":-1.739240079,"ACH-000211":-1.941677657,"ACH-000212":-2.107775317,"ACH-000215":-2.32144777,"ACH-000217":-2.300303991,"ACH-000219":-1.93148493,"ACH-000221":-2.33378409,"ACH-000222":-2.079747877,"ACH-000223":-2.329286635,"ACH-000226":-2.353823488,"ACH-000227":-2.355970938,"ACH-000228":-2.36709857,"ACH-000231":-2.354360099,"ACH-000232":-2.312117718,"ACH-000233":-1.848148525,"ACH-000234":-2.180287128,"ACH-000235":-1.046259753,"ACH-000237":-2.364630745,"ACH-000238":-1.669437341,"ACH-000243":-2.380611211,"ACH-000244":-2.312230759,"ACH-000246":-2.123455708,"ACH-000247":-2.094788226,"ACH-000248":4.963267454,"ACH-000249":-2.358207526,"ACH-000250":-2.379908472,"ACH-000251":-1.285761609,"ACH-000253":-1.829703884,"ACH-000255":-2.367135452,"ACH-000256":-1.990573928,"ACH-000257":-2.356955694,"ACH-000258":-2.383026128,"ACH-000259":-1.647782681,"ACH-000260":-2.281948917,"ACH-000261":20,"ACH-000262":-1.59701902,"ACH-000263":-2.163722522,"ACH-000264":20,"ACH-000265":-2.318030792,"ACH-000266":20,"ACH-000271":-1.989399236,"ACH-000272":-1.464241224,"ACH-000273":-2.340863062,"ACH-000274":-2.002211184,"ACH-000276":-1.782559799,"ACH-000277":-1.028646561,"ACH-000278":-2.360009704,"ACH-000279":-2.337082987,"ACH-000280":2.335557271,"ACH-000281":-2.12278256,"ACH-000286":-1.790549438,"ACH-000288":-1.552825399,"ACH-000290":-2.360773359,"ACH-000291":-2.061943244,"ACH-000292":-2.303942613,"ACH-000293":-2.282397427,"ACH-000294":-2.112134317,"ACH-000295":-2.254441973,"ACH-000296":-2.374235605,"ACH-000302":20,"ACH-000304":-2.205136936,"ACH-000305":-1.735407342,"ACH-000307":5.861260295,"ACH-000308":-2.223428815,"ACH-000310":-2.384039091,"ACH-000311":-2.266267095,"ACH-000312":-2.104954378,"ACH-000315":-2.271689489,"ACH-000316":20,"ACH-000317":-2.244865921,"ACH-000318":0.839909526,"ACH-000319":-1.932200169,"ACH-000320":-2.340290713,"ACH-000322":-2.048716521,"ACH-000323":-2.358095098,"ACH-000324":-1.773608636,"ACH-000326":-2.303567706,"ACH-000329":-2.343286915,"ACH-000330":4.377549612,"ACH-000331":-2.336876973,"ACH-000332":-2.301483284,"ACH-000334":-2.367728968,"ACH-000335":20,"ACH-000336":-2.187413191,"ACH-000337":-2.163709211,"ACH-000339":-2.334519779,"ACH-000341":-2.307373663,"ACH-000343":-2.062461399,"ACH-000344":-2.369881092,"ACH-000348":-2.193160333,"ACH-000350":-2.382730058,"ACH-000352":-2.349013328,"ACH-000355":-1.789472046,"ACH-000356":3.545661281,"ACH-000361":-2.319783197,"ACH-000362":-1.984497907,"ACH-000363":-2.252542135,"ACH-000364":2.833495718,"ACH-000365":-2.377671206,"ACH-000366":-1.519278044,"ACH-000368":-2.367904796,"ACH-000370":-1.830912248,"ACH-000374":-2.33196605,"ACH-000375":1.432189205,"ACH-000376":-1.324544983,"ACH-000377":-2.146220948,"ACH-000378":-2.249643955,"ACH-000381":-1.70268625,"ACH-000383":-2.366591502,"ACH-000385":-2.381138268,"ACH-000387":-2.383933509,"ACH-000389":-2.064916446,"ACH-000390":1.919540535,"ACH-000393":-2.256163025,"ACH-000395":-1.400354229,"ACH-000397":-0.681304532,"ACH-000401":-1.772580668,"ACH-000402":-2.207201867,"ACH-000403":-2.237159011,"ACH-000404":-2.382992082,"ACH-000405":-2.325186745,"ACH-000406":-2.21042773,"ACH-000407":-1.485065518,"ACH-000408":-1.987577105,"ACH-000410":1.105909553,"ACH-000411":-2.362875531,"ACH-000414":20,"ACH-000415":-1.372605093,"ACH-000416":-2.34688393,"ACH-000420":15.17589737,"ACH-000421":-2.383928414,"ACH-000422":-2.346551253,"ACH-000424":20,"ACH-000425":-2.199022515,"ACH-000426":-2.239624105,"ACH-000427":-2.171148468,"ACH-000431":-2.120092401,"ACH-000433":-2.353221454,"ACH-000434":-2.384125085,"ACH-000435":-2.362986635,"ACH-000436":-1.497097703,"ACH-000437":-2.382621628,"ACH-000438":-2.338045865,"ACH-000444":-1.676567221,"ACH-000445":-1.811412309,"ACH-000448":-1.789282326,"ACH-000450":-0.651806134,"ACH-000452":-0.698158493,"ACH-000454":-2.358186823,"ACH-000458":-1.253490158,"ACH-000459":-2.06979634,"ACH-000460":-1.534805822,"ACH-000461":-2.282730723,"ACH-000463":-1.960749486,"ACH-000464":-2.383801253,"ACH-000466":20,"ACH-000467":-1.972739061,"ACH-000468":20,"ACH-000469":-2.052812634,"ACH-000470":-2.307101877,"ACH-000471":-0.705727289,"ACH-000472":-2.373662655,"ACH-000473":2.453834983,"ACH-000475":-1.591549347,"ACH-000476":-0.932145303,"ACH-000477":-2.303455456,"ACH-000478":-1.985871539,"ACH-000480":-2.335130307,"ACH-000481":0.317106255,"ACH-000483":-2.241323516,"ACH-000484":-2.341478384,"ACH-000485":-1.913246708,"ACH-000486":-2.340891112,"ACH-000487":-1.738366992,"ACH-000488":-1.536525957,"ACH-000490":2.751600912,"ACH-000491":-0.789596526,"ACH-000493":-2.100542626,"ACH-000495":-1.931472012,"ACH-000496":-1.295011908,"ACH-000498":-2.245584875,"ACH-000499":-1.361524399,"ACH-000500":-2.262436601,"ACH-000502":-1.817881649,"ACH-000503":-2.376742175,"ACH-000504":-1.152250865,"ACH-000505":-2.245994261,"ACH-000507":-0.90023737,"ACH-000510":20,"ACH-000511":-1.89505349,"ACH-000512":-2.132707396,"ACH-000514":-2.384176721,"ACH-000516":-2.18724197,"ACH-000517":-1.755735749,"ACH-000518":-1.367170546,"ACH-000520":-2.347150636,"ACH-000521":-1.257286068,"ACH-000522":-2.325434225,"ACH-000524":0.868163782,"ACH-000527":-1.526638074,"ACH-000528":-1.734284551,"ACH-000535":6.642956368,"ACH-000537":-1.695652273,"ACH-000541":-2.217456748,"ACH-000542":-2.347771937,"ACH-000544":0.534002835,"ACH-000545":0.562015357,"ACH-000547":-2.03557151,"ACH-000548":-2.305521848,"ACH-000549":20,"ACH-000550":-2.231224237,"ACH-000551":-2.336999755,"ACH-000552":-0.521880416,"ACH-000556":-2.277928544,"ACH-000557":-2.166957184,"ACH-000563":-1.812752531,"ACH-000570":-2.3742025,"ACH-000571":-0.798430672,"ACH-000573":-2.365126431,"ACH-000576":-2.313156173,