{"scores":{"ACH-000004":-2.462689835,"ACH-000005":-2.127456544,"ACH-000007":20,"ACH-000009":-2.774098231,"ACH-000011":4.482179842,"ACH-000012":-1.874712343,"ACH-000013":-2.636312516,"ACH-000014":-2.664795517,"ACH-000015":-2.731116424,"ACH-000017":-2.051928282,"ACH-000018":-2.714792879,"ACH-000019":-2.83996383,"ACH-000021":-2.507267148,"ACH-000022":-2.645592825,"ACH-000024":-2.724915391,"ACH-000025":-1.725019972,"ACH-000028":-2.746524766,"ACH-000029":-2.824461487,"ACH-000030":-2.812772997,"ACH-000035":-2.828988884,"ACH-000036":16.44915997,"ACH-000037":-2.764506922,"ACH-000039":-2.013060169,"ACH-000040":0.427406199,"ACH-000041":-2.462942217,"ACH-000042":8.255890424,"ACH-000045":-2.441028835,"ACH-000047":-2.645780315,"ACH-000048":-0.42401919,"ACH-000052":-2.834570395,"ACH-000053":-2.793161179,"ACH-000054":-2.774024606,"ACH-000055":-2.798917569,"ACH-000060":-2.316640737,"ACH-000067":0.977570685,"ACH-000070":-2.820074814,"ACH-000074":-2.109422055,"ACH-000075":-2.601604851,"ACH-000076":-2.814680327,"ACH-000078":-2.650228227,"ACH-000082":4.298611267,"ACH-000085":-1.457074387,"ACH-000086":-2.83857302,"ACH-000087":-1.976867191,"ACH-000092":-1.928142021,"ACH-000095":-2.735435324,"ACH-000096":-1.711377933,"ACH-000097":-2.802088347,"ACH-000098":20,"ACH-000099":-2.837916018,"ACH-000108":6.72278529,"ACH-000111":-2.788272627,"ACH-000113":-2.641070409,"ACH-000114":6.003329394,"ACH-000115":-2.832875221,"ACH-000116":0.742904052,"ACH-000118":-2.841177175,"ACH-000120":-2.508923977,"ACH-000123":-2.52871408,"ACH-000127":-2.711945209,"ACH-000128":-1.369999292,"ACH-000132":-2.80486185,"ACH-000133":-2.178020198,"ACH-000137":-2.510281161,"ACH-000138":-2.133286451,"ACH-000141":-0.727665273,"ACH-000142":-2.829739564,"ACH-000143":-2.841128434,"ACH-000146":-2.807222468,"ACH-000148":-2.474560354,"ACH-000150":-0.44009471,"ACH-000151":-2.345077818,"ACH-000152":-2.834153693,"ACH-000153":-1.98959423,"ACH-000159":-2.514768718,"ACH-000160":-2.839441631,"ACH-000163":-1.477046412,"ACH-000164":-2.83456107,"ACH-000167":-2.757890057,"ACH-000168":-2.475631451,"ACH-000169":-2.816651724,"ACH-000174":-2.586816105,"ACH-000178":20,"ACH-000182":-2.585386545,"ACH-000183":-2.786532973,"ACH-000187":-2.560426743,"ACH-000188":-2.803004902,"ACH-000189":-2.311281686,"ACH-000190":-2.543510408,"ACH-000198":-2.000234422,"ACH-000200":9.078501832,"ACH-000202":-2.833581758,"ACH-000204":-2.83768439,"ACH-000206":-2.814361487,"ACH-000207":-1.312145546,"ACH-000209":-1.853253559,"ACH-000211":-2.138482714,"ACH-000212":4.970807037,"ACH-000215":3.162225631,"ACH-000217":-2.119550611,"ACH-000219":2.869048428,"ACH-000221":-2.757597757,"ACH-000222":-2.801019894,"ACH-000223":-2.350015899,"ACH-000226":-2.203398939,"ACH-000227":-2.841759438,"ACH-000228":-2.712693092,"ACH-000231":-2.570915111,"ACH-000232":-2.566953941,"ACH-000233":-2.803561692,"ACH-000234":0.428142788,"ACH-000235":-2.721585373,"ACH-000237":-2.791990238,"ACH-000238":-1.884215267,"ACH-000243":-2.696610774,"ACH-000244":1.261713477,"ACH-000246":-2.598411225,"ACH-000247":-2.638996848,"ACH-000248":-2.817865332,"ACH-000249":-1.994847515,"ACH-000250":-1.817441674,"ACH-000251":-2.743553946,"ACH-000253":-2.796432484,"ACH-000255":-2.842749147,"ACH-000256":-2.090797903,"ACH-000257":-1.721666606,"ACH-000258":-2.540530629,"ACH-000259":-2.746725914,"ACH-000260":-2.842906198,"ACH-000261":-1.796834883,"ACH-000262":-2.797541978,"ACH-000263":-2.84123738,"ACH-000264":-2.824275635,"ACH-000265":-2.801222294,"ACH-000266":7.142133738,"ACH-000271":-2.797578022,"ACH-000272":-2.805132486,"ACH-000273":-1.934455849,"ACH-000274":-2.298913233,"ACH-000276":-2.812209223,"ACH-000277":-2.703883766,"ACH-000278":-1.343510632,"ACH-000279":-2.276565572,"ACH-000280":-2.839053115,"ACH-000281":0.880614715,"ACH-000286":20,"ACH-000288":-2.73577799,"ACH-000290":-2.82010603,"ACH-000291":-2.84245371,"ACH-000292":-2.467938531,"ACH-000293":-2.58588432,"ACH-000294":-2.805690919,"ACH-000295":-2.4871459,"ACH-000296":-1.811277397,"ACH-000302":-2.787849597,"ACH-000304":-2.525630559,"ACH-000305":-2.725385397,"ACH-000307":-2.756268537,"ACH-000308":-2.362959703,"ACH-000310":-2.838911078,"ACH-000311":-2.842524114,"ACH-000312":-2.819493552,"ACH-000315":-2.759039052,"ACH-000316":20,"ACH-000317":-2.606834797,"ACH-000318":-2.694696513,"ACH-000319":-2.831267055,"ACH-000320":-2.423642595,"ACH-000322":-2.738111385,"ACH-000323":-2.644673372,"ACH-000324":-2.82973077,"ACH-000326":-2.658247351,"ACH-000329":-2.825857933,"ACH-000330":-2.358344698,"ACH-000331":-2.376402945,"ACH-000332":-2.721982268,"ACH-000334":-1.894552503,"ACH-000335":-2.063860752,"ACH-000336":-2.620647679,"ACH-000337":-2.012439838,"ACH-000339":-2.631508554,"ACH-000341":-2.224452092,"ACH-000343":-2.712000638,"ACH-000344":-2.179204918,"ACH-000348":-2.756461191,"ACH-000350":-1.424177612,"ACH-000352":-2.766241653,"ACH-000355":-2.490775545,"ACH-000356":-1.479957809,"ACH-000361":0.462327086,"ACH-000362":-2.175757218,"ACH-000363":-2.657998606,"ACH-000364":-1.356679662,"ACH-000365":-2.841849067,"ACH-000366":-2.808992816,"ACH-000368":0.982013495,"ACH-000370":-2.174532545,"ACH-000374":-1.964857345,"ACH-000375":-1.328541419,"ACH-000376":-2.836435914,"ACH-000377":-2.55655713,"ACH-000378":-2.373040985,"ACH-000381":-2.047456438,"ACH-000383":-2.546446247,"ACH-000385":-2.395827029,"ACH-000387":-2.76679195,"ACH-000389":1.436260793,"ACH-000390":-2.722483827,"ACH-000393":-2.841148947,"ACH-000395":-2.835439957,"ACH-000397":-2.836458179,"ACH-000401":-2.608271115,"ACH-000402":1.857814168,"ACH-000403":-1.95748953,"ACH-000404":-2.842963782,"ACH-000405":-2.387317226,"ACH-000406":-2.597218924,"ACH-000407":0.851171176,"ACH-000408":-2.825884527,"ACH-000410":-2.841602101,"ACH-000411":-2.445271045,"ACH-000414":-2.825534261,"ACH-000415":-2.811298159,"ACH-000416":-2.677546693,"ACH-000420":-0.953833118,"ACH-000421":-2.840089541,"ACH-000422":-2.751312852,"ACH-000424":-2.842178742,"ACH-000425":-2.471763216,"ACH-000426":-2.425928441,"ACH-000427":0.132524839,"ACH-000431":-2.838854472,"ACH-000433":3.568366833,"ACH-000434":-2.842963782,"ACH-000435":-0.168449889,"ACH-000436":-2.366274979,"ACH-000437":9.754997735,"ACH-000438":-2.304870601,"ACH-000444":-2.788100656,"ACH-000445":-2.112637721,"ACH-000448":-2.120063547,"ACH-000450":-2.836361948,"ACH-000452":-1.741863002,"ACH-000454":-0.609337761,"ACH-000458":-1.880686651,"ACH-000459":-2.709532434,"ACH-000460":-2.812646543,"ACH-000461":-2.841552246,"ACH-000463":-2.448574526,"ACH-000464":-0.629487084,"ACH-000466":-2.001322397,"ACH-000467":-2.831352192,"ACH-000468":20,"ACH-000469":8.439174544,"ACH-000470":-2.787924556,"ACH-000471":-1.234468353,"ACH-000472":-2.827436544,"ACH-000473":-2.434336364,"ACH-000475":-2.709441373,"ACH-000476":-1.527293107,"ACH-000477":-2.67973919,"ACH-000478":20,"ACH-000480":2.435794272,"ACH-000481":-2.805916135,"ACH-000483":-2.746594465,"ACH-000484":-2.763905331,"ACH-000485":-1.115061263,"ACH-000486":5.593112527,"ACH-000487":-0.613692531,"ACH-000488":-2.829014003,"ACH-000490":-2.772241108,"ACH-000491":-1.873064603,"ACH-000493":0.738863822,"ACH-000495":-2.438885725,"ACH-000496":-0.609912172,"ACH-000498":-2.789011766,"ACH-000499":-2.501058783,"ACH-000500":-2.09596859,"ACH-000502":20,"ACH-000503":-0.793569497,"ACH-000504":7.236595415,"ACH-000505":-2.644869162,"ACH-000507":-2.794693937,"ACH-000510":-2.583242997,"ACH-000511":0.718978812,"ACH-000512":-2.842658289,"ACH-000514":-2.148569663,"ACH-000516":-0.958354805,"ACH-000517":-2.700825407,"ACH-000518":-2.281322052,"ACH-000520":-2.151850347,"ACH-000521":14.61028961,"ACH-000522":-0.889617935,"ACH-000524":-2.689355011,"ACH-000527":-2.791048373,"ACH-000528":-2.185856411,"ACH-000535":-2.280578273,"ACH-000537":-2.194365179,"ACH-000541":-2.493359132,"ACH-000542":-2.480522994,"ACH-000544":-1.84213917,"ACH-000545":-1.874005843,"ACH-000547":-1.392220467,"ACH-000548":-2.682126068,"ACH-000549":-2.643823079,"ACH-000550":20,"ACH-000551":-2.615293195,"ACH-000552":-2.778226611,"ACH-000556":-2.786797418,"ACH-000557":-2.842229187,"ACH-000563":-2.661506942,"ACH-000570":20,"ACH-000571":5.119752842,