{"scores":{"ACH-000004":2.54762803,"ACH-000005":2.118201093,"ACH-000007":2.635665865,"ACH-000009":2.302079539,"ACH-000011":2.571503062,"ACH-000012":-5.498891097,"ACH-000013":2.561462138,"ACH-000014":1.384078847,"ACH-000015":-0.230584521,"ACH-000017":2.642542145,"ACH-000018":-0.310771862,"ACH-000019":1.881018244,"ACH-000021":2.350790581,"ACH-000022":0.508993911,"ACH-000024":1.17062626,"ACH-000025":1.765490182,"ACH-000028":-1.976687874,"ACH-000029":2.593438475,"ACH-000030":2.223983739,"ACH-000035":-0.83252019,"ACH-000036":-5.073063471,"ACH-000037":2.104273626,"ACH-000039":2.483190635,"ACH-000040":1.092124821,"ACH-000041":2.524204782,"ACH-000042":2.573538197,"ACH-000045":-0.110628177,"ACH-000047":2.495646142,"ACH-000048":1.523398778,"ACH-000052":2.163431692,"ACH-000053":2.410469192,"ACH-000054":2.181827388,"ACH-000055":2.226029574,"ACH-000060":2.620413835,"ACH-000067":1.394374141,"ACH-000070":1.642198624,"ACH-000074":2.485296266,"ACH-000075":0.398860736,"ACH-000076":2.390371608,"ACH-000078":2.603097579,"ACH-000082":2.617881337,"ACH-000085":2.622830035,"ACH-000086":2.029802262,"ACH-000087":1.726149186,"ACH-000092":2.633192028,"ACH-000095":2.392654898,"ACH-000096":1.565817143,"ACH-000097":2.39499038,"ACH-000098":1.599451491,"ACH-000099":2.296088095,"ACH-000108":1.18779037,"ACH-000111":0.555293418,"ACH-000113":0.622788973,"ACH-000114":2.010936441,"ACH-000115":2.642454957,"ACH-000116":2.638134539,"ACH-000118":1.395548057,"ACH-000120":2.131820836,"ACH-000123":1.822753714,"ACH-000127":-9.371593588,"ACH-000128":-4.58086858,"ACH-000132":2.076749156,"ACH-000133":2.206813863,"ACH-000137":2.523112219,"ACH-000138":2.282246614,"ACH-000141":2.122475832,"ACH-000142":0.681997936,"ACH-000143":2.447575455,"ACH-000146":1.922425987,"ACH-000148":2.433504777,"ACH-000150":0.355208075,"ACH-000151":0.545513214,"ACH-000152":0.288890532,"ACH-000153":0.86266918,"ACH-000159":-3.810370058,"ACH-000160":2.087733412,"ACH-000163":1.543608074,"ACH-000164":0.930933736,"ACH-000167":0.687252939,"ACH-000168":2.452914386,"ACH-000169":-3.859318595,"ACH-000174":-2.60414617,"ACH-000178":1.961237148,"ACH-000182":2.522857816,"ACH-000183":-0.197312351,"ACH-000187":1.573891186,"ACH-000188":-1.505397516,"ACH-000189":-0.965806667,"ACH-000190":2.211851811,"ACH-000198":2.17558549,"ACH-000200":1.509139258,"ACH-000202":1.258070476,"ACH-000204":2.620375836,"ACH-000206":1.887928958,"ACH-000207":0.8700801,"ACH-000209":2.418234973,"ACH-000211":2.587281372,"ACH-000212":-1.766834561,"ACH-000215":2.390976471,"ACH-000217":1.686453181,"ACH-000219":2.615049775,"ACH-000221":1.880165742,"ACH-000222":-0.581199954,"ACH-000223":2.538762456,"ACH-000226":2.63815411,"ACH-000227":1.908849864,"ACH-000228":0.207337306,"ACH-000231":1.246091701,"ACH-000232":-2.462985679,"ACH-000233":2.613096015,"ACH-000234":2.274861875,"ACH-000235":2.606162843,"ACH-000237":2.509607516,"ACH-000238":-0.901320006,"ACH-000243":-6.546258935,"ACH-000244":1.909533425,"ACH-000246":-8.035325972,"ACH-000247":2.210060533,"ACH-000248":2.564069404,"ACH-000249":-1.565858372,"ACH-000250":2.386156605,"ACH-000251":1.568122662,"ACH-000253":2.158536926,"ACH-000255":2.397083254,"ACH-000256":2.633600699,"ACH-000257":1.712411457,"ACH-000258":2.446167861,"ACH-000259":1.593759247,"ACH-000260":2.634149969,"ACH-000261":-9.744683085,"ACH-000262":1.809303897,"ACH-000263":1.99318557,"ACH-000264":2.383793485,"ACH-000265":2.621160405,"ACH-000266":2.63457056,"ACH-000271":2.384755471,"ACH-000272":1.746488099,"ACH-000273":0.554820158,"ACH-000274":1.622573902,"ACH-000276":-1.689970409,"ACH-000277":2.500369291,"ACH-000278":2.512404986,"ACH-000279":2.633560889,"ACH-000280":1.369268227,"ACH-000281":-1.158611788,"ACH-000286":1.96141725,"ACH-000288":2.438383037,"ACH-000290":2.091207868,"ACH-000291":2.408062884,"ACH-000292":1.955757646,"ACH-000293":2.578975313,"ACH-000294":2.242863078,"ACH-000295":2.328344765,"ACH-000296":1.964943188,"ACH-000302":1.245514985,"ACH-000304":2.102200876,"ACH-000305":0.06699395,"ACH-000307":-3.560425806,"ACH-000308":1.168158313,"ACH-000310":1.059005315,"ACH-000311":2.625365941,"ACH-000312":2.622462049,"ACH-000315":2.135939475,"ACH-000316":2.270238213,"ACH-000317":-0.466922314,"ACH-000318":2.636047577,"ACH-000319":2.266627234,"ACH-000320":2.427694635,"ACH-000322":2.637397413,"ACH-000323":2.311195722,"ACH-000324":1.862254595,"ACH-000326":2.607379346,"ACH-000329":1.967549432,"ACH-000330":2.527379684,"ACH-000331":0.173006854,"ACH-000332":2.640445207,"ACH-000334":2.589271201,"ACH-000335":0.427890359,"ACH-000336":2.571940223,"ACH-000337":2.617488823,"ACH-000339":2.250829922,"ACH-000341":-0.119061475,"ACH-000343":1.960202526,"ACH-000344":2.20557129,"ACH-000348":1.48246513,"ACH-000350":0.321859143,"ACH-000352":2.640851553,"ACH-000355":0.737029689,"ACH-000356":1.64663781,"ACH-000361":-1.766355742,"ACH-000362":2.639948822,"ACH-000363":2.632901763,"ACH-000364":1.702177271,"ACH-000365":2.53089751,"ACH-000366":0.379773577,"ACH-000368":2.547064357,"ACH-000370":2.354456931,"ACH-000374":1.429962185,"ACH-000375":-1.019519409,"ACH-000376":2.148122909,"ACH-000377":1.518414786,"ACH-000378":-0.650967823,"ACH-000381":1.148469457,"ACH-000383":1.991200209,"ACH-000385":2.568076835,"ACH-000387":1.659873058,"ACH-000389":2.058237923,"ACH-000390":1.769473672,"ACH-000393":2.31376419,"ACH-000395":-13.83627351,"ACH-000397":2.641958484,"ACH-000401":-15.83063856,"ACH-000402":0.105589544,"ACH-000403":2.502412677,"ACH-000404":-2.330847732,"ACH-000405":1.464759895,"ACH-000406":-3.181066232,"ACH-000407":2.44740568,"ACH-000408":-0.662265306,"ACH-000410":2.611215181,"ACH-000411":2.116029191,"ACH-000414":2.62167012,"ACH-000415":2.075627674,"ACH-000416":-1.544945286,"ACH-000420":0.891029976,"ACH-000421":2.604215352,"ACH-000422":2.642405971,"ACH-000424":2.586230069,"ACH-000425":1.45501454,"ACH-000426":1.457299768,"ACH-000427":2.60622493,"ACH-000431":-14.64129336,"ACH-000433":0.082553361,"ACH-000434":2.578645158,"ACH-000435":2.279322729,"ACH-000436":-4.877719572,"ACH-000437":-4.974011173,"ACH-000438":1.330927625,"ACH-000444":-0.256770603,"ACH-000445":1.085476201,"ACH-000448":2.017133682,"ACH-000450":1.559762652,"ACH-000452":-12.83701268,"ACH-000454":-4.271890061,"ACH-000458":2.201053929,"ACH-000459":0.396968528,"ACH-000460":1.435235625,"ACH-000461":-0.670560141,"ACH-000463":-1.792132363,"ACH-000464":2.222929379,"ACH-000466":0.805150403,"ACH-000467":2.638873801,"ACH-000468":1.152284632,"ACH-000469":2.143739211,"ACH-000470":2.168674594,"ACH-000471":0.761656986,"ACH-000472":0.759833164,"ACH-000473":1.66726253,"ACH-000475":2.642116272,"ACH-000476":1.363730369,"ACH-000477":-0.972974643,"ACH-000478":1.54801192,"ACH-000480":2.38826043,"ACH-000481":1.467062283,"ACH-000483":0.630377516,"ACH-000484":2.622690623,"ACH-000485":2.527410929,"ACH-000486":-1.594523611,"ACH-000487":2.044162076,"ACH-000488":-7.670232648,"ACH-000490":0.101997037,"ACH-000491":1.3845426,"ACH-000493":2.221684721,"ACH-000495":-3.597354927,"ACH-000496":2.618572478,"ACH-000498":2.177618667,"ACH-000499":1.244959914,"ACH-000500":0.817618208,"ACH-000502":0.099842862,"ACH-000503":2.389475739,"ACH-000504":2.293850914,"ACH-000505":1.944940384,"ACH-000507":2.51392079,"ACH-000510":0.988750982,"ACH-000511":2.634912938,"ACH-000512":-1.633966631,"ACH-000514":0.186171143,"ACH-000516":2.096599849,"ACH-000517":2.585148736,"ACH-000518":1.840911754,"ACH-000520":0.834283174,"ACH-000521":2.576471139,"ACH-000522":2.127661798,"ACH-000524":2.481305209,"ACH-000527":2.525751564,"ACH-000528":2.086241201,"ACH-000535":-5.125309607,"ACH-000537":2.605314378,"ACH-000541":1.259989779,"ACH-000542":1.226781195,"ACH-000544":2.184086469,"ACH-000545":0.98059307,"ACH-000547":1.704693879,"ACH-000548":2.193411437,"ACH-000549":-0.236203141,"ACH-000550":-1.50453907,"ACH-000551":2.228194179,"ACH-000552":2.10099172,"ACH-000556":2.64112687,"ACH-000557":2.301343058,"ACH-000563":2.641925472,"ACH-000570":-4.166287043,"ACH-000571":-3.549218619,"ACH-000573":2.569814615,"ACH-000576":1.97581599,"ACH-000577":1.907307053,"ACH-000579":2.588450479,"ACH-000580":-1.312341637,