{"scores":{"ACH-000004":2.457625792,"ACH-000005":2.032256601,"ACH-000007":0.395888027,"ACH-000009":1.674623475,"ACH-000011":1.980239959,"ACH-000012":0.334449847,"ACH-000013":1.063585266,"ACH-000014":1.851470371,"ACH-000015":2.756226334,"ACH-000017":2.145225135,"ACH-000018":0.936222888,"ACH-000019":1.66307874,"ACH-000021":2.494064072,"ACH-000022":2.366649529,"ACH-000024":-0.707922807,"ACH-000025":1.607927702,"ACH-000028":-1.410937089,"ACH-000029":1.566903117,"ACH-000030":2.701299294,"ACH-000035":2.579088612,"ACH-000036":-1.161885698,"ACH-000037":1.290285263,"ACH-000039":1.839059065,"ACH-000040":0.565694746,"ACH-000041":2.674966203,"ACH-000042":2.558147346,"ACH-000045":2.573347126,"ACH-000047":-1.978164449,"ACH-000048":2.155616845,"ACH-000052":-1.27625367,"ACH-000053":2.422150488,"ACH-000054":2.618631137,"ACH-000055":0.89114182,"ACH-000060":2.33348461,"ACH-000067":1.845333609,"ACH-000070":2.019751291,"ACH-000074":2.249764935,"ACH-000075":1.76099121,"ACH-000076":0.93742826,"ACH-000078":1.104105274,"ACH-000082":1.156888411,"ACH-000085":2.64784948,"ACH-000086":-2.392181962,"ACH-000087":2.652922163,"ACH-000092":-2.192855336,"ACH-000095":2.76025315,"ACH-000096":0.505786669,"ACH-000097":0.689353297,"ACH-000098":0.610424963,"ACH-000099":2.037034782,"ACH-000108":1.875278405,"ACH-000111":1.952531854,"ACH-000113":1.510170233,"ACH-000114":1.177484742,"ACH-000115":2.725437004,"ACH-000116":0.898667516,"ACH-000118":2.758182317,"ACH-000120":-1.262939643,"ACH-000123":1.836303749,"ACH-000127":-3.662604665,"ACH-000128":2.436010975,"ACH-000132":2.432913749,"ACH-000133":-7.095097296,"ACH-000137":1.944157411,"ACH-000138":2.759873804,"ACH-000141":2.754700861,"ACH-000142":2.723762771,"ACH-000143":1.760598664,"ACH-000146":1.87048693,"ACH-000148":-5.705345487,"ACH-000150":2.169654164,"ACH-000151":1.844153777,"ACH-000152":2.455016497,"ACH-000153":2.717804335,"ACH-000159":1.852141732,"ACH-000160":0,"ACH-000163":2.085706812,"ACH-000164":2.688613655,"ACH-000167":-0.813673202,"ACH-000168":2.547721953,"ACH-000169":2.164026627,"ACH-000174":2.588745238,"ACH-000178":2.056986366,"ACH-000182":2.739523887,"ACH-000183":2.215219212,"ACH-000187":2.761145972,"ACH-000188":2.088464834,"ACH-000189":-4.565014094,"ACH-000190":-0.047433676,"ACH-000198":0,"ACH-000200":1.518867667,"ACH-000202":2.123897038,"ACH-000204":1.583932002,"ACH-000206":0.518472661,"ACH-000207":2.646915776,"ACH-000209":-2.541720632,"ACH-000211":1.910614756,"ACH-000212":1.94565532,"ACH-000215":-3.562609591,"ACH-000217":2.271478806,"ACH-000219":-6.333303597,"ACH-000221":2.70539079,"ACH-000222":2.426543917,"ACH-000223":1.486805585,"ACH-000226":-0.472402757,"ACH-000227":-1.266722165,"ACH-000228":-0.466801943,"ACH-000231":-4.954915461,"ACH-000232":1.352148441,"ACH-000233":-1.078065712,"ACH-000234":0.983255967,"ACH-000235":2.390089892,"ACH-000237":-4.407381915,"ACH-000238":1.756180704,"ACH-000243":2.734597182,"ACH-000244":1.69301698,"ACH-000246":-11.26848801,"ACH-000247":-3.118123815,"ACH-000248":2.367009261,"ACH-000249":0.078254594,"ACH-000250":-6.640820438,"ACH-000251":1.855755826,"ACH-000253":2.229620432,"ACH-000255":0.35072272,"ACH-000256":-0.864286608,"ACH-000257":1.501976394,"ACH-000258":2.307502112,"ACH-000259":-0.952050793,"ACH-000260":1.461917767,"ACH-000261":2.732814898,"ACH-000262":-9.919972271,"ACH-000263":2.709298639,"ACH-000264":2.147152444,"ACH-000265":2.647346186,"ACH-000266":2.502265655,"ACH-000271":2.580557526,"ACH-000272":1.756706452,"ACH-000273":0,"ACH-000274":1.940930507,"ACH-000276":-2.700953608,"ACH-000277":2.589599501,"ACH-000278":-10.65927706,"ACH-000279":-5.482007847,"ACH-000280":2.65723822,"ACH-000281":2.723777897,"ACH-000286":-5.991939231,"ACH-000288":0.802270061,"ACH-000290":2.677302637,"ACH-000291":1.908526654,"ACH-000292":2.706291133,"ACH-000293":1.211615132,"ACH-000294":2.381273559,"ACH-000295":1.707110014,"ACH-000296":-3.636461593,"ACH-000302":-7.118333051,"ACH-000304":0.505130094,"ACH-000305":2.456921724,"ACH-000307":2.707590667,"ACH-000308":2.748448026,"ACH-000310":2.686418152,"ACH-000311":0.203392515,"ACH-000312":2.659711487,"ACH-000315":2.416958918,"ACH-000316":1.33774646,"ACH-000317":-2.332025117,"ACH-000318":1.60354367,"ACH-000319":2.321557635,"ACH-000320":1.862409789,"ACH-000322":1.373433268,"ACH-000323":2.361255355,"ACH-000324":2.690925095,"ACH-000326":1.867127704,"ACH-000329":2.365980646,"ACH-000330":1.228847474,"ACH-000331":-4.316900146,"ACH-000332":2.749595312,"ACH-000334":1.878309996,"ACH-000335":0.677125658,"ACH-000336":2.589086599,"ACH-000337":2.160787981,"ACH-000339":-0.369564847,"ACH-000341":1.097402745,"ACH-000343":2.758259454,"ACH-000344":-0.129359834,"ACH-000348":-0.447263181,"ACH-000350":2.7337389,"ACH-000352":2.750656637,"ACH-000355":2.260714854,"ACH-000356":1.6986709,"ACH-000361":2.364423172,"ACH-000362":1.585238995,"ACH-000363":2.456313825,"ACH-000364":2.754177629,"ACH-000365":2.649503512,"ACH-000366":1.491583039,"ACH-000368":0.858981051,"ACH-000370":2.58787374,"ACH-000374":2.701205653,"ACH-000375":-0.585233976,"ACH-000376":0.364543214,"ACH-000377":-1.302591809,"ACH-000378":2.57529988,"ACH-000381":-0.478227259,"ACH-000383":2.638857435,"ACH-000385":2.287143489,"ACH-000387":1.26861829,"ACH-000389":-0.961174652,"ACH-000390":1.10474521,"ACH-000393":2.025051646,"ACH-000395":2.613563301,"ACH-000397":1.912496646,"ACH-000401":0.344561055,"ACH-000402":2.505924819,"ACH-000403":2.75838389,"ACH-000404":-0.585213807,"ACH-000405":1.265959491,"ACH-000406":2.707179208,"ACH-000407":2.144838351,"ACH-000408":2.617536942,"ACH-000410":2.408303594,"ACH-000411":-5.556840522,"ACH-000414":1.912507551,"ACH-000415":-0.06336101,"ACH-000416":2.552557047,"ACH-000420":2.713615806,"ACH-000421":2.7568538,"ACH-000422":0.629016692,"ACH-000424":2.605302437,"ACH-000425":1.484527079,"ACH-000426":1.999926655,"ACH-000427":2.687613173,"ACH-000431":1.19457286,"ACH-000433":2.011096197,"ACH-000434":0.189928265,"ACH-000435":2.759466441,"ACH-000436":2.710808224,"ACH-000437":2.630589252,"ACH-000438":0.114452913,"ACH-000444":-2.316460783,"ACH-000445":2.485669238,"ACH-000448":1.608450393,"ACH-000450":-0.322071283,"ACH-000452":2.739505964,"ACH-000454":2.314647541,"ACH-000458":2.762127933,"ACH-000459":-0.658347672,"ACH-000460":2.607556632,"ACH-000461":1.987808167,"ACH-000463":1.848889916,"ACH-000464":1.896830802,"ACH-000466":0.276170328,"ACH-000467":2.417505081,"ACH-000468":2.575225531,"ACH-000469":2.199144961,"ACH-000470":2.246712557,"ACH-000471":1.905136342,"ACH-000472":2.604128495,"ACH-000473":2.678592171,"ACH-000475":2.334318652,"ACH-000476":2.504434666,"ACH-000477":2.51972592,"ACH-000478":0.684862056,"ACH-000480":-0.530884016,"ACH-000481":0.189667301,"ACH-000483":1.51214663,"ACH-000484":2.732378182,"ACH-000485":2.026192553,"ACH-000486":2.719759534,"ACH-000487":2.759116332,"ACH-000488":2.761858274,"ACH-000490":2.698142705,"ACH-000491":2.760415556,"ACH-000493":2.295574334,"ACH-000495":-7.388533914,"ACH-000496":1.910600463,"ACH-000498":-0.121200062,"ACH-000499":0.808454444,"ACH-000500":2.669247905,"ACH-000502":-1.238079309,"ACH-000503":2.667053396,"ACH-000504":1.66653475,"ACH-000505":2.633987331,"ACH-000507":2.710428037,"ACH-000510":1.967498473,"ACH-000511":-0.393335883,"ACH-000512":2.621287183,"ACH-000514":1.289403717,"ACH-000516":0.924797015,"ACH-000517":2.226922638,"ACH-000518":-0.464517554,"ACH-000520":1.937590757,"ACH-000521":2.717267435,"ACH-000522":2.392123667,"ACH-000524":1.567887454,"ACH-000527":2.638356663,"ACH-000528":-0.320879741,"ACH-000535":2.412411632,"ACH-000537":2.66182098,"ACH-000541":1.278574319,"ACH-000542":-3.628550064,"ACH-000544":1.091205948,"ACH-000545":2.250967067,"ACH-000547":2.3524638,"ACH-000548":2.538235713,"ACH-000549":2.117770848,"ACH-000550":2.722611995,"ACH-000551":1.948664468,"ACH-000552":2.208649272,"ACH-000556":2.747444028,"ACH-000557":2.204621036,"ACH-000563":1.009040699,"ACH-000570":0.809636637,"ACH-000571":2.748152804,"ACH-000573":-5.151050439,"ACH-000576":1.709705113,"ACH-000577":1.950762646,"ACH-000579":1.767330676,"ACH-000580":0.604773318,"ACH-000581":1.009555614,