{"scores":{"ACH-000004":-1.237165455,"ACH-000005":-1.527383359,"ACH-000007":-2.819531384,"ACH-000009":-3.281201248,"ACH-000011":1.013081048,"ACH-000012":-1.760666842,"ACH-000013":-3.864852897,"ACH-000014":-1.741600367,"ACH-000015":-3.414605275,"ACH-000017":-0.974003122,"ACH-000018":-3.025320067,"ACH-000019":3.962364381,"ACH-000021":-1.975746274,"ACH-000022":-1.163148665,"ACH-000024":-2.581149938,"ACH-000025":-1.248803362,"ACH-000028":0.299683917,"ACH-000029":-0.730339131,"ACH-000030":-3.858784015,"ACH-000035":-2.576383405,"ACH-000036":-2.902656652,"ACH-000037":-3.707988815,"ACH-000039":-1.573477517,"ACH-000040":6.88609143,"ACH-000041":-0.539550871,"ACH-000042":3.289934347,"ACH-000045":18.52225376,"ACH-000047":-3.027543808,"ACH-000048":-2.614021092,"ACH-000052":-1.471390739,"ACH-000053":-2.968331822,"ACH-000054":-3.866282142,"ACH-000055":-2.160371898,"ACH-000060":-2.765656856,"ACH-000067":-3.361738235,"ACH-000070":-3.682774111,"ACH-000074":-2.659920459,"ACH-000075":-3.138785672,"ACH-000076":-3.606062865,"ACH-000078":10.24103046,"ACH-000082":-2.171520495,"ACH-000085":-2.185504131,"ACH-000086":-3.131494561,"ACH-000087":-1.068435526,"ACH-000092":-3.443016599,"ACH-000095":4.701868911,"ACH-000096":-3.654038983,"ACH-000097":-1.356258885,"ACH-000098":-2.410508986,"ACH-000099":4.24664456,"ACH-000108":-1.182628362,"ACH-000111":-1.658640638,"ACH-000113":13.25989197,"ACH-000114":-2.528921928,"ACH-000115":-1.497197569,"ACH-000116":-0.49611226,"ACH-000118":3.278787834,"ACH-000120":-3.790133882,"ACH-000123":-2.078589561,"ACH-000127":-3.094448908,"ACH-000128":-3.106014622,"ACH-000132":-2.943752166,"ACH-000133":-2.962951116,"ACH-000137":-2.32918929,"ACH-000138":-3.835368598,"ACH-000141":-2.893570263,"ACH-000142":-3.633151869,"ACH-000143":-3.764822639,"ACH-000146":2.516347692,"ACH-000148":-3.673524582,"ACH-000150":-3.335245695,"ACH-000151":-2.835795669,"ACH-000152":-3.003892682,"ACH-000153":-1.964180632,"ACH-000159":-3.844629158,"ACH-000160":-2.959471473,"ACH-000163":-2.374469236,"ACH-000164":-2.960090157,"ACH-000167":-3.022505116,"ACH-000168":-2.677828058,"ACH-000169":-2.004210044,"ACH-000174":-2.532787857,"ACH-000178":-3.744151946,"ACH-000182":-3.619653253,"ACH-000183":-1.525760596,"ACH-000187":3.68672661,"ACH-000188":-3.547531634,"ACH-000189":-2.442823116,"ACH-000190":-2.578259814,"ACH-000198":20,"ACH-000200":-3.624174572,"ACH-000202":-3.016288528,"ACH-000204":-3.746660763,"ACH-000206":-2.276075191,"ACH-000207":-1.753180413,"ACH-000209":-3.8233995,"ACH-000211":-3.080094598,"ACH-000212":5.293949451,"ACH-000215":-3.40422167,"ACH-000217":-0.784989684,"ACH-000219":-2.672533673,"ACH-000221":-0.236574167,"ACH-000222":-2.858438017,"ACH-000223":-0.009899239,"ACH-000226":5.493364166,"ACH-000227":-0.349703511,"ACH-000228":0.297311254,"ACH-000231":-0.595803485,"ACH-000232":-3.829417931,"ACH-000233":0.727394913,"ACH-000234":-3.862719042,"ACH-000235":-3.810048517,"ACH-000237":-3.337099333,"ACH-000238":-3.855522637,"ACH-000243":-3.472363595,"ACH-000244":-3.236694935,"ACH-000246":-2.92609174,"ACH-000247":-2.6646514,"ACH-000248":-3.289218656,"ACH-000249":-3.480990507,"ACH-000250":-2.816201707,"ACH-000251":-0.698568416,"ACH-000253":-3.359589722,"ACH-000255":-1.735677638,"ACH-000256":-2.872821888,"ACH-000257":-2.066884679,"ACH-000258":2.504817975,"ACH-000259":-2.65620477,"ACH-000260":7.559301994,"ACH-000261":-2.963878913,"ACH-000262":-3.255669387,"ACH-000263":-0.415780002,"ACH-000264":-0.161901764,"ACH-000265":2.261479589,"ACH-000266":-3.413003395,"ACH-000271":-3.866260157,"ACH-000272":9.062272139,"ACH-000273":-3.095760985,"ACH-000274":5.405063967,"ACH-000276":-2.763588967,"ACH-000277":-3.547503237,"ACH-000278":-2.526802073,"ACH-000279":2.149191829,"ACH-000280":3.776036739,"ACH-000281":-3.859060478,"ACH-000286":-3.06770529,"ACH-000288":-3.307155309,"ACH-000290":-3.024048552,"ACH-000291":-1.626229341,"ACH-000292":-0.724937133,"ACH-000293":-3.302125448,"ACH-000294":-2.327100227,"ACH-000295":-2.019196485,"ACH-000296":-2.655533757,"ACH-000302":4.29258475,"ACH-000304":2.587725963,"ACH-000305":0.868731029,"ACH-000307":0.264051486,"ACH-000308":4.303788451,"ACH-000310":1.525172305,"ACH-000311":-2.033119611,"ACH-000312":3.732379255,"ACH-000315":-1.544399755,"ACH-000316":-0.89330082,"ACH-000317":-3.44340896,"ACH-000318":-1.625880037,"ACH-000319":-3.256725855,"ACH-000320":-2.038949151,"ACH-000322":-0.196323746,"ACH-000323":-1.182334514,"ACH-000324":-3.106474602,"ACH-000326":-0.998824791,"ACH-000329":-3.756231771,"ACH-000330":-2.655454686,"ACH-000331":-2.83403921,"ACH-000332":-3.611753934,"ACH-000334":4.801763608,"ACH-000335":-3.294933404,"ACH-000336":-0.248312644,"ACH-000337":-0.762220934,"ACH-000339":-3.787454077,"ACH-000341":3.783092307,"ACH-000343":-3.747144923,"ACH-000344":4.493670504,"ACH-000348":-2.241653679,"ACH-000350":-3.651483729,"ACH-000352":-1.52282985,"ACH-000355":0.197938949,"ACH-000356":-3.289559418,"ACH-000361":-2.635206193,"ACH-000362":14.78516962,"ACH-000363":0.12330279,"ACH-000364":-3.182602748,"ACH-000365":-2.734006989,"ACH-000366":-2.702951298,"ACH-000368":-2.434486675,"ACH-000370":-2.300823833,"ACH-000374":-3.221481918,"ACH-000375":-1.265955657,"ACH-000376":-2.906847609,"ACH-000377":0.116122511,"ACH-000378":-3.676654274,"ACH-000381":-2.475509493,"ACH-000383":-3.798482017,"ACH-000385":-0.251837553,"ACH-000387":-3.376247617,"ACH-000389":-3.824494815,"ACH-000390":-3.85905346,"ACH-000393":-2.635651105,"ACH-000395":-3.852578361,"ACH-000397":-3.795140172,"ACH-000401":-3.24879865,"ACH-000402":0.63697351,"ACH-000403":-2.469162082,"ACH-000404":-2.099971099,"ACH-000405":-3.836663653,"ACH-000406":-0.051332917,"ACH-000407":-2.383321282,"ACH-000408":-3.364830183,"ACH-000410":-3.234166029,"ACH-000411":-0.378698779,"ACH-000414":0.552052382,"ACH-000415":-3.863679142,"ACH-000416":-3.28649651,"ACH-000420":2.085358096,"ACH-000421":1.02220797,"ACH-000422":-3.233838026,"ACH-000424":-0.642715807,"ACH-000425":-3.20956641,"ACH-000426":2.256199152,"ACH-000427":-3.111676384,"ACH-000431":3.41121338,"ACH-000433":0.229969646,"ACH-000434":-1.317871193,"ACH-000435":-2.529351121,"ACH-000436":-1.32219931,"ACH-000437":-2.764449569,"ACH-000438":-1.174810821,"ACH-000444":-0.531002999,"ACH-000445":-3.287658008,"ACH-000448":15.76079333,"ACH-000450":-1.30099958,"ACH-000452":-3.702851719,"ACH-000454":-3.273657592,"ACH-000458":-3.691954488,"ACH-000459":0.237421502,"ACH-000460":-3.841046995,"ACH-000461":-2.889554775,"ACH-000463":-2.704349453,"ACH-000464":-3.35816046,"ACH-000466":-3.613989729,"ACH-000467":-2.1204534,"ACH-000468":-3.290470304,"ACH-000469":-3.579143945,"ACH-000470":-2.735104566,"ACH-000471":-3.092812304,"ACH-000472":-3.864984524,"ACH-000473":-3.824810641,"ACH-000475":-0.45531579,"ACH-000476":-0.383643356,"ACH-000477":-2.656501212,"ACH-000478":-3.577142085,"ACH-000480":-1.29001752,"ACH-000481":-3.5062286,"ACH-000483":-3.827050007,"ACH-000484":-2.021074323,"ACH-000485":-1.690904827,"ACH-000486":-2.02370672,"ACH-000487":-2.621760332,"ACH-000488":-3.853014984,"ACH-000490":-2.961579488,"ACH-000491":-3.826709966,"ACH-000493":-3.152592901,"ACH-000495":-1.837039333,"ACH-000496":-3.261808532,"ACH-000498":-0.089907062,"ACH-000499":-2.628424024,"ACH-000500":-3.787195504,"ACH-000502":6.048670603,"ACH-000503":-3.866148049,"ACH-000504":-3.797225301,"ACH-000505":-1.688801096,"ACH-000507":-2.779526904,"ACH-000510":0.542409621,"ACH-000511":-3.091089489,"ACH-000512":-1.398605546,"ACH-000514":5.089593786,"ACH-000516":-3.84844008,"ACH-000517":2.262080883,"ACH-000518":-2.694277156,"ACH-000520":-2.910279928,"ACH-000521":-2.280575088,"ACH-000522":-0.625823088,"ACH-000524":-3.142404887,"ACH-000527":5.913426013,"ACH-000528":-3.581988525,"ACH-000535":-3.720379104,"ACH-000537":14.01024967,"ACH-000541":-3.425620472,"ACH-000542":-3.676463374,"ACH-000544":-2.877310439,"ACH-000545":-2.86252525,"ACH-000547":-3.774820278,"ACH-000548":-2.917166427,"ACH-000549":0.391747707,"ACH-000550":-3.357219794,"ACH-000551":-0.437315876,"ACH-000552":-2.268486676,"ACH-000556":-3.654541869,"ACH-000557":5.517728573,"ACH-000563":-3.660014581,