{"scores":{"ACH-000004":1.150242326,"ACH-000005":1.014063201,"ACH-000007":3.855144092,"ACH-000009":3.09958868,"ACH-000011":-8.351542208,"ACH-000012":3.593568286,"ACH-000013":4.360776996,"ACH-000014":2.693979621,"ACH-000015":4.766765963,"ACH-000017":0.43295807,"ACH-000018":-5.425532391,"ACH-000019":2.151526875,"ACH-000021":4.007472236,"ACH-000022":4.585078125,"ACH-000024":-11.05463118,"ACH-000025":1.37161157,"ACH-000028":2.068926177,"ACH-000029":3.886896127,"ACH-000030":4.150614671,"ACH-000035":2.779321978,"ACH-000036":-1.318009445,"ACH-000037":-3.579171562,"ACH-000039":2.979781424,"ACH-000040":-9.045537321,"ACH-000041":2.49148442,"ACH-000042":-0.380073802,"ACH-000045":-3.841623818,"ACH-000047":2.634564996,"ACH-000048":4.024641398,"ACH-000052":1.588953641,"ACH-000053":3.806779012,"ACH-000054":-0.549592437,"ACH-000055":3.942906314,"ACH-000060":3.08797493,"ACH-000067":-2.528697836,"ACH-000070":-0.442519485,"ACH-000074":-1.627224425,"ACH-000075":-2.846190574,"ACH-000076":-1.366911908,"ACH-000078":2.726614432,"ACH-000082":-1.56316245,"ACH-000085":2.599874374,"ACH-000086":2.093325903,"ACH-000087":2.302980753,"ACH-000092":0.209867384,"ACH-000095":1.720988667,"ACH-000096":2.365631155,"ACH-000097":4.244472512,"ACH-000098":-3.456466845,"ACH-000099":2.33038872,"ACH-000108":4.198750119,"ACH-000111":1.422932159,"ACH-000113":-1.138629657,"ACH-000114":0.285052925,"ACH-000115":3.525107888,"ACH-000116":4.443690095,"ACH-000118":1.918674342,"ACH-000120":2.547795954,"ACH-000123":-5.848550195,"ACH-000127":-0.558153655,"ACH-000128":-7.74926844,"ACH-000132":-8.526242871,"ACH-000133":-4.30763814,"ACH-000137":-4.043524112,"ACH-000138":-1.578707269,"ACH-000141":4.055109825,"ACH-000142":4.498050428,"ACH-000143":3.183003847,"ACH-000146":2.843986462,"ACH-000148":1.462020192,"ACH-000150":-0.469244263,"ACH-000151":-0.394899911,"ACH-000152":-9.195509389,"ACH-000153":3.106496754,"ACH-000159":-0.532249746,"ACH-000160":3.962128516,"ACH-000163":-8.051319151,"ACH-000164":3.773304098,"ACH-000167":3.45437574,"ACH-000168":-4.438736036,"ACH-000169":3.040556742,"ACH-000174":-6.863010423,"ACH-000178":-0.351033728,"ACH-000182":4.936462497,"ACH-000183":1.583498152,"ACH-000187":1.879322004,"ACH-000188":4.340303689,"ACH-000189":1.806812957,"ACH-000190":3.330963798,"ACH-000198":-3.358033395,"ACH-000200":-4.800985436,"ACH-000202":2.220794371,"ACH-000204":-1.251230212,"ACH-000206":-4.341147208,"ACH-000207":2.651470909,"ACH-000209":2.284080894,"ACH-000211":-5.296529127,"ACH-000212":2.471878769,"ACH-000215":0.406707316,"ACH-000217":1.635952466,"ACH-000219":4.483385447,"ACH-000221":4.495477067,"ACH-000222":2.112719685,"ACH-000223":1.180093952,"ACH-000226":3.35534096,"ACH-000227":2.086190882,"ACH-000228":3.53340405,"ACH-000231":-12.14019887,"ACH-000232":2.98351461,"ACH-000233":-5.507475813,"ACH-000234":1.466149788,"ACH-000235":4.540750785,"ACH-000237":1.744568087,"ACH-000238":-0.279622685,"ACH-000243":4.217235579,"ACH-000244":-0.676259548,"ACH-000246":4.527578142,"ACH-000247":3.733380078,"ACH-000248":0.534462346,"ACH-000249":3.845158409,"ACH-000250":2.963829272,"ACH-000251":2.702045287,"ACH-000253":2.004383519,"ACH-000255":-8.147857872,"ACH-000256":2.006013174,"ACH-000257":3.165844583,"ACH-000258":-5.380816097,"ACH-000259":4.307978938,"ACH-000260":2.743204084,"ACH-000261":3.285412068,"ACH-000262":-1.208455226,"ACH-000263":0.119977054,"ACH-000264":-9.695302651,"ACH-000265":2.972626093,"ACH-000266":0.783488682,"ACH-000271":4.012404588,"ACH-000272":-7.148957744,"ACH-000273":-6.324617571,"ACH-000274":2.055712436,"ACH-000276":2.688256614,"ACH-000277":-0.819944804,"ACH-000278":4.072796074,"ACH-000279":1.610983322,"ACH-000280":3.774670882,"ACH-000281":2.961303536,"ACH-000286":0.838997896,"ACH-000288":0.844748816,"ACH-000290":5.180477075,"ACH-000291":1.966107919,"ACH-000292":4.186067054,"ACH-000293":2.787089344,"ACH-000294":2.217649603,"ACH-000295":-1.269842693,"ACH-000296":3.532626178,"ACH-000302":3.947859953,"ACH-000304":1.280468296,"ACH-000305":3.882490735,"ACH-000307":3.068133406,"ACH-000308":-0.741598614,"ACH-000310":3.296468962,"ACH-000311":3.699645791,"ACH-000312":2.525877536,"ACH-000315":2.82527501,"ACH-000316":-1.392950403,"ACH-000317":2.033489748,"ACH-000318":2.192044625,"ACH-000319":1.040561481,"ACH-000320":3.212987235,"ACH-000322":4.730438499,"ACH-000323":-3.641891097,"ACH-000324":3.842238492,"ACH-000326":3.722063843,"ACH-000329":-1.745038303,"ACH-000330":1.844493319,"ACH-000331":-5.106069465,"ACH-000332":3.042352139,"ACH-000334":0.79346705,"ACH-000335":2.429480985,"ACH-000336":-2.512552021,"ACH-000337":-0.197875897,"ACH-000339":-13.0287492,"ACH-000341":3.500359237,"ACH-000343":2.989406598,"ACH-000344":3.187633355,"ACH-000348":-2.656086532,"ACH-000350":1.897198219,"ACH-000352":3.281592867,"ACH-000355":2.698857358,"ACH-000356":3.828887728,"ACH-000361":3.340075478,"ACH-000362":-5.519314192,"ACH-000363":-7.126324355,"ACH-000364":4.138453019,"ACH-000365":0.96334931,"ACH-000366":4.526328165,"ACH-000368":-0.730827843,"ACH-000370":-0.447402992,"ACH-000374":-4.825965598,"ACH-000375":4.394256785,"ACH-000376":3.15295296,"ACH-000377":2.995246429,"ACH-000378":-0.819130351,"ACH-000381":3.988204258,"ACH-000383":3.779061606,"ACH-000385":2.659397847,"ACH-000387":2.683504679,"ACH-000389":4.871334878,"ACH-000390":4.147511011,"ACH-000393":2.415405695,"ACH-000395":1.694778698,"ACH-000397":3.648843491,"ACH-000401":3.181652377,"ACH-000402":2.341602485,"ACH-000403":-0.16951564,"ACH-000404":4.555497267,"ACH-000405":3.620393379,"ACH-000406":3.323197653,"ACH-000407":3.687390555,"ACH-000408":2.350430261,"ACH-000410":-3.009532354,"ACH-000411":3.24125047,"ACH-000414":4.009700289,"ACH-000415":3.789186876,"ACH-000416":1.810793895,"ACH-000420":1.116108835,"ACH-000421":4.571860996,"ACH-000422":-1.751039647,"ACH-000424":1.930903004,"ACH-000425":-0.228845327,"ACH-000426":-1.089507449,"ACH-000427":3.005107438,"ACH-000431":4.199877247,"ACH-000433":-0.557456555,"ACH-000434":-3.723644738,"ACH-000435":2.30343752,"ACH-000436":-8.210315983,"ACH-000437":1.6658267,"ACH-000438":3.858186179,"ACH-000444":4.254306343,"ACH-000445":1.548007943,"ACH-000448":1.433600033,"ACH-000450":3.457713862,"ACH-000452":3.250180179,"ACH-000454":3.44603136,"ACH-000458":3.538964771,"ACH-000459":2.746239691,"ACH-000460":4.340166596,"ACH-000461":3.759040046,"ACH-000463":-7.116690423,"ACH-000464":-2.280001469,"ACH-000466":2.32429099,"ACH-000467":2.710594425,"ACH-000468":2.812397797,"ACH-000469":-2.67860419,"ACH-000470":3.193055763,"ACH-000471":4.171708366,"ACH-000472":4.37324079,"ACH-000473":3.647363951,"ACH-000475":3.856210342,"ACH-000476":3.550991224,"ACH-000477":-1.950778777,"ACH-000478":-8.558428755,"ACH-000480":2.393320974,"ACH-000481":3.872197638,"ACH-000483":4.230513264,"ACH-000484":2.872566102,"ACH-000485":3.98798803,"ACH-000486":3.764881537,"ACH-000487":3.643267644,"ACH-000488":1.531291849,"ACH-000490":4.76771143,"ACH-000491":2.831905698,"ACH-000493":-6.70484723,"ACH-000495":-3.420193875,"ACH-000496":2.453097317,"ACH-000498":0.605763571,"ACH-000499":1.575383163,"ACH-000500":3.735406177,"ACH-000502":-2.820326554,"ACH-000503":3.997032405,"ACH-000504":-2.820274644,"ACH-000505":-1.982053081,"ACH-000507":3.753074675,"ACH-000510":3.416969492,"ACH-000511":-8.301157177,"ACH-000512":-2.400841379,"ACH-000514":2.486966723,"ACH-000516":-12.44454682,"ACH-000517":0.248082748,"ACH-000518":3.103075795,"ACH-000520":1.811525122,"ACH-000521":4.196956708,"ACH-000522":-7.759904284,"ACH-000524":-0.459704383,"ACH-000527":3.21169439,"ACH-000528":4.031437347,"ACH-000535":3.996624395,"ACH-000537":2.630821882,"ACH-000541":-4.60536476,"ACH-000542":3.359409713,"ACH-000544":4.322172858,"ACH-000545":2.421696088,"ACH-000547":4.796457148,"ACH-000548":4.637138795,"ACH-000549":2.782572023,"ACH-000550":-1.078147171,"ACH-000551":2.923948102,"ACH-000552":4.348596838,"ACH-000556":0.432699336,"ACH-000557":0.30411641,"ACH-000563":-2.529832766,"ACH-000570":-2.917932969,"ACH-000571":2.360105929,"ACH-000573":1.498930862,"ACH-000576":-6.828909717,"ACH-000577":-0.790537584,"ACH-000579":4.398137402,