{"scores":{"ACH-000004":0.62231807,"ACH-000005":3.714306673,"ACH-000007":3.900587946,"ACH-000009":-11.16231708,"ACH-000011":-6.232162695,"ACH-000012":3.861836335,"ACH-000013":1.46733164,"ACH-000014":2.726793847,"ACH-000015":3.288696223,"ACH-000017":3.697190976,"ACH-000018":2.597360352,"ACH-000019":1.913299095,"ACH-000021":2.339251567,"ACH-000022":2.97573722,"ACH-000024":3.323129907,"ACH-000025":3.153638523,"ACH-000028":1.550476048,"ACH-000029":2.819424236,"ACH-000030":3.388240437,"ACH-000035":3.856832505,"ACH-000036":2.263322796,"ACH-000037":3.784244831,"ACH-000039":3.867744225,"ACH-000040":2.632131252,"ACH-000041":3.592921572,"ACH-000042":3.806900541,"ACH-000045":3.694034037,"ACH-000047":-6.548291099,"ACH-000048":3.764624264,"ACH-000052":3.888955416,"ACH-000053":3.361693481,"ACH-000054":3.855673426,"ACH-000055":3.735489983,"ACH-000060":-3.272973655,"ACH-000067":2.649143623,"ACH-000070":3.069488376,"ACH-000074":2.634270969,"ACH-000075":3.63254769,"ACH-000076":3.882878301,"ACH-000078":3.897669485,"ACH-000082":3.893585469,"ACH-000085":3.791553181,"ACH-000086":3.481024111,"ACH-000087":3.89908609,"ACH-000092":2.971287174,"ACH-000095":2.47059998,"ACH-000096":2.420191178,"ACH-000097":1.375503398,"ACH-000098":1.69677193,"ACH-000099":3.764988668,"ACH-000108":-9.729097465,"ACH-000111":0.23043704,"ACH-000113":3.478817495,"ACH-000114":3.579096116,"ACH-000115":3.654579645,"ACH-000116":3.384391207,"ACH-000118":-1.926281117,"ACH-000120":2.033131139,"ACH-000123":2.690732005,"ACH-000127":1.511668954,"ACH-000128":3.900633318,"ACH-000132":3.408515103,"ACH-000133":3.611081996,"ACH-000137":3.88105318,"ACH-000138":-7.518358796,"ACH-000141":3.899044875,"ACH-000142":2.870544164,"ACH-000143":3.857713222,"ACH-000146":3.805474087,"ACH-000148":3.634256628,"ACH-000150":3.888212523,"ACH-000151":3.535557483,"ACH-000152":3.574429439,"ACH-000153":3.896684549,"ACH-000159":2.143671217,"ACH-000160":3.249659898,"ACH-000163":2.348044895,"ACH-000164":3.877152036,"ACH-000167":2.313637744,"ACH-000168":1.431837781,"ACH-000169":2.668021823,"ACH-000174":3.867216103,"ACH-000178":3.833702599,"ACH-000182":3.350839371,"ACH-000183":3.644539031,"ACH-000187":3.855817942,"ACH-000188":3.040976115,"ACH-000189":1.017287662,"ACH-000190":3.751357765,"ACH-000198":2.985624985,"ACH-000200":-0.700058541,"ACH-000202":3.405886592,"ACH-000204":3.025402356,"ACH-000206":3.888629783,"ACH-000207":2.566303805,"ACH-000209":-16.53867299,"ACH-000211":3.871730524,"ACH-000212":3.372352575,"ACH-000215":3.872170003,"ACH-000217":2.970236758,"ACH-000219":3.688400127,"ACH-000221":3.751039417,"ACH-000222":3.874750597,"ACH-000223":3.771800254,"ACH-000226":3.885807919,"ACH-000227":0.668942051,"ACH-000228":2.719278383,"ACH-000231":2.418956526,"ACH-000232":1.720382513,"ACH-000233":3.842558169,"ACH-000234":-7.170045528,"ACH-000235":-1.498839269,"ACH-000237":0.805561515,"ACH-000238":2.798032534,"ACH-000243":3.881796849,"ACH-000244":3.219965796,"ACH-000246":-17.57578968,"ACH-000247":3.700825795,"ACH-000248":3.882696901,"ACH-000249":3.841587252,"ACH-000250":-2.964022332,"ACH-000251":3.112829424,"ACH-000253":3.80301001,"ACH-000255":3.572754847,"ACH-000256":1.311092581,"ACH-000257":3.186465514,"ACH-000258":3.819308184,"ACH-000259":2.336885573,"ACH-000260":3.767635707,"ACH-000261":0.885458627,"ACH-000262":-1.597046383,"ACH-000263":0.219800071,"ACH-000264":3.864542332,"ACH-000265":3.856956562,"ACH-000266":3.735420891,"ACH-000271":2.534878731,"ACH-000272":-12.37180576,"ACH-000273":3.882336912,"ACH-000274":3.470993985,"ACH-000276":3.712801716,"ACH-000277":3.883178789,"ACH-000278":0.722543676,"ACH-000279":3.715087235,"ACH-000280":2.618004876,"ACH-000281":3.852726122,"ACH-000286":3.654467381,"ACH-000288":-0.06514238,"ACH-000290":3.502982803,"ACH-000291":1.683484274,"ACH-000292":1.390814011,"ACH-000293":0.164134715,"ACH-000294":2.812012374,"ACH-000295":2.919850645,"ACH-000296":-8.140272015,"ACH-000302":-8.716393815,"ACH-000304":2.265213576,"ACH-000305":3.900266246,"ACH-000307":3.519004814,"ACH-000308":3.228384756,"ACH-000310":3.896396724,"ACH-000311":2.850908924,"ACH-000312":2.830121135,"ACH-000315":2.993370505,"ACH-000316":-0.370251258,"ACH-000317":-20,"ACH-000318":2.229315792,"ACH-000319":3.076692881,"ACH-000320":-0.011083025,"ACH-000322":2.120814827,"ACH-000323":2.069669169,"ACH-000324":-18.05829109,"ACH-000326":3.610754651,"ACH-000329":3.794383182,"ACH-000330":2.849751581,"ACH-000331":-2.710066053,"ACH-000332":0.297175479,"ACH-000334":3.802655936,"ACH-000335":2.412080638,"ACH-000336":2.611482645,"ACH-000337":3.888993676,"ACH-000339":3.062357291,"ACH-000341":3.900423719,"ACH-000343":3.90001933,"ACH-000344":1.828657176,"ACH-000348":3.89342393,"ACH-000350":3.803768132,"ACH-000352":3.867621319,"ACH-000355":0.043195379,"ACH-000356":3.815952706,"ACH-000361":3.740998763,"ACH-000362":3.094337523,"ACH-000363":3.232927853,"ACH-000364":-0.830327101,"ACH-000365":3.598327487,"ACH-000366":3.567501739,"ACH-000368":3.000964038,"ACH-000370":3.883244732,"ACH-000374":3.120663508,"ACH-000375":3.392035448,"ACH-000376":2.736153344,"ACH-000377":2.458957257,"ACH-000378":3.689744505,"ACH-000381":2.481012745,"ACH-000383":-2.985072379,"ACH-000385":3.583191627,"ACH-000387":3.792833177,"ACH-000389":3.394367162,"ACH-000390":2.840908032,"ACH-000393":3.432970446,"ACH-000395":-3.349517299,"ACH-000397":-2.457583108,"ACH-000401":3.878653007,"ACH-000402":-0.913915175,"ACH-000403":0.805547176,"ACH-000404":2.377118548,"ACH-000405":2.389196035,"ACH-000406":3.850116142,"ACH-000407":3.645012527,"ACH-000408":2.179734969,"ACH-000410":-0.550827276,"ACH-000411":-16.26428737,"ACH-000414":3.817070326,"ACH-000415":3.708551063,"ACH-000416":3.900668408,"ACH-000420":-4.259610419,"ACH-000421":3.611309554,"ACH-000422":1.785958197,"ACH-000424":0.256616086,"ACH-000425":3.682392031,"ACH-000426":3.534345739,"ACH-000427":3.869364108,"ACH-000431":3.854870266,"ACH-000433":2.142653487,"ACH-000434":3.695266262,"ACH-000435":1.560772851,"ACH-000436":3.78402295,"ACH-000437":3.15479471,"ACH-000438":1.346417403,"ACH-000444":3.232938026,"ACH-000445":-0.000648727,"ACH-000448":3.810968962,"ACH-000450":1.673394936,"ACH-000452":3.900855305,"ACH-000454":3.79419167,"ACH-000458":3.884945545,"ACH-000459":2.603541309,"ACH-000460":-3.807972193,"ACH-000461":3.883587801,"ACH-000463":3.90088728,"ACH-000464":1.785065782,"ACH-000466":-7.792911075,"ACH-000467":3.553187298,"ACH-000468":1.971837707,"ACH-000469":3.618025944,"ACH-000470":-6.96354377,"ACH-000471":-7.50187469,"ACH-000472":3.472324134,"ACH-000473":2.977085194,"ACH-000475":2.926939615,"ACH-000476":-0.092228296,"ACH-000477":3.899514964,"ACH-000478":3.435426591,"ACH-000480":2.192564762,"ACH-000481":1.071799147,"ACH-000483":-1.879274692,"ACH-000484":-3.567982706,"ACH-000485":3.877382293,"ACH-000486":3.320729926,"ACH-000487":2.92822685,"ACH-000488":3.764734968,"ACH-000490":3.754625143,"ACH-000491":3.356337492,"ACH-000493":-4.219831839,"ACH-000495":2.237855909,"ACH-000496":-1.340314454,"ACH-000498":0.805934451,"ACH-000499":1.95425631,"ACH-000500":2.402986825,"ACH-000502":3.7554641,"ACH-000503":1.286413558,"ACH-000504":3.357075562,"ACH-000505":3.801198751,"ACH-000507":3.555472268,"ACH-000510":3.454252409,"ACH-000511":3.490006611,"ACH-000512":1.244725696,"ACH-000514":3.900860783,"ACH-000516":3.718190377,"ACH-000517":3.297930961,"ACH-000518":2.239962207,"ACH-000520":1.649772012,"ACH-000521":2.911470022,"ACH-000522":3.886053521,"ACH-000524":-2.671787142,"ACH-000527":-8.718258621,"ACH-000528":-19.35023475,"ACH-000535":3.116719816,"ACH-000537":-9.416722478,"ACH-000541":3.274225825,"ACH-000542":3.866786008,"ACH-000544":3.52690016,"ACH-000545":3.829921938,"ACH-000547":-8.699096155,"ACH-000548":-0.562912631,"ACH-000549":3.887618144,"ACH-000550":3.512819935,"ACH-000551":1.871907707,"ACH-000552":3.895463777,"ACH-000556":3.857806698,"ACH-000557":3.187000607,"ACH-000563":3.022959178,"ACH-000570":2.335015602,"ACH-000571":3.72595744,"ACH-000573":3.67788896,"ACH-000576":2.961337626,"ACH-000577":2.798313832,"ACH-000579":3.08974526,"ACH-000580":3.459805097,"ACH-000581":3.12666217,