{"scores":{"ACH-000004":0,"ACH-000005":2.733831259,"ACH-000007":1.907009731,"ACH-000009":1.89356623,"ACH-000011":2.840752098,"ACH-000012":1.58894494,"ACH-000013":-2.917465696,"ACH-000014":-2.636683097,"ACH-000015":0,"ACH-000017":2.856283212,"ACH-000018":-20,"ACH-000019":2.91735523,"ACH-000021":-0.038485853,"ACH-000022":2.830424365,"ACH-000024":2.886701769,"ACH-000025":2.900912114,"ACH-000028":0.55562039,"ACH-000029":0,"ACH-000030":-20,"ACH-000035":0,"ACH-000036":1.715021962,"ACH-000037":2.751414034,"ACH-000039":-20,"ACH-000040":2.872095441,"ACH-000041":2.910285977,"ACH-000042":2.922345758,"ACH-000045":2.846399131,"ACH-000047":2.910535399,"ACH-000048":2.352975466,"ACH-000052":2.825342791,"ACH-000053":2.885676123,"ACH-000054":2.7604845,"ACH-000055":2.494075853,"ACH-000060":2.767858597,"ACH-000067":2.747817482,"ACH-000070":2.819785141,"ACH-000074":2.024325942,"ACH-000075":2.323347465,"ACH-000076":2.928321679,"ACH-000078":2.766990878,"ACH-000082":2.752883405,"ACH-000085":2.783047543,"ACH-000086":1.665755732,"ACH-000087":1.996867692,"ACH-000092":2.832975002,"ACH-000095":-7.322283077,"ACH-000096":1.886467948,"ACH-000097":2.483766787,"ACH-000098":2.633461676,"ACH-000099":2.928031853,"ACH-000108":2.53592192,"ACH-000111":1.725441055,"ACH-000113":2.383707123,"ACH-000114":2.48352524,"ACH-000115":2.55698319,"ACH-000116":2.674809808,"ACH-000118":2.905554045,"ACH-000120":1.730642387,"ACH-000123":2.678627322,"ACH-000127":2.75159728,"ACH-000128":0,"ACH-000132":-7.978722346,"ACH-000133":-20,"ACH-000137":2.836941148,"ACH-000138":2.902647093,"ACH-000141":0,"ACH-000142":-0.88003283,"ACH-000143":1.907419709,"ACH-000146":2.74603554,"ACH-000148":2.723093978,"ACH-000150":1.18818673,"ACH-000151":2.861386916,"ACH-000152":-1.748475367,"ACH-000153":2.420801021,"ACH-000159":2.045862063,"ACH-000160":2.339335915,"ACH-000163":2.697105787,"ACH-000164":2.922223779,"ACH-000167":2.714619971,"ACH-000168":2.902989735,"ACH-000169":1.655279297,"ACH-000174":2.852311535,"ACH-000178":2.925637664,"ACH-000182":0,"ACH-000183":2.179905757,"ACH-000187":0,"ACH-000188":1.552119517,"ACH-000189":2.880859824,"ACH-000190":2.858385677,"ACH-000198":2.57553027,"ACH-000200":1.76695705,"ACH-000202":2.112281817,"ACH-000204":2.709225948,"ACH-000206":2.415272262,"ACH-000207":2.804654667,"ACH-000209":2.852473977,"ACH-000211":-20,"ACH-000212":-0.743663067,"ACH-000215":2.928157192,"ACH-000217":2.814552825,"ACH-000219":2.583845818,"ACH-000221":2.501357578,"ACH-000222":0.8070146,"ACH-000223":-20,"ACH-000226":2.81978551,"ACH-000227":2.928339958,"ACH-000228":0,"ACH-000231":2.860081974,"ACH-000232":2.922446415,"ACH-000233":-20,"ACH-000234":2.854927785,"ACH-000235":2.120003501,"ACH-000237":1.928687649,"ACH-000238":2.792905467,"ACH-000243":2.928339958,"ACH-000244":-20,"ACH-000246":2.920229111,"ACH-000247":-20,"ACH-000248":2.892260227,"ACH-000249":-14.81483295,"ACH-000250":2.086288142,"ACH-000251":0,"ACH-000253":2.781170497,"ACH-000255":0.273514381,"ACH-000256":-20,"ACH-000257":2.903859262,"ACH-000258":0,"ACH-000259":2.809907251,"ACH-000260":1.173203998,"ACH-000261":2.636554469,"ACH-000262":2.805555627,"ACH-000263":2.896055079,"ACH-000264":2.907845543,"ACH-000265":2.79801725,"ACH-000266":2.283478942,"ACH-000271":2.928222573,"ACH-000272":2.84932221,"ACH-000273":0,"ACH-000274":0.831541976,"ACH-000276":-20,"ACH-000277":2.776760504,"ACH-000278":2.755314191,"ACH-000279":2.779704243,"ACH-000280":2.781625151,"ACH-000281":2.675262925,"ACH-000286":2.829217353,"ACH-000288":2.741302764,"ACH-000290":0.030748751,"ACH-000291":0,"ACH-000292":1.18584802,"ACH-000293":2.079697145,"ACH-000294":2.890242641,"ACH-000295":2.068386174,"ACH-000296":2.854097058,"ACH-000302":2.82409009,"ACH-000304":2.602660787,"ACH-000305":2.876912674,"ACH-000307":2.928339958,"ACH-000308":-20,"ACH-000310":2.639697016,"ACH-000311":0.592617401,"ACH-000312":2.479706758,"ACH-000315":-20,"ACH-000316":-0.355439306,"ACH-000317":2.666823159,"ACH-000318":-20,"ACH-000319":2.780409678,"ACH-000320":2.838350787,"ACH-000322":0,"ACH-000323":2.843776939,"ACH-000324":2.667503048,"ACH-000326":2.645844752,"ACH-000329":2.923230555,"ACH-000330":0,"ACH-000331":2.397681338,"ACH-000332":2.048979627,"ACH-000334":2.832846916,"ACH-000335":2.822671946,"ACH-000336":1.367325851,"ACH-000337":2.568748477,"ACH-000339":1.158779462,"ACH-000341":2.920248935,"ACH-000343":2.681791255,"ACH-000344":1.849951086,"ACH-000348":2.900109556,"ACH-000350":2.927522085,"ACH-000352":2.916150357,"ACH-000355":2.923328041,"ACH-000356":1.878244488,"ACH-000361":2.820184301,"ACH-000362":2.825411109,"ACH-000363":2.926010582,"ACH-000364":2.775860558,"ACH-000365":2.305296153,"ACH-000366":2.923553739,"ACH-000368":2.154768582,"ACH-000370":2.928339958,"ACH-000374":-20,"ACH-000375":2.921647361,"ACH-000376":2.915182267,"ACH-000377":2.765210639,"ACH-000378":2.863810108,"ACH-000381":2.912228124,"ACH-000383":0,"ACH-000385":-20,"ACH-000387":2.462753115,"ACH-000389":1.214474285,"ACH-000390":2.863582928,"ACH-000393":2.897052295,"ACH-000395":-20,"ACH-000397":-20,"ACH-000401":2.765039876,"ACH-000402":0.302115496,"ACH-000403":2.566304166,"ACH-000404":2.889091608,"ACH-000405":2.8055048,"ACH-000406":2.293035146,"ACH-000407":2.928308892,"ACH-000408":2.901598276,"ACH-000410":-20,"ACH-000411":2.926147615,"ACH-000414":-3.749257128,"ACH-000415":2.907663435,"ACH-000416":1.97329948,"ACH-000420":2.864591336,"ACH-000421":2.880446206,"ACH-000422":2.171943624,"ACH-000424":-20,"ACH-000425":2.810628303,"ACH-000426":-20,"ACH-000427":-20,"ACH-000431":-0.909360899,"ACH-000433":2.77302703,"ACH-000434":-20,"ACH-000435":1.79470416,"ACH-000436":2.774500775,"ACH-000437":2.901447994,"ACH-000438":1.744696256,"ACH-000444":2.908293868,"ACH-000445":1.720057974,"ACH-000448":2.911046087,"ACH-000450":2.053852795,"ACH-000452":2.765828417,"ACH-000454":1.012540842,"ACH-000458":2.175319261,"ACH-000459":2.308138229,"ACH-000460":1.949876874,"ACH-000461":0.307457716,"ACH-000463":-12.2971225,"ACH-000464":0.700402413,"ACH-000466":2.862002596,"ACH-000467":0,"ACH-000468":-20,"ACH-000469":-20,"ACH-000470":-20,"ACH-000471":0,"ACH-000472":2.796941018,"ACH-000473":-20,"ACH-000475":2.252247172,"ACH-000476":2.815850839,"ACH-000477":0,"ACH-000478":2.859487411,"ACH-000480":0,"ACH-000481":2.229934685,"ACH-000483":0,"ACH-000484":2.882650881,"ACH-000485":2.603768243,"ACH-000486":2.800433848,"ACH-000487":1.848794059,"ACH-000488":2.844123823,"ACH-000490":2.90615894,"ACH-000491":2.632385253,"ACH-000493":1.943982762,"ACH-000495":2.918416796,"ACH-000496":1.376414992,"ACH-000498":2.854205468,"ACH-000499":2.910471378,"ACH-000500":2.405549826,"ACH-000502":-0.102680036,"ACH-000503":-20,"ACH-000504":2.916389641,"ACH-000505":2.915289995,"ACH-000507":2.485918735,"ACH-000510":2.85537483,"ACH-000511":1.697773237,"ACH-000512":2.765376264,"ACH-000514":2.326801084,"ACH-000516":2.805629676,"ACH-000517":2.903906426,"ACH-000518":2.909870488,"ACH-000520":0,"ACH-000521":2.841556707,"ACH-000522":2.927211393,"ACH-000524":1.728535228,"ACH-000527":2.811799935,"ACH-000528":1.556696191,"ACH-000535":2.919282864,"ACH-000537":2.508205274,"ACH-000541":-20,"ACH-000542":2.916526422,"ACH-000544":1.723013404,"ACH-000545":-20,"ACH-000547":2.069514965,"ACH-000548":1.768044289,"ACH-000549":2.437601972,"ACH-000550":2.9182028,"ACH-000551":2.807714284,"ACH-000552":2.889040562,"ACH-000556":2.809535151,"ACH-000557":2.787745164,"ACH-000563":2.921124106,"ACH-000570":1.007553623,"ACH-000571":2.720793616,"ACH-000573":2.822344049,"ACH-000576":2.482480564,"ACH-000577":2.908338542,"ACH-000579":1.648924358,"ACH-000580":2.851397226,"ACH-000581":2.281534406,"ACH-000583":2.386618164,"ACH-000584":2.927440952,"ACH-000585":2.862674441,"ACH-000587":2.857232863,"ACH-000588":2.088323218,"ACH-000589":2.681751884,"ACH-000591":2.659566623,"ACH-000592":1.591908441,"ACH-000593":0,"ACH-000596":2.901063038,"ACH-000599":2.867975728,"ACH-000600":2.765242447,"ACH-000601":2.928339958,"ACH-000604":2.892805032,"ACH-000605":2.867997487,"ACH-000606":-20,"ACH-000608":2.881864534,"ACH-000614":2.928339958,"ACH-000616":-0.989305144,"ACH-000618":2.92681455,