{"scores":{"ACH-000004":2.35711304,"ACH-000005":2.345698163,"ACH-000007":0.357451734,"ACH-000009":-0.279298278,"ACH-000011":-6.055120997,"ACH-000012":2.111816905,"ACH-000013":5.379426529,"ACH-000014":-2.836568127,"ACH-000015":0.138715019,"ACH-000017":5.817114004,"ACH-000018":-2.08576596,"ACH-000019":3.134532064,"ACH-000021":2.807577125,"ACH-000022":3.070805982,"ACH-000024":3.637858277,"ACH-000025":-0.335621363,"ACH-000028":3.315475674,"ACH-000029":1.829412324,"ACH-000030":2.636285607,"ACH-000035":1.569405412,"ACH-000036":-7.264361446,"ACH-000037":3.484850912,"ACH-000039":3.989885792,"ACH-000040":2.149558642,"ACH-000041":4.870183334,"ACH-000042":3.719766758,"ACH-000045":1.867187752,"ACH-000047":-3.461210528,"ACH-000048":-2.414791447,"ACH-000052":1.425754358,"ACH-000053":5.581365038,"ACH-000054":-5.120778506,"ACH-000055":4.415200821,"ACH-000060":-3.030013769,"ACH-000067":-1.687884818,"ACH-000070":1.898599347,"ACH-000074":4.223212645,"ACH-000075":2.388442882,"ACH-000076":3.539367003,"ACH-000078":0.780613056,"ACH-000082":-3.040748036,"ACH-000085":3.328270177,"ACH-000086":2.583324652,"ACH-000087":3.01639541,"ACH-000092":1.996669245,"ACH-000095":5.212510674,"ACH-000096":-2.488938497,"ACH-000097":2.541059739,"ACH-000098":-3.109710957,"ACH-000099":0.104315185,"ACH-000108":-5.311561931,"ACH-000111":2.217729714,"ACH-000113":3.799261393,"ACH-000114":-2.554097938,"ACH-000115":2.912041283,"ACH-000116":4.998786111,"ACH-000118":-2.297377296,"ACH-000120":-7.825790757,"ACH-000123":1.641571338,"ACH-000127":-7.658905884,"ACH-000128":2.405304291,"ACH-000132":-2.686548094,"ACH-000133":0.715775652,"ACH-000137":3.410466486,"ACH-000138":-2.635258861,"ACH-000141":0.097691403,"ACH-000142":0.37587761,"ACH-000143":2.802013037,"ACH-000146":4.922226693,"ACH-000148":3.867949146,"ACH-000150":-4.009238197,"ACH-000151":0.612077374,"ACH-000152":-7.893579027,"ACH-000153":0.945154311,"ACH-000159":1.009398282,"ACH-000160":5.58492028,"ACH-000163":6.370979659,"ACH-000164":3.607539987,"ACH-000167":2.427797204,"ACH-000168":2.42409252,"ACH-000169":2.996187586,"ACH-000174":-4.574075823,"ACH-000178":-5.916188087,"ACH-000182":5.09817922,"ACH-000183":5.242570127,"ACH-000187":5.103918069,"ACH-000188":3.565600612,"ACH-000189":1.597106035,"ACH-000190":3.434421926,"ACH-000198":3.807441409,"ACH-000200":1.481307643,"ACH-000202":2.305085655,"ACH-000204":2.452882612,"ACH-000206":2.263259601,"ACH-000207":3.108031256,"ACH-000209":-4.337503563,"ACH-000211":-0.445881445,"ACH-000212":-5.834338951,"ACH-000215":-1.378850193,"ACH-000217":-0.076092777,"ACH-000219":-3.956456356,"ACH-000221":4.04071558,"ACH-000222":0.099959122,"ACH-000223":3.152829672,"ACH-000226":5.199421094,"ACH-000227":1.414976164,"ACH-000228":2.993848177,"ACH-000231":-2.845547605,"ACH-000232":-3.797223919,"ACH-000233":4.921342513,"ACH-000234":-2.599499248,"ACH-000235":3.998932806,"ACH-000237":-1.958719888,"ACH-000238":3.769821054,"ACH-000243":4.409139732,"ACH-000244":-2.649020639,"ACH-000246":-3.587264789,"ACH-000247":2.889882144,"ACH-000248":1.116328766,"ACH-000249":2.059803755,"ACH-000250":-1.261311692,"ACH-000251":1.679290278,"ACH-000253":4.144446151,"ACH-000255":-1.014263396,"ACH-000256":0.979734503,"ACH-000257":-1.226322378,"ACH-000258":2.874604207,"ACH-000259":0.721794875,"ACH-000260":-1.477769211,"ACH-000261":0.803011181,"ACH-000262":-1.932464813,"ACH-000263":2.072889622,"ACH-000264":2.231364722,"ACH-000265":-1.37724346,"ACH-000266":4.25364141,"ACH-000271":5.562992309,"ACH-000272":-1.798791687,"ACH-000273":4.429156084,"ACH-000274":-9.380745243,"ACH-000276":-0.262290115,"ACH-000277":3.58786401,"ACH-000278":0.921051133,"ACH-000279":5.631667032,"ACH-000280":2.692822826,"ACH-000281":-3.349957761,"ACH-000286":0.452163863,"ACH-000288":-3.098965281,"ACH-000290":5.715016762,"ACH-000291":0.249711268,"ACH-000292":-0.606761276,"ACH-000293":3.890889913,"ACH-000294":3.477026469,"ACH-000295":1.937710062,"ACH-000296":0.758031399,"ACH-000302":0.163993609,"ACH-000304":-0.601305413,"ACH-000305":5.63035511,"ACH-000307":2.307013544,"ACH-000308":4.646461834,"ACH-000310":0.611612031,"ACH-000311":1.379917412,"ACH-000312":0.274937123,"ACH-000315":3.381947274,"ACH-000316":-1.162823221,"ACH-000317":3.632341008,"ACH-000318":4.11889296,"ACH-000319":4.582289312,"ACH-000320":0.824669438,"ACH-000322":-0.09344285,"ACH-000323":1.618761932,"ACH-000324":-5.89597369,"ACH-000326":4.100393461,"ACH-000329":-2.674025882,"ACH-000330":0.642791514,"ACH-000331":1.17096026,"ACH-000332":2.038503438,"ACH-000334":5.016597751,"ACH-000335":3.629585282,"ACH-000336":0.189573132,"ACH-000337":0.873696929,"ACH-000339":3.381834777,"ACH-000341":1.58869999,"ACH-000343":1.6847886,"ACH-000344":-0.403295834,"ACH-000348":-3.313675505,"ACH-000350":5.393380886,"ACH-000352":3.670243503,"ACH-000355":2.694289175,"ACH-000356":3.149146921,"ACH-000361":-0.967163367,"ACH-000362":2.588950796,"ACH-000363":4.122663508,"ACH-000364":-3.081640654,"ACH-000365":2.992952339,"ACH-000366":3.510410411,"ACH-000368":-3.126785307,"ACH-000370":3.493074071,"ACH-000374":4.799018879,"ACH-000375":-0.396137103,"ACH-000376":-1.823771491,"ACH-000377":2.957113184,"ACH-000378":-1.029637101,"ACH-000381":2.111134142,"ACH-000383":4.693970012,"ACH-000385":1.062260302,"ACH-000387":4.621739961,"ACH-000389":-3.527739302,"ACH-000390":3.253570945,"ACH-000393":-4.77770193,"ACH-000395":0.903390297,"ACH-000397":1.406751681,"ACH-000401":-0.883836531,"ACH-000402":1.255216294,"ACH-000403":0.321527973,"ACH-000404":-0.034915324,"ACH-000405":5.119948848,"ACH-000406":5.874033418,"ACH-000407":-4.993094226,"ACH-000408":-1.566747625,"ACH-000410":1.754596098,"ACH-000411":0.434639826,"ACH-000414":0.921825455,"ACH-000415":6.293024297,"ACH-000416":1.507843316,"ACH-000420":-4.538651461,"ACH-000421":4.42210422,"ACH-000422":0.578308056,"ACH-000424":3.88176701,"ACH-000425":-7.991721301,"ACH-000426":2.880567755,"ACH-000427":3.431212081,"ACH-000431":3.396823153,"ACH-000433":0.483920692,"ACH-000434":-0.457422855,"ACH-000435":0.710520398,"ACH-000436":5.053928086,"ACH-000437":-3.569344722,"ACH-000438":5.336222797,"ACH-000444":-0.523908238,"ACH-000445":2.132723617,"ACH-000448":4.04375722,"ACH-000450":-0.839424839,"ACH-000452":3.323112376,"ACH-000454":-2.760782262,"ACH-000458":3.832468014,"ACH-000459":-0.963482226,"ACH-000460":1.112194904,"ACH-000461":1.35650813,"ACH-000463":3.139231106,"ACH-000464":-1.744692705,"ACH-000466":-0.02649291,"ACH-000467":1.508869735,"ACH-000468":-3.691002926,"ACH-000469":-2.359688003,"ACH-000470":1.267842445,"ACH-000471":-4.972689257,"ACH-000472":1.613460888,"ACH-000473":3.641182553,"ACH-000475":-0.979956923,"ACH-000476":-6.272724809,"ACH-000477":-1.4249043,"ACH-000478":-0.367698368,"ACH-000480":1.659803406,"ACH-000481":5.669727728,"ACH-000483":-1.192882257,"ACH-000484":5.687813322,"ACH-000485":1.816209238,"ACH-000486":-2.827234067,"ACH-000487":4.101023685,"ACH-000488":4.712151853,"ACH-000490":-2.536511276,"ACH-000491":3.656885662,"ACH-000493":-5.125329867,"ACH-000495":-1.999458501,"ACH-000496":-2.532460287,"ACH-000498":-0.161288804,"ACH-000499":4.052359561,"ACH-000500":1.779819805,"ACH-000502":-4.481927145,"ACH-000503":4.548749212,"ACH-000504":1.470667661,"ACH-000505":-3.873622345,"ACH-000507":0.969049378,"ACH-000510":-1.963341748,"ACH-000511":-2.993113122,"ACH-000512":2.883247731,"ACH-000514":3.754894986,"ACH-000516":-4.484630731,"ACH-000517":-2.974751563,"ACH-000518":1.334570685,"ACH-000520":-2.542903579,"ACH-000521":-3.412355755,"ACH-000522":-4.668857828,"ACH-000524":1.135192201,"ACH-000527":1.576847327,"ACH-000528":6.052499268,"ACH-000535":4.198668898,"ACH-000537":-5.662964727,"ACH-000541":0.769188126,"ACH-000542":-4.977316521,"ACH-000544":2.167408552,"ACH-000545":3.397695008,"ACH-000547":-0.232165612,"ACH-000548":2.544729621,"ACH-000549":0.825876721,"ACH-000550":-6.742178604,"ACH-000551":4.612408492,"ACH-000552":-0.22284889,"ACH-000556":4.139906407,"ACH-000557":2.758007874,"ACH-000563":2.377557594,"ACH-000570":-4.611748366,"ACH-000571":-2.647451458,"ACH-000573":4.236676251,"ACH-000576":3.809418319,"ACH-000577":-1.634346338,