{"scores":{"ACH-000004":1.043366976,"ACH-000005":0.610905362,"ACH-000007":-4.869205875,"ACH-000009":-0.287549507,"ACH-000011":-0.592900391,"ACH-000012":-4.009138209,"ACH-000013":1.724121528,"ACH-000014":2.735268695,"ACH-000015":-0.147392901,"ACH-000017":-6.052154927,"ACH-000018":2.589413341,"ACH-000019":0.474498745,"ACH-000021":2.649167467,"ACH-000022":-5.71790577,"ACH-000024":0.405110084,"ACH-000025":1.385195972,"ACH-000028":-0.784493703,"ACH-000029":-6.731207441,"ACH-000030":-7.846006439,"ACH-000035":-2.536809855,"ACH-000036":2.357950861,"ACH-000037":1.898638708,"ACH-000039":3.309210608,"ACH-000040":1.860879883,"ACH-000041":1.593268124,"ACH-000042":-6.779410854,"ACH-000045":3.494874834,"ACH-000047":1.908616216,"ACH-000048":1.31376513,"ACH-000052":1.97096827,"ACH-000053":2.023306536,"ACH-000054":0.079506774,"ACH-000055":3.54998277,"ACH-000060":-0.642356411,"ACH-000067":1.197301554,"ACH-000070":-0.81548989,"ACH-000074":0.812226587,"ACH-000075":3.754297799,"ACH-000076":0.337516421,"ACH-000078":1.642607396,"ACH-000082":2.083581495,"ACH-000085":2.974165246,"ACH-000086":2.183440153,"ACH-000087":2.100190024,"ACH-000092":-0.77615101,"ACH-000095":2.853308066,"ACH-000096":1.876533739,"ACH-000097":-1.864075067,"ACH-000098":-0.116195082,"ACH-000099":2.11200634,"ACH-000108":-3.426811648,"ACH-000111":2.77254488,"ACH-000113":-1.164127549,"ACH-000114":2.699367962,"ACH-000115":-1.172318752,"ACH-000116":3.361884707,"ACH-000118":1.807921318,"ACH-000120":2.459437403,"ACH-000123":3.106513812,"ACH-000127":1.786438774,"ACH-000128":2.902727831,"ACH-000132":3.911469712,"ACH-000133":1.346787644,"ACH-000137":2.69744315,"ACH-000138":-1.381608316,"ACH-000141":-3.708716114,"ACH-000142":2.046595731,"ACH-000143":0.88322025,"ACH-000146":2.461301433,"ACH-000148":2.175418281,"ACH-000150":2.764116942,"ACH-000151":2.732073348,"ACH-000152":2.96048606,"ACH-000153":3.730796709,"ACH-000159":2.695962006,"ACH-000160":1.257876125,"ACH-000163":2.779228865,"ACH-000164":-0.462078018,"ACH-000167":1.8800859,"ACH-000168":1.031184977,"ACH-000169":3.523736894,"ACH-000174":0.93244629,"ACH-000178":-0.051566556,"ACH-000182":-1.847187162,"ACH-000183":2.940966537,"ACH-000187":-3.923054383,"ACH-000188":-1.791283572,"ACH-000189":2.223230359,"ACH-000190":2.338034239,"ACH-000198":1.817241531,"ACH-000200":2.856835668,"ACH-000202":-0.165158261,"ACH-000204":2.664414683,"ACH-000206":1.053974281,"ACH-000207":0.608940124,"ACH-000209":-2.651440502,"ACH-000211":2.257530457,"ACH-000212":2.423803553,"ACH-000215":3.500605439,"ACH-000217":3.031277897,"ACH-000219":2.593987139,"ACH-000221":2.318315305,"ACH-000222":-0.898193844,"ACH-000223":0.423170511,"ACH-000226":3.874482425,"ACH-000227":2.706489226,"ACH-000228":-0.727001016,"ACH-000231":3.926425228,"ACH-000232":2.984867208,"ACH-000233":2.001039269,"ACH-000234":1.027110031,"ACH-000235":-11.16064463,"ACH-000237":3.764243073,"ACH-000238":1.250144258,"ACH-000243":-1.71031375,"ACH-000244":2.625553165,"ACH-000246":0.227571115,"ACH-000247":-5.687755408,"ACH-000248":-4.33218244,"ACH-000249":1.484643383,"ACH-000250":0.954596012,"ACH-000251":1.753625594,"ACH-000253":-6.562101107,"ACH-000255":3.381306194,"ACH-000256":3.363048998,"ACH-000257":2.512725217,"ACH-000258":0.399408641,"ACH-000259":0.970257921,"ACH-000260":3.495325603,"ACH-000261":1.935422961,"ACH-000262":1.753846532,"ACH-000263":-0.411586072,"ACH-000264":1.433806358,"ACH-000265":3.542571326,"ACH-000266":-5.045358584,"ACH-000271":1.723484142,"ACH-000272":-0.294699313,"ACH-000273":1.339851452,"ACH-000274":3.839449348,"ACH-000276":0.406350716,"ACH-000277":-3.819777207,"ACH-000278":2.257622426,"ACH-000279":1.63254629,"ACH-000280":-0.123509283,"ACH-000281":-4.754382931,"ACH-000286":-1.462073659,"ACH-000288":3.2158544,"ACH-000290":3.1315737,"ACH-000291":1.338935089,"ACH-000292":2.147372342,"ACH-000293":2.258763513,"ACH-000294":-4.961809521,"ACH-000295":0.705922321,"ACH-000296":0.844943932,"ACH-000302":2.057630585,"ACH-000304":2.939892166,"ACH-000305":1.843448782,"ACH-000307":-5.799971506,"ACH-000308":1.699694416,"ACH-000310":2.715092036,"ACH-000311":-2.787736759,"ACH-000312":1.599545105,"ACH-000315":1.614841529,"ACH-000316":0.445767696,"ACH-000317":-0.931938884,"ACH-000318":-2.517739155,"ACH-000319":2.710859901,"ACH-000320":0.102180366,"ACH-000322":2.27725113,"ACH-000323":3.231459422,"ACH-000324":2.103870784,"ACH-000326":-0.897999884,"ACH-000329":2.964161521,"ACH-000330":1.484352048,"ACH-000331":0.894577327,"ACH-000332":-5.882972634,"ACH-000334":0.470778166,"ACH-000335":3.235621071,"ACH-000336":0.659991213,"ACH-000337":-0.653731014,"ACH-000339":-0.990101685,"ACH-000341":2.697027499,"ACH-000343":3.488271267,"ACH-000344":1.380145876,"ACH-000348":3.63975426,"ACH-000350":2.825244776,"ACH-000352":-0.37291574,"ACH-000355":1.035755254,"ACH-000356":-2.508673493,"ACH-000361":3.037766053,"ACH-000362":-3.529607326,"ACH-000363":3.386554904,"ACH-000364":2.704455384,"ACH-000365":2.083049516,"ACH-000366":2.113799589,"ACH-000368":-1.264340026,"ACH-000370":0.190222888,"ACH-000374":1.045631335,"ACH-000375":2.075653833,"ACH-000376":2.032148679,"ACH-000377":-3.790271719,"ACH-000378":0.394854156,"ACH-000381":-1.470654009,"ACH-000383":-9.664618153,"ACH-000385":1.325524301,"ACH-000387":-0.230023384,"ACH-000389":3.269748899,"ACH-000390":0.363148566,"ACH-000393":1.615307076,"ACH-000395":-2.119127259,"ACH-000397":1.232126647,"ACH-000401":2.827048809,"ACH-000402":0.593377469,"ACH-000403":-1.396667939,"ACH-000404":2.439919617,"ACH-000405":1.61699987,"ACH-000406":0.811952042,"ACH-000407":1.776803259,"ACH-000408":-1.553179222,"ACH-000410":1.679049377,"ACH-000411":0.596998993,"ACH-000414":2.512981788,"ACH-000415":0.956830857,"ACH-000416":1.80813218,"ACH-000420":-1.992622586,"ACH-000421":-5.072945444,"ACH-000422":2.949215813,"ACH-000424":0.131547202,"ACH-000425":3.303349764,"ACH-000426":2.549277943,"ACH-000427":2.46168043,"ACH-000431":3.731882045,"ACH-000433":0.552831387,"ACH-000434":1.610566768,"ACH-000435":0.956602295,"ACH-000436":2.440749361,"ACH-000437":3.430740217,"ACH-000438":-1.349899264,"ACH-000444":1.226915531,"ACH-000445":1.887601218,"ACH-000448":0.438153648,"ACH-000450":0.252600088,"ACH-000452":-1.26473259,"ACH-000454":0.399726961,"ACH-000458":-0.569199979,"ACH-000459":-0.105331296,"ACH-000460":-1.621556597,"ACH-000461":-5.789789029,"ACH-000463":2.778600087,"ACH-000464":-5.314128031,"ACH-000466":-0.770959301,"ACH-000467":-4.951298377,"ACH-000468":-3.008400657,"ACH-000469":2.303657297,"ACH-000470":-0.581555411,"ACH-000471":0.619506735,"ACH-000472":0.010381695,"ACH-000473":1.860021094,"ACH-000475":-2.269093597,"ACH-000476":1.537103055,"ACH-000477":1.028329717,"ACH-000478":3.895811007,"ACH-000480":1.52068807,"ACH-000481":-1.595860604,"ACH-000483":2.21108335,"ACH-000484":0.862691296,"ACH-000485":-7.643376542,"ACH-000486":0.518872134,"ACH-000487":-0.243304574,"ACH-000488":3.745129137,"ACH-000490":2.05079286,"ACH-000491":0.846082863,"ACH-000493":0.014858822,"ACH-000495":1.392696853,"ACH-000496":-0.266109164,"ACH-000498":1.276889821,"ACH-000499":1.90028628,"ACH-000500":0.586078603,"ACH-000502":-3.533062967,"ACH-000503":2.268260715,"ACH-000504":2.36552045,"ACH-000505":2.70007475,"ACH-000507":-6.6154138,"ACH-000510":0.626555817,"ACH-000511":1.082690546,"ACH-000512":3.174100796,"ACH-000514":0.088846356,"ACH-000516":1.834209837,"ACH-000517":-1.419670813,"ACH-000518":-2.199151409,"ACH-000520":2.924870252,"ACH-000521":-3.105492712,"ACH-000522":1.859455663,"ACH-000524":2.905352548,"ACH-000527":2.711802312,"ACH-000528":1.917173622,"ACH-000535":0.052632272,"ACH-000537":1.846339308,"ACH-000541":-1.504862544,"ACH-000542":1.587259359,"ACH-000544":-1.225884392,"ACH-000545":-3.310382541,"ACH-000547":0.390610846,"ACH-000548":-3.015359972,"ACH-000549":-1.329257721,"ACH-000550":2.495195195,"ACH-000551":1.754603854,"ACH-000552":-5.724966234,"ACH-000556":2.489728388,"ACH-000557":1.007338785,"ACH-000563":2.319531251,"ACH-000570":0.832558185,"ACH-000571":0.572819765,"ACH-000573":3.341282625,"ACH-000576":2.499581144,"ACH-000577":-0.053484631,"ACH-000579":1.689576158,