{"scores":{"ACH-000004":2.930198683,"ACH-000005":2.930628922,"ACH-000007":2.760047635,"ACH-000009":2.495942268,"ACH-000011":-20,"ACH-000012":2.538551574,"ACH-000013":2.099937304,"ACH-000014":2.919698533,"ACH-000015":1.236377501,"ACH-000017":2.891372562,"ACH-000018":2.070928274,"ACH-000019":2.664367823,"ACH-000021":2.799629994,"ACH-000022":2.874121962,"ACH-000024":2.867559514,"ACH-000025":2.414670983,"ACH-000028":2.676879121,"ACH-000029":2.255203419,"ACH-000030":2.276549206,"ACH-000035":1.703035241,"ACH-000036":-5.832073259,"ACH-000037":-0.258064683,"ACH-000039":2.798783375,"ACH-000040":2.586133052,"ACH-000041":2.905613085,"ACH-000042":2.651929072,"ACH-000045":1.669949343,"ACH-000047":2.875558477,"ACH-000048":-1.115042279,"ACH-000052":2.7607111,"ACH-000053":2.88536345,"ACH-000054":2.627033731,"ACH-000055":2.904435982,"ACH-000060":2.598274819,"ACH-000067":2.816738135,"ACH-000070":2.925722742,"ACH-000074":2.908760436,"ACH-000075":1.532518811,"ACH-000076":2.929759307,"ACH-000078":2.922608703,"ACH-000082":2.882261785,"ACH-000085":-20,"ACH-000086":2.786965398,"ACH-000087":2.59779016,"ACH-000092":2.793490328,"ACH-000095":2.698747299,"ACH-000096":2.849048525,"ACH-000097":2.877423401,"ACH-000098":2.796525424,"ACH-000099":1.954770012,"ACH-000108":-9.639189042,"ACH-000111":2.368739157,"ACH-000113":2.690942799,"ACH-000114":2.887160258,"ACH-000115":2.925757546,"ACH-000116":2.863488409,"ACH-000118":-20,"ACH-000120":2.798865301,"ACH-000123":2.843638132,"ACH-000127":-3.930257555,"ACH-000128":2.908200508,"ACH-000132":0.984819472,"ACH-000133":-16.03162315,"ACH-000137":2.831049705,"ACH-000138":2.54652888,"ACH-000141":2.861411721,"ACH-000142":2.886394912,"ACH-000143":2.884435757,"ACH-000146":2.155833231,"ACH-000148":2.463447766,"ACH-000150":2.780881459,"ACH-000151":2.406859225,"ACH-000152":2.734538945,"ACH-000153":-2.361384455,"ACH-000159":2.647220364,"ACH-000160":2.906537683,"ACH-000163":1.704849602,"ACH-000164":1.597888159,"ACH-000167":2.508459009,"ACH-000168":2.912086246,"ACH-000169":2.879970477,"ACH-000174":-20,"ACH-000178":1.005213077,"ACH-000182":2.332146137,"ACH-000183":1.710865487,"ACH-000187":2.924932813,"ACH-000188":2.925126196,"ACH-000189":2.930597547,"ACH-000190":2.883857438,"ACH-000198":2.650635252,"ACH-000200":2.2618547,"ACH-000202":2.322166261,"ACH-000204":1.184147032,"ACH-000206":2.527330555,"ACH-000207":2.659366411,"ACH-000209":2.927124837,"ACH-000211":2.665805055,"ACH-000212":-2.331238971,"ACH-000215":2.609523121,"ACH-000217":2.625329009,"ACH-000219":-20,"ACH-000221":2.579482202,"ACH-000222":2.799797746,"ACH-000223":2.858135313,"ACH-000226":2.742986883,"ACH-000227":1.656753444,"ACH-000228":2.164536557,"ACH-000231":2.93055115,"ACH-000232":2.758146231,"ACH-000233":-5.741537644,"ACH-000234":-0.396726215,"ACH-000235":2.766935763,"ACH-000237":2.784724711,"ACH-000238":2.693513853,"ACH-000243":-20,"ACH-000244":2.44414887,"ACH-000246":2.929549326,"ACH-000247":2.918686671,"ACH-000248":-20,"ACH-000249":1.47947237,"ACH-000250":1.83064016,"ACH-000251":2.620619731,"ACH-000253":2.67488081,"ACH-000255":2.90150885,"ACH-000256":2.875228842,"ACH-000257":2.874134929,"ACH-000258":2.88114484,"ACH-000259":2.904222717,"ACH-000260":2.80070558,"ACH-000261":2.426139858,"ACH-000262":2.929661983,"ACH-000263":1.787998269,"ACH-000264":2.569628651,"ACH-000265":1.39306185,"ACH-000266":2.913529364,"ACH-000271":2.789344371,"ACH-000272":-3.855794915,"ACH-000273":1.127084047,"ACH-000274":2.576855842,"ACH-000276":2.470299009,"ACH-000277":2.908393781,"ACH-000278":2.322491431,"ACH-000279":2.490119477,"ACH-000280":2.813883288,"ACH-000281":2.878099838,"ACH-000286":2.189050152,"ACH-000288":1.583233897,"ACH-000290":2.043656285,"ACH-000291":2.562688075,"ACH-000292":2.748008963,"ACH-000293":2.009420526,"ACH-000294":2.657949959,"ACH-000295":1.698162041,"ACH-000296":2.308575938,"ACH-000302":2.906002367,"ACH-000304":2.678776987,"ACH-000305":2.926213312,"ACH-000307":2.925598639,"ACH-000308":2.774124677,"ACH-000310":2.840566012,"ACH-000311":2.084782495,"ACH-000312":2.572145722,"ACH-000315":2.925078588,"ACH-000316":2.383683339,"ACH-000317":1.880860309,"ACH-000318":2.554814677,"ACH-000319":-20,"ACH-000320":2.383310619,"ACH-000322":2.891428861,"ACH-000323":2.807544138,"ACH-000324":1.275069625,"ACH-000326":2.859884961,"ACH-000329":2.504022069,"ACH-000330":1.159909475,"ACH-000331":2.920541693,"ACH-000332":2.689110664,"ACH-000334":2.896673002,"ACH-000335":2.647091253,"ACH-000336":2.841021162,"ACH-000337":2.823400533,"ACH-000339":2.847185008,"ACH-000341":2.77494046,"ACH-000343":2.903455267,"ACH-000344":-3.858319682,"ACH-000348":2.726023562,"ACH-000350":2.912134784,"ACH-000352":2.930569514,"ACH-000355":2.881989964,"ACH-000356":2.569466086,"ACH-000361":1.316549851,"ACH-000362":2.926116497,"ACH-000363":2.355725798,"ACH-000364":1.711264518,"ACH-000365":2.234013416,"ACH-000366":2.440356504,"ACH-000368":2.78587129,"ACH-000370":2.855759119,"ACH-000374":0.873842637,"ACH-000375":2.893438504,"ACH-000376":1.634997549,"ACH-000377":2.115651342,"ACH-000378":-4.289195613,"ACH-000381":2.743556974,"ACH-000383":2.474785724,"ACH-000385":1.694597949,"ACH-000387":2.867441242,"ACH-000389":1.824821562,"ACH-000390":2.738425044,"ACH-000393":2.710842727,"ACH-000395":2.887340243,"ACH-000397":2.709740889,"ACH-000401":2.921167709,"ACH-000402":2.610823915,"ACH-000403":1.939970505,"ACH-000404":2.777794418,"ACH-000405":2.158540504,"ACH-000406":2.901296967,"ACH-000407":2.923772123,"ACH-000408":2.748578272,"ACH-000410":2.92872895,"ACH-000411":-8.237155498,"ACH-000414":1.768833301,"ACH-000415":2.805883883,"ACH-000416":2.851417623,"ACH-000420":1.691317274,"ACH-000421":2.881855465,"ACH-000422":2.928763187,"ACH-000424":2.540171146,"ACH-000425":2.228121824,"ACH-000426":2.61427207,"ACH-000427":2.867406521,"ACH-000431":2.719906465,"ACH-000433":2.660805665,"ACH-000434":-10.37945491,"ACH-000435":2.91780892,"ACH-000436":1.047452958,"ACH-000437":2.899707769,"ACH-000438":2.850484673,"ACH-000444":2.554458689,"ACH-000445":2.331270576,"ACH-000448":2.176940715,"ACH-000450":2.719993544,"ACH-000452":2.896156496,"ACH-000454":2.692967305,"ACH-000458":2.436407321,"ACH-000459":2.907079188,"ACH-000460":2.333365306,"ACH-000461":2.450878499,"ACH-000463":-0.739640861,"ACH-000464":2.91423445,"ACH-000466":2.897508948,"ACH-000467":2.92248802,"ACH-000468":2.845753528,"ACH-000469":2.618891273,"ACH-000470":2.899855202,"ACH-000471":2.912993091,"ACH-000472":-0.485279999,"ACH-000473":2.673328515,"ACH-000475":2.187874023,"ACH-000476":2.92996383,"ACH-000477":2.914334232,"ACH-000478":2.424183179,"ACH-000480":2.298034466,"ACH-000481":1.261007473,"ACH-000483":2.896565046,"ACH-000484":2.801564602,"ACH-000485":2.930511746,"ACH-000486":2.863374631,"ACH-000487":2.842385619,"ACH-000488":2.132843453,"ACH-000490":2.834046867,"ACH-000491":2.924213115,"ACH-000493":2.817464435,"ACH-000495":2.632719324,"ACH-000496":-1.642355345,"ACH-000498":2.851470459,"ACH-000499":2.916168165,"ACH-000500":2.829872302,"ACH-000502":2.441750657,"ACH-000503":2.92924285,"ACH-000504":2.466515826,"ACH-000505":2.391172016,"ACH-000507":0.618253802,"ACH-000510":-20,"ACH-000511":1.977408909,"ACH-000512":1.244617958,"ACH-000514":2.581177962,"ACH-000516":2.864218574,"ACH-000517":1.98212322,"ACH-000518":2.627571633,"ACH-000520":2.578017097,"ACH-000521":2.61408677,"ACH-000522":-20,"ACH-000524":2.623291788,"ACH-000527":1.746227907,"ACH-000528":-0.253957413,"ACH-000535":2.817555734,"ACH-000537":2.666384152,"ACH-000541":1.482013482,"ACH-000542":-3.224183254,"ACH-000544":2.751829322,"ACH-000545":1.92624562,"ACH-000547":1.934375242,"ACH-000548":-20,"ACH-000549":2.916209059,"ACH-000550":2.930655206,"ACH-000551":2.734820013,"ACH-000552":2.684458818,"ACH-000556":2.859580784,"ACH-000557":2.905172758,"ACH-000563":2.292644116,"ACH-000570":2.501395096,"ACH-000571":2.481227678,"ACH-000573":0.986035055,"ACH-000576":0.584032877,"ACH-000577":2.465664674,"ACH-000579":2.888145043,"ACH-000580":2.919415822,"ACH-000581":2.862954632,"ACH-000583":1.023584494,"ACH-000584":2.90419755,"ACH-000585":2.796486551,"ACH-000587":2.590012857,