{"scores":{"ACH-000004":1.271270012,"ACH-000005":1.381825435,"ACH-000007":0.990963087,"ACH-000009":1.903080221,"ACH-000011":-10.68648038,"ACH-000012":-20,"ACH-000013":-16.19908043,"ACH-000014":1.954220955,"ACH-000015":1.985479917,"ACH-000017":1.995254693,"ACH-000018":0.791266461,"ACH-000019":-20,"ACH-000021":1.935768355,"ACH-000022":1.96534722,"ACH-000024":1.96879705,"ACH-000025":2.09015023,"ACH-000028":1.477991797,"ACH-000029":2.032345076,"ACH-000030":1.682243966,"ACH-000035":1.881034845,"ACH-000036":-2.488749689,"ACH-000037":-20,"ACH-000039":1.357445237,"ACH-000040":1.956844356,"ACH-000041":2.009254448,"ACH-000042":1.32994604,"ACH-000045":1.704000962,"ACH-000047":-20,"ACH-000048":-3.892363609,"ACH-000052":2.079294847,"ACH-000053":1.921110759,"ACH-000054":2.094672807,"ACH-000055":-20,"ACH-000060":-4.873408077,"ACH-000067":-20,"ACH-000070":1.572810306,"ACH-000074":1.164200952,"ACH-000075":1.194101458,"ACH-000076":1.97899123,"ACH-000078":2.064664741,"ACH-000082":2.094630033,"ACH-000085":-0.320244573,"ACH-000086":1.317930789,"ACH-000087":1.335666082,"ACH-000092":2.081835993,"ACH-000095":0.92826084,"ACH-000096":1.795182284,"ACH-000097":-5.716740045,"ACH-000098":1.416528623,"ACH-000099":1.651863949,"ACH-000108":-10.99457939,"ACH-000111":1.947017414,"ACH-000113":1.984548346,"ACH-000114":1.857859589,"ACH-000115":1.972621549,"ACH-000116":1.452286706,"ACH-000118":2.007255586,"ACH-000120":0.042109935,"ACH-000123":1.818301077,"ACH-000127":2.094735043,"ACH-000128":2.00696978,"ACH-000132":1.743958298,"ACH-000133":1.985728569,"ACH-000137":2.048318758,"ACH-000138":1.050578086,"ACH-000141":2.049433714,"ACH-000142":-20,"ACH-000143":1.582394096,"ACH-000146":-20,"ACH-000148":-5.536641808,"ACH-000150":2.091432848,"ACH-000151":2.094691815,"ACH-000152":1.941310181,"ACH-000153":2.083443934,"ACH-000159":-20,"ACH-000160":1.992742301,"ACH-000163":2.025144379,"ACH-000164":1.488390757,"ACH-000167":-20,"ACH-000168":2.060746803,"ACH-000169":1.755129803,"ACH-000174":2.094735043,"ACH-000178":1.832938352,"ACH-000182":1.286085826,"ACH-000183":-20,"ACH-000187":1.853642592,"ACH-000188":-4.587581291,"ACH-000189":1.549323515,"ACH-000190":2.046020423,"ACH-000198":1.665360664,"ACH-000200":2.063949704,"ACH-000202":1.219880195,"ACH-000204":2.073596492,"ACH-000206":1.956119705,"ACH-000207":2.093809993,"ACH-000209":1.640547929,"ACH-000211":1.896633326,"ACH-000212":1.954973192,"ACH-000215":1.933767386,"ACH-000217":1.778028473,"ACH-000219":0.978444234,"ACH-000221":2.069606883,"ACH-000222":-0.120082028,"ACH-000223":1.849524604,"ACH-000226":2.014215345,"ACH-000227":1.688933196,"ACH-000228":-3.156839946,"ACH-000231":2.089086001,"ACH-000232":1.613579093,"ACH-000233":2.094270149,"ACH-000234":1.998484599,"ACH-000235":2.082021125,"ACH-000237":1.987452624,"ACH-000238":2.000729721,"ACH-000243":-16.96240425,"ACH-000244":1.678681234,"ACH-000246":2.091509099,"ACH-000247":2.036867728,"ACH-000248":0.970455787,"ACH-000249":2.082950449,"ACH-000250":1.135277714,"ACH-000251":2.082864405,"ACH-000253":2.091592662,"ACH-000255":2.025431939,"ACH-000256":1.579836615,"ACH-000257":2.014802962,"ACH-000258":1.958085977,"ACH-000259":2.049485657,"ACH-000260":1.917066377,"ACH-000261":1.394458108,"ACH-000262":-0.243493538,"ACH-000263":1.133040624,"ACH-000264":2.092816573,"ACH-000265":1.683150218,"ACH-000266":-11.06100994,"ACH-000271":1.37021468,"ACH-000272":0.519156411,"ACH-000273":2.0924455,"ACH-000274":2.094735043,"ACH-000276":-20,"ACH-000277":1.222471195,"ACH-000278":1.163564706,"ACH-000279":2.069388404,"ACH-000280":1.257913853,"ACH-000281":-3.407129025,"ACH-000286":-20,"ACH-000288":-11.52755178,"ACH-000290":2.09134185,"ACH-000291":2.094735043,"ACH-000292":-0.634884825,"ACH-000293":1.789359028,"ACH-000294":1.970393677,"ACH-000295":1.54858198,"ACH-000296":1.290727493,"ACH-000302":1.863846643,"ACH-000304":2.08342415,"ACH-000305":2.070764932,"ACH-000307":1.561251853,"ACH-000308":1.022532403,"ACH-000310":2.080168282,"ACH-000311":2.085250363,"ACH-000312":-20,"ACH-000315":1.577555996,"ACH-000316":1.871603708,"ACH-000317":1.951783002,"ACH-000318":2.0939456,"ACH-000319":1.922052757,"ACH-000320":1.996823146,"ACH-000322":1.138559637,"ACH-000323":-0.511376931,"ACH-000324":2.094735043,"ACH-000326":1.905191917,"ACH-000329":1.257689799,"ACH-000330":1.765954947,"ACH-000331":1.087366665,"ACH-000332":-15.79082265,"ACH-000334":1.47009123,"ACH-000335":2.093616967,"ACH-000336":-20,"ACH-000337":2.078609137,"ACH-000339":2.091817528,"ACH-000341":2.0076251,"ACH-000343":2.056572756,"ACH-000344":2.044344856,"ACH-000348":2.082624568,"ACH-000350":1.77714992,"ACH-000352":2.083389454,"ACH-000355":1.936076076,"ACH-000356":2.088907722,"ACH-000361":2.087687292,"ACH-000362":1.940591507,"ACH-000363":1.677548529,"ACH-000364":1.034796436,"ACH-000365":2.009379542,"ACH-000366":2.041999108,"ACH-000368":1.318178437,"ACH-000370":2.066837025,"ACH-000374":1.374727962,"ACH-000375":2.019553714,"ACH-000376":2.094691713,"ACH-000377":2.088190189,"ACH-000378":1.922077907,"ACH-000381":1.873980567,"ACH-000383":-5.730030621,"ACH-000385":1.79775173,"ACH-000387":2.0332795,"ACH-000389":1.79614392,"ACH-000390":0.443233407,"ACH-000393":1.85476149,"ACH-000395":2.061951879,"ACH-000397":1.846998193,"ACH-000401":2.083262201,"ACH-000402":1.437993806,"ACH-000403":2.015075047,"ACH-000404":1.439749243,"ACH-000405":-2.835531744,"ACH-000406":1.989637517,"ACH-000407":2.046261519,"ACH-000408":1.746638413,"ACH-000410":2.068997342,"ACH-000411":2.058241544,"ACH-000414":2.04172027,"ACH-000415":2.065825859,"ACH-000416":2.075760335,"ACH-000420":1.525140958,"ACH-000421":2.049211044,"ACH-000422":1.536226772,"ACH-000424":1.668948292,"ACH-000425":1.61096334,"ACH-000426":2.058031455,"ACH-000427":2.011026832,"ACH-000431":2.038829493,"ACH-000433":2.052386925,"ACH-000434":1.49216049,"ACH-000435":1.980482387,"ACH-000436":1.634352469,"ACH-000437":2.070140215,"ACH-000438":1.49120437,"ACH-000444":1.785758785,"ACH-000445":1.934496839,"ACH-000448":1.872171554,"ACH-000450":2.050890166,"ACH-000452":1.484758392,"ACH-000454":2.038824618,"ACH-000458":1.400763596,"ACH-000459":2.087236863,"ACH-000460":-20,"ACH-000461":1.13739132,"ACH-000463":1.662875518,"ACH-000464":-2.212465252,"ACH-000466":2.094082969,"ACH-000467":1.806398611,"ACH-000468":1.953073517,"ACH-000469":-2.913751641,"ACH-000470":-20,"ACH-000471":0.533418606,"ACH-000472":-20,"ACH-000473":-3.195992505,"ACH-000475":1.805188618,"ACH-000476":0.542141923,"ACH-000477":1.980841291,"ACH-000478":2.011727418,"ACH-000480":2.060909026,"ACH-000481":1.715573422,"ACH-000483":1.426876114,"ACH-000484":2.094735043,"ACH-000485":-2.13634805,"ACH-000486":1.829460486,"ACH-000487":1.335769932,"ACH-000488":1.981984384,"ACH-000490":1.828358896,"ACH-000491":1.982080587,"ACH-000493":1.118788398,"ACH-000495":1.701755729,"ACH-000496":1.488710416,"ACH-000498":1.334076553,"ACH-000499":-20,"ACH-000500":1.181651808,"ACH-000502":1.697496364,"ACH-000503":1.844868167,"ACH-000504":1.871106456,"ACH-000505":1.729327897,"ACH-000507":1.888933516,"ACH-000510":1.926129205,"ACH-000511":2.029155108,"ACH-000512":-20,"ACH-000514":2.052089983,"ACH-000516":2.081123496,"ACH-000517":0.878309666,"ACH-000518":-8.304477361,"ACH-000520":1.207581292,"ACH-000521":1.375671885,"ACH-000522":2.094735043,"ACH-000524":2.011290255,"ACH-000527":2.094735043,"ACH-000528":-20,"ACH-000535":1.776949004,"ACH-000537":1.348216707,"ACH-000541":2.040662688,"ACH-000542":1.245637246,"ACH-000544":1.99960991,"ACH-000545":1.164304698,"ACH-000547":1.778101425,"ACH-000548":-20,"ACH-000549":-20,"ACH-000550":1.868236302,"ACH-000551":1.99119816,"ACH-000552":2.047487495,"ACH-000556":2.074378221,"ACH-000557":2.094552812,"ACH-000563":2.091094247,"ACH-000570":1.69737246,"ACH-000571":2.010660491,"ACH-000573":-4.519964866,"ACH-000576":0.9558489,"ACH-000577":-20,"ACH-000579":2.084916394,"ACH-000580":2.090797209,"ACH-000581":2.061148908,"ACH-000583":-3.729504806,"ACH-000584":-20,"ACH-000585":2.093362727,"ACH-000587":1.877304325,"ACH-000588":1.564163897,"ACH-000589":2.094331248,"ACH-000591":2.073153609,"ACH-000592":1.920632227,