{"scores":{"ACH-000004":0.931853476,"ACH-000005":-2.88691411,"ACH-000007":0.942474804,"ACH-000009":2.322841916,"ACH-000011":1.202394873,"ACH-000012":-0.851882343,"ACH-000013":2.237357204,"ACH-000014":1.275164565,"ACH-000015":1.910636805,"ACH-000017":2.240703315,"ACH-000018":1.398284605,"ACH-000019":1.486542414,"ACH-000021":-2.129084929,"ACH-000022":2.250677359,"ACH-000024":2.29022225,"ACH-000025":1.661054547,"ACH-000028":-0.591640106,"ACH-000029":-0.145079774,"ACH-000030":1.41446929,"ACH-000035":2.318874159,"ACH-000036":2.266462145,"ACH-000037":2.21979549,"ACH-000039":-2.286259779,"ACH-000040":2.306992146,"ACH-000041":1.867573357,"ACH-000042":1.283574523,"ACH-000045":2.197517972,"ACH-000047":2.167194588,"ACH-000048":2.06934204,"ACH-000052":2.18673789,"ACH-000053":1.68111344,"ACH-000054":1.828229786,"ACH-000055":1.095723636,"ACH-000060":-0.871692714,"ACH-000067":2.292172285,"ACH-000070":2.253951194,"ACH-000074":-1.03147595,"ACH-000075":2.158809826,"ACH-000076":-4.83163301,"ACH-000078":-1.588926663,"ACH-000082":2.322578045,"ACH-000085":2.007601841,"ACH-000086":2.015735087,"ACH-000087":1.734082712,"ACH-000092":1.4466097,"ACH-000095":1.741259725,"ACH-000096":-20,"ACH-000097":-2.062319172,"ACH-000098":2.125767181,"ACH-000099":0.805144555,"ACH-000108":-6.154323145,"ACH-000111":0.799694787,"ACH-000113":1.838106386,"ACH-000114":1.118502407,"ACH-000115":-3.83185806,"ACH-000116":2.314958044,"ACH-000118":2.317609792,"ACH-000120":2.108853459,"ACH-000123":2.186334951,"ACH-000127":2.19778198,"ACH-000128":0.54122537,"ACH-000132":0.866294589,"ACH-000133":1.964451681,"ACH-000137":1.823861242,"ACH-000138":1.389303342,"ACH-000141":1.919842843,"ACH-000142":2.319304932,"ACH-000143":1.043608165,"ACH-000146":-1.221648714,"ACH-000148":2.209739138,"ACH-000150":-0.657035301,"ACH-000151":1.230262629,"ACH-000152":2.322600767,"ACH-000153":1.962557694,"ACH-000159":2.164657702,"ACH-000160":1.715179545,"ACH-000163":2.0698838,"ACH-000164":2.253571376,"ACH-000167":1.548294644,"ACH-000168":1.429236626,"ACH-000169":1.823875044,"ACH-000174":1.544426301,"ACH-000178":2.153457554,"ACH-000182":2.280334151,"ACH-000183":2.269249914,"ACH-000187":2.304347915,"ACH-000188":2.105082552,"ACH-000189":2.322687935,"ACH-000190":2.102937498,"ACH-000198":-0.236692685,"ACH-000200":1.347354689,"ACH-000202":2.068563337,"ACH-000204":2.067993134,"ACH-000206":2.094781412,"ACH-000207":-0.128390132,"ACH-000209":1.897580782,"ACH-000211":2.320453891,"ACH-000212":0.86380836,"ACH-000215":1.40427539,"ACH-000217":2.207358791,"ACH-000219":2.189054268,"ACH-000221":-0.858632955,"ACH-000222":2.28577648,"ACH-000223":2.173509568,"ACH-000226":1.597438939,"ACH-000227":2.209876413,"ACH-000228":2.080871696,"ACH-000231":-6.435116776,"ACH-000232":2.255797762,"ACH-000233":2.060122468,"ACH-000234":1.313797503,"ACH-000235":2.149955692,"ACH-000237":2.322152444,"ACH-000238":1.754469298,"ACH-000243":-0.626163725,"ACH-000244":0.970020966,"ACH-000246":2.242992814,"ACH-000247":2.313525011,"ACH-000248":1.510296063,"ACH-000249":-0.75429558,"ACH-000250":1.899224608,"ACH-000251":2.22030045,"ACH-000253":1.447716316,"ACH-000255":2.318656464,"ACH-000256":1.754098119,"ACH-000257":2.155474752,"ACH-000258":2.321928974,"ACH-000259":2.238031169,"ACH-000260":1.94735783,"ACH-000261":-4.572183384,"ACH-000262":2.247036147,"ACH-000263":2.322779347,"ACH-000264":1.83881798,"ACH-000265":2.315213464,"ACH-000266":2.193569748,"ACH-000271":2.093279588,"ACH-000272":1.463618424,"ACH-000273":1.458423773,"ACH-000274":0.689757103,"ACH-000276":-1.28791409,"ACH-000277":2.322817607,"ACH-000278":0.977049777,"ACH-000279":2.094702591,"ACH-000280":1.215356112,"ACH-000281":2.01273213,"ACH-000286":2.308583705,"ACH-000288":2.277049172,"ACH-000290":0.697638036,"ACH-000291":-20,"ACH-000292":-20,"ACH-000293":2.322200501,"ACH-000294":1.620916982,"ACH-000295":1.920727701,"ACH-000296":-2.957001808,"ACH-000302":0.315931408,"ACH-000304":2.309453025,"ACH-000305":-2.510481104,"ACH-000307":1.649831065,"ACH-000308":2.246994483,"ACH-000310":2.286922069,"ACH-000311":1.412291939,"ACH-000312":1.936379957,"ACH-000315":2.309136864,"ACH-000316":0.356787086,"ACH-000317":2.321896425,"ACH-000318":1.948781315,"ACH-000319":1.910515367,"ACH-000320":1.624891125,"ACH-000322":2.145573154,"ACH-000323":2.011677692,"ACH-000324":-10.30571216,"ACH-000326":-1.973117385,"ACH-000329":2.307818399,"ACH-000330":2.321617531,"ACH-000331":1.991689158,"ACH-000332":0.311036798,"ACH-000334":1.945115391,"ACH-000335":2.028297253,"ACH-000336":1.240518499,"ACH-000337":2.100828822,"ACH-000339":-2.111636375,"ACH-000341":1.130717603,"ACH-000343":2.240217951,"ACH-000344":1.849250778,"ACH-000348":1.725228699,"ACH-000350":1.880055884,"ACH-000352":2.028874435,"ACH-000355":-3.791081544,"ACH-000356":1.71792161,"ACH-000361":1.482787188,"ACH-000362":-0.551294873,"ACH-000363":1.914032022,"ACH-000364":1.956783072,"ACH-000365":2.317603768,"ACH-000366":2.313639148,"ACH-000368":1.011175382,"ACH-000370":2.180796249,"ACH-000374":2.010689241,"ACH-000375":2.094720778,"ACH-000376":2.275379621,"ACH-000377":0.940290514,"ACH-000378":1.343036031,"ACH-000381":2.224819931,"ACH-000383":2.300088711,"ACH-000385":1.374565377,"ACH-000387":-0.93047257,"ACH-000389":2.204108106,"ACH-000390":2.206095182,"ACH-000393":2.314552605,"ACH-000395":1.601456129,"ACH-000397":0.796896712,"ACH-000401":0.933054904,"ACH-000402":2.095096049,"ACH-000403":-8.627521601,"ACH-000404":2.274219973,"ACH-000405":2.02140775,"ACH-000406":1.961196756,"ACH-000407":1.844896224,"ACH-000408":-5.011879698,"ACH-000410":2.275264155,"ACH-000411":2.261596524,"ACH-000414":1.515668317,"ACH-000415":2.238280189,"ACH-000416":2.31616234,"ACH-000420":-2.411868042,"ACH-000421":1.667072964,"ACH-000422":2.320904872,"ACH-000424":2.316407778,"ACH-000425":-8.950632891,"ACH-000426":1.86906578,"ACH-000427":1.428733466,"ACH-000431":-1.525626044,"ACH-000433":2.32051781,"ACH-000434":-1.704002034,"ACH-000435":2.250895184,"ACH-000436":-20,"ACH-000437":1.565707042,"ACH-000438":2.281106676,"ACH-000444":2.255332094,"ACH-000445":-0.845367192,"ACH-000448":1.585304804,"ACH-000450":0.976987254,"ACH-000452":1.952374887,"ACH-000454":0.702048817,"ACH-000458":-20,"ACH-000459":1.307992557,"ACH-000460":1.457539453,"ACH-000461":-0.617808205,"ACH-000463":2.304274878,"ACH-000464":1.859482155,"ACH-000466":1.657553828,"ACH-000467":2.234937028,"ACH-000468":2.301526827,"ACH-000469":1.929860576,"ACH-000470":1.84648075,"ACH-000471":1.407817891,"ACH-000472":1.623851007,"ACH-000473":1.56348826,"ACH-000475":2.156619885,"ACH-000476":2.282546549,"ACH-000477":2.190493757,"ACH-000478":2.146644376,"ACH-000480":1.403797896,"ACH-000481":1.407935037,"ACH-000483":-12.00061745,"ACH-000484":2.298537533,"ACH-000485":2.319649494,"ACH-000486":2.281313976,"ACH-000487":2.130816323,"ACH-000488":2.282510609,"ACH-000490":2.257003272,"ACH-000491":1.413321418,"ACH-000493":-2.642311579,"ACH-000495":2.050605081,"ACH-000496":1.709424226,"ACH-000498":2.32224918,"ACH-000499":2.305116825,"ACH-000500":2.315457752,"ACH-000502":2.076493216,"ACH-000503":0.437144202,"ACH-000504":1.884686461,"ACH-000505":1.804490907,"ACH-000507":2.309901858,"ACH-000510":1.678669981,"ACH-000511":1.599722755,"ACH-000512":2.322704078,"ACH-000514":-0.342261032,"ACH-000516":0.736296427,"ACH-000517":-2.728403999,"ACH-000518":1.449763749,"ACH-000520":2.083659476,"ACH-000521":2.322724496,"ACH-000522":2.170163994,"ACH-000524":1.848318055,"ACH-000527":-0.396780092,"ACH-000528":-0.099378035,"ACH-000535":2.28274025,"ACH-000537":2.322830532,"ACH-000541":0.654791146,"ACH-000542":1.896874016,"ACH-000544":0.972966176,"ACH-000545":2.242247457,"ACH-000547":1.075209765,"ACH-000548":2.190146482,"ACH-000549":1.092361249,"ACH-000550":2.038709581,"ACH-000551":-6.103922677,"ACH-000552":2.233498787,"ACH-000556":-2.130873933,"ACH-000557":1.936296282,"ACH-000563":2.320833598,"ACH-000570":1.71116183,"ACH-000571":2.181377021,"ACH-000573":2.296887915,"ACH-000576":2.173766755,"ACH-000577":1.814394575,"ACH-000579":2.277454026,"ACH-000580":1.283726158,"ACH-000581":1.835148231,"ACH-000583":2.303450803,