{"scores":{"ACH-000004":1.849098847,"ACH-000005":2.193138887,"ACH-000007":2.591262993,"ACH-000009":2.786623477,"ACH-000011":-0.2342229,"ACH-000012":2.729792967,"ACH-000013":2.839766566,"ACH-000014":-5.265919488,"ACH-000015":-0.778176809,"ACH-000017":1.827001292,"ACH-000018":1.380725712,"ACH-000019":1.688595225,"ACH-000021":1.220708176,"ACH-000022":2.744573234,"ACH-000024":2.793594917,"ACH-000025":0.366728915,"ACH-000028":-0.681363159,"ACH-000029":2.834685873,"ACH-000030":0.341347728,"ACH-000035":-1.311645991,"ACH-000036":2.764748008,"ACH-000037":2.318198771,"ACH-000039":0.10592675,"ACH-000040":1.700285141,"ACH-000041":-10.7448233,"ACH-000042":2.837752691,"ACH-000045":-1.84582879,"ACH-000047":-6.045594935,"ACH-000048":1.706341694,"ACH-000052":0.075566085,"ACH-000053":2.675556736,"ACH-000054":2.778202715,"ACH-000055":0.293959774,"ACH-000060":1.378712737,"ACH-000067":1.780214337,"ACH-000070":-1.876780232,"ACH-000074":1.68243966,"ACH-000075":2.153096606,"ACH-000076":1.844149851,"ACH-000078":2.64383045,"ACH-000082":1.511838082,"ACH-000085":1.711929182,"ACH-000086":2.638539212,"ACH-000087":-5.91244567,"ACH-000092":1.815052038,"ACH-000095":2.665080832,"ACH-000096":-0.024610189,"ACH-000097":2.079767198,"ACH-000098":2.652197536,"ACH-000099":2.693877215,"ACH-000108":1.339049797,"ACH-000111":2.838068975,"ACH-000113":-0.532099999,"ACH-000114":2.415371843,"ACH-000115":1.077201314,"ACH-000116":-5.356552263,"ACH-000118":0.594236517,"ACH-000120":-0.485215829,"ACH-000123":2.665413798,"ACH-000127":2.357964591,"ACH-000128":2.456936057,"ACH-000132":-0.908374552,"ACH-000133":-0.542089421,"ACH-000137":0.29413562,"ACH-000138":0.496283638,"ACH-000141":2.289381924,"ACH-000142":2.562592245,"ACH-000143":2.756654208,"ACH-000146":2.703801398,"ACH-000148":2.286071719,"ACH-000150":1.233306841,"ACH-000151":1.417616885,"ACH-000152":1.35087282,"ACH-000153":1.738175975,"ACH-000159":1.883922783,"ACH-000160":0,"ACH-000163":2.303677275,"ACH-000164":2.777266023,"ACH-000167":1.341140582,"ACH-000168":0.232494932,"ACH-000169":-0.21764475,"ACH-000174":1.668398217,"ACH-000178":-4.479325169,"ACH-000182":2.442868313,"ACH-000183":1.879611899,"ACH-000187":0.56445641,"ACH-000188":2.008950421,"ACH-000189":1.320553885,"ACH-000190":1.640980972,"ACH-000198":0,"ACH-000200":2.759060655,"ACH-000202":1.336097132,"ACH-000204":0.722949337,"ACH-000206":0.038789377,"ACH-000207":2.371856982,"ACH-000209":0.238189829,"ACH-000211":0.355275193,"ACH-000212":2.372097306,"ACH-000215":0.145482415,"ACH-000217":2.105655463,"ACH-000219":-4.492699058,"ACH-000221":-7.072445092,"ACH-000222":1.939744815,"ACH-000223":2.775204159,"ACH-000226":0.479677265,"ACH-000227":2.266967543,"ACH-000228":-1.805753382,"ACH-000231":1.473480199,"ACH-000232":0.286345432,"ACH-000233":1.573921766,"ACH-000234":1.789400891,"ACH-000235":2.391402763,"ACH-000237":1.53303882,"ACH-000238":2.71837596,"ACH-000243":0.309295408,"ACH-000244":2.830439155,"ACH-000246":2.839692557,"ACH-000247":2.252997428,"ACH-000248":-1.90651941,"ACH-000249":2.28291281,"ACH-000250":2.605857413,"ACH-000251":1.73089982,"ACH-000253":2.022440558,"ACH-000255":-5.486081181,"ACH-000256":0.15442285,"ACH-000257":1.87529592,"ACH-000258":-0.666144886,"ACH-000259":1.640201619,"ACH-000260":2.580592073,"ACH-000261":0.66330526,"ACH-000262":2.80192726,"ACH-000263":2.834584282,"ACH-000264":-0.206792539,"ACH-000265":0.597389462,"ACH-000266":2.042234594,"ACH-000271":-2.613862755,"ACH-000272":-0.717505269,"ACH-000273":0,"ACH-000274":2.818652992,"ACH-000276":0.183089544,"ACH-000277":1.565613632,"ACH-000278":-9.518837687,"ACH-000279":2.554688781,"ACH-000280":2.001855153,"ACH-000281":2.816277216,"ACH-000286":1.904551969,"ACH-000288":2.669465493,"ACH-000290":1.677900737,"ACH-000291":1.614949303,"ACH-000292":0.98734156,"ACH-000293":1.784073911,"ACH-000294":2.673438589,"ACH-000295":2.775423169,"ACH-000296":-0.368373876,"ACH-000302":-0.266146936,"ACH-000304":2.177729444,"ACH-000305":-0.522896162,"ACH-000307":2.367379148,"ACH-000308":2.254497259,"ACH-000310":2.661133537,"ACH-000311":1.914696906,"ACH-000312":2.694644796,"ACH-000315":1.100160048,"ACH-000316":1.218397646,"ACH-000317":2.468885529,"ACH-000318":-0.675086432,"ACH-000319":-4.149176317,"ACH-000320":1.075440575,"ACH-000322":0.220275386,"ACH-000323":2.131980188,"ACH-000324":0.981698338,"ACH-000326":2.159758289,"ACH-000329":2.380458399,"ACH-000330":2.80933501,"ACH-000331":2.836847212,"ACH-000332":1.924818666,"ACH-000334":1.754884756,"ACH-000335":-0.73199503,"ACH-000336":-0.070371198,"ACH-000337":1.051010281,"ACH-000339":1.117329951,"ACH-000341":1.731897124,"ACH-000343":1.686123589,"ACH-000344":-1.786920495,"ACH-000348":1.314737953,"ACH-000350":2.18388708,"ACH-000352":0.934774455,"ACH-000355":-8.217040138,"ACH-000356":2.746192624,"ACH-000361":-3.443363104,"ACH-000362":2.572156662,"ACH-000363":2.834440988,"ACH-000364":1.084290249,"ACH-000365":2.346051118,"ACH-000366":2.166353414,"ACH-000368":2.563942673,"ACH-000370":2.227970591,"ACH-000374":-5.443308456,"ACH-000375":2.084884686,"ACH-000376":1.828972717,"ACH-000377":2.246641295,"ACH-000378":1.040995012,"ACH-000381":2.062237404,"ACH-000383":2.699150965,"ACH-000385":2.482117158,"ACH-000387":1.326916013,"ACH-000389":2.139618239,"ACH-000390":1.154048344,"ACH-000393":2.167305202,"ACH-000395":2.776282248,"ACH-000397":-4.319688578,"ACH-000401":0.412712511,"ACH-000402":1.412112679,"ACH-000403":2.834492336,"ACH-000404":1.662989765,"ACH-000405":1.864490632,"ACH-000406":2.809521953,"ACH-000407":-1.084184237,"ACH-000408":0.601229141,"ACH-000410":-0.364281817,"ACH-000411":2.342219594,"ACH-000414":-0.66451897,"ACH-000415":1.564379432,"ACH-000416":2.533378797,"ACH-000420":1.253117707,"ACH-000421":1.684151142,"ACH-000422":-2.945083824,"ACH-000424":2.450633558,"ACH-000425":2.707887973,"ACH-000426":-4.051788437,"ACH-000427":2.075867132,"ACH-000431":-0.52710338,"ACH-000433":2.777861935,"ACH-000434":-7.904201176,"ACH-000435":0.954512044,"ACH-000436":2.057072381,"ACH-000437":2.685001853,"ACH-000438":2.695046432,"ACH-000444":-1.591899498,"ACH-000445":2.187179363,"ACH-000448":2.281143471,"ACH-000450":2.657570833,"ACH-000452":2.392702896,"ACH-000454":1.905365632,"ACH-000458":1.95766016,"ACH-000459":1.337062734,"ACH-000460":0.002642343,"ACH-000461":1.7726483,"ACH-000463":2.402676334,"ACH-000464":0.801716032,"ACH-000466":2.697263012,"ACH-000467":2.723432204,"ACH-000468":2.707326236,"ACH-000469":1.601196441,"ACH-000470":1.665805432,"ACH-000471":2.614847001,"ACH-000472":-1.65157441,"ACH-000473":2.264428273,"ACH-000475":1.2738454,"ACH-000476":1.699991026,"ACH-000477":0.632648585,"ACH-000478":1.549405244,"ACH-000480":0.808932293,"ACH-000481":2.276075829,"ACH-000483":2.391865055,"ACH-000484":1.44406294,"ACH-000485":2.608445686,"ACH-000486":1.358689752,"ACH-000487":1.808878364,"ACH-000488":1.669614033,"ACH-000490":2.627965884,"ACH-000491":0.819599833,"ACH-000493":1.148383755,"ACH-000495":1.893089104,"ACH-000496":1.21716437,"ACH-000498":1.076700277,"ACH-000499":0.030736708,"ACH-000500":0.671226332,"ACH-000502":2.805040039,"ACH-000503":0.665732036,"ACH-000504":1.751516414,"ACH-000505":1.74790351,"ACH-000507":1.786752076,"ACH-000510":2.482466172,"ACH-000511":2.269684905,"ACH-000512":0.445278876,"ACH-000514":0.282017979,"ACH-000516":2.017675176,"ACH-000517":2.409531485,"ACH-000518":2.085614578,"ACH-000520":-0.330783632,"ACH-000521":2.756753345,"ACH-000522":-5.590654538,"ACH-000524":0.228885278,"ACH-000527":0.978596102,"ACH-000528":-5.783688412,"ACH-000535":1.804088811,"ACH-000537":2.785427904,"ACH-000541":2.634032241,"ACH-000542":2.80403994,"ACH-000544":-0.092212242,"ACH-000545":2.118355501,"ACH-000547":-3.928042389,"ACH-000548":-2.058372327,"ACH-000549":2.37900628,"ACH-000550":2.180603694,"ACH-000551":0.600169477,"ACH-000552":2.802232772,"ACH-000556":2.839457983,"ACH-000557":1.270576339,"ACH-000563":0.029907779,"ACH-000570":1.605628066,"ACH-000571":2.158591524,"ACH-000573":2.659084983,"ACH-000576":2.598413943,"ACH-000577":1.811492919,"ACH-000579":2.302562536,"ACH-000580":2.563948025,"ACH-000581":0.65562895,"ACH-000583":2.824800793,