{"scores":{"ACH-000004":-3.099681046,"ACH-000005":-3.709280732,"ACH-000007":-2.522660344,"ACH-000009":-6.415224185,"ACH-000011":-4.926193949,"ACH-000012":-1.973840531,"ACH-000013":4.395597227,"ACH-000014":-4.459977387,"ACH-000015":-5.558969258,"ACH-000017":-0.44327757,"ACH-000018":-3.252555542,"ACH-000019":-0.604857393,"ACH-000021":-0.973790133,"ACH-000022":-6.829981587,"ACH-000024":-0.097671747,"ACH-000025":-2.993954843,"ACH-000028":-1.345789097,"ACH-000029":0.223543232,"ACH-000030":-5.731502987,"ACH-000035":-2.0326685,"ACH-000036":-2.555513083,"ACH-000037":1.920533255,"ACH-000039":0.885329609,"ACH-000040":-2.244868157,"ACH-000041":3.809097201,"ACH-000042":1.579628675,"ACH-000045":-1.851836634,"ACH-000047":-2.689098187,"ACH-000048":-3.377845253,"ACH-000052":-3.416279427,"ACH-000053":7.115262701,"ACH-000054":-3.502524313,"ACH-000055":0.102188145,"ACH-000060":-2.936919376,"ACH-000067":-4.037288227,"ACH-000070":-2.729820521,"ACH-000074":-1.181593523,"ACH-000075":-0.831178713,"ACH-000076":-6.133178509,"ACH-000078":5.269499443,"ACH-000082":4.390542598,"ACH-000085":-3.87811799,"ACH-000086":-3.447877044,"ACH-000087":0.60236685,"ACH-000092":-4.294025156,"ACH-000095":2.222494654,"ACH-000096":0.213785132,"ACH-000097":-4.307098039,"ACH-000098":-5.164270749,"ACH-000099":9.359999925,"ACH-000108":-4.500096306,"ACH-000111":0.52182928,"ACH-000113":-0.613607503,"ACH-000114":-0.589270239,"ACH-000115":-3.615339808,"ACH-000116":-3.371530906,"ACH-000118":-3.638543288,"ACH-000120":5.641711213,"ACH-000123":-0.735188823,"ACH-000127":-5.271384386,"ACH-000128":0.141707975,"ACH-000132":4.501709022,"ACH-000133":-4.501661662,"ACH-000137":4.577621465,"ACH-000138":-5.990878393,"ACH-000141":-9.258919712,"ACH-000142":-3.012867331,"ACH-000143":3.165013418,"ACH-000146":-7.326202739,"ACH-000148":2.605110732,"ACH-000150":-5.297725992,"ACH-000151":2.255915615,"ACH-000152":2.498140476,"ACH-000153":-3.342189706,"ACH-000159":0.268443432,"ACH-000160":0.441064461,"ACH-000163":-3.212859337,"ACH-000164":-6.611881611,"ACH-000167":-1.65328025,"ACH-000168":-2.329624261,"ACH-000169":-3.449626367,"ACH-000174":-4.201625213,"ACH-000178":-2.491084952,"ACH-000182":-3.811244301,"ACH-000183":-1.860619534,"ACH-000187":-0.407004827,"ACH-000188":1.108840601,"ACH-000189":1.481426016,"ACH-000190":-4.13679785,"ACH-000198":-0.640734618,"ACH-000200":-1.719821149,"ACH-000202":-1.92132675,"ACH-000204":-2.387816156,"ACH-000206":-2.11798872,"ACH-000207":-5.19361704,"ACH-000209":3.210055465,"ACH-000211":4.726394418,"ACH-000212":-4.888089302,"ACH-000215":-3.68248866,"ACH-000217":7.546536507,"ACH-000219":-1.774188774,"ACH-000221":-5.445272672,"ACH-000222":-1.636407073,"ACH-000223":3.433668411,"ACH-000226":3.22065138,"ACH-000227":0.702772316,"ACH-000228":6.425145859,"ACH-000231":0.257417318,"ACH-000232":-1.418311515,"ACH-000233":2.625533822,"ACH-000234":1.855062077,"ACH-000235":3.559585622,"ACH-000237":4.77169056,"ACH-000238":-2.436154186,"ACH-000243":-4.519628291,"ACH-000244":-2.028336897,"ACH-000246":3.312301293,"ACH-000247":6.447370388,"ACH-000248":-2.013626504,"ACH-000249":-0.027239749,"ACH-000250":-4.394155293,"ACH-000251":-2.434429148,"ACH-000253":-3.464302245,"ACH-000255":-4.017707344,"ACH-000256":0.447813658,"ACH-000257":-0.624616819,"ACH-000258":-3.252757396,"ACH-000259":3.2483423,"ACH-000260":-3.845171023,"ACH-000261":4.375441683,"ACH-000262":-6.651716932,"ACH-000263":-3.752400472,"ACH-000264":6.623339038,"ACH-000265":-3.962214907,"ACH-000266":-3.231610027,"ACH-000271":1.385759971,"ACH-000272":-5.699579731,"ACH-000273":-6.265533054,"ACH-000274":4.416098057,"ACH-000276":0.306750614,"ACH-000277":-0.07763845,"ACH-000278":3.279533883,"ACH-000279":-4.557597546,"ACH-000280":4.420547329,"ACH-000281":-4.105553494,"ACH-000286":-5.933464371,"ACH-000288":1.075486578,"ACH-000290":0.656501073,"ACH-000291":-5.245857995,"ACH-000292":-3.15665013,"ACH-000293":2.36688974,"ACH-000294":-6.972128863,"ACH-000295":-4.157561591,"ACH-000296":-4.675135355,"ACH-000302":5.836215379,"ACH-000304":0.165562373,"ACH-000305":-9.040747342,"ACH-000307":-4.99196968,"ACH-000308":7.21835803,"ACH-000310":5.368146186,"ACH-000311":-2.852192931,"ACH-000312":6.395561281,"ACH-000315":-3.151404525,"ACH-000316":-4.574429069,"ACH-000317":-4.825283214,"ACH-000318":-6.234129984,"ACH-000319":-1.290078322,"ACH-000320":0.161930386,"ACH-000322":-1.094592027,"ACH-000323":4.397432732,"ACH-000324":-6.441600855,"ACH-000326":-5.910377587,"ACH-000329":0.022257191,"ACH-000330":2.438691304,"ACH-000331":-3.203220094,"ACH-000332":-2.636574043,"ACH-000334":0.883714952,"ACH-000335":-3.96000068,"ACH-000336":-0.833593587,"ACH-000337":-4.00520122,"ACH-000339":0.370504608,"ACH-000341":1.34402676,"ACH-000343":0.812502475,"ACH-000344":4.732276028,"ACH-000348":-0.005039163,"ACH-000350":1.36508765,"ACH-000352":-6.793716572,"ACH-000355":-6.547200458,"ACH-000356":-3.308900916,"ACH-000361":-5.53595098,"ACH-000362":-3.252090349,"ACH-000363":5.699017072,"ACH-000364":6.644982883,"ACH-000365":0.342611633,"ACH-000366":3.391276338,"ACH-000368":-1.015370915,"ACH-000370":-0.435194477,"ACH-000374":-3.335917626,"ACH-000375":4.394852074,"ACH-000376":-1.065218701,"ACH-000377":-2.162910985,"ACH-000378":-4.286120683,"ACH-000381":-4.797352295,"ACH-000383":-0.922604306,"ACH-000385":-6.234353128,"ACH-000387":-4.475470507,"ACH-000389":-2.990032641,"ACH-000390":-7.973840264,"ACH-000393":5.731108841,"ACH-000395":-4.212450181,"ACH-000397":-3.639051909,"ACH-000401":-2.377461504,"ACH-000402":-3.266127213,"ACH-000403":-7.393687797,"ACH-000404":-2.630545796,"ACH-000405":-5.421581604,"ACH-000406":0.006714445,"ACH-000407":-0.479819505,"ACH-000408":-4.004380558,"ACH-000410":6.980866534,"ACH-000411":-6.143299518,"ACH-000414":-7.203669377,"ACH-000415":-7.596529286,"ACH-000416":5.348320094,"ACH-000420":3.636702512,"ACH-000421":6.925141213,"ACH-000422":-0.310088481,"ACH-000424":-2.327970689,"ACH-000425":-3.320885182,"ACH-000426":-2.162594555,"ACH-000427":-4.644664668,"ACH-000431":5.112735338,"ACH-000433":-0.757541029,"ACH-000434":2.086351451,"ACH-000435":-1.710999823,"ACH-000436":0.605656619,"ACH-000437":-1.527686051,"ACH-000438":-2.685034747,"ACH-000444":-5.031289407,"ACH-000445":-5.685172564,"ACH-000448":4.580407681,"ACH-000450":-0.198621611,"ACH-000452":4.432848743,"ACH-000454":-5.219298262,"ACH-000458":3.978664028,"ACH-000459":-3.613758326,"ACH-000460":-4.10661214,"ACH-000461":-1.887434317,"ACH-000463":-2.934154721,"ACH-000464":-0.327432346,"ACH-000466":-5.602052803,"ACH-000467":-6.43693851,"ACH-000468":-0.58651249,"ACH-000469":0.996243413,"ACH-000470":-1.76477052,"ACH-000471":-4.029063231,"ACH-000472":-1.681368882,"ACH-000473":-6.980333528,"ACH-000475":-2.15506822,"ACH-000476":-2.934952392,"ACH-000477":1.56566011,"ACH-000478":3.669526351,"ACH-000480":-2.583845001,"ACH-000481":-7.508317366,"ACH-000483":4.967742085,"ACH-000484":-0.206724967,"ACH-000485":6.118932218,"ACH-000486":-2.687880985,"ACH-000487":9.910459999,"ACH-000488":-3.844679623,"ACH-000490":4.014088024,"ACH-000491":-4.027872168,"ACH-000493":1.982975132,"ACH-000495":-0.753001679,"ACH-000496":4.495004556,"ACH-000498":-2.711772994,"ACH-000499":-3.251302178,"ACH-000500":-1.317809776,"ACH-000502":-4.532909187,"ACH-000503":-2.51674869,"ACH-000504":-2.209576316,"ACH-000505":3.019552226,"ACH-000507":-2.032414898,"ACH-000510":-5.978254331,"ACH-000511":2.899805008,"ACH-000512":-2.810138463,"ACH-000514":-0.813317856,"ACH-000516":5.212660048,"ACH-000517":6.692324159,"ACH-000518":-6.137314291,"ACH-000520":-3.641066957,"ACH-000521":3.177928322,"ACH-000522":-3.511057588,"ACH-000524":3.687569989,"ACH-000527":-5.168076467,"ACH-000528":-3.919143889,"ACH-000535":-4.611278052,"ACH-000537":3.241213472,"ACH-000541":0.442204837,"ACH-000542":-5.436148665,"ACH-000544":-0.118241691,"ACH-000545":-4.196418404,"ACH-000547":-4.914132912,"ACH-000548":-5.899177343,"ACH-000549":-2.663775931,"ACH-000550":3.919917198,"ACH-000551":-3.06753446,"ACH-000552":-4.569548399,"ACH-000556":6.72779931,"ACH-000557":-4.793208532,"ACH-000563":-4.95847893,"ACH-000570":-2.920362332,