{"scores":{"ACH-000004":0.777474213,"ACH-000005":-0.585303546,"ACH-000007":-10.4512921,"ACH-000009":2.035963147,"ACH-000011":0.376628908,"ACH-000012":-0.673837887,"ACH-000013":1.758833589,"ACH-000014":1.58128664,"ACH-000015":1.957289573,"ACH-000017":1.518848955,"ACH-000018":0.983805263,"ACH-000019":1.060510801,"ACH-000021":1.862975888,"ACH-000022":1.964633254,"ACH-000024":1.870065991,"ACH-000025":1.185685308,"ACH-000028":1.924789577,"ACH-000029":-1.893333748,"ACH-000030":-13.72898929,"ACH-000035":1.924833385,"ACH-000036":0.595055587,"ACH-000037":1.603684325,"ACH-000039":1.390817803,"ACH-000040":1.910414197,"ACH-000041":1.867919252,"ACH-000042":2.035572412,"ACH-000045":-3.018811514,"ACH-000047":0.765299368,"ACH-000048":1.777049461,"ACH-000052":1.845852594,"ACH-000053":1.669979995,"ACH-000054":1.527991766,"ACH-000055":1.278750019,"ACH-000060":0.706477922,"ACH-000067":1.132796521,"ACH-000070":1.917233605,"ACH-000074":2.041412543,"ACH-000075":1.278424122,"ACH-000076":1.930512429,"ACH-000078":1.975361065,"ACH-000082":1.908484147,"ACH-000085":1.940957207,"ACH-000086":1.583533806,"ACH-000087":1.7143703,"ACH-000092":1.861838123,"ACH-000095":1.000097326,"ACH-000096":1.637553125,"ACH-000097":-0.095241061,"ACH-000098":1.371729481,"ACH-000099":1.991319851,"ACH-000108":1.745133344,"ACH-000111":2.041976241,"ACH-000113":-4.781328789,"ACH-000114":1.913526433,"ACH-000115":0.812490635,"ACH-000116":2.050480191,"ACH-000118":-3.233994781,"ACH-000120":1.359795589,"ACH-000123":2.005504124,"ACH-000127":-20,"ACH-000128":1.948896899,"ACH-000132":1.951081719,"ACH-000133":1.943301592,"ACH-000137":1.949666019,"ACH-000138":1.996412827,"ACH-000141":1.436344856,"ACH-000142":1.891514092,"ACH-000143":1.39964988,"ACH-000146":-11.67318797,"ACH-000148":1.845657795,"ACH-000150":1.853496078,"ACH-000151":0.800535063,"ACH-000152":1.84609037,"ACH-000153":0.78508449,"ACH-000159":2.053347394,"ACH-000160":1.285902203,"ACH-000163":1.498155916,"ACH-000164":0.998907205,"ACH-000167":1.728106755,"ACH-000168":1.981050056,"ACH-000169":1.73190149,"ACH-000174":1.421480112,"ACH-000178":1.997944023,"ACH-000182":1.607665277,"ACH-000183":-20,"ACH-000187":2.047818613,"ACH-000188":-20,"ACH-000189":1.392119522,"ACH-000190":-1.674135838,"ACH-000198":1.943675978,"ACH-000200":1.630611348,"ACH-000202":1.989015751,"ACH-000204":-20,"ACH-000206":1.246417823,"ACH-000207":2.027366542,"ACH-000209":2.036007553,"ACH-000211":1.413906212,"ACH-000212":2.055279996,"ACH-000215":1.538990665,"ACH-000217":-20,"ACH-000219":1.876347358,"ACH-000221":0.908931982,"ACH-000222":1.878513125,"ACH-000223":-1.652006089,"ACH-000226":1.940660912,"ACH-000227":1.868964679,"ACH-000228":2.046733776,"ACH-000231":1.97053458,"ACH-000232":1.594043944,"ACH-000233":-20,"ACH-000234":1.214349339,"ACH-000235":1.854230943,"ACH-000237":1.494258509,"ACH-000238":-20,"ACH-000243":1.528076907,"ACH-000244":1.445329302,"ACH-000246":1.396554088,"ACH-000247":0.763500843,"ACH-000248":1.777325061,"ACH-000249":0.785896351,"ACH-000250":-20,"ACH-000251":1.826116994,"ACH-000253":-0.061567679,"ACH-000255":1.98235465,"ACH-000256":1.996045581,"ACH-000257":-6.329093714,"ACH-000258":0.615443834,"ACH-000259":1.819085916,"ACH-000260":2.057594274,"ACH-000261":2.020944613,"ACH-000262":0.790894924,"ACH-000263":2.020687731,"ACH-000264":2.040241119,"ACH-000265":-3.599649267,"ACH-000266":2.057525713,"ACH-000271":0.846105071,"ACH-000272":-20,"ACH-000273":2.053952073,"ACH-000274":1.813974163,"ACH-000276":1.907064605,"ACH-000277":-1.940412636,"ACH-000278":0.687387291,"ACH-000279":-0.059149964,"ACH-000280":1.908206479,"ACH-000281":1.881383317,"ACH-000286":-0.750233159,"ACH-000288":2.058537187,"ACH-000290":1.896912378,"ACH-000291":1.833238721,"ACH-000292":1.472936144,"ACH-000293":1.330088363,"ACH-000294":-20,"ACH-000295":1.571985246,"ACH-000296":1.552708961,"ACH-000302":1.744668443,"ACH-000304":1.864829043,"ACH-000305":-0.20366941,"ACH-000307":2.012555005,"ACH-000308":2.045511325,"ACH-000310":1.701093606,"ACH-000311":1.790803183,"ACH-000312":2.05410116,"ACH-000315":1.000654781,"ACH-000316":-20,"ACH-000317":-0.512774807,"ACH-000318":2.054782475,"ACH-000319":1.929940678,"ACH-000320":-20,"ACH-000322":-20,"ACH-000323":-0.87290598,"ACH-000324":2.03009022,"ACH-000326":0.625730803,"ACH-000329":-20,"ACH-000330":1.864385324,"ACH-000331":-20,"ACH-000332":-0.578066927,"ACH-000334":2.030774225,"ACH-000335":1.768138116,"ACH-000336":1.295972022,"ACH-000337":1.797695145,"ACH-000339":1.884786454,"ACH-000341":1.795101044,"ACH-000343":2.041972426,"ACH-000344":1.526790908,"ACH-000348":2.051100027,"ACH-000350":1.365609204,"ACH-000352":2.02954331,"ACH-000355":2.058510835,"ACH-000356":1.9829342,"ACH-000361":0.866806378,"ACH-000362":-2.291201167,"ACH-000363":1.340230224,"ACH-000364":2.031556882,"ACH-000365":-20,"ACH-000366":2.000311537,"ACH-000368":1.426168566,"ACH-000370":-0.068565757,"ACH-000374":1.239226293,"ACH-000375":2.052218833,"ACH-000376":1.358064213,"ACH-000377":1.867419078,"ACH-000378":1.051992693,"ACH-000381":-20,"ACH-000383":1.433754022,"ACH-000385":2.044015255,"ACH-000387":-0.882611853,"ACH-000389":1.976921177,"ACH-000390":2.022040872,"ACH-000393":1.943757883,"ACH-000395":1.167649984,"ACH-000397":2.029395776,"ACH-000401":1.500581596,"ACH-000402":2.035601627,"ACH-000403":-2.465758445,"ACH-000404":1.156807815,"ACH-000405":1.353427798,"ACH-000406":1.460427449,"ACH-000407":2.039046244,"ACH-000408":-0.081283158,"ACH-000410":-5.415890219,"ACH-000411":1.541370704,"ACH-000414":1.661111028,"ACH-000415":0.726619613,"ACH-000416":1.938929438,"ACH-000420":1.674484633,"ACH-000421":1.803937535,"ACH-000422":-0.968701942,"ACH-000424":1.989174807,"ACH-000425":2.048836246,"ACH-000426":1.983535785,"ACH-000427":1.129100171,"ACH-000431":2.042744325,"ACH-000433":2.058279941,"ACH-000434":2.031996232,"ACH-000435":2.02959029,"ACH-000436":-20,"ACH-000437":2.038843117,"ACH-000438":1.881827456,"ACH-000444":1.438199167,"ACH-000445":1.874529428,"ACH-000448":1.290362742,"ACH-000450":1.825280386,"ACH-000452":1.474507874,"ACH-000454":1.35664384,"ACH-000458":1.815570848,"ACH-000459":-7.372039075,"ACH-000460":1.737159443,"ACH-000461":0.628820818,"ACH-000463":1.811601435,"ACH-000464":1.767859992,"ACH-000466":1.872216659,"ACH-000467":2.024481137,"ACH-000468":1.88522265,"ACH-000469":2.033082404,"ACH-000470":-20,"ACH-000471":-2.219755973,"ACH-000472":1.924764313,"ACH-000473":0.99250289,"ACH-000475":1.990889255,"ACH-000476":1.923268921,"ACH-000477":1.81474279,"ACH-000478":1.805548669,"ACH-000480":1.841706837,"ACH-000481":1.887990522,"ACH-000483":1.114833732,"ACH-000484":2.047579718,"ACH-000485":2.055766428,"ACH-000486":1.970969142,"ACH-000487":1.559440015,"ACH-000488":0.937392257,"ACH-000490":-9.127658707,"ACH-000491":-0.255949698,"ACH-000493":-0.138981035,"ACH-000495":1.908192596,"ACH-000496":0.873451926,"ACH-000498":2.01789762,"ACH-000499":1.952558627,"ACH-000500":1.599101422,"ACH-000502":1.974865202,"ACH-000503":-20,"ACH-000504":1.902824385,"ACH-000505":1.986772184,"ACH-000507":1.942274406,"ACH-000510":-2.362206714,"ACH-000511":1.850823068,"ACH-000512":-1.648871829,"ACH-000514":-0.621271497,"ACH-000516":-0.59983029,"ACH-000517":2.004130111,"ACH-000518":0.637191959,"ACH-000520":1.832413351,"ACH-000521":1.608326337,"ACH-000522":1.947583344,"ACH-000524":1.936045759,"ACH-000527":1.580522318,"ACH-000528":1.347808477,"ACH-000535":1.907822186,"ACH-000537":2.03445026,"ACH-000541":-0.322401878,"ACH-000542":0.781030759,"ACH-000544":2.035608758,"ACH-000545":1.711641643,"ACH-000547":1.727017509,"ACH-000548":-0.382676847,"ACH-000549":-20,"ACH-000550":1.122982183,"ACH-000551":1.989399903,"ACH-000552":2.05120819,"ACH-000556":1.794914447,"ACH-000557":1.795174406,"ACH-000563":2.042835479,"ACH-000570":1.235133544,"ACH-000571":1.953545917,"ACH-000573":1.241774379,"ACH-000576":0.888822603,"ACH-000577":1.74273347,"ACH-000579":0.707310128,"ACH-000580":1.985079273,"ACH-000581":-0.05398457,"ACH-000583":-20,"ACH-000584":1.358279005,"ACH-000585":0.374369675,"ACH-000587":1.986158503,"ACH-000588":-1.794543365,"ACH-000589":2.049199922,"ACH-000591":1.479686205,