{"scores":{"ACH-000004":1.55899365,"ACH-000005":2.248334163,"ACH-000007":1.178535121,"ACH-000009":-0.337436892,"ACH-000011":1.893282226,"ACH-000012":0.619898977,"ACH-000013":2.46173686,"ACH-000014":2.180980747,"ACH-000015":-0.57375867,"ACH-000017":2.152567906,"ACH-000018":-1.672800546,"ACH-000019":1.910362458,"ACH-000021":2.338029982,"ACH-000022":-2.693106507,"ACH-000024":0.737097136,"ACH-000025":-3.202157085,"ACH-000028":2.45169938,"ACH-000029":2.012357768,"ACH-000030":2.399199694,"ACH-000035":1.023579738,"ACH-000036":-3.545000632,"ACH-000037":0.17623194,"ACH-000039":2.271697783,"ACH-000040":0.799272831,"ACH-000041":2.221438042,"ACH-000042":-7.614954233,"ACH-000045":1.055124642,"ACH-000047":0.989638517,"ACH-000048":0.094295063,"ACH-000052":1.928426513,"ACH-000053":2.227730225,"ACH-000054":-12.78715484,"ACH-000055":1.646801939,"ACH-000060":-1.009953696,"ACH-000067":-1.748771973,"ACH-000070":-0.807413914,"ACH-000074":-2.231524264,"ACH-000075":1.634985883,"ACH-000076":-0.465770623,"ACH-000078":-1.212954318,"ACH-000082":0.524524932,"ACH-000085":1.460230247,"ACH-000086":-0.591680667,"ACH-000087":1.342641648,"ACH-000092":1.984551465,"ACH-000095":2.477650008,"ACH-000096":-0.003764073,"ACH-000097":0.353985215,"ACH-000098":1.071464826,"ACH-000099":-4.687045896,"ACH-000108":1.305794566,"ACH-000111":0.486139417,"ACH-000113":2.367650125,"ACH-000114":-2.664092749,"ACH-000115":1.766601378,"ACH-000116":0.07535419,"ACH-000118":2.480417621,"ACH-000120":-6.582556695,"ACH-000123":1.398647864,"ACH-000127":-1.784945435,"ACH-000128":-2.316776565,"ACH-000132":-6.83746235,"ACH-000133":1.870546431,"ACH-000137":0.515288909,"ACH-000138":2.436619326,"ACH-000141":1.483004213,"ACH-000142":1.100853777,"ACH-000143":1.497564744,"ACH-000146":1.545300789,"ACH-000148":-1.219071119,"ACH-000150":2.056573688,"ACH-000151":2.286021814,"ACH-000152":-0.489292377,"ACH-000153":-0.31458872,"ACH-000159":1.969182386,"ACH-000160":2.342333095,"ACH-000163":-3.790068445,"ACH-000164":1.965867697,"ACH-000167":0.305392676,"ACH-000168":-3.571803863,"ACH-000169":-3.187024318,"ACH-000174":1.372812657,"ACH-000178":-9.199886576,"ACH-000182":1.365081659,"ACH-000183":2.117895315,"ACH-000187":2.265256501,"ACH-000188":2.313259158,"ACH-000189":1.082082289,"ACH-000190":-0.27829338,"ACH-000198":-0.76839351,"ACH-000200":1.935480487,"ACH-000202":0.464590946,"ACH-000204":1.014798688,"ACH-000206":-1.170829358,"ACH-000207":0.735886988,"ACH-000209":1.639010535,"ACH-000211":0.497723952,"ACH-000212":-0.654419608,"ACH-000215":-0.550418501,"ACH-000217":-0.101606257,"ACH-000219":2.472566014,"ACH-000221":0.961256636,"ACH-000222":0.386637137,"ACH-000223":1.59385346,"ACH-000226":0.271679114,"ACH-000227":-1.484966112,"ACH-000228":1.378652764,"ACH-000231":-1.314864154,"ACH-000232":-1.092128888,"ACH-000233":2.40439532,"ACH-000234":1.81055944,"ACH-000235":1.911182547,"ACH-000237":0.33321493,"ACH-000238":0.905113016,"ACH-000243":2.083953703,"ACH-000244":-4.117070953,"ACH-000246":2.330873814,"ACH-000247":2.318053056,"ACH-000248":1.917331491,"ACH-000249":1.443390883,"ACH-000250":0.332887907,"ACH-000251":-0.729686539,"ACH-000253":2.464262786,"ACH-000255":0.89536186,"ACH-000256":2.39637599,"ACH-000257":1.423038635,"ACH-000258":1.263989329,"ACH-000259":0.514113052,"ACH-000260":-4.529127486,"ACH-000261":0.4447343,"ACH-000262":-0.145305999,"ACH-000263":1.81079632,"ACH-000264":-13.93815089,"ACH-000265":1.857406681,"ACH-000266":-1.720757295,"ACH-000271":2.39442728,"ACH-000272":2.457914437,"ACH-000273":-1.202977465,"ACH-000274":-5.065124987,"ACH-000276":1.005070313,"ACH-000277":1.469191476,"ACH-000278":1.072480669,"ACH-000279":1.839391442,"ACH-000280":-0.702542612,"ACH-000281":-0.504480076,"ACH-000286":1.172606768,"ACH-000288":0.476572453,"ACH-000290":2.369252971,"ACH-000291":2.338283337,"ACH-000292":0.604186904,"ACH-000293":2.055534282,"ACH-000294":-6.715150917,"ACH-000295":-0.690537318,"ACH-000296":2.00791414,"ACH-000302":-0.478259799,"ACH-000304":1.351616506,"ACH-000305":1.612406093,"ACH-000307":1.356302145,"ACH-000308":2.4400311,"ACH-000310":1.33884295,"ACH-000311":2.379273117,"ACH-000312":-4.192040659,"ACH-000315":0.459681134,"ACH-000316":-0.218739118,"ACH-000317":-0.08379228,"ACH-000318":-0.977761149,"ACH-000319":-0.067399299,"ACH-000320":-2.031362976,"ACH-000322":0.866609586,"ACH-000323":-6.289564418,"ACH-000324":1.648165553,"ACH-000326":-0.989746763,"ACH-000329":-0.025191724,"ACH-000330":2.426237599,"ACH-000331":-0.200202107,"ACH-000332":2.023023308,"ACH-000334":0.73529185,"ACH-000335":-0.957826225,"ACH-000336":-1.7016037,"ACH-000337":-0.18940957,"ACH-000339":2.401446034,"ACH-000341":1.062688146,"ACH-000343":0.747161458,"ACH-000344":1.617588657,"ACH-000348":1.845659407,"ACH-000350":0.53394874,"ACH-000352":1.47263573,"ACH-000355":1.598447436,"ACH-000356":0.457115454,"ACH-000361":1.664028876,"ACH-000362":0.69224103,"ACH-000363":1.955818856,"ACH-000364":-2.421636978,"ACH-000365":2.089168529,"ACH-000366":1.305076009,"ACH-000368":-2.010329527,"ACH-000370":1.573488266,"ACH-000374":1.519051059,"ACH-000375":-0.953026381,"ACH-000376":1.839849535,"ACH-000377":-1.160816607,"ACH-000378":2.347231175,"ACH-000381":-1.008850102,"ACH-000383":1.948917508,"ACH-000385":1.068941954,"ACH-000387":-5.009093946,"ACH-000389":0.856592158,"ACH-000390":0.666303229,"ACH-000393":2.480126321,"ACH-000395":1.134592653,"ACH-000397":1.841356975,"ACH-000401":1.784746228,"ACH-000402":2.009681418,"ACH-000403":-5.029983026,"ACH-000404":2.035561807,"ACH-000405":1.527501577,"ACH-000406":1.828926042,"ACH-000407":1.316011921,"ACH-000408":1.886844719,"ACH-000410":1.507141235,"ACH-000411":1.923769032,"ACH-000414":0.121848676,"ACH-000415":0.196245119,"ACH-000416":0.261667035,"ACH-000420":2.459890833,"ACH-000421":0.886120044,"ACH-000422":-4.366150049,"ACH-000424":-1.733258647,"ACH-000425":2.322899724,"ACH-000426":0.780805666,"ACH-000427":1.884462285,"ACH-000431":1.872884492,"ACH-000433":0.703896426,"ACH-000434":-5.557125125,"ACH-000435":1.172764542,"ACH-000436":-2.921856964,"ACH-000437":2.067511297,"ACH-000438":-7.623293502,"ACH-000444":2.267272271,"ACH-000445":-2.599618378,"ACH-000448":1.663299771,"ACH-000450":1.74304992,"ACH-000452":-5.118862736,"ACH-000454":0.822392454,"ACH-000458":1.711900038,"ACH-000459":2.377398794,"ACH-000460":-6.445090547,"ACH-000461":2.404301089,"ACH-000463":1.082447388,"ACH-000464":-1.535975147,"ACH-000466":2.118659728,"ACH-000467":0.366167512,"ACH-000468":-0.341556328,"ACH-000469":0.415626862,"ACH-000470":1.734574791,"ACH-000471":-7.122051841,"ACH-000472":2.398097369,"ACH-000473":-0.20483347,"ACH-000475":1.549967145,"ACH-000476":2.424301628,"ACH-000477":1.764014769,"ACH-000478":-1.398998564,"ACH-000480":1.175985571,"ACH-000481":1.28099017,"ACH-000483":-1.756778301,"ACH-000484":2.481415804,"ACH-000485":1.651866348,"ACH-000486":-5.901727865,"ACH-000487":-4.000383018,"ACH-000488":2.078223608,"ACH-000490":1.858633798,"ACH-000491":-2.517538409,"ACH-000493":-0.004755862,"ACH-000495":1.848371349,"ACH-000496":-0.786468346,"ACH-000498":0.695656127,"ACH-000499":-0.032648973,"ACH-000500":0.779109586,"ACH-000502":-1.376304022,"ACH-000503":-0.731140388,"ACH-000504":-0.727722986,"ACH-000505":1.273902866,"ACH-000507":2.17642488,"ACH-000510":-0.595617077,"ACH-000511":2.290928576,"ACH-000512":1.547116167,"ACH-000514":2.179488763,"ACH-000516":2.429908402,"ACH-000517":-0.565323617,"ACH-000518":1.518850293,"ACH-000520":2.128173573,"ACH-000521":2.314616076,"ACH-000522":2.468110095,"ACH-000524":-1.006984848,"ACH-000527":1.896322489,"ACH-000528":2.168622597,"ACH-000535":2.367931705,"ACH-000537":-3.858196658,"ACH-000541":1.326420884,"ACH-000542":1.393477542,"ACH-000544":2.217892477,"ACH-000545":2.205694026,"ACH-000547":-0.541933281,"ACH-000548":2.161470304,"ACH-000549":0.522733908,"ACH-000550":2.086804887,"ACH-000551":-2.788606581,"ACH-000552":2.354166848,"ACH-000556":0.342009951,"ACH-000557":-10.3316901,"ACH-000563":-0.823780953,"ACH-000570":-2.08243699,"ACH-000571":2.062345836,"ACH-000573":1.322712381,"ACH-000576":-4.485911255,"ACH-000577":0.713600286,