{"scores":{"ACH-000004":1.535315498,"ACH-000005":1.897174346,"ACH-000007":1.924447546,"ACH-000009":1.635415112,"ACH-000011":-0.057309372,"ACH-000012":1.546981888,"ACH-000013":1.877439993,"ACH-000014":1.444693124,"ACH-000015":-5.777206132,"ACH-000017":1.997739346,"ACH-000018":-20,"ACH-000019":1.499209625,"ACH-000021":1.318693863,"ACH-000022":2.060924668,"ACH-000024":2.007966211,"ACH-000025":1.958120579,"ACH-000028":1.026961661,"ACH-000029":2.020353826,"ACH-000030":1.913715338,"ACH-000035":1.632885401,"ACH-000036":-2.640134429,"ACH-000037":1.905728687,"ACH-000039":1.740376116,"ACH-000040":1.285427475,"ACH-000041":1.570706977,"ACH-000042":1.765698242,"ACH-000045":2.010547491,"ACH-000047":1.660250645,"ACH-000048":1.117292094,"ACH-000052":-0.696482267,"ACH-000053":2.04976325,"ACH-000054":2.033457278,"ACH-000055":1.509928351,"ACH-000060":1.760363621,"ACH-000067":1.909922862,"ACH-000070":1.592569948,"ACH-000074":-20,"ACH-000075":-3.255495527,"ACH-000076":1.97411085,"ACH-000078":0.952984066,"ACH-000082":1.985200235,"ACH-000085":1.998176775,"ACH-000086":2.024615884,"ACH-000087":1.18751713,"ACH-000092":-3.173027215,"ACH-000095":2.05642103,"ACH-000096":1.874184814,"ACH-000097":2.060609198,"ACH-000098":-20,"ACH-000099":1.890269592,"ACH-000108":1.934195174,"ACH-000111":-20,"ACH-000113":1.576758218,"ACH-000114":2.026814736,"ACH-000115":2.035140118,"ACH-000116":-20,"ACH-000118":1.91952825,"ACH-000120":1.853021026,"ACH-000123":1.877159632,"ACH-000127":-0.504276966,"ACH-000128":1.842511043,"ACH-000132":2.034496542,"ACH-000133":-9.619197278,"ACH-000137":1.249455332,"ACH-000138":2.042285614,"ACH-000141":1.222243451,"ACH-000142":-20,"ACH-000143":2.014372555,"ACH-000146":2.022172468,"ACH-000148":1.374421555,"ACH-000150":2.060967193,"ACH-000151":1.332402355,"ACH-000152":1.594152676,"ACH-000153":-1.173623681,"ACH-000159":1.467785712,"ACH-000160":2.058432958,"ACH-000163":1.492468221,"ACH-000164":2.044967196,"ACH-000167":1.240339067,"ACH-000168":2.052717912,"ACH-000169":1.604222547,"ACH-000174":1.319516715,"ACH-000178":1.930361343,"ACH-000182":1.836163654,"ACH-000183":1.944028178,"ACH-000187":1.878836296,"ACH-000188":-1.071210571,"ACH-000189":2.055744832,"ACH-000190":1.956780312,"ACH-000198":1.969332725,"ACH-000200":0.991809982,"ACH-000202":2.06085226,"ACH-000204":1.3401177,"ACH-000206":1.066577572,"ACH-000207":1.751190159,"ACH-000209":1.308166756,"ACH-000211":-20,"ACH-000212":-20,"ACH-000215":2.060967193,"ACH-000217":1.755057513,"ACH-000219":1.621560396,"ACH-000221":1.353318922,"ACH-000222":1.981015534,"ACH-000223":-3.662731048,"ACH-000226":-0.078711696,"ACH-000227":-20,"ACH-000228":2.021957079,"ACH-000231":2.037948314,"ACH-000232":2.060611728,"ACH-000233":1.519542648,"ACH-000234":1.93617084,"ACH-000235":2.054064379,"ACH-000237":-0.699426081,"ACH-000238":1.761864611,"ACH-000243":1.382955628,"ACH-000244":1.15266603,"ACH-000246":-20,"ACH-000247":1.823957643,"ACH-000248":2.059103248,"ACH-000249":1.81373867,"ACH-000250":-1.621544045,"ACH-000251":1.949120546,"ACH-000253":0.942607023,"ACH-000255":2.034241993,"ACH-000256":1.709937263,"ACH-000257":1.928998695,"ACH-000258":2.057735952,"ACH-000259":2.059078801,"ACH-000260":2.050505323,"ACH-000261":-0.109661627,"ACH-000262":-2.193687898,"ACH-000263":2.033605201,"ACH-000264":1.077919674,"ACH-000265":1.389836284,"ACH-000266":2.028546629,"ACH-000271":2.057336012,"ACH-000272":-10.67939682,"ACH-000273":2.054621795,"ACH-000274":2.003355189,"ACH-000276":1.39556712,"ACH-000277":0.901747273,"ACH-000278":1.207590818,"ACH-000279":1.033769553,"ACH-000280":1.542312842,"ACH-000281":2.039910218,"ACH-000286":2.041746573,"ACH-000288":1.769082273,"ACH-000290":1.938007708,"ACH-000291":1.516954319,"ACH-000292":2.0608739,"ACH-000293":1.911379715,"ACH-000294":1.526476084,"ACH-000295":0.98177064,"ACH-000296":1.100210224,"ACH-000302":1.46251104,"ACH-000304":2.060947853,"ACH-000305":1.276455337,"ACH-000307":1.764920757,"ACH-000308":-0.691719743,"ACH-000310":1.384735743,"ACH-000311":2.060179255,"ACH-000312":2.005446721,"ACH-000315":2.056338331,"ACH-000316":2.054378142,"ACH-000317":1.000966418,"ACH-000318":1.187145274,"ACH-000319":-20,"ACH-000320":2.06002793,"ACH-000322":2.032695898,"ACH-000323":2.060967193,"ACH-000324":1.997630055,"ACH-000326":0.759349072,"ACH-000329":1.401838905,"ACH-000330":1.459471732,"ACH-000331":-10.40480782,"ACH-000332":2.059714558,"ACH-000334":1.619951302,"ACH-000335":-1.117115176,"ACH-000336":1.555420749,"ACH-000337":2.041617581,"ACH-000339":1.501036388,"ACH-000341":1.88286522,"ACH-000343":2.057121153,"ACH-000344":1.558473626,"ACH-000348":1.39766805,"ACH-000350":2.052604416,"ACH-000352":1.533414086,"ACH-000355":1.932271633,"ACH-000356":2.058392238,"ACH-000361":1.908231519,"ACH-000362":0.957370505,"ACH-000363":2.033387127,"ACH-000364":0.673275089,"ACH-000365":1.991838628,"ACH-000366":1.703930914,"ACH-000368":-1.171699752,"ACH-000370":0.149850962,"ACH-000374":-2.122856219,"ACH-000375":1.990401305,"ACH-000376":2.043276274,"ACH-000377":1.889233974,"ACH-000378":1.383536336,"ACH-000381":2.023064277,"ACH-000383":2.060950612,"ACH-000385":1.755673276,"ACH-000387":1.981607955,"ACH-000389":0.660698803,"ACH-000390":1.756886898,"ACH-000393":1.968374716,"ACH-000395":-20,"ACH-000397":1.664340905,"ACH-000401":-0.860851181,"ACH-000402":2.015003786,"ACH-000403":1.261179137,"ACH-000404":0.937943481,"ACH-000405":-20,"ACH-000406":1.547351524,"ACH-000407":2.037349097,"ACH-000408":1.973857813,"ACH-000410":1.558110894,"ACH-000411":-4.046983592,"ACH-000414":1.889482224,"ACH-000415":-1.803791327,"ACH-000416":1.239163067,"ACH-000420":1.264682455,"ACH-000421":1.833744283,"ACH-000422":2.059600572,"ACH-000424":1.635900167,"ACH-000425":-1.698691371,"ACH-000426":1.2247275,"ACH-000427":1.115416374,"ACH-000431":1.0746179,"ACH-000433":1.607117663,"ACH-000434":1.914187432,"ACH-000435":1.305309642,"ACH-000436":1.977948512,"ACH-000437":1.963692479,"ACH-000438":1.924899429,"ACH-000444":2.047050626,"ACH-000445":-7.004133729,"ACH-000448":1.888489517,"ACH-000450":2.04885084,"ACH-000452":-4.669857807,"ACH-000454":-7.423903731,"ACH-000458":2.060967193,"ACH-000459":1.596044972,"ACH-000460":1.271909848,"ACH-000461":1.714820314,"ACH-000463":1.571399986,"ACH-000464":1.601756428,"ACH-000466":-3.770171195,"ACH-000467":2.046308735,"ACH-000468":1.561679018,"ACH-000469":1.976915342,"ACH-000470":1.657436935,"ACH-000471":-13.67667006,"ACH-000472":2.038818067,"ACH-000473":1.687749456,"ACH-000475":1.891377981,"ACH-000476":1.396431005,"ACH-000477":2.047273404,"ACH-000478":1.938941697,"ACH-000480":0.65400985,"ACH-000481":1.007735429,"ACH-000483":2.054204006,"ACH-000484":1.076377936,"ACH-000485":2.005282829,"ACH-000486":1.411301234,"ACH-000487":2.060859399,"ACH-000488":1.676667395,"ACH-000490":-20,"ACH-000491":1.685589419,"ACH-000493":-0.231708877,"ACH-000495":-2.204206274,"ACH-000496":1.832241933,"ACH-000498":1.273880989,"ACH-000499":0.851506236,"ACH-000500":0.635189786,"ACH-000502":1.759234637,"ACH-000503":1.11135277,"ACH-000504":2.042166321,"ACH-000505":-0.807427146,"ACH-000507":1.77018397,"ACH-000510":1.848632627,"ACH-000511":1.75263151,"ACH-000512":-1.326373886,"ACH-000514":2.057279885,"ACH-000516":1.86855583,"ACH-000517":1.38446871,"ACH-000518":-20,"ACH-000520":-3.341675547,"ACH-000521":-0.130626739,"ACH-000522":1.133923305,"ACH-000524":-20,"ACH-000527":-20,"ACH-000528":1.878979889,"ACH-000535":1.239751072,"ACH-000537":-20,"ACH-000541":-20,"ACH-000542":2.058084091,"ACH-000544":1.665947317,"ACH-000545":-1.49508617,"ACH-000547":1.809529493,"ACH-000548":-15.41494882,"ACH-000549":1.972681465,"ACH-000550":2.051140645,"ACH-000551":2.058642809,"ACH-000552":1.799372285,"ACH-000556":1.914045011,"ACH-000557":1.730708232,"ACH-000563":1.688893986,"ACH-000570":1.040178904,"ACH-000571":2.046424203,"ACH-000573":1.439455109,"ACH-000576":1.582149695,"ACH-000577":2.05473097,"ACH-000579":0.753950061,"ACH-000580":1.971710586,"ACH-000581":-0.701189256,"ACH-000583":-20,"ACH-000584":1.810759215,"ACH-000585":1.822198108,"ACH-000587":1.866539044,"ACH-000588":-3.52229317,"ACH-000589":2.047021575,