{"scores":{"ACH-000004":3.32410629,"ACH-000005":-8.078629088,"ACH-000007":2.308576574,"ACH-000009":2.148600091,"ACH-000011":3.141839274,"ACH-000012":3.088084295,"ACH-000013":3.058635715,"ACH-000014":2.186237431,"ACH-000015":3.012669357,"ACH-000017":3.342743324,"ACH-000018":3.111030499,"ACH-000019":3.316478588,"ACH-000021":1.94433574,"ACH-000022":3.180642907,"ACH-000024":3.343244361,"ACH-000025":3.316711159,"ACH-000028":3.305671203,"ACH-000029":-20,"ACH-000030":3.344398979,"ACH-000035":3.099989831,"ACH-000036":3.232824028,"ACH-000037":3.36020866,"ACH-000039":3.367911442,"ACH-000040":3.360961234,"ACH-000041":2.874852695,"ACH-000042":-3.394026871,"ACH-000045":2.131393794,"ACH-000047":3.366949262,"ACH-000048":3.199737189,"ACH-000052":3.361485222,"ACH-000053":3.332895325,"ACH-000054":3.331917891,"ACH-000055":1.326013554,"ACH-000060":2.509809434,"ACH-000067":3.012791922,"ACH-000070":3.35750746,"ACH-000074":3.32339903,"ACH-000075":2.827745066,"ACH-000076":2.837487711,"ACH-000078":3.294205839,"ACH-000082":3.36518567,"ACH-000085":2.161792381,"ACH-000086":2.986800862,"ACH-000087":3.220615823,"ACH-000092":3.313779312,"ACH-000095":3.317529298,"ACH-000096":2.19381535,"ACH-000097":-11.5218281,"ACH-000098":3.346420501,"ACH-000099":2.285210513,"ACH-000108":3.32321273,"ACH-000111":2.440979994,"ACH-000113":3.23821069,"ACH-000114":1.120878736,"ACH-000115":2.851037948,"ACH-000116":1.939124416,"ACH-000118":3.067587729,"ACH-000120":2.062594738,"ACH-000123":3.223820227,"ACH-000127":1.634663653,"ACH-000128":2.830689105,"ACH-000132":3.311821832,"ACH-000133":2.954190018,"ACH-000137":2.618802675,"ACH-000138":3.046182656,"ACH-000141":3.32643033,"ACH-000142":3.354976885,"ACH-000143":-9.123139531,"ACH-000146":3.349299601,"ACH-000148":2.918238431,"ACH-000150":3.139086827,"ACH-000151":3.24356034,"ACH-000152":3.355932116,"ACH-000153":1.596734985,"ACH-000159":3.353802753,"ACH-000160":-0.465608648,"ACH-000163":3.163703833,"ACH-000164":3.014445935,"ACH-000167":3.176111622,"ACH-000168":3.268660872,"ACH-000169":0.77995598,"ACH-000174":2.817660033,"ACH-000178":2.962071764,"ACH-000182":3.36107919,"ACH-000183":3.236691712,"ACH-000187":3.268913415,"ACH-000188":3.362490311,"ACH-000189":3.365597386,"ACH-000190":3.279989652,"ACH-000198":3.36595387,"ACH-000200":3.0052375,"ACH-000202":0.88999428,"ACH-000204":3.363854128,"ACH-000206":1.649969662,"ACH-000207":3.107108427,"ACH-000209":3.366601614,"ACH-000211":2.660036071,"ACH-000212":3.356353228,"ACH-000215":3.332785932,"ACH-000217":3.315798912,"ACH-000219":2.919762189,"ACH-000221":3.142497562,"ACH-000222":3.360646858,"ACH-000223":2.014253966,"ACH-000226":2.665977429,"ACH-000227":0.646650744,"ACH-000228":2.652274799,"ACH-000231":-0.020446819,"ACH-000232":3.018449832,"ACH-000233":3.295176779,"ACH-000234":2.956719766,"ACH-000235":2.501857394,"ACH-000237":3.368040299,"ACH-000238":2.497045551,"ACH-000243":3.03269343,"ACH-000244":3.351846571,"ACH-000246":2.299759927,"ACH-000247":3.368039365,"ACH-000248":1.753935221,"ACH-000249":2.881819983,"ACH-000250":3.256374357,"ACH-000251":3.367337533,"ACH-000253":2.949032417,"ACH-000255":3.083884648,"ACH-000256":3.30656701,"ACH-000257":-8.021235813,"ACH-000258":2.467914394,"ACH-000259":3.363891288,"ACH-000260":3.312047865,"ACH-000261":3.19282945,"ACH-000262":3.210741566,"ACH-000263":2.805846201,"ACH-000264":3.176011324,"ACH-000265":3.232810885,"ACH-000266":3.006605705,"ACH-000271":2.994424865,"ACH-000272":3.367797373,"ACH-000273":0.076406389,"ACH-000274":3.368041395,"ACH-000276":3.272233072,"ACH-000277":-1.891534474,"ACH-000278":3.367911971,"ACH-000279":3.276419637,"ACH-000280":3.350411035,"ACH-000281":2.372391381,"ACH-000286":3.099492842,"ACH-000288":3.091525618,"ACH-000290":3.359656149,"ACH-000291":3.091894513,"ACH-000292":2.682523654,"ACH-000293":3.085801681,"ACH-000294":2.335480935,"ACH-000295":2.946957482,"ACH-000296":3.358065032,"ACH-000302":2.374089449,"ACH-000304":3.343010654,"ACH-000305":3.041385128,"ACH-000307":2.124695808,"ACH-000308":3.220117652,"ACH-000310":2.519187872,"ACH-000311":0.453692193,"ACH-000312":3.294828788,"ACH-000315":3.364675365,"ACH-000316":3.359807229,"ACH-000317":3.36791922,"ACH-000318":3.258025532,"ACH-000319":3.175676731,"ACH-000320":3.367194865,"ACH-000322":2.215870892,"ACH-000323":3.341945671,"ACH-000324":3.126408153,"ACH-000326":2.429297491,"ACH-000329":3.356195463,"ACH-000330":-2.519387644,"ACH-000331":2.790559926,"ACH-000332":3.012675363,"ACH-000334":1.857499011,"ACH-000335":3.337621762,"ACH-000336":3.319690999,"ACH-000337":3.348093798,"ACH-000339":2.717963746,"ACH-000341":3.150578574,"ACH-000343":3.177717207,"ACH-000344":2.822844787,"ACH-000348":-8.051428781,"ACH-000350":2.941404695,"ACH-000352":3.328062426,"ACH-000355":3.297323455,"ACH-000356":3.35286472,"ACH-000361":3.1409544,"ACH-000362":2.10432393,"ACH-000363":1.208355135,"ACH-000364":2.617845164,"ACH-000365":3.366948593,"ACH-000366":2.857135242,"ACH-000368":3.213389619,"ACH-000370":1.006188445,"ACH-000374":2.447831752,"ACH-000375":2.553406461,"ACH-000376":2.865180365,"ACH-000377":3.297312181,"ACH-000378":3.18487275,"ACH-000381":2.206942808,"ACH-000383":1.04252287,"ACH-000385":3.002260495,"ACH-000387":3.355481495,"ACH-000389":2.426769999,"ACH-000390":1.767683169,"ACH-000393":3.092276969,"ACH-000395":3.124969048,"ACH-000397":3.137375384,"ACH-000401":2.483130333,"ACH-000402":1.571298825,"ACH-000403":1.779462273,"ACH-000404":3.205115619,"ACH-000405":3.302268347,"ACH-000406":3.234491336,"ACH-000407":3.217565005,"ACH-000408":2.767561527,"ACH-000410":3.133871899,"ACH-000411":3.367990128,"ACH-000414":3.252071469,"ACH-000415":3.317681019,"ACH-000416":3.366892339,"ACH-000420":-1.570022262,"ACH-000421":1.488873347,"ACH-000422":3.020476801,"ACH-000424":3.287346927,"ACH-000425":3.24346067,"ACH-000426":2.371418092,"ACH-000427":3.199134,"ACH-000431":2.962291084,"ACH-000433":3.348741579,"ACH-000434":3.325305117,"ACH-000435":2.760295986,"ACH-000436":1.669723483,"ACH-000437":3.366694654,"ACH-000438":2.801738443,"ACH-000444":3.294372918,"ACH-000445":3.366411769,"ACH-000448":3.058536836,"ACH-000450":-3.061594175,"ACH-000452":-8.546997109,"ACH-000454":3.191132701,"ACH-000458":2.916450243,"ACH-000459":2.793767924,"ACH-000460":1.348083802,"ACH-000461":3.349473911,"ACH-000463":3.364667452,"ACH-000464":3.358802637,"ACH-000466":1.993243118,"ACH-000467":1.227371139,"ACH-000468":1.688812867,"ACH-000469":2.507543203,"ACH-000470":3.342029551,"ACH-000471":3.344658908,"ACH-000472":2.176924669,"ACH-000473":-1.186260011,"ACH-000475":3.351032155,"ACH-000476":3.366009128,"ACH-000477":0.664319566,"ACH-000478":3.000801156,"ACH-000480":2.739540298,"ACH-000481":3.338753309,"ACH-000483":3.292234563,"ACH-000484":3.317484299,"ACH-000485":3.244827291,"ACH-000486":3.092381464,"ACH-000487":2.715392142,"ACH-000488":0.423585392,"ACH-000490":-19.16931803,"ACH-000491":3.368016417,"ACH-000493":3.364314697,"ACH-000495":3.057183224,"ACH-000496":0.357941542,"ACH-000498":3.158481596,"ACH-000499":2.512202606,"ACH-000500":3.366376696,"ACH-000502":3.368042696,"ACH-000503":2.828921637,"ACH-000504":2.62330482,"ACH-000505":-13.32067297,"ACH-000507":-0.94344582,"ACH-000510":2.963138768,"ACH-000511":3.151105789,"ACH-000512":3.224157395,"ACH-000514":3.257432347,"ACH-000516":3.119294397,"ACH-000517":3.364242766,"ACH-000518":3.367900982,"ACH-000520":3.363586113,"ACH-000521":3.106446521,"ACH-000522":3.364481179,"ACH-000524":3.272051703,"ACH-000527":3.119418341,"ACH-000528":3.337798689,"ACH-000535":-4.804754625,"ACH-000537":-4.170238736,"ACH-000541":2.271194614,"ACH-000542":2.49331009,"ACH-000544":3.367989419,"ACH-000545":3.35813121,"ACH-000547":3.333663977,"ACH-000548":3.242099436,"ACH-000549":2.403967792,"ACH-000550":2.987777386,"ACH-000551":0.484391271,"ACH-000552":-1.163752229,"ACH-000556":3.306126202,"ACH-000557":3.290369395,"ACH-000563":-0.057351216,"ACH-000570":3.289593674,"ACH-000571":2.588849158,"ACH-000573":2.668292794,"ACH-000576":3.312483556,"ACH-000577":2.504563654,"ACH-000579":0.548583003,"ACH-000580":2.238156934,"ACH-000581":3.357328733,"ACH-000583":3.325034521,