{"scores":{"ACH-000004":2.823168163,"ACH-000005":2.411908815,"ACH-000007":2.791962262,"ACH-000009":1.500205891,"ACH-000011":1.697633662,"ACH-000012":2.038193526,"ACH-000013":-6.203096133,"ACH-000014":2.785256291,"ACH-000015":-7.884564529,"ACH-000017":1.561741548,"ACH-000018":2.714827886,"ACH-000019":1.533027239,"ACH-000021":2.230671504,"ACH-000022":1.654809128,"ACH-000024":2.75705394,"ACH-000025":2.813508231,"ACH-000028":-4.79360804,"ACH-000029":2.613810313,"ACH-000030":2.758652479,"ACH-000035":2.570534682,"ACH-000036":2.743507338,"ACH-000037":2.598408473,"ACH-000039":-3.255246701,"ACH-000040":1.691771839,"ACH-000041":0.231057014,"ACH-000042":2.622685246,"ACH-000045":2.254196538,"ACH-000047":2.369802862,"ACH-000048":-6.952621343,"ACH-000052":2.74652079,"ACH-000053":2.026413571,"ACH-000054":2.49210127,"ACH-000055":-1.097891074,"ACH-000060":-0.947235181,"ACH-000067":0.924888355,"ACH-000070":2.77593232,"ACH-000074":0.448620278,"ACH-000075":2.516448292,"ACH-000076":1.719324739,"ACH-000078":2.012571081,"ACH-000082":2.764680832,"ACH-000085":0.005978357,"ACH-000086":1.712083328,"ACH-000087":-3.408827743,"ACH-000092":1.887544904,"ACH-000095":0.342917726,"ACH-000096":0.776283165,"ACH-000097":1.533338128,"ACH-000098":2.827499384,"ACH-000099":-7.052662866,"ACH-000108":2.803316128,"ACH-000111":0.065440097,"ACH-000113":-7.972784388,"ACH-000114":2.3127146,"ACH-000115":1.077802791,"ACH-000116":-2.004220881,"ACH-000118":-8.368810634,"ACH-000120":-0.413094555,"ACH-000123":1.042875945,"ACH-000127":2.662566282,"ACH-000128":1.960885519,"ACH-000132":2.751582565,"ACH-000133":0.198654311,"ACH-000137":2.763920167,"ACH-000138":2.600799918,"ACH-000141":2.455940206,"ACH-000142":2.822669923,"ACH-000143":2.158980472,"ACH-000146":1.263906419,"ACH-000148":0.493364869,"ACH-000150":2.592098265,"ACH-000151":2.783672779,"ACH-000152":2.369593136,"ACH-000153":1.77824707,"ACH-000159":-0.69938778,"ACH-000160":-4.288350754,"ACH-000163":2.583891249,"ACH-000164":-0.302607345,"ACH-000167":2.641376412,"ACH-000168":2.73020025,"ACH-000169":2.110196518,"ACH-000174":1.940575462,"ACH-000178":1.560601799,"ACH-000182":-1.190946899,"ACH-000183":2.770047856,"ACH-000187":1.06181546,"ACH-000188":-1.635844128,"ACH-000189":2.416927109,"ACH-000190":0.676234284,"ACH-000198":0.585619288,"ACH-000200":2.032993025,"ACH-000202":-2.392299059,"ACH-000204":1.622365816,"ACH-000206":-3.180612788,"ACH-000207":1.93351023,"ACH-000209":2.825419657,"ACH-000211":1.480510007,"ACH-000212":1.918939209,"ACH-000215":2.33225486,"ACH-000217":-2.165921091,"ACH-000219":1.904498224,"ACH-000221":0.312193902,"ACH-000222":2.754980161,"ACH-000223":-2.933192226,"ACH-000226":2.540136365,"ACH-000227":0.776264544,"ACH-000228":2.196771366,"ACH-000231":2.66464549,"ACH-000232":2.059289163,"ACH-000233":0.144176908,"ACH-000234":2.826278821,"ACH-000235":0.557904583,"ACH-000237":0.948514728,"ACH-000238":2.760061926,"ACH-000243":2.792279987,"ACH-000244":2.740401632,"ACH-000246":-0.875010222,"ACH-000247":2.160942545,"ACH-000248":2.788006756,"ACH-000249":1.389449829,"ACH-000250":2.788789007,"ACH-000251":2.710791981,"ACH-000253":2.770442294,"ACH-000255":-0.197579781,"ACH-000256":1.164516854,"ACH-000257":-4.962644937,"ACH-000258":2.688789856,"ACH-000259":-19.07954742,"ACH-000260":-4.073149646,"ACH-000261":0.847361461,"ACH-000262":1.951667555,"ACH-000263":0.985311028,"ACH-000264":1.621982101,"ACH-000265":-0.306691164,"ACH-000266":2.509295329,"ACH-000271":-6.010212506,"ACH-000272":1.485747561,"ACH-000273":1.650955497,"ACH-000274":-0.154024614,"ACH-000276":-0.647287323,"ACH-000277":2.825647223,"ACH-000278":-1.631285299,"ACH-000279":-2.002818992,"ACH-000280":2.747647943,"ACH-000281":1.425979427,"ACH-000286":2.442379062,"ACH-000288":2.792841771,"ACH-000290":2.175470052,"ACH-000291":2.66512932,"ACH-000292":1.348989499,"ACH-000293":0.633921455,"ACH-000294":2.559686507,"ACH-000295":2.750184742,"ACH-000296":-3.879280007,"ACH-000302":0.600711911,"ACH-000304":2.45487503,"ACH-000305":1.00413923,"ACH-000307":2.214127411,"ACH-000308":1.941910495,"ACH-000310":1.296900728,"ACH-000311":2.629872088,"ACH-000312":-8.27106146,"ACH-000315":2.761680733,"ACH-000316":2.827655288,"ACH-000317":-1.141154111,"ACH-000318":1.635870424,"ACH-000319":2.813480656,"ACH-000320":2.748309095,"ACH-000322":2.113145133,"ACH-000323":2.30889403,"ACH-000324":2.554578345,"ACH-000326":2.77114696,"ACH-000329":0.700118145,"ACH-000330":-2.724110948,"ACH-000331":0.191405655,"ACH-000332":2.157228857,"ACH-000334":0.123421901,"ACH-000335":0.910058094,"ACH-000336":-3.612685375,"ACH-000337":0.265087806,"ACH-000339":0.755518323,"ACH-000341":0.496079301,"ACH-000343":-0.855152971,"ACH-000344":0.720895703,"ACH-000348":2.515110413,"ACH-000350":0.840122844,"ACH-000352":-3.793753581,"ACH-000355":-1.967017945,"ACH-000356":2.17838043,"ACH-000361":1.435896692,"ACH-000362":2.801506264,"ACH-000363":2.787871438,"ACH-000364":-2.183779122,"ACH-000365":2.802240475,"ACH-000366":2.188905465,"ACH-000368":2.742217168,"ACH-000370":2.559669132,"ACH-000374":2.560961285,"ACH-000375":2.800801376,"ACH-000376":-0.023958779,"ACH-000377":1.796769653,"ACH-000378":1.615790023,"ACH-000381":2.445433344,"ACH-000383":2.656561162,"ACH-000385":0.575015226,"ACH-000387":2.822584652,"ACH-000389":2.568937568,"ACH-000390":1.262887021,"ACH-000393":2.825069814,"ACH-000395":2.344920481,"ACH-000397":2.739144929,"ACH-000401":0.661894506,"ACH-000402":2.258280834,"ACH-000403":2.826992067,"ACH-000404":1.662099971,"ACH-000405":-0.317325243,"ACH-000406":-3.388423875,"ACH-000407":0.833695757,"ACH-000408":-1.172938288,"ACH-000410":-7.051157989,"ACH-000411":2.63673127,"ACH-000414":0.020323267,"ACH-000415":-5.868750173,"ACH-000416":1.582481965,"ACH-000420":-0.305460077,"ACH-000421":0.069455727,"ACH-000422":0.477273649,"ACH-000424":-2.803267042,"ACH-000425":2.779343779,"ACH-000426":1.301918102,"ACH-000427":2.678437953,"ACH-000431":-7.936481821,"ACH-000433":2.106835064,"ACH-000434":1.303332372,"ACH-000435":2.734803379,"ACH-000436":2.766941243,"ACH-000437":2.664679201,"ACH-000438":-3.599606191,"ACH-000444":2.023568949,"ACH-000445":2.729395574,"ACH-000448":1.874618136,"ACH-000450":0.651726967,"ACH-000452":1.692200643,"ACH-000454":-3.501302998,"ACH-000458":1.86939721,"ACH-000459":-2.615444052,"ACH-000460":2.703482083,"ACH-000461":-9.410028272,"ACH-000463":1.718789677,"ACH-000464":1.878538026,"ACH-000466":2.306653848,"ACH-000467":2.361778698,"ACH-000468":2.083371669,"ACH-000469":2.572853116,"ACH-000470":1.081017426,"ACH-000471":2.586995138,"ACH-000472":2.291408871,"ACH-000473":1.853898969,"ACH-000475":2.826338102,"ACH-000476":-5.705759403,"ACH-000477":1.676760312,"ACH-000478":2.727022376,"ACH-000480":-0.188785389,"ACH-000481":0.908309239,"ACH-000483":-1.253047956,"ACH-000484":1.972217339,"ACH-000485":2.078554714,"ACH-000486":2.762596855,"ACH-000487":-10.13861366,"ACH-000488":-7.09446216,"ACH-000490":0.629742505,"ACH-000491":2.442010012,"ACH-000493":0.594159647,"ACH-000495":2.046971361,"ACH-000496":2.679052194,"ACH-000498":-0.094376287,"ACH-000499":2.827399949,"ACH-000500":-0.382262454,"ACH-000502":2.725642024,"ACH-000503":1.157131674,"ACH-000504":2.80614503,"ACH-000505":2.45807932,"ACH-000507":-2.583964453,"ACH-000510":2.745141232,"ACH-000511":2.795712942,"ACH-000512":2.670718853,"ACH-000514":-3.121191978,"ACH-000516":0.645116588,"ACH-000517":1.885409264,"ACH-000518":2.752281991,"ACH-000520":1.515791777,"ACH-000521":2.774756329,"ACH-000522":2.328836189,"ACH-000524":1.954612808,"ACH-000527":-2.192022789,"ACH-000528":0.63328591,"ACH-000535":2.620895639,"ACH-000537":0.003033495,"ACH-000541":2.398302412,"ACH-000542":2.493536364,"ACH-000544":1.778708378,"ACH-000545":2.235102399,"ACH-000547":-3.425341316,"ACH-000548":2.585124798,"ACH-000549":2.298645508,"ACH-000550":2.772195327,"ACH-000551":-4.928021516,"ACH-000552":2.674120865,"ACH-000556":-2.012104899,"ACH-000557":1.167093676,"ACH-000563":2.823517505,"ACH-000570":-3.01518117,"ACH-000571":1.539448558,"ACH-000573":1.474835885,"ACH-000576":1.915237518,"ACH-000577":0.708539492,"ACH-000579":0.133880507,