{"scores":{"ACH-000004":1.937129577,"ACH-000005":1.979251331,"ACH-000007":0.500896769,"ACH-000009":0.421050592,"ACH-000011":-2.038774082,"ACH-000012":1.099842011,"ACH-000013":1.815139778,"ACH-000014":-1.068945555,"ACH-000015":-0.72115067,"ACH-000017":1.225524827,"ACH-000018":1.811341181,"ACH-000019":0.956474539,"ACH-000021":0.476746185,"ACH-000022":1.8753222,"ACH-000024":1.270742268,"ACH-000025":-0.586649528,"ACH-000028":-1.525266469,"ACH-000029":0.991169585,"ACH-000030":1.613381956,"ACH-000035":1.446986356,"ACH-000036":1.076718609,"ACH-000037":-1.622773076,"ACH-000039":1.77771824,"ACH-000040":1.315149705,"ACH-000041":1.306078474,"ACH-000042":1.97794177,"ACH-000045":-1.222404157,"ACH-000047":1.18869502,"ACH-000048":-3.78832155,"ACH-000052":1.700042491,"ACH-000053":1.414753557,"ACH-000054":1.94708722,"ACH-000055":0.161608564,"ACH-000060":1.618589623,"ACH-000067":1.589275804,"ACH-000070":0.788856532,"ACH-000074":-6.291786313,"ACH-000075":0.411387912,"ACH-000076":-0.444895846,"ACH-000078":-0.008133829,"ACH-000082":1.903883016,"ACH-000085":1.976614615,"ACH-000086":1.65970999,"ACH-000087":1.837615687,"ACH-000092":1.198198073,"ACH-000095":1.947313172,"ACH-000096":0.313531358,"ACH-000097":1.842059654,"ACH-000098":1.976748567,"ACH-000099":-0.249591041,"ACH-000108":1.636396091,"ACH-000111":0.81526235,"ACH-000113":-1.590979907,"ACH-000114":1.676189077,"ACH-000115":1.374485215,"ACH-000116":1.121211733,"ACH-000118":-0.4793768,"ACH-000120":-0.84381762,"ACH-000123":-1.487798338,"ACH-000127":1.955008698,"ACH-000128":0.212774928,"ACH-000132":0.398320023,"ACH-000133":0.949211347,"ACH-000137":1.956989076,"ACH-000138":1.559745506,"ACH-000141":-2.799650992,"ACH-000142":1.338826199,"ACH-000143":1.970654808,"ACH-000146":0.223101858,"ACH-000148":-0.04755217,"ACH-000150":1.859734866,"ACH-000151":-0.91125558,"ACH-000152":-0.620827854,"ACH-000153":1.643152044,"ACH-000159":-3.909875638,"ACH-000160":-0.059404041,"ACH-000163":0.839655902,"ACH-000164":-1.82423817,"ACH-000167":1.910504647,"ACH-000168":1.889687863,"ACH-000169":0.472625823,"ACH-000174":1.936162866,"ACH-000178":1.13741659,"ACH-000182":-2.774655055,"ACH-000183":1.617282191,"ACH-000187":-11.12766751,"ACH-000188":1.90613171,"ACH-000189":0.659083675,"ACH-000190":1.839766254,"ACH-000198":-1.437357126,"ACH-000200":-0.92123718,"ACH-000202":1.505308505,"ACH-000204":-0.311192352,"ACH-000206":1.964681852,"ACH-000207":1.687087436,"ACH-000209":0.654441423,"ACH-000211":0.6976294,"ACH-000212":1.835976938,"ACH-000215":-7.075458369,"ACH-000217":-6.143955851,"ACH-000219":-1.477155604,"ACH-000221":1.932334513,"ACH-000222":1.769334414,"ACH-000223":1.968070269,"ACH-000226":1.967610948,"ACH-000227":0.221555463,"ACH-000228":1.796041749,"ACH-000231":1.822127762,"ACH-000232":1.968385966,"ACH-000233":0.918030801,"ACH-000234":1.34737906,"ACH-000235":1.909393772,"ACH-000237":-1.896219124,"ACH-000238":1.954327508,"ACH-000243":1.979816892,"ACH-000244":-1.944833761,"ACH-000246":0.068894206,"ACH-000247":1.779260993,"ACH-000248":-0.744223822,"ACH-000249":0.995440442,"ACH-000250":-2.132443654,"ACH-000251":1.049280358,"ACH-000253":1.665197301,"ACH-000255":1.902411792,"ACH-000256":1.945452882,"ACH-000257":1.828893618,"ACH-000258":1.378120318,"ACH-000259":-1.544198335,"ACH-000260":-3.700866416,"ACH-000261":1.872530109,"ACH-000262":-0.602141025,"ACH-000263":1.885420137,"ACH-000264":1.969192401,"ACH-000265":-0.625355841,"ACH-000266":1.916128594,"ACH-000271":1.276453518,"ACH-000272":1.319145074,"ACH-000273":-1.38539491,"ACH-000274":0.393438888,"ACH-000276":1.1528963,"ACH-000277":1.901994337,"ACH-000278":0.528291818,"ACH-000279":1.89030823,"ACH-000280":1.582156473,"ACH-000281":1.981154478,"ACH-000286":1.668738204,"ACH-000288":1.665835373,"ACH-000290":0.252960395,"ACH-000291":1.278535125,"ACH-000292":-1.010804664,"ACH-000293":0.994208913,"ACH-000294":1.545285833,"ACH-000295":1.867049511,"ACH-000296":1.980444612,"ACH-000302":1.919154189,"ACH-000304":0.325281747,"ACH-000305":0.919629959,"ACH-000307":1.485684547,"ACH-000308":1.102006054,"ACH-000310":0.157946555,"ACH-000311":1.980077411,"ACH-000312":1.705327781,"ACH-000315":1.936849883,"ACH-000316":1.469262737,"ACH-000317":-2.141068941,"ACH-000318":0.161146346,"ACH-000319":1.89523751,"ACH-000320":0.846051417,"ACH-000322":0.495304757,"ACH-000323":0.283755396,"ACH-000324":-5.167399989,"ACH-000326":1.153660615,"ACH-000329":-1.762785039,"ACH-000330":1.296281769,"ACH-000331":-1.889308686,"ACH-000332":1.868824562,"ACH-000334":-2.667004644,"ACH-000335":0.820841663,"ACH-000336":1.599601162,"ACH-000337":-0.190438599,"ACH-000339":1.799759505,"ACH-000341":-1.363485179,"ACH-000343":1.102423009,"ACH-000344":-0.718246772,"ACH-000348":0.658112503,"ACH-000350":1.409611469,"ACH-000352":1.5666521,"ACH-000355":0.051386074,"ACH-000356":1.686308031,"ACH-000361":1.975756862,"ACH-000362":1.551756712,"ACH-000363":1.307839688,"ACH-000364":1.826001502,"ACH-000365":0.305757184,"ACH-000366":0.088189583,"ACH-000368":1.980498845,"ACH-000370":-0.0030259,"ACH-000374":1.066275216,"ACH-000375":0.608250811,"ACH-000376":-5.157420676,"ACH-000377":1.838258168,"ACH-000378":1.961537466,"ACH-000381":0.953697313,"ACH-000383":1.970833731,"ACH-000385":1.727252587,"ACH-000387":1.857298927,"ACH-000389":1.380624408,"ACH-000390":-1.372017378,"ACH-000393":1.420520364,"ACH-000395":1.931399193,"ACH-000397":1.901748457,"ACH-000401":1.042622005,"ACH-000402":1.78784564,"ACH-000403":1.981514388,"ACH-000404":0.736847723,"ACH-000405":0.019416233,"ACH-000406":0.849651566,"ACH-000407":1.112672699,"ACH-000408":1.930874841,"ACH-000410":-2.311505352,"ACH-000411":0.771485998,"ACH-000414":1.18898903,"ACH-000415":1.714230121,"ACH-000416":1.781249565,"ACH-000420":1.771634761,"ACH-000421":1.79813892,"ACH-000422":1.516074399,"ACH-000424":1.938106874,"ACH-000425":0.482525356,"ACH-000426":1.904995581,"ACH-000427":1.350146699,"ACH-000431":-0.171934539,"ACH-000433":1.616076775,"ACH-000434":1.761569368,"ACH-000435":-0.883520021,"ACH-000436":1.65637989,"ACH-000437":-3.304638028,"ACH-000438":0.87378554,"ACH-000444":1.583352895,"ACH-000445":0.835584638,"ACH-000448":1.49661979,"ACH-000450":1.699905563,"ACH-000452":1.880952008,"ACH-000454":-1.684312209,"ACH-000458":1.802320901,"ACH-000459":-3.261969151,"ACH-000460":-6.173458268,"ACH-000461":1.981620744,"ACH-000463":-0.818603849,"ACH-000464":1.930530202,"ACH-000466":1.970376167,"ACH-000467":1.974596994,"ACH-000468":1.891802872,"ACH-000469":1.677989799,"ACH-000470":1.725092873,"ACH-000471":0.848152719,"ACH-000472":1.894288633,"ACH-000473":1.910915718,"ACH-000475":-2.393806907,"ACH-000476":1.509118144,"ACH-000477":0.991085472,"ACH-000478":0.668960615,"ACH-000480":1.814041064,"ACH-000481":1.706357592,"ACH-000483":1.13055612,"ACH-000484":0.861706032,"ACH-000485":1.940604366,"ACH-000486":1.975895537,"ACH-000487":1.666039773,"ACH-000488":-10.99178658,"ACH-000490":0.814358313,"ACH-000491":1.686652101,"ACH-000493":1.655025195,"ACH-000495":-9.521444246,"ACH-000496":1.728750319,"ACH-000498":1.268484069,"ACH-000499":0.84526222,"ACH-000500":0.250622071,"ACH-000502":1.982102284,"ACH-000503":0.844738532,"ACH-000504":1.186865538,"ACH-000505":1.781160538,"ACH-000507":1.897053118,"ACH-000510":1.896482914,"ACH-000511":1.65256209,"ACH-000512":1.658065858,"ACH-000514":-0.766832977,"ACH-000516":1.549521074,"ACH-000517":1.876023239,"ACH-000518":1.539077972,"ACH-000520":-3.387854335,"ACH-000521":-1.769321389,"ACH-000522":1.538985676,"ACH-000524":1.915792599,"ACH-000527":1.861252029,"ACH-000528":-1.020944804,"ACH-000535":1.976732755,"ACH-000537":1.959929379,"ACH-000541":1.853678485,"ACH-000542":1.906271689,"ACH-000544":1.833382901,"ACH-000545":1.975968439,"ACH-000547":1.19275368,"ACH-000548":1.978671834,"ACH-000549":1.954476245,"ACH-000550":1.741663081,"ACH-000551":0.682259975,"ACH-000552":1.773130989,"ACH-000556":1.388702285,"ACH-000557":1.477086488,"ACH-000563":1.955675389,"ACH-000570":-4.235583614,"ACH-000571":-0.010512246,"ACH-000573":1.873677377,"ACH-000576":1.980567662,"ACH-000577":1.688960563,"ACH-000579":-1.062795782,"ACH-000580":1.773652177,