{"scores":{"ACH-000004":-2.172485451,"ACH-000005":3.940409551,"ACH-000007":-1.188851313,"ACH-000009":3.637720268,"ACH-000011":3.444460475,"ACH-000012":1.365310156,"ACH-000013":2.405437641,"ACH-000014":2.961780205,"ACH-000015":-4.428454795,"ACH-000017":0.256452435,"ACH-000018":0.815346136,"ACH-000019":3.590394522,"ACH-000021":3.445355982,"ACH-000022":2.340631279,"ACH-000024":3.641584797,"ACH-000025":4.124189964,"ACH-000028":5.054825846,"ACH-000029":-0.676237392,"ACH-000030":-7.282923911,"ACH-000035":1.993299284,"ACH-000036":3.131608853,"ACH-000037":2.072392598,"ACH-000039":4.291039416,"ACH-000040":4.190922876,"ACH-000041":4.991579922,"ACH-000042":-6.37915469,"ACH-000045":1.283426604,"ACH-000047":3.81532088,"ACH-000048":2.316837722,"ACH-000052":4.083500542,"ACH-000053":-5.690585165,"ACH-000054":3.525272603,"ACH-000055":1.979237475,"ACH-000060":1.374624101,"ACH-000067":3.288669086,"ACH-000070":2.572601895,"ACH-000074":0.575072664,"ACH-000075":4.891882982,"ACH-000076":1.65211287,"ACH-000078":4.516356244,"ACH-000082":3.390311347,"ACH-000085":-0.819291805,"ACH-000086":4.318891912,"ACH-000087":3.672096377,"ACH-000092":2.452265201,"ACH-000095":3.123523324,"ACH-000096":2.168681742,"ACH-000097":-7.348808729,"ACH-000098":3.61137173,"ACH-000099":3.722304992,"ACH-000108":-3.226711385,"ACH-000111":3.632325888,"ACH-000113":-3.556539288,"ACH-000114":3.63860118,"ACH-000115":2.026945454,"ACH-000116":5.568503139,"ACH-000118":-2.172046964,"ACH-000120":2.992716564,"ACH-000123":5.678041518,"ACH-000127":-5.295604784,"ACH-000128":3.710096126,"ACH-000132":4.008977207,"ACH-000133":5.382297364,"ACH-000137":3.497466998,"ACH-000138":2.134261205,"ACH-000141":1.87959023,"ACH-000142":4.070868016,"ACH-000143":2.631911874,"ACH-000146":3.545202576,"ACH-000148":5.267301355,"ACH-000150":4.253469201,"ACH-000151":0.154815359,"ACH-000152":5.007794898,"ACH-000153":2.110026421,"ACH-000159":-8.023769684,"ACH-000160":2.64732525,"ACH-000163":4.056861078,"ACH-000164":1.739136474,"ACH-000167":1.922937444,"ACH-000168":-0.693799982,"ACH-000169":3.935351673,"ACH-000174":3.674714979,"ACH-000178":0.477744897,"ACH-000182":-5.110501711,"ACH-000183":-6.449481298,"ACH-000187":-0.512167613,"ACH-000188":5.215168302,"ACH-000189":4.525334882,"ACH-000190":0.123196027,"ACH-000198":4.480401437,"ACH-000200":2.841792184,"ACH-000202":1.264809369,"ACH-000204":3.402750721,"ACH-000206":-4.348653258,"ACH-000207":1.853323643,"ACH-000209":3.262451884,"ACH-000211":5.185242992,"ACH-000212":0.990935889,"ACH-000215":4.516464405,"ACH-000217":-0.271889497,"ACH-000219":4.784866535,"ACH-000221":2.122393195,"ACH-000222":-2.480711308,"ACH-000223":3.84405265,"ACH-000226":-2.044999693,"ACH-000227":4.814058545,"ACH-000228":4.107059639,"ACH-000231":4.281752867,"ACH-000232":5.188125011,"ACH-000233":-4.683978306,"ACH-000234":-0.679799342,"ACH-000235":-9.038235754,"ACH-000237":0.760012913,"ACH-000238":5.671795298,"ACH-000243":-2.625417918,"ACH-000244":2.202844866,"ACH-000246":4.758253653,"ACH-000247":3.381309409,"ACH-000248":4.949686652,"ACH-000249":1.443620404,"ACH-000250":-7.919214089,"ACH-000251":-2.597243938,"ACH-000253":0.178109307,"ACH-000255":1.562644527,"ACH-000256":5.205139036,"ACH-000257":3.569134982,"ACH-000258":2.374814123,"ACH-000259":3.451286273,"ACH-000260":3.604237773,"ACH-000261":5.120984133,"ACH-000262":2.932009018,"ACH-000263":3.979343077,"ACH-000264":5.276616718,"ACH-000265":1.009331517,"ACH-000266":-4.556113451,"ACH-000271":2.758993163,"ACH-000272":-9.398080629,"ACH-000273":0.501609498,"ACH-000274":4.840452084,"ACH-000276":1.576467543,"ACH-000277":1.042201284,"ACH-000278":2.471499027,"ACH-000279":1.672814015,"ACH-000280":2.515093506,"ACH-000281":-6.648845351,"ACH-000286":1.573671877,"ACH-000288":-3.524871723,"ACH-000290":1.514895919,"ACH-000291":2.710505074,"ACH-000292":3.721217214,"ACH-000293":2.836639078,"ACH-000294":3.71589095,"ACH-000295":2.626168808,"ACH-000296":4.551256251,"ACH-000302":4.526720141,"ACH-000304":4.611933169,"ACH-000305":2.471013959,"ACH-000307":-4.620703157,"ACH-000308":0.371793487,"ACH-000310":3.885457769,"ACH-000311":-0.353350792,"ACH-000312":4.780813636,"ACH-000315":1.654247094,"ACH-000316":1.17108913,"ACH-000317":-6.989292734,"ACH-000318":3.806912355,"ACH-000319":2.604350671,"ACH-000320":1.595955465,"ACH-000322":-7.367592298,"ACH-000323":3.574112859,"ACH-000324":5.400227661,"ACH-000326":2.217527017,"ACH-000329":1.21765559,"ACH-000330":-0.028987937,"ACH-000331":4.907402314,"ACH-000332":-2.656672813,"ACH-000334":-0.312388338,"ACH-000335":3.960044397,"ACH-000336":2.915874297,"ACH-000337":-0.505304669,"ACH-000339":-12.96414748,"ACH-000341":3.16725066,"ACH-000343":3.383741507,"ACH-000344":0.764599,"ACH-000348":3.893169055,"ACH-000350":4.654449037,"ACH-000352":3.08968648,"ACH-000355":0.912449123,"ACH-000356":1.851967061,"ACH-000361":0.035468486,"ACH-000362":-5.001957391,"ACH-000363":-0.807326846,"ACH-000364":3.41129557,"ACH-000365":-0.101592441,"ACH-000366":4.442127407,"ACH-000368":3.716903595,"ACH-000370":2.766244404,"ACH-000374":2.043441417,"ACH-000375":-1.872953873,"ACH-000376":2.089321762,"ACH-000377":-3.992845863,"ACH-000378":2.858848391,"ACH-000381":-0.774196605,"ACH-000383":-12.3662106,"ACH-000385":1.941183574,"ACH-000387":1.317752975,"ACH-000389":2.792962598,"ACH-000390":-0.221032617,"ACH-000393":4.801503388,"ACH-000395":0.182622046,"ACH-000397":3.729473541,"ACH-000401":-4.283292401,"ACH-000402":1.745773017,"ACH-000403":-0.956296544,"ACH-000404":-0.347454015,"ACH-000405":2.461935824,"ACH-000406":-6.619802151,"ACH-000407":3.050154974,"ACH-000408":-1.830847207,"ACH-000410":2.50020233,"ACH-000411":-6.375181478,"ACH-000414":1.452593483,"ACH-000415":4.518535833,"ACH-000416":-8.805330013,"ACH-000420":2.528528115,"ACH-000421":4.412888093,"ACH-000422":3.448629629,"ACH-000424":2.777159175,"ACH-000425":1.059409994,"ACH-000426":-3.210198364,"ACH-000427":3.405224202,"ACH-000431":-2.494436879,"ACH-000433":2.445153182,"ACH-000434":-1.266859038,"ACH-000435":-1.593399046,"ACH-000436":-2.811465815,"ACH-000437":-1.125771251,"ACH-000438":4.238810739,"ACH-000444":2.685718117,"ACH-000445":4.421549978,"ACH-000448":4.904669529,"ACH-000450":2.794358349,"ACH-000452":1.663631108,"ACH-000454":1.837628445,"ACH-000458":-2.127358346,"ACH-000459":-10.24039221,"ACH-000460":-7.902377711,"ACH-000461":1.169306345,"ACH-000463":2.865419097,"ACH-000464":3.578265559,"ACH-000466":-2.540404469,"ACH-000467":4.34205062,"ACH-000468":-1.455749845,"ACH-000469":4.61827751,"ACH-000470":3.982823113,"ACH-000471":-10.43289571,"ACH-000472":2.002659525,"ACH-000473":1.283237751,"ACH-000475":2.532230475,"ACH-000476":5.166054685,"ACH-000477":-3.146139726,"ACH-000478":-3.070281537,"ACH-000480":3.329177678,"ACH-000481":2.905155528,"ACH-000483":2.586754046,"ACH-000484":2.395126086,"ACH-000485":-1.37278366,"ACH-000486":4.817829386,"ACH-000487":4.020284457,"ACH-000488":2.517549093,"ACH-000490":3.130416851,"ACH-000491":2.748989951,"ACH-000493":2.584730792,"ACH-000495":2.165632308,"ACH-000496":0.179250019,"ACH-000498":1.077391953,"ACH-000499":3.717979885,"ACH-000500":0.517180013,"ACH-000502":1.973796017,"ACH-000503":2.221984433,"ACH-000504":3.511798485,"ACH-000505":-3.041727522,"ACH-000507":-6.972366685,"ACH-000510":1.282277249,"ACH-000511":-0.847272672,"ACH-000512":1.493335932,"ACH-000514":-2.254002292,"ACH-000516":3.061646195,"ACH-000517":1.047084823,"ACH-000518":1.46194315,"ACH-000520":0.626877108,"ACH-000521":2.645560087,"ACH-000522":1.262918478,"ACH-000524":3.629005585,"ACH-000527":4.48900431,"ACH-000528":5.922564981,"ACH-000535":4.072380459,"ACH-000537":0.764041806,"ACH-000541":3.517194276,"ACH-000542":1.232079147,"ACH-000544":0.676251503,"ACH-000545":-1.571547447,"ACH-000547":4.003165683,"ACH-000548":2.648401557,"ACH-000549":2.08435809,"ACH-000550":2.980531436,"ACH-000551":-2.628065575,"ACH-000552":-0.837135574,"ACH-000556":4.422750139,"ACH-000557":4.773996188,"ACH-000563":0.0401216,"ACH-000570":3.828096207,"ACH-000571":4.796040763,"ACH-000573":3.017262553,"ACH-000576":2.815649253,"ACH-000577":4.537044353,"ACH-000579":4.365897499,