{"scores":{"ACH-000004":-2.988721833,"ACH-000005":-4.186452241,"ACH-000007":2.535386761,"ACH-000009":-11.25591998,"ACH-000011":2.393521526,"ACH-000012":2.083320534,"ACH-000013":2.419758171,"ACH-000014":2.376588952,"ACH-000015":1.766961181,"ACH-000017":2.52962924,"ACH-000018":1.713652279,"ACH-000019":2.36240168,"ACH-000021":2.146664404,"ACH-000022":2.280536642,"ACH-000024":-3.700374335,"ACH-000025":2.508077278,"ACH-000028":2.532567263,"ACH-000029":1.09766357,"ACH-000030":2.375352565,"ACH-000035":1.214138486,"ACH-000036":-4.997529035,"ACH-000037":0.07953142,"ACH-000039":2.530144626,"ACH-000040":0.667286858,"ACH-000041":-0.595365378,"ACH-000042":-0.520519691,"ACH-000045":1.405496369,"ACH-000047":2.213804576,"ACH-000048":1.213410014,"ACH-000052":2.433317604,"ACH-000053":-14.65915605,"ACH-000054":1.881085947,"ACH-000055":2.063039812,"ACH-000060":2.511255229,"ACH-000067":-2.42241623,"ACH-000070":2.533321928,"ACH-000074":-8.896167559,"ACH-000075":-5.614766478,"ACH-000076":-20,"ACH-000078":0.466709388,"ACH-000082":2.517247039,"ACH-000085":2.5357009,"ACH-000086":2.36976002,"ACH-000087":2.481434779,"ACH-000092":1.233203219,"ACH-000095":2.205184905,"ACH-000096":2.333432592,"ACH-000097":2.094432528,"ACH-000098":-2.41661643,"ACH-000099":-2.549423895,"ACH-000108":1.478560518,"ACH-000111":1.362754964,"ACH-000113":2.13285711,"ACH-000114":2.352614258,"ACH-000115":2.450848295,"ACH-000116":2.137408767,"ACH-000118":2.441956177,"ACH-000120":2.533578585,"ACH-000123":1.813440974,"ACH-000127":2.039461623,"ACH-000128":1.378757795,"ACH-000132":1.585248036,"ACH-000133":2.448813021,"ACH-000137":2.180464757,"ACH-000138":2.535353941,"ACH-000141":0.099543447,"ACH-000142":2.163180761,"ACH-000143":2.111292714,"ACH-000146":2.50070791,"ACH-000148":1.791949715,"ACH-000150":2.1375555,"ACH-000151":2.469911968,"ACH-000152":2.479522793,"ACH-000153":2.270434929,"ACH-000159":1.890091712,"ACH-000160":2.534380156,"ACH-000163":-8.006073578,"ACH-000164":0.938655556,"ACH-000167":2.506615883,"ACH-000168":2.513091862,"ACH-000169":0.917404003,"ACH-000174":0.791216082,"ACH-000178":1.530161136,"ACH-000182":2.534733567,"ACH-000183":2.530062986,"ACH-000187":2.429071332,"ACH-000188":2.423938283,"ACH-000189":-0.520937886,"ACH-000190":1.920468956,"ACH-000198":-20,"ACH-000200":2.52644803,"ACH-000202":2.418486709,"ACH-000204":1.150479943,"ACH-000206":2.217746688,"ACH-000207":0.73626213,"ACH-000209":-3.880540478,"ACH-000211":2.460636752,"ACH-000212":-5.388826909,"ACH-000215":2.374760816,"ACH-000217":1.628778158,"ACH-000219":0.475434995,"ACH-000221":2.53325127,"ACH-000222":1.495892347,"ACH-000223":2.510049511,"ACH-000226":-9.108854032,"ACH-000227":2.33602109,"ACH-000228":-3.996609966,"ACH-000231":2.524853107,"ACH-000232":1.152627347,"ACH-000233":-8.242014554,"ACH-000234":2.535650029,"ACH-000235":2.497056054,"ACH-000237":1.989892079,"ACH-000238":1.477174121,"ACH-000243":2.516946106,"ACH-000244":-2.85840185,"ACH-000246":2.474988976,"ACH-000247":2.201367401,"ACH-000248":2.525616394,"ACH-000249":2.484380703,"ACH-000250":-1.066834895,"ACH-000251":2.533987217,"ACH-000253":2.512044776,"ACH-000255":1.732313692,"ACH-000256":2.508252821,"ACH-000257":1.665963118,"ACH-000258":2.412744782,"ACH-000259":-2.219442422,"ACH-000260":2.508066963,"ACH-000261":2.520032163,"ACH-000262":2.08608796,"ACH-000263":-2.342170966,"ACH-000264":2.52933152,"ACH-000265":2.428843171,"ACH-000266":1.779877257,"ACH-000271":2.226976272,"ACH-000272":2.501882174,"ACH-000273":1.968610266,"ACH-000274":1.485312256,"ACH-000276":1.150259741,"ACH-000277":2.21060934,"ACH-000278":2.345381832,"ACH-000279":2.52154538,"ACH-000280":1.874485241,"ACH-000281":1.834838271,"ACH-000286":0.611172,"ACH-000288":1.993834322,"ACH-000290":2.491494853,"ACH-000291":2.417737121,"ACH-000292":0.480520829,"ACH-000293":1.967876892,"ACH-000294":2.445774774,"ACH-000295":-6.315226592,"ACH-000296":2.063077215,"ACH-000302":0.791096638,"ACH-000304":2.456911045,"ACH-000305":1.157054406,"ACH-000307":2.341811019,"ACH-000308":2.230526127,"ACH-000310":2.281619959,"ACH-000311":2.416181595,"ACH-000312":-3.412051701,"ACH-000315":2.355986608,"ACH-000316":-0.368855904,"ACH-000317":-2.569437046,"ACH-000318":0.81524768,"ACH-000319":2.193912528,"ACH-000320":2.44332053,"ACH-000322":2.530488545,"ACH-000323":0.91115238,"ACH-000324":2.071938449,"ACH-000326":-20,"ACH-000329":2.460515808,"ACH-000330":2.528868381,"ACH-000331":0.368659618,"ACH-000332":2.385498582,"ACH-000334":2.385052439,"ACH-000335":1.796699551,"ACH-000336":2.467065216,"ACH-000337":0.245759026,"ACH-000339":2.229474938,"ACH-000341":2.075228203,"ACH-000343":1.744931811,"ACH-000344":2.53374503,"ACH-000348":2.497321066,"ACH-000350":2.27488201,"ACH-000352":2.534701358,"ACH-000355":2.261303982,"ACH-000356":-0.033908364,"ACH-000361":2.487381165,"ACH-000362":1.604488674,"ACH-000363":2.509345102,"ACH-000364":0.439629281,"ACH-000365":2.532931515,"ACH-000366":-0.822969677,"ACH-000368":-3.644118692,"ACH-000370":2.522533617,"ACH-000374":1.817470186,"ACH-000375":1.423570659,"ACH-000376":1.794323847,"ACH-000377":-1.98247519,"ACH-000378":2.273247824,"ACH-000381":0.83207616,"ACH-000383":-1.282977218,"ACH-000385":2.248046987,"ACH-000387":-20,"ACH-000389":-1.26269629,"ACH-000390":0.114717249,"ACH-000393":2.530785511,"ACH-000395":2.037773061,"ACH-000397":0.721111568,"ACH-000401":2.069984666,"ACH-000402":2.366349294,"ACH-000403":0.223801867,"ACH-000404":2.164500175,"ACH-000405":2.473384071,"ACH-000406":-15.59215451,"ACH-000407":1.354221889,"ACH-000408":1.34041341,"ACH-000410":2.485447155,"ACH-000411":1.440933818,"ACH-000414":2.426933338,"ACH-000415":1.019838201,"ACH-000416":2.378591325,"ACH-000420":2.528156322,"ACH-000421":1.947860916,"ACH-000422":-1.565826156,"ACH-000424":-0.027556614,"ACH-000425":2.511852173,"ACH-000426":1.753968188,"ACH-000427":1.727692556,"ACH-000431":2.497796137,"ACH-000433":-2.642411394,"ACH-000434":1.850314939,"ACH-000435":2.455924288,"ACH-000436":2.26330224,"ACH-000437":2.4964225,"ACH-000438":0.804341866,"ACH-000444":1.801824837,"ACH-000445":1.884987922,"ACH-000448":-3.278312667,"ACH-000450":2.335606331,"ACH-000452":-15.16676287,"ACH-000454":0.139864288,"ACH-000458":2.504103196,"ACH-000459":1.611846748,"ACH-000460":2.387861975,"ACH-000461":2.363629173,"ACH-000463":2.412614225,"ACH-000464":-0.719727259,"ACH-000466":2.382749154,"ACH-000467":2.329510404,"ACH-000468":2.400269005,"ACH-000469":2.517612928,"ACH-000470":2.218938456,"ACH-000471":-0.112843946,"ACH-000472":2.498020217,"ACH-000473":1.440937418,"ACH-000475":2.158871737,"ACH-000476":2.534002579,"ACH-000477":2.4949215,"ACH-000478":2.528065687,"ACH-000480":2.497224929,"ACH-000481":2.333950451,"ACH-000483":-1.336487276,"ACH-000484":2.07784587,"ACH-000485":2.339876235,"ACH-000486":2.352566968,"ACH-000487":-17.06900482,"ACH-000488":2.409609317,"ACH-000490":2.530142794,"ACH-000491":1.194740279,"ACH-000493":2.374316683,"ACH-000495":1.13816973,"ACH-000496":1.277766112,"ACH-000498":2.390339246,"ACH-000499":1.470114504,"ACH-000500":-0.554073953,"ACH-000502":2.446761171,"ACH-000503":1.190845513,"ACH-000504":2.343204288,"ACH-000505":1.634563883,"ACH-000507":2.161633718,"ACH-000510":2.104341348,"ACH-000511":1.968648204,"ACH-000512":2.250559797,"ACH-000514":2.535442817,"ACH-000516":2.529201182,"ACH-000517":2.35506278,"ACH-000518":2.521979501,"ACH-000520":2.512748566,"ACH-000521":2.433926599,"ACH-000522":2.297096226,"ACH-000524":2.257006381,"ACH-000527":2.087387759,"ACH-000528":2.535320593,"ACH-000535":1.858251471,"ACH-000537":-0.035192467,"ACH-000541":-3.203063532,"ACH-000542":2.444633976,"ACH-000544":2.033197735,"ACH-000545":0.386030394,"ACH-000547":2.365513839,"ACH-000548":2.515586451,"ACH-000549":0.131850275,"ACH-000550":2.337325722,"ACH-000551":-20,"ACH-000552":-2.144995438,"ACH-000556":0.410547826,"ACH-000557":2.483507615,"ACH-000563":-15.79461176,"ACH-000570":0.9356994,"ACH-000571":1.9905917,"ACH-000573":2.309783173,"ACH-000576":2.535280424,"ACH-000577":1.432992119,"ACH-000579":2.415401831,"ACH-000580":1.96531523,"ACH-000581":0.056632751,"ACH-000583":2.220958859,"ACH-000584":2.299999845,