{"scores":{"ACH-000004":5.585386118,"ACH-000005":4.824239531,"ACH-000007":5.75876347,"ACH-000009":5.46647042,"ACH-000011":5.098711956,"ACH-000012":5.759137126,"ACH-000013":5.719294604,"ACH-000014":5.635508056,"ACH-000015":5.616132344,"ACH-000017":5.749834146,"ACH-000018":5.414821915,"ACH-000019":5.567221484,"ACH-000021":5.741830891,"ACH-000022":5.729457998,"ACH-000024":5.1974747,"ACH-000025":4.676203216,"ACH-000028":5.138803084,"ACH-000029":5.683148704,"ACH-000030":5.704113239,"ACH-000035":5.758035352,"ACH-000036":5.757559734,"ACH-000037":5.729138543,"ACH-000039":5.003608297,"ACH-000040":3.986123534,"ACH-000041":2.28295778,"ACH-000042":5.705231067,"ACH-000045":5.111613474,"ACH-000047":5.471144279,"ACH-000048":5.704493117,"ACH-000052":5.75895624,"ACH-000053":5.657652217,"ACH-000054":5.758303635,"ACH-000055":5.308195315,"ACH-000060":4.991857393,"ACH-000067":5.621581215,"ACH-000070":5.731513225,"ACH-000074":5.241013014,"ACH-000075":4.653780983,"ACH-000076":5.66466555,"ACH-000078":5.731338073,"ACH-000082":5.721175455,"ACH-000085":5.749943405,"ACH-000086":5.731868345,"ACH-000087":2.979678185,"ACH-000092":5.651372149,"ACH-000095":5.477571913,"ACH-000096":5.718748636,"ACH-000097":5.650738269,"ACH-000098":5.690367123,"ACH-000099":5.057243557,"ACH-000108":5.340663755,"ACH-000111":2.93561702,"ACH-000113":5.758898873,"ACH-000114":5.619763141,"ACH-000115":3.920239423,"ACH-000116":5.394181095,"ACH-000118":5.729497139,"ACH-000120":5.635939642,"ACH-000123":4.87254108,"ACH-000127":5.255608711,"ACH-000128":-20,"ACH-000132":5.759146539,"ACH-000133":5.279687824,"ACH-000137":5.750610649,"ACH-000138":3.501736517,"ACH-000141":4.164784719,"ACH-000142":5.341948323,"ACH-000143":-11.3913849,"ACH-000146":5.639804958,"ACH-000148":5.673644894,"ACH-000150":3.84062922,"ACH-000151":3.324210394,"ACH-000152":5.7546959,"ACH-000153":5.607884851,"ACH-000159":5.621310376,"ACH-000160":3.715340677,"ACH-000163":5.644302881,"ACH-000164":4.884087647,"ACH-000167":5.642380886,"ACH-000168":5.585484022,"ACH-000169":5.723221706,"ACH-000174":5.74724393,"ACH-000178":4.34771246,"ACH-000182":4.324146656,"ACH-000183":3.237991711,"ACH-000187":4.540371076,"ACH-000188":5.402623227,"ACH-000189":5.623458805,"ACH-000190":3.374644051,"ACH-000198":5.545409901,"ACH-000200":5.52370994,"ACH-000202":5.424244959,"ACH-000204":3.679465571,"ACH-000206":5.56558136,"ACH-000207":-20,"ACH-000209":5.665702562,"ACH-000211":5.752566485,"ACH-000212":5.464440272,"ACH-000215":5.40882198,"ACH-000217":5.753176995,"ACH-000219":5.308082218,"ACH-000221":5.671568147,"ACH-000222":5.752815356,"ACH-000223":5.758094903,"ACH-000226":5.658373982,"ACH-000227":5.647498433,"ACH-000228":5.755224966,"ACH-000231":5.277554504,"ACH-000232":-20,"ACH-000233":4.210322662,"ACH-000234":5.574930437,"ACH-000235":5.586790946,"ACH-000237":5.750164433,"ACH-000238":5.462394639,"ACH-000243":5.073769444,"ACH-000244":5.425910994,"ACH-000246":5.304906194,"ACH-000247":5.289535696,"ACH-000248":5.751800862,"ACH-000249":5.291667793,"ACH-000250":5.580857733,"ACH-000251":5.43587439,"ACH-000253":5.457595614,"ACH-000255":4.558063047,"ACH-000256":3.154762698,"ACH-000257":5.759141246,"ACH-000258":5.756349847,"ACH-000259":5.696992301,"ACH-000260":4.875298147,"ACH-000261":5.022770728,"ACH-000262":5.591458984,"ACH-000263":5.759029394,"ACH-000264":5.04541105,"ACH-000265":3.846886515,"ACH-000266":5.663056776,"ACH-000271":5.55659436,"ACH-000272":5.756641171,"ACH-000273":5.732642113,"ACH-000274":5.030187319,"ACH-000276":5.756726233,"ACH-000277":-0.054098685,"ACH-000278":5.240478494,"ACH-000279":-11.63679489,"ACH-000280":4.745622456,"ACH-000281":5.596497624,"ACH-000286":5.071919262,"ACH-000288":5.740556662,"ACH-000290":2.531345956,"ACH-000291":-11.58063896,"ACH-000292":0.489899947,"ACH-000293":5.756282591,"ACH-000294":5.299329986,"ACH-000295":4.529110148,"ACH-000296":5.391557282,"ACH-000302":5.630042289,"ACH-000304":5.723775467,"ACH-000305":5.756891389,"ACH-000307":3.906027282,"ACH-000308":5.438670397,"ACH-000310":5.556881912,"ACH-000311":4.92015907,"ACH-000312":5.653227694,"ACH-000315":4.704459677,"ACH-000316":5.526266106,"ACH-000317":5.676480822,"ACH-000318":1.781766816,"ACH-000319":5.683222464,"ACH-000320":5.757850724,"ACH-000322":5.418399848,"ACH-000323":4.694646792,"ACH-000324":5.460641457,"ACH-000326":5.506052625,"ACH-000329":4.56383955,"ACH-000330":5.450424062,"ACH-000331":4.473908187,"ACH-000332":2.818041458,"ACH-000334":5.493404735,"ACH-000335":5.754274434,"ACH-000336":5.330814835,"ACH-000337":2.455044639,"ACH-000339":5.472098902,"ACH-000341":5.644819405,"ACH-000343":-20,"ACH-000344":5.358884287,"ACH-000348":5.516837808,"ACH-000350":5.611779922,"ACH-000352":5.458175829,"ACH-000355":5.013385892,"ACH-000356":5.727204987,"ACH-000361":4.737090927,"ACH-000362":5.75878745,"ACH-000363":5.37993128,"ACH-000364":5.680339332,"ACH-000365":5.689446187,"ACH-000366":5.536246045,"ACH-000368":4.074129014,"ACH-000370":2.572369763,"ACH-000374":5.699836419,"ACH-000375":2.846262603,"ACH-000376":5.298138257,"ACH-000377":5.136311272,"ACH-000378":5.732549538,"ACH-000381":5.371512578,"ACH-000383":5.510643688,"ACH-000385":5.033903472,"ACH-000387":4.482689079,"ACH-000389":5.668062983,"ACH-000390":3.589807509,"ACH-000393":5.578989831,"ACH-000395":5.75422265,"ACH-000397":5.139311877,"ACH-000401":5.085256575,"ACH-000402":5.603488713,"ACH-000403":5.276239849,"ACH-000404":5.647582311,"ACH-000405":5.528561525,"ACH-000406":5.656942982,"ACH-000407":5.348247628,"ACH-000408":2.480973963,"ACH-000410":5.731997651,"ACH-000411":5.737689783,"ACH-000414":5.759144604,"ACH-000415":5.32503829,"ACH-000416":5.348409236,"ACH-000420":5.728584017,"ACH-000421":5.507938137,"ACH-000422":5.739545929,"ACH-000424":3.650523886,"ACH-000425":5.133712561,"ACH-000426":5.604735477,"ACH-000427":5.749149447,"ACH-000431":5.694519895,"ACH-000433":4.860749298,"ACH-000434":5.606258087,"ACH-000435":-2.438319968,"ACH-000436":5.743497203,"ACH-000437":3.86272568,"ACH-000438":-7.672806165,"ACH-000444":4.55336019,"ACH-000445":5.691624591,"ACH-000448":5.489977485,"ACH-000450":5.658060071,"ACH-000452":5.225231274,"ACH-000454":5.158479184,"ACH-000458":5.067920168,"ACH-000459":4.159396813,"ACH-000460":5.635714807,"ACH-000461":4.915112437,"ACH-000463":5.082100891,"ACH-000464":5.453938948,"ACH-000466":5.617519237,"ACH-000467":4.26413445,"ACH-000468":5.7446578,"ACH-000469":5.744454613,"ACH-000470":4.415847268,"ACH-000471":5.756367985,"ACH-000472":5.505009165,"ACH-000473":5.621532775,"ACH-000475":5.21084766,"ACH-000476":5.10841312,"ACH-000477":3.126619696,"ACH-000478":5.171598392,"ACH-000480":5.271492666,"ACH-000481":5.552349599,"ACH-000483":5.733648907,"ACH-000484":5.758896095,"ACH-000485":5.573600937,"ACH-000486":5.758412349,"ACH-000487":5.758780029,"ACH-000488":5.700730955,"ACH-000490":4.037900414,"ACH-000491":4.952048053,"ACH-000493":3.962308199,"ACH-000495":5.29011282,"ACH-000496":5.693944673,"ACH-000498":3.335850477,"ACH-000499":-17.70679018,"ACH-000500":-4.8866711,"ACH-000502":5.286129519,"ACH-000503":-10.83672565,"ACH-000504":5.673767933,"ACH-000505":5.736377672,"ACH-000507":3.22017854,"ACH-000510":5.60087603,"ACH-000511":5.755838744,"ACH-000512":5.428953033,"ACH-000514":1.171754961,"ACH-000516":5.599082844,"ACH-000517":5.238966103,"ACH-000518":3.033002527,"ACH-000520":5.091019666,"ACH-000521":5.347314565,"ACH-000522":4.453861319,"ACH-000524":5.703161912,"ACH-000527":5.251368954,"ACH-000528":-20,"ACH-000535":5.191712505,"ACH-000537":4.632768655,"ACH-000541":5.666785199,"ACH-000542":5.623720007,"ACH-000544":-14.79427443,"ACH-000545":5.59973323,"ACH-000547":3.771751117,"ACH-000548":5.756209693,"ACH-000549":5.700471751,"ACH-000550":5.56333457,"ACH-000551":5.354162431,"ACH-000552":5.758602011,"ACH-000556":5.740583372,"ACH-000557":5.673543135,"ACH-000563":4.973750508,"ACH-000570":-0.921156952,"ACH-000571":5.579766167,"ACH-000573":3.09835762,"ACH-000576":5.708738857,"ACH-000577":5.551594618,"ACH-000579":5.541935908,"ACH-000580":5.548107684,"ACH-000581":4.441436669,"ACH-000583":3.354679209,"ACH-000584":5.685600018,"ACH-000585":5.510267499,