{"scores":{"ACH-000004":3.818337818,"ACH-000005":3.670758975,"ACH-000007":3.558801476,"ACH-000009":3.794143349,"ACH-000011":2.383633503,"ACH-000012":3.813118639,"ACH-000013":3.841174448,"ACH-000014":3.39237394,"ACH-000015":3.905932393,"ACH-000017":3.881120735,"ACH-000018":3.824614181,"ACH-000019":2.696345507,"ACH-000021":3.91430136,"ACH-000022":3.915873809,"ACH-000024":3.91049294,"ACH-000025":3.240174071,"ACH-000028":3.918013551,"ACH-000029":3.840945805,"ACH-000030":3.919303422,"ACH-000035":3.798339994,"ACH-000036":-20,"ACH-000037":3.34012119,"ACH-000039":3.086032381,"ACH-000040":3.57325118,"ACH-000041":3.917385754,"ACH-000042":2.901582972,"ACH-000045":3.382882433,"ACH-000047":3.736526217,"ACH-000048":3.903694674,"ACH-000052":3.025568733,"ACH-000053":3.911194908,"ACH-000054":2.594653153,"ACH-000055":2.928155752,"ACH-000060":3.871819866,"ACH-000067":3.903988309,"ACH-000070":3.718435477,"ACH-000074":3.901929499,"ACH-000075":3.672513311,"ACH-000076":3.643658487,"ACH-000078":2.719388164,"ACH-000082":3.904203133,"ACH-000085":3.859300026,"ACH-000086":3.91405142,"ACH-000087":3.918713851,"ACH-000092":1.995342283,"ACH-000095":3.883439974,"ACH-000096":2.672186526,"ACH-000097":3.040459153,"ACH-000098":-6.898234105,"ACH-000099":-20,"ACH-000108":3.660955488,"ACH-000111":3.826248413,"ACH-000113":2.860629701,"ACH-000114":3.919209244,"ACH-000115":3.887583579,"ACH-000116":3.661437991,"ACH-000118":3.545985938,"ACH-000120":3.855214377,"ACH-000123":3.810873679,"ACH-000127":3.721360197,"ACH-000128":3.738485689,"ACH-000132":3.755446377,"ACH-000133":3.831844886,"ACH-000137":2.322254393,"ACH-000138":3.905780176,"ACH-000141":3.788085155,"ACH-000142":3.917932179,"ACH-000143":3.202276898,"ACH-000146":3.866008263,"ACH-000148":3.714356527,"ACH-000150":2.375226574,"ACH-000151":3.757547279,"ACH-000152":3.91902278,"ACH-000153":3.895607058,"ACH-000159":3.896040811,"ACH-000160":3.797034852,"ACH-000163":3.919286166,"ACH-000164":3.798651832,"ACH-000167":2.833036882,"ACH-000168":3.894626017,"ACH-000169":3.660188305,"ACH-000174":3.835353329,"ACH-000178":3.916744532,"ACH-000182":3.917356049,"ACH-000183":3.859630961,"ACH-000187":3.912340633,"ACH-000188":3.538702921,"ACH-000189":3.363553592,"ACH-000190":3.791098454,"ACH-000198":3.688884828,"ACH-000200":3.767566333,"ACH-000202":-20,"ACH-000204":3.919281817,"ACH-000206":2.991468908,"ACH-000207":3.386069489,"ACH-000209":2.188210286,"ACH-000211":3.774669187,"ACH-000212":3.526913969,"ACH-000215":3.905502215,"ACH-000217":3.651172809,"ACH-000219":-5.859945075,"ACH-000221":3.642132671,"ACH-000222":2.19678065,"ACH-000223":3.106473439,"ACH-000226":3.860839849,"ACH-000227":3.913645708,"ACH-000228":3.914955179,"ACH-000231":3.682671792,"ACH-000232":-20,"ACH-000233":2.592755283,"ACH-000234":-20,"ACH-000235":3.882419752,"ACH-000237":-19.36053315,"ACH-000238":3.780170268,"ACH-000243":3.795804023,"ACH-000244":3.015668758,"ACH-000246":-0.006975572,"ACH-000247":3.899425486,"ACH-000248":3.263735561,"ACH-000249":3.040634665,"ACH-000250":3.856097344,"ACH-000251":-12.19730396,"ACH-000253":3.915441981,"ACH-000255":3.650852452,"ACH-000256":3.917736612,"ACH-000257":3.431224531,"ACH-000258":3.721043011,"ACH-000259":3.916240569,"ACH-000260":3.457471412,"ACH-000261":3.801897766,"ACH-000262":3.888961053,"ACH-000263":3.796276795,"ACH-000264":3.849007158,"ACH-000265":3.906092402,"ACH-000266":3.580381003,"ACH-000271":3.695653499,"ACH-000272":3.855061169,"ACH-000273":2.128137833,"ACH-000274":3.864690622,"ACH-000276":3.910223309,"ACH-000277":3.910697947,"ACH-000278":3.815485395,"ACH-000279":3.221271796,"ACH-000280":3.621580316,"ACH-000281":3.798426331,"ACH-000286":3.89161262,"ACH-000288":3.668726156,"ACH-000290":3.89916528,"ACH-000291":3.015475763,"ACH-000292":3.914555803,"ACH-000293":3.80229409,"ACH-000294":3.888828823,"ACH-000295":3.335307803,"ACH-000296":3.593401549,"ACH-000302":3.877475096,"ACH-000304":3.610235001,"ACH-000305":3.544607573,"ACH-000307":3.6333605,"ACH-000308":3.671947704,"ACH-000310":3.126769535,"ACH-000311":2.390257856,"ACH-000312":3.872925768,"ACH-000315":3.91800617,"ACH-000316":-5.902767465,"ACH-000317":3.23218022,"ACH-000318":3.918367724,"ACH-000319":3.894069686,"ACH-000320":3.669910022,"ACH-000322":2.508589188,"ACH-000323":3.468685181,"ACH-000324":-20,"ACH-000326":3.845590027,"ACH-000329":3.236582892,"ACH-000330":3.918141033,"ACH-000331":3.857992497,"ACH-000332":-20,"ACH-000334":3.274538154,"ACH-000335":3.919166446,"ACH-000336":2.653595528,"ACH-000337":3.346881185,"ACH-000339":3.836834759,"ACH-000341":3.869451124,"ACH-000343":2.894500709,"ACH-000344":3.840151856,"ACH-000348":3.907752675,"ACH-000350":-20,"ACH-000352":2.797147284,"ACH-000355":3.911675921,"ACH-000356":3.63401105,"ACH-000361":3.917885574,"ACH-000362":3.701896174,"ACH-000363":3.424373173,"ACH-000364":3.461561273,"ACH-000365":3.657891464,"ACH-000366":2.111812557,"ACH-000368":3.773947161,"ACH-000370":3.415999733,"ACH-000374":3.020971203,"ACH-000375":3.555611486,"ACH-000376":2.314848039,"ACH-000377":3.859877047,"ACH-000378":3.120043224,"ACH-000381":3.691573122,"ACH-000383":2.729432125,"ACH-000385":3.151163411,"ACH-000387":3.886477129,"ACH-000389":3.546386998,"ACH-000390":3.531049712,"ACH-000393":3.520046501,"ACH-000395":3.694368355,"ACH-000397":2.186489155,"ACH-000401":3.815265081,"ACH-000402":3.279414705,"ACH-000403":3.524148412,"ACH-000404":-20,"ACH-000405":3.300328317,"ACH-000406":3.907181734,"ACH-000407":3.824340761,"ACH-000408":3.831317369,"ACH-000410":3.44160311,"ACH-000411":3.802732888,"ACH-000414":3.894320242,"ACH-000415":2.621284128,"ACH-000416":3.586411438,"ACH-000420":3.027976122,"ACH-000421":3.776455435,"ACH-000422":3.883754251,"ACH-000424":3.265922078,"ACH-000425":3.4897438,"ACH-000426":3.600153384,"ACH-000427":3.87621094,"ACH-000431":3.915626976,"ACH-000433":-20,"ACH-000434":3.878808174,"ACH-000435":2.000237296,"ACH-000436":3.914008395,"ACH-000437":2.465430154,"ACH-000438":3.239383996,"ACH-000444":3.023181435,"ACH-000445":2.692843208,"ACH-000448":3.85273861,"ACH-000450":-20,"ACH-000452":3.911459243,"ACH-000454":2.201942066,"ACH-000458":3.818635822,"ACH-000459":-20,"ACH-000460":3.475258901,"ACH-000461":3.080220439,"ACH-000463":3.9181271,"ACH-000464":3.904150793,"ACH-000466":3.919305459,"ACH-000467":3.868978329,"ACH-000468":3.590455564,"ACH-000469":3.474285965,"ACH-000470":3.816588666,"ACH-000471":-17.86688537,"ACH-000472":3.899735596,"ACH-000473":3.227198671,"ACH-000475":-7.932957304,"ACH-000476":3.159846658,"ACH-000477":3.104157128,"ACH-000478":3.496256063,"ACH-000480":3.472362595,"ACH-000481":3.53258333,"ACH-000483":3.917040358,"ACH-000484":3.724145646,"ACH-000485":3.816839409,"ACH-000486":3.881735989,"ACH-000487":3.857242651,"ACH-000488":3.907134342,"ACH-000490":3.619051158,"ACH-000491":2.675326521,"ACH-000493":3.197958216,"ACH-000495":2.590096743,"ACH-000496":3.726628937,"ACH-000498":3.560343526,"ACH-000499":3.799891777,"ACH-000500":3.787763483,"ACH-000502":3.767173095,"ACH-000503":3.894434128,"ACH-000504":3.849996762,"ACH-000505":3.556004387,"ACH-000507":3.35250068,"ACH-000510":3.87439111,"ACH-000511":3.731590951,"ACH-000512":3.29987655,"ACH-000514":3.375216775,"ACH-000516":3.113585172,"ACH-000517":3.910705779,"ACH-000518":3.735281413,"ACH-000520":3.863878289,"ACH-000521":3.825579267,"ACH-000522":3.668069365,"ACH-000524":3.758763065,"ACH-000527":3.783123488,"ACH-000528":3.296643637,"ACH-000535":3.881787996,"ACH-000537":3.911592472,"ACH-000541":3.462067921,"ACH-000542":3.537457889,"ACH-000544":3.85411755,"ACH-000545":3.795309844,"ACH-000547":3.628943656,"ACH-000548":3.910889703,"ACH-000549":3.751443275,"ACH-000550":3.750345055,"ACH-000551":3.475448936,"ACH-000552":3.896310958,"ACH-000556":3.631745932,"ACH-000557":3.778482472,"ACH-000563":3.865721704,"ACH-000570":3.072874493,"ACH-000571":-20,"ACH-000573":-0.320417303,"ACH-000576":3.910222315,"ACH-000577":3.853749174,"ACH-000579":3.517678415,"ACH-000580":3.78124765,"ACH-000581":2.456115789,"ACH-000583":3.474124928,"ACH-000584":2.932234138,"ACH-000585":3.896510198,"ACH-000587":3.839308295,"ACH-000588":3.863906993,