{"scores":{"ACH-000004":3.073165934,"ACH-000005":2.133085996,"ACH-000007":1.896140719,"ACH-000009":1.59155614,"ACH-000011":2.972741397,"ACH-000012":3.046237527,"ACH-000013":3.176378154,"ACH-000014":1.800416128,"ACH-000015":2.315931417,"ACH-000017":2.935381086,"ACH-000018":-8.707666913,"ACH-000019":2.944191948,"ACH-000021":2.378579329,"ACH-000022":3.190154572,"ACH-000024":2.98069877,"ACH-000025":3.003381933,"ACH-000028":2.918265374,"ACH-000029":3.193142118,"ACH-000030":2.125760462,"ACH-000035":3.171293141,"ACH-000036":3.054728437,"ACH-000037":2.348541561,"ACH-000039":2.704750704,"ACH-000040":3.131169472,"ACH-000041":3.198637752,"ACH-000042":2.821027511,"ACH-000045":3.114293627,"ACH-000047":-2.364305211,"ACH-000048":2.748039152,"ACH-000052":1.815314261,"ACH-000053":3.066725149,"ACH-000054":2.123925618,"ACH-000055":-2.05502585,"ACH-000060":1.666785337,"ACH-000067":3.159427274,"ACH-000070":2.40966017,"ACH-000074":3.199249641,"ACH-000075":3.205552297,"ACH-000076":-2.576358286,"ACH-000078":3.158433734,"ACH-000082":2.035163863,"ACH-000085":3.200020992,"ACH-000086":1.477703547,"ACH-000087":3.102935409,"ACH-000092":3.204633585,"ACH-000095":3.147627827,"ACH-000096":2.199725824,"ACH-000097":2.723263554,"ACH-000098":-13.76091066,"ACH-000099":3.126343913,"ACH-000108":3.203610482,"ACH-000111":3.175241147,"ACH-000113":2.965543159,"ACH-000114":2.33813814,"ACH-000115":2.393113605,"ACH-000116":0.551362963,"ACH-000118":2.973816794,"ACH-000120":3.178606148,"ACH-000123":2.387738729,"ACH-000127":-14.2720576,"ACH-000128":2.115046783,"ACH-000132":3.175468888,"ACH-000133":3.191788908,"ACH-000137":3.161535553,"ACH-000138":3.133359621,"ACH-000141":3.0536996,"ACH-000142":2.687441203,"ACH-000143":2.651869795,"ACH-000146":-3.029787153,"ACH-000148":2.310019206,"ACH-000150":3.137786006,"ACH-000151":3.166659644,"ACH-000152":2.5130299,"ACH-000153":2.883602569,"ACH-000159":2.902366762,"ACH-000160":2.993161818,"ACH-000163":3.205144774,"ACH-000164":1.33511433,"ACH-000167":0.418135698,"ACH-000168":-3.676213767,"ACH-000169":-20,"ACH-000174":2.811000495,"ACH-000178":2.499592472,"ACH-000182":3.024495079,"ACH-000183":3.150795283,"ACH-000187":2.765529871,"ACH-000188":3.16813666,"ACH-000189":1.774123952,"ACH-000190":1.564400982,"ACH-000198":2.380060951,"ACH-000200":2.800150067,"ACH-000202":2.835890257,"ACH-000204":2.455341718,"ACH-000206":-6.317927859,"ACH-000207":2.289801639,"ACH-000209":2.57151874,"ACH-000211":3.206146814,"ACH-000212":2.695070639,"ACH-000215":3.190889338,"ACH-000217":2.921246242,"ACH-000219":2.683550898,"ACH-000221":3.050297743,"ACH-000222":2.579225817,"ACH-000223":2.628045976,"ACH-000226":1.35011638,"ACH-000227":1.417186093,"ACH-000228":2.839438546,"ACH-000231":1.148336336,"ACH-000232":1.530385869,"ACH-000233":3.205450098,"ACH-000234":2.823984354,"ACH-000235":3.170853807,"ACH-000237":3.137041582,"ACH-000238":2.747503141,"ACH-000243":0.696455094,"ACH-000244":2.843350458,"ACH-000246":3.205943201,"ACH-000247":2.87212109,"ACH-000248":2.24806903,"ACH-000249":-0.178024942,"ACH-000250":2.983996998,"ACH-000251":3.115367459,"ACH-000253":2.161421731,"ACH-000255":0.80177345,"ACH-000256":2.465497071,"ACH-000257":2.676981307,"ACH-000258":1.538191244,"ACH-000259":3.20580098,"ACH-000260":1.357691552,"ACH-000261":2.414978484,"ACH-000262":-9.189756542,"ACH-000263":2.938378824,"ACH-000264":2.942491656,"ACH-000265":3.204803805,"ACH-000266":3.205710165,"ACH-000271":3.199421053,"ACH-000272":-5.827549073,"ACH-000273":-3.769109977,"ACH-000274":2.491906232,"ACH-000276":2.780509917,"ACH-000277":3.205586848,"ACH-000278":3.048035788,"ACH-000279":1.133324725,"ACH-000280":2.656383074,"ACH-000281":2.090747703,"ACH-000286":-0.041123819,"ACH-000288":2.340724644,"ACH-000290":-6.479170415,"ACH-000291":2.957568172,"ACH-000292":3.173275318,"ACH-000293":2.956515785,"ACH-000294":2.853378565,"ACH-000295":1.388228806,"ACH-000296":1.054717372,"ACH-000302":0.593058643,"ACH-000304":1.803050668,"ACH-000305":3.204982197,"ACH-000307":3.163622008,"ACH-000308":3.020281482,"ACH-000310":3.016509707,"ACH-000311":2.957005319,"ACH-000312":1.430482893,"ACH-000315":-1.586159492,"ACH-000316":2.386112255,"ACH-000317":3.199724433,"ACH-000318":3.088248954,"ACH-000319":3.133396085,"ACH-000320":3.185272221,"ACH-000322":3.205853919,"ACH-000323":3.197198952,"ACH-000324":-20,"ACH-000326":2.741435921,"ACH-000329":-0.030121962,"ACH-000330":3.155518771,"ACH-000331":3.18169646,"ACH-000332":2.17125682,"ACH-000334":2.8180553,"ACH-000335":3.044091399,"ACH-000336":3.058647691,"ACH-000337":3.007655091,"ACH-000339":3.187775149,"ACH-000341":2.484016999,"ACH-000343":3.107443608,"ACH-000344":1.771464698,"ACH-000348":3.035498428,"ACH-000350":2.942711274,"ACH-000352":2.735615712,"ACH-000355":-2.043770061,"ACH-000356":0.397695334,"ACH-000361":3.172646843,"ACH-000362":1.959587581,"ACH-000363":3.140213906,"ACH-000364":3.186932374,"ACH-000365":3.090473851,"ACH-000366":2.62230077,"ACH-000368":3.142931977,"ACH-000370":2.830470791,"ACH-000374":3.18285908,"ACH-000375":3.202995072,"ACH-000376":2.983081124,"ACH-000377":2.8173158,"ACH-000378":3.145171534,"ACH-000381":3.128733831,"ACH-000383":3.157510522,"ACH-000385":2.479692547,"ACH-000387":3.116791821,"ACH-000389":2.27106492,"ACH-000390":3.026646761,"ACH-000393":2.651816633,"ACH-000395":0.999994321,"ACH-000397":3.091906553,"ACH-000401":1.312499415,"ACH-000402":-0.25694674,"ACH-000403":0.458889277,"ACH-000404":2.548124565,"ACH-000405":-20,"ACH-000406":3.133230534,"ACH-000407":3.204761672,"ACH-000408":2.91700483,"ACH-000410":3.119477409,"ACH-000411":3.099940702,"ACH-000414":1.883428771,"ACH-000415":3.168431903,"ACH-000416":3.127393071,"ACH-000420":3.13470378,"ACH-000421":2.143609126,"ACH-000422":3.201883377,"ACH-000424":3.130080505,"ACH-000425":1.272957899,"ACH-000426":-3.279559976,"ACH-000427":3.134902511,"ACH-000431":2.427414221,"ACH-000433":2.256848648,"ACH-000434":-1.210705841,"ACH-000435":2.502392923,"ACH-000436":3.141620735,"ACH-000437":-3.295128505,"ACH-000438":2.22847796,"ACH-000444":2.986215081,"ACH-000445":2.778156972,"ACH-000448":2.338385337,"ACH-000450":2.336161108,"ACH-000452":3.195006847,"ACH-000454":2.849855174,"ACH-000458":3.200092398,"ACH-000459":3.093121124,"ACH-000460":2.016816638,"ACH-000461":3.116999616,"ACH-000463":2.481158853,"ACH-000464":2.506453091,"ACH-000466":3.071042451,"ACH-000467":2.927706281,"ACH-000468":2.92575565,"ACH-000469":2.883149405,"ACH-000470":-4.502007719,"ACH-000471":-5.488091933,"ACH-000472":3.203156344,"ACH-000473":3.194733139,"ACH-000475":2.424975205,"ACH-000476":1.858591391,"ACH-000477":2.990298616,"ACH-000478":3.148851825,"ACH-000480":0.480572299,"ACH-000481":3.057954361,"ACH-000483":1.292472489,"ACH-000484":1.467929744,"ACH-000485":3.16807375,"ACH-000486":3.15942492,"ACH-000487":0.872988276,"ACH-000488":2.928158446,"ACH-000490":3.003888502,"ACH-000491":3.197502066,"ACH-000493":1.981532851,"ACH-000495":2.877664535,"ACH-000496":2.725442186,"ACH-000498":3.205696702,"ACH-000499":2.754750708,"ACH-000500":3.169134118,"ACH-000502":2.961922478,"ACH-000503":3.136372256,"ACH-000504":3.203836166,"ACH-000505":3.206152853,"ACH-000507":3.161748628,"ACH-000510":1.157975612,"ACH-000511":2.374793786,"ACH-000512":3.108835666,"ACH-000514":-1.801594137,"ACH-000516":1.013301971,"ACH-000517":3.134776986,"ACH-000518":2.988715019,"ACH-000520":3.203913506,"ACH-000521":1.420366343,"ACH-000522":2.854203851,"ACH-000524":3.172333051,"ACH-000527":-4.037697301,"ACH-000528":3.200137147,"ACH-000535":3.143804275,"ACH-000537":3.203009122,"ACH-000541":2.675725556,"ACH-000542":2.760931491,"ACH-000544":3.004887131,"ACH-000545":3.204056158,"ACH-000547":0.227771676,"ACH-000548":0.148710509,"ACH-000549":3.12602421,"ACH-000550":0.458986363,"ACH-000551":3.098081412,"ACH-000552":3.028364917,"ACH-000556":2.876521152,"ACH-000557":-1.345412232,"ACH-000563":2.691419905,"ACH-000570":3.131467713,"ACH-000571":3.202353329,"ACH-000573":2.821016345,"ACH-000576":-0.346556015,"ACH-000577":3.059025218,"ACH-000579":3.179275061,"ACH-000580":1.504449513,"ACH-000581":1.607570073,"ACH-000583":3.181926661,