{"scores":{"ACH-000004":3.235514647,"ACH-000005":3.376447973,"ACH-000007":1.74416578,"ACH-000009":3.34959977,"ACH-000011":3.338568507,"ACH-000012":3.230222557,"ACH-000013":2.868550291,"ACH-000014":3.00650923,"ACH-000015":-20,"ACH-000017":3.236207556,"ACH-000018":3.247280524,"ACH-000019":3.328104165,"ACH-000021":3.136344356,"ACH-000022":1.233446665,"ACH-000024":3.349479255,"ACH-000025":2.396351203,"ACH-000028":2.306971149,"ACH-000029":2.129402055,"ACH-000030":3.049037779,"ACH-000035":3.374801945,"ACH-000036":3.364833521,"ACH-000037":3.356060505,"ACH-000039":2.341988081,"ACH-000040":3.140975023,"ACH-000041":-11.75919349,"ACH-000042":1.720725359,"ACH-000045":3.356383259,"ACH-000047":2.818478758,"ACH-000048":1.893847692,"ACH-000052":1.711742084,"ACH-000053":3.060794563,"ACH-000054":3.359626706,"ACH-000055":1.622864274,"ACH-000060":3.319906724,"ACH-000067":3.180120831,"ACH-000070":2.238930155,"ACH-000074":2.515557378,"ACH-000075":3.326246152,"ACH-000076":3.143619065,"ACH-000078":3.136309268,"ACH-000082":2.672506625,"ACH-000085":3.245223739,"ACH-000086":3.379693114,"ACH-000087":-1.565515383,"ACH-000092":2.773398521,"ACH-000095":2.456719188,"ACH-000096":2.14874795,"ACH-000097":3.065091869,"ACH-000098":3.327400646,"ACH-000099":3.29845449,"ACH-000108":3.380849358,"ACH-000111":3.14907714,"ACH-000113":3.125549367,"ACH-000114":1.899726669,"ACH-000115":-0.903521366,"ACH-000116":3.241762869,"ACH-000118":3.32289265,"ACH-000120":2.157881442,"ACH-000123":-0.711692031,"ACH-000127":2.867392238,"ACH-000128":-20,"ACH-000132":3.283616236,"ACH-000133":3.364101307,"ACH-000137":2.632797397,"ACH-000138":3.278336997,"ACH-000141":2.887088241,"ACH-000142":3.332700601,"ACH-000143":-2.932570524,"ACH-000146":3.117650642,"ACH-000148":-0.671588941,"ACH-000150":3.378105419,"ACH-000151":3.228203618,"ACH-000152":3.382303772,"ACH-000153":3.379067463,"ACH-000159":3.176967342,"ACH-000160":2.459094363,"ACH-000163":3.000782707,"ACH-000164":3.26863801,"ACH-000167":2.746616236,"ACH-000168":3.383417824,"ACH-000169":3.044369461,"ACH-000174":2.829647711,"ACH-000178":2.078423974,"ACH-000182":3.28237303,"ACH-000183":0.917114779,"ACH-000187":3.374004996,"ACH-000188":2.643395839,"ACH-000189":2.12343959,"ACH-000190":2.931984434,"ACH-000198":3.144830868,"ACH-000200":2.503488676,"ACH-000202":3.256642187,"ACH-000204":3.273491822,"ACH-000206":3.185289367,"ACH-000207":2.873735813,"ACH-000209":1.242756541,"ACH-000211":3.265594682,"ACH-000212":2.302088177,"ACH-000215":3.374330416,"ACH-000217":2.713709357,"ACH-000219":3.37457731,"ACH-000221":3.357521137,"ACH-000222":3.364086946,"ACH-000223":3.335764311,"ACH-000226":-11.86738835,"ACH-000227":3.382475746,"ACH-000228":3.206392092,"ACH-000231":3.080669531,"ACH-000232":2.439934963,"ACH-000233":-8.543575702,"ACH-000234":3.184830171,"ACH-000235":3.100752164,"ACH-000237":3.380366703,"ACH-000238":2.945112935,"ACH-000243":3.379568001,"ACH-000244":3.380741272,"ACH-000246":2.28904685,"ACH-000247":3.111541203,"ACH-000248":3.331690881,"ACH-000249":3.156333637,"ACH-000250":2.958057375,"ACH-000251":1.289353846,"ACH-000253":2.976119965,"ACH-000255":3.324543168,"ACH-000256":3.370031487,"ACH-000257":3.240120847,"ACH-000258":2.74980239,"ACH-000259":3.130420873,"ACH-000260":-0.123574106,"ACH-000261":3.125779341,"ACH-000262":3.170348352,"ACH-000263":3.383234678,"ACH-000264":3.288848607,"ACH-000265":3.206436704,"ACH-000266":3.017492205,"ACH-000271":3.346327221,"ACH-000272":3.312384433,"ACH-000273":3.355524539,"ACH-000274":2.631853925,"ACH-000276":1.968090598,"ACH-000277":3.358667166,"ACH-000278":2.047937222,"ACH-000279":-7.712845395,"ACH-000280":2.415992758,"ACH-000281":1.692049315,"ACH-000286":3.367421648,"ACH-000288":3.375270665,"ACH-000290":3.146671881,"ACH-000291":-1.354570671,"ACH-000292":3.321970988,"ACH-000293":3.037286313,"ACH-000294":3.382645738,"ACH-000295":3.094606296,"ACH-000296":2.949335056,"ACH-000302":3.317771796,"ACH-000304":3.011443145,"ACH-000305":3.321793278,"ACH-000307":3.368034621,"ACH-000308":2.85990523,"ACH-000310":2.897233654,"ACH-000311":3.180586456,"ACH-000312":3.379815801,"ACH-000315":2.598849107,"ACH-000316":3.379707525,"ACH-000317":2.184307532,"ACH-000318":2.138178442,"ACH-000319":3.042656999,"ACH-000320":3.323091864,"ACH-000322":3.230670002,"ACH-000323":-8.405253817,"ACH-000324":1.718182989,"ACH-000326":2.635395198,"ACH-000329":3.281399702,"ACH-000330":2.815529668,"ACH-000331":3.158225833,"ACH-000332":3.163917269,"ACH-000334":3.381996963,"ACH-000335":3.359812156,"ACH-000336":1.562709242,"ACH-000337":3.220415828,"ACH-000339":2.736715836,"ACH-000341":2.673701113,"ACH-000343":3.273175471,"ACH-000344":2.37937837,"ACH-000348":3.215879383,"ACH-000350":2.036264135,"ACH-000352":2.560276459,"ACH-000355":3.380146,"ACH-000356":3.37789144,"ACH-000361":3.310089344,"ACH-000362":2.790760696,"ACH-000363":3.210969409,"ACH-000364":-0.237408109,"ACH-000365":3.295171671,"ACH-000366":3.379577712,"ACH-000368":-0.538014917,"ACH-000370":3.017839731,"ACH-000374":3.374468085,"ACH-000375":-2.291757754,"ACH-000376":3.268263865,"ACH-000377":3.237733081,"ACH-000378":3.383397347,"ACH-000381":3.224129251,"ACH-000383":1.000678139,"ACH-000385":3.356408186,"ACH-000387":3.373767323,"ACH-000389":-4.746733668,"ACH-000390":3.219820641,"ACH-000393":3.30247583,"ACH-000395":3.098594582,"ACH-000397":3.195302126,"ACH-000401":2.935200873,"ACH-000402":3.142488661,"ACH-000403":3.025333272,"ACH-000404":3.373814799,"ACH-000405":3.235118457,"ACH-000406":3.246467174,"ACH-000407":1.940984463,"ACH-000408":3.150728889,"ACH-000410":1.793761178,"ACH-000411":3.100882963,"ACH-000414":-20,"ACH-000415":2.981402391,"ACH-000416":3.383340952,"ACH-000420":3.357773202,"ACH-000421":3.155151735,"ACH-000422":2.499924601,"ACH-000424":-20,"ACH-000425":2.720727246,"ACH-000426":2.925569098,"ACH-000427":3.233749593,"ACH-000431":3.327780681,"ACH-000433":3.382101702,"ACH-000434":3.287547502,"ACH-000435":3.37374138,"ACH-000436":3.158851706,"ACH-000437":3.375939369,"ACH-000438":3.104259688,"ACH-000444":1.517430603,"ACH-000445":2.923696312,"ACH-000448":2.470669499,"ACH-000450":3.302848219,"ACH-000452":2.840520391,"ACH-000454":1.808802013,"ACH-000458":3.306109064,"ACH-000459":3.38040884,"ACH-000460":3.219233714,"ACH-000461":2.214031057,"ACH-000463":3.088511847,"ACH-000464":2.155295356,"ACH-000466":2.98028638,"ACH-000467":3.307078081,"ACH-000468":3.340194836,"ACH-000469":3.193535442,"ACH-000470":3.325259034,"ACH-000471":3.376331789,"ACH-000472":2.927302401,"ACH-000473":-20,"ACH-000475":1.61059065,"ACH-000476":1.194755855,"ACH-000477":3.38325203,"ACH-000478":3.36732094,"ACH-000480":3.134210808,"ACH-000481":3.289393466,"ACH-000483":3.37829255,"ACH-000484":2.377619691,"ACH-000485":-2.724778471,"ACH-000486":3.383090537,"ACH-000487":2.842353354,"ACH-000488":3.271624173,"ACH-000490":2.860186333,"ACH-000491":3.327015927,"ACH-000493":3.383110592,"ACH-000495":2.419197139,"ACH-000496":1.763352825,"ACH-000498":1.730884179,"ACH-000499":-5.676195726,"ACH-000500":3.108439115,"ACH-000502":3.372486541,"ACH-000503":2.608165418,"ACH-000504":2.762837192,"ACH-000505":1.392076067,"ACH-000507":3.007789922,"ACH-000510":3.381288545,"ACH-000511":2.946125961,"ACH-000512":2.911094923,"ACH-000514":3.289119916,"ACH-000516":2.595004943,"ACH-000517":2.73543968,"ACH-000518":2.012912553,"ACH-000520":2.896341758,"ACH-000521":2.721436903,"ACH-000522":-2.160176887,"ACH-000524":3.381247018,"ACH-000527":2.974998498,"ACH-000528":2.829906203,"ACH-000535":3.137999362,"ACH-000537":3.144282946,"ACH-000541":3.174352815,"ACH-000542":2.980924966,"ACH-000544":2.828474416,"ACH-000545":-4.758528238,"ACH-000547":3.266907793,"ACH-000548":3.280577502,"ACH-000549":2.728555293,"ACH-000550":3.001510552,"ACH-000551":3.329464289,"ACH-000552":2.028832122,"ACH-000556":2.863597923,"ACH-000557":3.287266992,"ACH-000563":2.594626268,"ACH-000570":-18.40970888,"ACH-000571":3.228823575,"ACH-000573":2.201513568,"ACH-000576":2.14460676,"ACH-000577":3.137126086,"ACH-000579":3.191958082,"ACH-000580":3.310630954,"ACH-000581":1.290971751,"ACH-000583":2.585056859,"ACH-000584":2.92099405,