{"scores":{"ACH-000004":-1.727673803,"ACH-000005":-0.918162739,"ACH-000007":-0.267801469,"ACH-000009":1.287940582,"ACH-000011":2.824049232,"ACH-000012":-2.790874007,"ACH-000013":3.103542772,"ACH-000014":2.49017535,"ACH-000015":3.108668298,"ACH-000017":-5.787412923,"ACH-000018":-3.244656574,"ACH-000019":2.677032925,"ACH-000021":3.109277298,"ACH-000022":3.107117088,"ACH-000024":-5.905494036,"ACH-000025":2.934100338,"ACH-000028":2.838615165,"ACH-000029":2.160894316,"ACH-000030":3.092490641,"ACH-000035":0.375355878,"ACH-000036":2.648714679,"ACH-000037":2.870296053,"ACH-000039":3.10766568,"ACH-000040":2.949209421,"ACH-000041":2.712843758,"ACH-000042":3.031168384,"ACH-000045":0.382539616,"ACH-000047":2.579567291,"ACH-000048":-0.858265818,"ACH-000052":3.047927992,"ACH-000053":3.040129834,"ACH-000054":2.890184225,"ACH-000055":1.588384182,"ACH-000060":1.857525424,"ACH-000067":2.597021532,"ACH-000070":-16.58112708,"ACH-000074":-9.664995824,"ACH-000075":2.148458544,"ACH-000076":-2.007185331,"ACH-000078":3.108803375,"ACH-000082":3.075505601,"ACH-000085":1.469727646,"ACH-000086":-0.188135366,"ACH-000087":3.083813275,"ACH-000092":2.331041174,"ACH-000095":3.058105389,"ACH-000096":0.916398425,"ACH-000097":3.090588802,"ACH-000098":-0.219003672,"ACH-000099":3.109224184,"ACH-000108":1.980261473,"ACH-000111":2.160029686,"ACH-000113":2.576066157,"ACH-000114":2.808958262,"ACH-000115":3.04033584,"ACH-000116":2.614552695,"ACH-000118":3.109260774,"ACH-000120":1.859000406,"ACH-000123":3.018266038,"ACH-000127":-3.250127876,"ACH-000128":2.939624797,"ACH-000132":2.905952291,"ACH-000133":0.124540212,"ACH-000137":2.268425648,"ACH-000138":3.087875141,"ACH-000141":2.062029056,"ACH-000142":0.965909819,"ACH-000143":3.108329393,"ACH-000146":3.056026505,"ACH-000148":2.992273671,"ACH-000150":3.024527116,"ACH-000151":3.083643459,"ACH-000152":2.105254255,"ACH-000153":1.711712915,"ACH-000159":2.958237285,"ACH-000160":3.10427593,"ACH-000163":3.099958439,"ACH-000164":-9.634958723,"ACH-000167":-7.62570919,"ACH-000168":2.188219065,"ACH-000169":3.109127605,"ACH-000174":2.874346738,"ACH-000178":2.993651682,"ACH-000182":0.621329357,"ACH-000183":1.23318707,"ACH-000187":-3.651820395,"ACH-000188":3.019849204,"ACH-000189":-5.583354001,"ACH-000190":2.941530515,"ACH-000198":2.843792792,"ACH-000200":3.03518597,"ACH-000202":3.079881319,"ACH-000204":2.139979714,"ACH-000206":2.929316951,"ACH-000207":2.552671849,"ACH-000209":1.251226045,"ACH-000211":2.965496979,"ACH-000212":3.056941333,"ACH-000215":-2.545879731,"ACH-000217":2.358436991,"ACH-000219":3.102234509,"ACH-000221":1.915395001,"ACH-000222":2.790940753,"ACH-000223":2.703241273,"ACH-000226":3.096358392,"ACH-000227":3.057415243,"ACH-000228":2.292337824,"ACH-000231":3.041415896,"ACH-000232":2.608998208,"ACH-000233":1.243100279,"ACH-000234":2.553038449,"ACH-000235":2.616893739,"ACH-000237":-1.885212568,"ACH-000238":3.105727297,"ACH-000243":3.104589135,"ACH-000244":3.007683507,"ACH-000246":0.093319587,"ACH-000247":0.766296625,"ACH-000248":2.922852687,"ACH-000249":2.846014973,"ACH-000250":-20,"ACH-000251":3.032331823,"ACH-000253":2.808673649,"ACH-000255":2.823328917,"ACH-000256":-7.99745107,"ACH-000257":3.00484622,"ACH-000258":3.108764617,"ACH-000259":2.984679922,"ACH-000260":2.897798313,"ACH-000261":3.073438016,"ACH-000262":-1.911904166,"ACH-000263":-5.18220785,"ACH-000264":3.057019368,"ACH-000265":2.578241087,"ACH-000266":2.877861213,"ACH-000271":2.547532384,"ACH-000272":3.001407193,"ACH-000273":2.833825672,"ACH-000274":3.066310238,"ACH-000276":1.940753198,"ACH-000277":3.04920087,"ACH-000278":-2.640570918,"ACH-000279":2.862263412,"ACH-000280":2.579262248,"ACH-000281":2.010333456,"ACH-000286":-0.391555155,"ACH-000288":-10.53169556,"ACH-000290":2.951677572,"ACH-000291":1.287753508,"ACH-000292":3.03656416,"ACH-000293":3.104678915,"ACH-000294":-16.49152584,"ACH-000295":-3.945419459,"ACH-000296":-0.947428144,"ACH-000302":-0.323917888,"ACH-000304":2.164723743,"ACH-000305":2.340964241,"ACH-000307":2.943596648,"ACH-000308":2.800295535,"ACH-000310":3.076596912,"ACH-000311":2.756834038,"ACH-000312":2.747062389,"ACH-000315":2.889316731,"ACH-000316":1.867483297,"ACH-000317":1.49533716,"ACH-000318":0.358360367,"ACH-000319":3.109096282,"ACH-000320":0.969912792,"ACH-000322":2.901075692,"ACH-000323":2.979129183,"ACH-000324":3.095989343,"ACH-000326":-1.567338928,"ACH-000329":2.986869592,"ACH-000330":-0.37607756,"ACH-000331":2.283951687,"ACH-000332":3.106373585,"ACH-000334":3.08272283,"ACH-000335":2.404783654,"ACH-000336":3.105833862,"ACH-000337":0.733986769,"ACH-000339":-0.795280232,"ACH-000341":3.03675142,"ACH-000343":1.63807757,"ACH-000344":3.108244178,"ACH-000348":2.865172407,"ACH-000350":2.566615521,"ACH-000352":3.092587579,"ACH-000355":3.108230893,"ACH-000356":2.609518513,"ACH-000361":0.219613752,"ACH-000362":-8.297937079,"ACH-000363":3.108964409,"ACH-000364":1.951403748,"ACH-000365":2.508360881,"ACH-000366":2.850981922,"ACH-000368":1.621612874,"ACH-000370":3.106831114,"ACH-000374":1.86883787,"ACH-000375":3.083224584,"ACH-000376":3.105641488,"ACH-000377":2.751572263,"ACH-000378":1.63894261,"ACH-000381":3.101337958,"ACH-000383":3.107650942,"ACH-000385":3.065976709,"ACH-000387":-4.93223292,"ACH-000389":0.937235865,"ACH-000390":3.102146604,"ACH-000393":1.083604023,"ACH-000395":2.588308205,"ACH-000397":2.348437754,"ACH-000401":2.440939174,"ACH-000402":2.867740017,"ACH-000403":3.108684806,"ACH-000404":-0.644664073,"ACH-000405":-15.31993898,"ACH-000406":1.869476359,"ACH-000407":3.099894971,"ACH-000408":3.037771318,"ACH-000410":-7.248477824,"ACH-000411":1.065113762,"ACH-000414":2.832759124,"ACH-000415":2.742271889,"ACH-000416":3.080156524,"ACH-000420":2.975648296,"ACH-000421":2.79875138,"ACH-000422":2.575475394,"ACH-000424":2.265490353,"ACH-000425":-0.036555863,"ACH-000426":2.981881524,"ACH-000427":2.403217787,"ACH-000431":2.991982719,"ACH-000433":3.087824852,"ACH-000434":3.10902728,"ACH-000435":-4.705413409,"ACH-000436":2.828017013,"ACH-000437":2.876374884,"ACH-000438":0.511322356,"ACH-000444":3.109285929,"ACH-000445":2.407160083,"ACH-000448":1.62102255,"ACH-000450":1.624796124,"ACH-000452":2.741201708,"ACH-000454":3.063555874,"ACH-000458":2.868416936,"ACH-000459":2.853305626,"ACH-000460":2.452260322,"ACH-000461":3.061501348,"ACH-000463":2.79163958,"ACH-000464":3.02761127,"ACH-000466":2.394118599,"ACH-000467":3.10162183,"ACH-000468":1.474406543,"ACH-000469":3.015980946,"ACH-000470":2.945331219,"ACH-000471":-5.109020993,"ACH-000472":2.532051833,"ACH-000473":1.058806232,"ACH-000475":2.562174722,"ACH-000476":0.354012298,"ACH-000477":2.939755733,"ACH-000478":2.869420251,"ACH-000480":2.873412238,"ACH-000481":1.81326723,"ACH-000483":1.513803023,"ACH-000484":2.203643556,"ACH-000485":2.676043132,"ACH-000486":3.102483848,"ACH-000487":0.988102028,"ACH-000488":2.368387724,"ACH-000490":2.887095732,"ACH-000491":3.086513928,"ACH-000493":3.104723935,"ACH-000495":-2.949729224,"ACH-000496":2.033149881,"ACH-000498":1.740347875,"ACH-000499":2.230510571,"ACH-000500":3.104390982,"ACH-000502":2.9993418,"ACH-000503":-1.342591841,"ACH-000504":1.84538306,"ACH-000505":2.351976531,"ACH-000507":2.440492458,"ACH-000510":1.254546964,"ACH-000511":3.026515747,"ACH-000512":0.780398246,"ACH-000514":2.893398979,"ACH-000516":3.059019691,"ACH-000517":2.868968571,"ACH-000518":1.400612364,"ACH-000520":-0.368076313,"ACH-000521":2.423829097,"ACH-000522":3.108415679,"ACH-000524":1.149193502,"ACH-000527":2.926243409,"ACH-000528":2.790951808,"ACH-000535":1.936700523,"ACH-000537":2.472176887,"ACH-000541":1.880577143,"ACH-000542":2.884142661,"ACH-000544":1.578872082,"ACH-000545":1.337125387,"ACH-000547":2.966807742,"ACH-000548":2.481192618,"ACH-000549":2.969047579,"ACH-000550":2.230213651,"ACH-000551":3.096931417,"ACH-000552":2.765081593,"ACH-000556":2.903696144,"ACH-000557":2.862365501,"ACH-000563":3.07120967,"ACH-000570":2.948723261,"ACH-000571":3.015661215,"ACH-000573":-1.32153963,"ACH-000576":2.491493483,"ACH-000577":2.934933675,"ACH-000579":2.213566555,"ACH-000580":2.247092984,"ACH-000581":3.02581501,