{"scores":{"ACH-000004":1.385545494,"ACH-000005":2.998187465,"ACH-000007":2.374559279,"ACH-000009":2.59681472,"ACH-000011":2.64198142,"ACH-000012":2.231715002,"ACH-000013":2.709695576,"ACH-000014":2.935232286,"ACH-000015":-4.96204704,"ACH-000017":2.629838523,"ACH-000018":2.749395836,"ACH-000019":2.619581477,"ACH-000021":2.923605974,"ACH-000022":2.701821864,"ACH-000024":2.764980861,"ACH-000025":2.904829439,"ACH-000028":-0.181359055,"ACH-000029":-0.941067076,"ACH-000030":2.96828458,"ACH-000035":2.59089761,"ACH-000036":-13.72376972,"ACH-000037":-1.268798876,"ACH-000039":2.136796465,"ACH-000040":1.259746539,"ACH-000041":-0.36970373,"ACH-000042":2.929299564,"ACH-000045":2.990821275,"ACH-000047":2.984886367,"ACH-000048":2.641036831,"ACH-000052":2.905405771,"ACH-000053":2.216843727,"ACH-000054":2.607427625,"ACH-000055":2.940119134,"ACH-000060":2.81285059,"ACH-000067":2.606239688,"ACH-000070":2.500534313,"ACH-000074":1.300099531,"ACH-000075":2.440635478,"ACH-000076":2.770301752,"ACH-000078":1.614496608,"ACH-000082":2.030368633,"ACH-000085":2.826823001,"ACH-000086":2.493537341,"ACH-000087":2.571805656,"ACH-000092":-1.132661036,"ACH-000095":2.604134456,"ACH-000096":2.813736345,"ACH-000097":1.576718275,"ACH-000098":0.984093538,"ACH-000099":-0.942240205,"ACH-000108":1.808299657,"ACH-000111":0.470028901,"ACH-000113":2.416559086,"ACH-000114":1.551923004,"ACH-000115":2.37633741,"ACH-000116":2.499562856,"ACH-000118":2.993779638,"ACH-000120":-8.58959128,"ACH-000123":-5.735731708,"ACH-000127":2.771028714,"ACH-000128":1.172279934,"ACH-000132":2.776738715,"ACH-000133":-3.604114644,"ACH-000137":2.739556812,"ACH-000138":2.24465992,"ACH-000141":1.434764714,"ACH-000142":2.296477099,"ACH-000143":2.980913925,"ACH-000146":2.318811075,"ACH-000148":1.813974996,"ACH-000150":2.830831574,"ACH-000151":0.746656759,"ACH-000152":-6.575853237,"ACH-000153":2.508806262,"ACH-000159":2.897019185,"ACH-000160":2.874306067,"ACH-000163":-10.31185332,"ACH-000164":3.006858,"ACH-000167":0.202009869,"ACH-000168":1.362091333,"ACH-000169":-0.337263309,"ACH-000174":2.973490886,"ACH-000178":2.844062001,"ACH-000182":2.985268386,"ACH-000183":2.608704237,"ACH-000187":1.917124425,"ACH-000188":2.551096599,"ACH-000189":2.81092904,"ACH-000190":-0.670299276,"ACH-000198":2.645498461,"ACH-000200":2.916529178,"ACH-000202":2.721297849,"ACH-000204":2.033757175,"ACH-000206":2.127037309,"ACH-000207":0.459173504,"ACH-000209":0.954685185,"ACH-000211":3.008787584,"ACH-000212":1.604565211,"ACH-000215":-4.355969178,"ACH-000217":2.781143853,"ACH-000219":-20,"ACH-000221":2.629972645,"ACH-000222":2.486133882,"ACH-000223":2.970518002,"ACH-000226":3.005230882,"ACH-000227":1.674023063,"ACH-000228":2.717990477,"ACH-000231":-7.780986477,"ACH-000232":2.928075897,"ACH-000233":-4.907301589,"ACH-000234":1.448862079,"ACH-000235":2.91832371,"ACH-000237":-0.180544472,"ACH-000238":2.551156061,"ACH-000243":0.634315483,"ACH-000244":-4.115348093,"ACH-000246":-16.16601326,"ACH-000247":2.311217336,"ACH-000248":-0.648515938,"ACH-000249":1.896820114,"ACH-000250":-20,"ACH-000251":2.633831184,"ACH-000253":0.418780216,"ACH-000255":-2.843214603,"ACH-000256":-1.060476979,"ACH-000257":0.41502181,"ACH-000258":2.082550336,"ACH-000259":2.73295386,"ACH-000260":-2.346236554,"ACH-000261":2.997818723,"ACH-000262":0.291667013,"ACH-000263":0.449298986,"ACH-000264":2.993931934,"ACH-000265":2.453408431,"ACH-000266":2.139385869,"ACH-000271":2.978879938,"ACH-000272":2.119174621,"ACH-000273":-3.864408505,"ACH-000274":2.930810715,"ACH-000276":-1.410318085,"ACH-000277":2.417371178,"ACH-000278":-0.360460597,"ACH-000279":2.973843049,"ACH-000280":2.849931164,"ACH-000281":2.456261328,"ACH-000286":2.025013758,"ACH-000288":2.519200844,"ACH-000290":2.483458357,"ACH-000291":2.565650682,"ACH-000292":2.546581067,"ACH-000293":1.360964663,"ACH-000294":2.925014412,"ACH-000295":-0.192499854,"ACH-000296":0.72756823,"ACH-000302":-2.212090422,"ACH-000304":2.824252567,"ACH-000305":2.963109556,"ACH-000307":2.577549723,"ACH-000308":2.674060532,"ACH-000310":0.437201782,"ACH-000311":1.033674762,"ACH-000312":1.97587078,"ACH-000315":2.596817052,"ACH-000316":3.003152067,"ACH-000317":2.035327755,"ACH-000318":1.918416465,"ACH-000319":-13.91292692,"ACH-000320":1.178876912,"ACH-000322":2.823616464,"ACH-000323":-4.395432902,"ACH-000324":1.951278407,"ACH-000326":2.777968232,"ACH-000329":0.587329787,"ACH-000330":2.966537666,"ACH-000331":-2.683305665,"ACH-000332":-0.077793635,"ACH-000334":1.990369648,"ACH-000335":-0.624915519,"ACH-000336":1.924292219,"ACH-000337":2.036631822,"ACH-000339":2.971280864,"ACH-000341":2.209143232,"ACH-000343":2.559562893,"ACH-000344":0.445336651,"ACH-000348":1.28884557,"ACH-000350":2.767204376,"ACH-000352":2.815459256,"ACH-000355":1.517771979,"ACH-000356":2.94400805,"ACH-000361":2.775540779,"ACH-000362":2.939234505,"ACH-000363":2.841109002,"ACH-000364":1.433804533,"ACH-000365":2.857063167,"ACH-000366":-1.387911758,"ACH-000368":-7.302361154,"ACH-000370":2.469898843,"ACH-000374":2.98785516,"ACH-000375":3.002018878,"ACH-000376":-2.757383163,"ACH-000377":2.703948888,"ACH-000378":2.871165399,"ACH-000381":1.627321742,"ACH-000383":3.008743589,"ACH-000385":3.007727259,"ACH-000387":-1.36423568,"ACH-000389":1.807617384,"ACH-000390":3.005962121,"ACH-000393":2.835323932,"ACH-000395":-1.673118004,"ACH-000397":2.897787646,"ACH-000401":0.03564938,"ACH-000402":2.031970058,"ACH-000403":3.009083006,"ACH-000404":1.180123219,"ACH-000405":3.004042739,"ACH-000406":1.965430951,"ACH-000407":-0.886798328,"ACH-000408":0.466737249,"ACH-000410":-10.27609376,"ACH-000411":3.00027447,"ACH-000414":2.126459197,"ACH-000415":2.948808667,"ACH-000416":2.952143727,"ACH-000420":2.832777624,"ACH-000421":1.870607097,"ACH-000422":-3.019292116,"ACH-000424":3.007614152,"ACH-000425":3.008391046,"ACH-000426":2.307593183,"ACH-000427":2.730081336,"ACH-000431":2.665555895,"ACH-000433":-2.308907476,"ACH-000434":2.50302414,"ACH-000435":1.447355371,"ACH-000436":0.563682216,"ACH-000437":1.043406332,"ACH-000438":2.448759785,"ACH-000444":2.990448425,"ACH-000445":-2.147960094,"ACH-000448":2.333992588,"ACH-000450":1.800661985,"ACH-000452":2.717328365,"ACH-000454":-4.036789905,"ACH-000458":1.157756297,"ACH-000459":1.301323628,"ACH-000460":1.488317211,"ACH-000461":2.936202308,"ACH-000463":3.007800012,"ACH-000464":-0.65117467,"ACH-000466":2.306927829,"ACH-000467":1.966495671,"ACH-000468":2.96800417,"ACH-000469":-6.645351963,"ACH-000470":2.155906857,"ACH-000471":2.99867956,"ACH-000472":0.900142567,"ACH-000473":2.503333552,"ACH-000475":-4.801054384,"ACH-000476":3.009055713,"ACH-000477":2.990870407,"ACH-000478":1.028015926,"ACH-000480":-3.628732223,"ACH-000481":2.56853731,"ACH-000483":-4.806705114,"ACH-000484":2.973645093,"ACH-000485":2.782374641,"ACH-000486":2.543839781,"ACH-000487":2.189819446,"ACH-000488":2.965627566,"ACH-000490":3.008048964,"ACH-000491":2.44366465,"ACH-000493":-0.205130893,"ACH-000495":-4.078172423,"ACH-000496":1.302021949,"ACH-000498":2.367896819,"ACH-000499":1.942505202,"ACH-000500":1.992736376,"ACH-000502":2.905631948,"ACH-000503":-0.19211484,"ACH-000504":-5.476465123,"ACH-000505":2.981796856,"ACH-000507":1.97657711,"ACH-000510":2.722257957,"ACH-000511":0.633957349,"ACH-000512":1.4714664,"ACH-000514":1.051172176,"ACH-000516":2.149540457,"ACH-000517":2.987989759,"ACH-000518":2.916480563,"ACH-000520":2.406564292,"ACH-000521":3.007442606,"ACH-000522":2.961875819,"ACH-000524":2.36603676,"ACH-000527":2.240778328,"ACH-000528":-0.088491755,"ACH-000535":2.313785793,"ACH-000537":2.991880696,"ACH-000541":2.912694365,"ACH-000542":2.80836855,"ACH-000544":2.988087366,"ACH-000545":2.857398528,"ACH-000547":1.572943494,"ACH-000548":-0.199346001,"ACH-000549":1.84515698,"ACH-000550":3.006122872,"ACH-000551":1.500928624,"ACH-000552":1.999127821,"ACH-000556":3.005008844,"ACH-000557":3.001235685,"ACH-000563":1.918905466,"ACH-000570":1.520291077,"ACH-000571":2.435436396,"ACH-000573":2.978670681,"ACH-000576":2.774745277,"ACH-000577":3.004358545,"ACH-000579":2.42930589,"ACH-000580":2.09680969,"ACH-000581":2.871871913,