{"scores":{"ACH-000004":1.908849652,"ACH-000005":1.931101452,"ACH-000007":2.025898633,"ACH-000009":1.965837827,"ACH-000011":2.013237717,"ACH-000012":2.055785274,"ACH-000013":1.712232281,"ACH-000014":1.442530338,"ACH-000015":2.026820147,"ACH-000017":1.377180733,"ACH-000018":1.936893657,"ACH-000019":1.90336526,"ACH-000021":1.930503901,"ACH-000022":1.886623766,"ACH-000024":-20,"ACH-000025":-2.720703756,"ACH-000028":1.681260139,"ACH-000029":1.965247104,"ACH-000030":1.07574866,"ACH-000035":1.783434983,"ACH-000036":-20,"ACH-000037":1.260837362,"ACH-000039":0.604689158,"ACH-000040":1.07957355,"ACH-000041":2.061919744,"ACH-000042":1.946687831,"ACH-000045":1.947584371,"ACH-000047":1.966906256,"ACH-000048":1.939509969,"ACH-000052":1.895772197,"ACH-000053":1.683513365,"ACH-000054":1.089622703,"ACH-000055":1.644108621,"ACH-000060":2.04626333,"ACH-000067":-5.420093203,"ACH-000070":2.036542825,"ACH-000074":1.80110367,"ACH-000075":1.702687619,"ACH-000076":-2.135933788,"ACH-000078":1.704014928,"ACH-000082":1.43663657,"ACH-000085":-0.130678935,"ACH-000086":2.028022817,"ACH-000087":1.904282809,"ACH-000092":2.033233336,"ACH-000095":1.47949841,"ACH-000096":1.829503221,"ACH-000097":2.024789861,"ACH-000098":1.164851415,"ACH-000099":2.025147291,"ACH-000108":1.793333918,"ACH-000111":2.056777354,"ACH-000113":1.678347432,"ACH-000114":1.66616515,"ACH-000115":1.863418395,"ACH-000116":2.037735296,"ACH-000118":1.5219841,"ACH-000120":2.060533024,"ACH-000123":2.060991296,"ACH-000127":2.060659803,"ACH-000128":-7.919876721,"ACH-000132":-1.454892081,"ACH-000133":1.943776807,"ACH-000137":-5.78511881,"ACH-000138":2.016703911,"ACH-000141":2.053966879,"ACH-000142":1.840020088,"ACH-000143":1.193360215,"ACH-000146":1.372088733,"ACH-000148":2.042971678,"ACH-000150":2.015860404,"ACH-000151":1.140414145,"ACH-000152":1.832839749,"ACH-000153":2.005510435,"ACH-000159":1.416423055,"ACH-000160":1.903841646,"ACH-000163":1.816897347,"ACH-000164":1.95252137,"ACH-000167":-0.132022498,"ACH-000168":2.061909011,"ACH-000169":2.032662155,"ACH-000174":1.002742402,"ACH-000178":1.890414357,"ACH-000182":1.91302051,"ACH-000183":2.05174608,"ACH-000187":1.897603235,"ACH-000188":1.326282955,"ACH-000189":1.76729701,"ACH-000190":2.020726095,"ACH-000198":1.734668802,"ACH-000200":-1.625683559,"ACH-000202":1.901226175,"ACH-000204":2.02907605,"ACH-000206":-0.155201101,"ACH-000207":1.071971617,"ACH-000209":2.042902184,"ACH-000211":-3.306880112,"ACH-000212":1.978072504,"ACH-000215":-1.757208102,"ACH-000217":2.061540047,"ACH-000219":1.622801927,"ACH-000221":1.47492277,"ACH-000222":0.92617924,"ACH-000223":1.509077203,"ACH-000226":2.057645258,"ACH-000227":2.061714919,"ACH-000228":2.048903683,"ACH-000231":1.06201705,"ACH-000232":1.381776643,"ACH-000233":-20,"ACH-000234":1.62310659,"ACH-000235":2.05904051,"ACH-000237":-20,"ACH-000238":2.060769073,"ACH-000243":2.04448253,"ACH-000244":1.853637006,"ACH-000246":1.890679193,"ACH-000247":2.055388732,"ACH-000248":2.04227823,"ACH-000249":1.156317949,"ACH-000250":2.059035676,"ACH-000251":-1.869207954,"ACH-000253":1.656115026,"ACH-000255":1.700547534,"ACH-000256":-0.72911863,"ACH-000257":2.06176337,"ACH-000258":1.965405819,"ACH-000259":2.032235014,"ACH-000260":2.061256114,"ACH-000261":1.050807786,"ACH-000262":2.061824457,"ACH-000263":2.061592275,"ACH-000264":-7.291693254,"ACH-000265":1.86727699,"ACH-000266":1.210996364,"ACH-000271":2.017610382,"ACH-000272":1.955164576,"ACH-000273":-3.398821204,"ACH-000274":1.869966394,"ACH-000276":-1.243112429,"ACH-000277":1.969732675,"ACH-000278":0.773624846,"ACH-000279":1.716360392,"ACH-000280":1.39195312,"ACH-000281":-2.273449164,"ACH-000286":-5.942027305,"ACH-000288":1.977385885,"ACH-000290":2.050439169,"ACH-000291":2.050302917,"ACH-000292":1.24254467,"ACH-000293":1.425531995,"ACH-000294":2.041792697,"ACH-000295":1.49091064,"ACH-000296":2.061975222,"ACH-000302":2.02396516,"ACH-000304":2.010345293,"ACH-000305":1.77560965,"ACH-000307":1.971338733,"ACH-000308":-20,"ACH-000310":1.645521219,"ACH-000311":2.061974262,"ACH-000312":2.060932732,"ACH-000315":1.981700185,"ACH-000316":-0.454403782,"ACH-000317":0.628226555,"ACH-000318":0.877766179,"ACH-000319":0.684227765,"ACH-000320":-20,"ACH-000322":2.061587215,"ACH-000323":1.965091262,"ACH-000324":1.580383039,"ACH-000326":2.042092442,"ACH-000329":2.030244717,"ACH-000330":-1.179837039,"ACH-000331":1.170667681,"ACH-000332":2.061812427,"ACH-000334":2.05144452,"ACH-000335":1.715526113,"ACH-000336":-20,"ACH-000337":1.43688734,"ACH-000339":-1.091813341,"ACH-000341":-0.475885764,"ACH-000343":1.666065182,"ACH-000344":1.737739783,"ACH-000348":-5.074724837,"ACH-000350":1.913426195,"ACH-000352":1.976035906,"ACH-000355":1.937490202,"ACH-000356":1.76891846,"ACH-000361":2.061975222,"ACH-000362":1.984997673,"ACH-000363":1.884265702,"ACH-000364":1.122006159,"ACH-000365":1.139824129,"ACH-000366":1.957458468,"ACH-000368":-0.759875946,"ACH-000370":-3.890407726,"ACH-000374":1.531742992,"ACH-000375":2.037513173,"ACH-000376":2.061975222,"ACH-000377":1.339774944,"ACH-000378":1.867514187,"ACH-000381":1.910553453,"ACH-000383":0.846474149,"ACH-000385":2.017076662,"ACH-000387":0.976683538,"ACH-000389":-4.127492362,"ACH-000390":-6.835875644,"ACH-000393":-8.477561847,"ACH-000395":2.055484047,"ACH-000397":1.961350667,"ACH-000401":0.895895974,"ACH-000402":1.641685515,"ACH-000403":2.061975222,"ACH-000404":-0.774580652,"ACH-000405":1.502832054,"ACH-000406":1.876161535,"ACH-000407":1.192650447,"ACH-000408":2.061975222,"ACH-000410":0.652321217,"ACH-000411":1.934173885,"ACH-000414":1.818252019,"ACH-000415":1.829852778,"ACH-000416":1.978811343,"ACH-000420":1.881664564,"ACH-000421":0.723004876,"ACH-000422":1.683143781,"ACH-000424":1.164012487,"ACH-000425":1.919294805,"ACH-000426":1.808284154,"ACH-000427":1.952795481,"ACH-000431":2.061579469,"ACH-000433":1.388536521,"ACH-000434":0.716190588,"ACH-000435":1.972927284,"ACH-000436":0.980873608,"ACH-000437":1.789579202,"ACH-000438":1.915323433,"ACH-000444":1.748305043,"ACH-000445":-6.29787775,"ACH-000448":1.005311214,"ACH-000450":2.049322876,"ACH-000452":2.061798108,"ACH-000454":1.715372198,"ACH-000458":1.969308764,"ACH-000459":-20,"ACH-000460":1.832569413,"ACH-000461":2.049633348,"ACH-000463":1.393167588,"ACH-000464":2.002269989,"ACH-000466":1.835413301,"ACH-000467":2.007328095,"ACH-000468":1.566016401,"ACH-000469":-14.32188186,"ACH-000470":2.057854527,"ACH-000471":1.932257459,"ACH-000472":1.977853718,"ACH-000473":1.746305573,"ACH-000475":1.944540403,"ACH-000476":1.480505842,"ACH-000477":-0.398625325,"ACH-000478":2.061975222,"ACH-000480":0.122882084,"ACH-000481":2.061324054,"ACH-000483":1.553943399,"ACH-000484":1.892859281,"ACH-000485":1.872206845,"ACH-000486":1.666867372,"ACH-000487":2.033310704,"ACH-000488":0.616057646,"ACH-000490":2.059967369,"ACH-000491":1.880229036,"ACH-000493":1.869070099,"ACH-000495":1.274500075,"ACH-000496":0.956667117,"ACH-000498":1.670528787,"ACH-000499":1.148698874,"ACH-000500":2.000463491,"ACH-000502":1.555942654,"ACH-000503":-20,"ACH-000504":-2.052977988,"ACH-000505":-5.161645606,"ACH-000507":1.673038248,"ACH-000510":-0.443949134,"ACH-000511":2.059322557,"ACH-000512":1.607591792,"ACH-000514":1.942768787,"ACH-000516":-20,"ACH-000517":2.041446376,"ACH-000518":2.013878609,"ACH-000520":1.278093496,"ACH-000521":-20,"ACH-000522":0.855064032,"ACH-000524":1.172189412,"ACH-000527":0.956185578,"ACH-000528":2.026075937,"ACH-000535":-1.089094537,"ACH-000537":2.005561411,"ACH-000541":-0.840213776,"ACH-000542":-7.906329276,"ACH-000544":-3.56031362,"ACH-000545":2.051324376,"ACH-000547":1.65747734,"ACH-000548":1.662299413,"ACH-000549":1.239174651,"ACH-000550":2.059231102,"ACH-000551":1.86787779,"ACH-000552":0.880847726,"ACH-000556":2.02805001,"ACH-000557":1.976913861,"ACH-000563":-16.01094798,"ACH-000570":1.636193774,"ACH-000571":1.891109619,"ACH-000573":1.699069236,"ACH-000576":1.904713507,"ACH-000577":2.06191546,"ACH-000579":1.665330342,"ACH-000580":2.04102966,"ACH-000581":1.931303641,"ACH-000583":-12.06159412,"ACH-000584":0.64743169,"ACH-000585":-6.636221407,"ACH-000587":1.121425555,