{"scores":{"ACH-000004":2.245022475,"ACH-000005":2.168081208,"ACH-000007":0.42478417,"ACH-000009":2.258180575,"ACH-000011":-0.055785005,"ACH-000012":1.339949378,"ACH-000013":-20,"ACH-000014":2.300513846,"ACH-000015":1.365113994,"ACH-000017":-0.369503692,"ACH-000018":2.155627918,"ACH-000019":2.270392751,"ACH-000021":1.615020605,"ACH-000022":2.167808145,"ACH-000024":2.29277476,"ACH-000025":-0.614934715,"ACH-000028":2.285390531,"ACH-000029":2.263840012,"ACH-000030":2.014184357,"ACH-000035":0.616501412,"ACH-000036":-7.121872964,"ACH-000037":0.698319453,"ACH-000039":2.268393896,"ACH-000040":1.334215415,"ACH-000041":2.2882344,"ACH-000042":1.64205402,"ACH-000045":2.062140109,"ACH-000047":-0.1712302,"ACH-000048":1.497588163,"ACH-000052":1.592927837,"ACH-000053":2.19725554,"ACH-000054":1.355430444,"ACH-000055":-0.626730621,"ACH-000060":1.96007197,"ACH-000067":2.288443177,"ACH-000070":2.291081518,"ACH-000074":2.26335028,"ACH-000075":-0.005647745,"ACH-000076":2.184737808,"ACH-000078":2.283625594,"ACH-000082":2.299470298,"ACH-000085":-1.47166399,"ACH-000086":2.287677659,"ACH-000087":2.299380058,"ACH-000092":2.318490423,"ACH-000095":2.234372008,"ACH-000096":2.222352322,"ACH-000097":2.238065807,"ACH-000098":2.245308125,"ACH-000099":2.318845304,"ACH-000108":-2.975952546,"ACH-000111":1.98589304,"ACH-000113":2.16412271,"ACH-000114":2.248860459,"ACH-000115":2.313964017,"ACH-000116":2.283213907,"ACH-000118":1.847282464,"ACH-000120":2.318795919,"ACH-000123":2.237143853,"ACH-000127":-5.646581308,"ACH-000128":2.169510594,"ACH-000132":1.816731417,"ACH-000133":-2.918725023,"ACH-000137":2.314534524,"ACH-000138":2.312559128,"ACH-000141":2.306959728,"ACH-000142":2.24201629,"ACH-000143":0.310893237,"ACH-000146":1.41934901,"ACH-000148":0.84411937,"ACH-000150":-4.142727485,"ACH-000151":2.03152779,"ACH-000152":1.547884218,"ACH-000153":-1.236283154,"ACH-000159":2.241841478,"ACH-000160":2.048761497,"ACH-000163":2.136919668,"ACH-000164":2.282799368,"ACH-000167":1.198047249,"ACH-000168":2.312425049,"ACH-000169":1.68348103,"ACH-000174":2.313310132,"ACH-000178":-0.251474568,"ACH-000182":2.318156499,"ACH-000183":2.314767085,"ACH-000187":1.90216332,"ACH-000188":2.317466865,"ACH-000189":-1.458259836,"ACH-000190":1.478850908,"ACH-000198":2.174891567,"ACH-000200":2.236412944,"ACH-000202":1.952084561,"ACH-000204":2.310201833,"ACH-000206":1.514581592,"ACH-000207":2.223848591,"ACH-000209":2.028862876,"ACH-000211":2.301150821,"ACH-000212":0.570891383,"ACH-000215":2.103918687,"ACH-000217":1.984257905,"ACH-000219":-13.00893137,"ACH-000221":2.312162786,"ACH-000222":1.315602206,"ACH-000223":2.308081031,"ACH-000226":2.302556174,"ACH-000227":2.162124772,"ACH-000228":2.318755075,"ACH-000231":2.022113838,"ACH-000232":2.287792567,"ACH-000233":-20,"ACH-000234":-1.876598882,"ACH-000235":1.936053029,"ACH-000237":0.757406012,"ACH-000238":2.121849351,"ACH-000243":-6.627205916,"ACH-000244":1.893935234,"ACH-000246":2.15879914,"ACH-000247":2.072306665,"ACH-000248":1.69422161,"ACH-000249":-20,"ACH-000250":0.953766836,"ACH-000251":1.822189405,"ACH-000253":1.804908856,"ACH-000255":1.761260475,"ACH-000256":1.501970154,"ACH-000257":0.332309261,"ACH-000258":2.08007601,"ACH-000259":2.224893255,"ACH-000260":2.267262299,"ACH-000261":2.264556405,"ACH-000262":2.11093026,"ACH-000263":1.908352505,"ACH-000264":2.158444223,"ACH-000265":1.918351357,"ACH-000266":2.315451097,"ACH-000271":2.172061541,"ACH-000272":0.794741554,"ACH-000273":-19.67802003,"ACH-000274":2.275097129,"ACH-000276":2.207684042,"ACH-000277":2.310953364,"ACH-000278":2.063126826,"ACH-000279":0.675487953,"ACH-000280":1.808642505,"ACH-000281":2.054030875,"ACH-000286":2.238146584,"ACH-000288":-6.188139105,"ACH-000290":1.009166688,"ACH-000291":2.311241013,"ACH-000292":2.312578588,"ACH-000293":2.026006421,"ACH-000294":1.662144145,"ACH-000295":2.147081829,"ACH-000296":2.110895367,"ACH-000302":2.136844394,"ACH-000304":1.362865203,"ACH-000305":2.318484306,"ACH-000307":2.136113282,"ACH-000308":2.135748093,"ACH-000310":2.29504185,"ACH-000311":2.256004027,"ACH-000312":2.318942067,"ACH-000315":1.486352382,"ACH-000316":1.911120462,"ACH-000317":2.079543797,"ACH-000318":2.101879951,"ACH-000319":1.173435747,"ACH-000320":2.032716834,"ACH-000322":2.08031763,"ACH-000323":2.230195279,"ACH-000324":2.201110976,"ACH-000326":1.970637159,"ACH-000329":1.920695602,"ACH-000330":1.216907847,"ACH-000331":1.934928595,"ACH-000332":2.318203261,"ACH-000334":2.158984648,"ACH-000335":-0.906412984,"ACH-000336":1.799069631,"ACH-000337":1.809436294,"ACH-000339":2.291869136,"ACH-000341":2.033515926,"ACH-000343":1.676266077,"ACH-000344":1.744544776,"ACH-000348":2.159933443,"ACH-000350":2.189998308,"ACH-000352":1.959824618,"ACH-000355":2.251532356,"ACH-000356":0.753538987,"ACH-000361":-2.906632185,"ACH-000362":2.235393874,"ACH-000363":2.202623951,"ACH-000364":1.910238065,"ACH-000365":-5.505431948,"ACH-000366":2.221187233,"ACH-000368":0.608322407,"ACH-000370":1.276339978,"ACH-000374":2.299191009,"ACH-000375":2.232076736,"ACH-000376":-6.608235772,"ACH-000377":2.250125833,"ACH-000378":-2.008246672,"ACH-000381":2.215003525,"ACH-000383":2.150098437,"ACH-000385":2.260441012,"ACH-000387":-0.337115923,"ACH-000389":1.139819894,"ACH-000390":2.275680157,"ACH-000393":2.127674151,"ACH-000395":-0.15245175,"ACH-000397":2.055966059,"ACH-000401":-1.911143991,"ACH-000402":0.468616776,"ACH-000403":2.166552803,"ACH-000404":0.933251006,"ACH-000405":-2.352525699,"ACH-000406":1.030155487,"ACH-000407":2.155975176,"ACH-000408":1.904246297,"ACH-000410":2.318941367,"ACH-000411":-0.440071148,"ACH-000414":1.819765309,"ACH-000415":1.573201062,"ACH-000416":2.305917047,"ACH-000420":1.686646464,"ACH-000421":1.870994996,"ACH-000422":2.318939665,"ACH-000424":1.647898534,"ACH-000425":1.086158122,"ACH-000426":0.813217996,"ACH-000427":1.849188063,"ACH-000431":2.198531481,"ACH-000433":1.040528505,"ACH-000434":-18.78744215,"ACH-000435":-0.06557161,"ACH-000436":1.780043098,"ACH-000437":1.702764401,"ACH-000438":2.315843071,"ACH-000444":0.80426108,"ACH-000445":1.394043817,"ACH-000448":1.7122948,"ACH-000450":1.706616604,"ACH-000452":1.857763115,"ACH-000454":2.167139024,"ACH-000458":1.872004494,"ACH-000459":2.194797583,"ACH-000460":1.229141103,"ACH-000461":2.292590695,"ACH-000463":-20,"ACH-000464":2.272940953,"ACH-000466":1.73321841,"ACH-000467":0.969199753,"ACH-000468":2.129238409,"ACH-000469":2.000871265,"ACH-000470":2.288866491,"ACH-000471":2.149237436,"ACH-000472":-1.008251096,"ACH-000473":2.182704419,"ACH-000475":2.282965757,"ACH-000476":1.969091139,"ACH-000477":1.850188484,"ACH-000478":2.295339777,"ACH-000480":1.802453339,"ACH-000481":0.490180182,"ACH-000483":2.31507738,"ACH-000484":1.713799758,"ACH-000485":2.318001172,"ACH-000486":2.069375257,"ACH-000487":2.22199968,"ACH-000488":2.020999455,"ACH-000490":2.105115225,"ACH-000491":2.236635274,"ACH-000493":2.042214468,"ACH-000495":2.296059365,"ACH-000496":-2.694460527,"ACH-000498":1.743361367,"ACH-000499":1.770553497,"ACH-000500":-0.628188675,"ACH-000502":2.305181738,"ACH-000503":2.308058722,"ACH-000504":2.29806615,"ACH-000505":2.260514294,"ACH-000507":2.195228124,"ACH-000510":2.272776598,"ACH-000511":1.642285448,"ACH-000512":0.443370503,"ACH-000514":1.564357927,"ACH-000516":2.152216937,"ACH-000517":2.141470117,"ACH-000518":1.824675416,"ACH-000520":2.221374787,"ACH-000521":2.315379215,"ACH-000522":1.757059494,"ACH-000524":2.207096254,"ACH-000527":-20,"ACH-000528":0.865272763,"ACH-000535":-20,"ACH-000537":2.083099079,"ACH-000541":-20,"ACH-000542":-14.79688815,"ACH-000544":2.250959602,"ACH-000545":1.48137663,"ACH-000547":2.19051819,"ACH-000548":-12.02690638,"ACH-000549":1.741508864,"ACH-000550":0.494379285,"ACH-000551":1.571726194,"ACH-000552":2.223869793,"ACH-000556":2.318616509,"ACH-000557":0.570339708,"ACH-000563":2.074410311,"ACH-000570":-5.517621037,"ACH-000571":0.458494765,"ACH-000573":1.708035244,"ACH-000576":2.199948771,"ACH-000577":2.120967839,"ACH-000579":2.293167647,"ACH-000580":0.617007156,"ACH-000581":1.913711358,"ACH-000583":1.884909214,"ACH-000584":2.315830627,