{"scores":{"ACH-000004":-3.529806552,"ACH-000005":-3.419536868,"ACH-000007":-1.521704024,"ACH-000009":-3.15253305,"ACH-000011":9.165654408,"ACH-000012":-3.51273586,"ACH-000013":-3.48867737,"ACH-000014":17.46541419,"ACH-000015":-3.386451228,"ACH-000017":-3.299118807,"ACH-000018":-3.497049165,"ACH-000019":-2.308013481,"ACH-000021":-3.093930592,"ACH-000022":-2.236084336,"ACH-000024":-3.512446967,"ACH-000025":-3.476669359,"ACH-000028":-1.159405841,"ACH-000029":-3.513674396,"ACH-000030":-2.280532615,"ACH-000035":-2.855438514,"ACH-000036":0.19667542,"ACH-000037":-1.674021894,"ACH-000039":-3.531111185,"ACH-000040":1.607392771,"ACH-000041":-3.328360651,"ACH-000042":-2.002320791,"ACH-000045":-2.164714431,"ACH-000047":-3.530048814,"ACH-000048":-3.529400564,"ACH-000052":-3.531544858,"ACH-000053":-0.958524856,"ACH-000054":17.64262256,"ACH-000055":-2.860940241,"ACH-000060":-3.481969878,"ACH-000067":-3.17705961,"ACH-000070":0.97814618,"ACH-000074":-3.059265049,"ACH-000075":2.987339784,"ACH-000076":-3.174053309,"ACH-000078":-2.698720655,"ACH-000082":-2.65367692,"ACH-000085":-3.507680924,"ACH-000086":-2.499397841,"ACH-000087":-3.503547112,"ACH-000092":-2.419650536,"ACH-000095":-3.515092229,"ACH-000096":20,"ACH-000097":13.0008836,"ACH-000098":-2.788196902,"ACH-000099":-3.213703322,"ACH-000108":-3.531279567,"ACH-000111":-3.500396278,"ACH-000113":1.819974686,"ACH-000114":-2.202298721,"ACH-000115":-3.350561992,"ACH-000116":-3.407091786,"ACH-000118":-3.399544676,"ACH-000120":-1.191341102,"ACH-000123":7.3635996,"ACH-000127":-2.854106674,"ACH-000128":-3.429888705,"ACH-000132":-1.744205963,"ACH-000133":-3.194769307,"ACH-000137":-2.903734587,"ACH-000138":-3.526893338,"ACH-000141":-3.460970529,"ACH-000142":-3.511423906,"ACH-000143":-3.31188847,"ACH-000146":-2.265490856,"ACH-000148":-1.753796171,"ACH-000150":-3.439531625,"ACH-000151":-3.077080268,"ACH-000152":-3.360366316,"ACH-000153":10.5510355,"ACH-000159":13.81528351,"ACH-000160":-3.468880026,"ACH-000163":-2.359629936,"ACH-000164":-3.531927576,"ACH-000167":-3.377705351,"ACH-000168":-2.925665437,"ACH-000169":-2.268027858,"ACH-000174":-3.419687463,"ACH-000178":-3.518006406,"ACH-000182":-3.40029893,"ACH-000183":-3.287023812,"ACH-000187":-3.530348635,"ACH-000188":-3.488935874,"ACH-000189":20,"ACH-000190":-3.353202297,"ACH-000198":-1.433225493,"ACH-000200":20,"ACH-000202":-3.513569408,"ACH-000204":-3.272722894,"ACH-000206":-3.437127614,"ACH-000207":-3.524503769,"ACH-000209":20,"ACH-000211":-2.601615656,"ACH-000212":-3.487892895,"ACH-000215":2.029328419,"ACH-000217":-3.336006921,"ACH-000219":-2.792565217,"ACH-000221":-3.463820206,"ACH-000222":-3.367005298,"ACH-000223":-2.428016697,"ACH-000226":-2.90531392,"ACH-000227":-3.445140704,"ACH-000228":-3.380783338,"ACH-000231":-3.037066872,"ACH-000232":-3.452569247,"ACH-000233":-3.528883539,"ACH-000234":3.133181078,"ACH-000235":-3.073127062,"ACH-000237":-2.057845202,"ACH-000238":-3.527571734,"ACH-000243":-3.483714167,"ACH-000244":20,"ACH-000246":20,"ACH-000247":-2.017339317,"ACH-000248":-3.418144529,"ACH-000249":-3.188353337,"ACH-000250":-3.49412567,"ACH-000251":-3.511837635,"ACH-000253":-3.519393586,"ACH-000255":-3.531910685,"ACH-000256":-3.521856337,"ACH-000257":-2.689830705,"ACH-000258":-3.313713522,"ACH-000259":-2.064457334,"ACH-000260":-3.457834537,"ACH-000261":-1.970425811,"ACH-000262":11.77896417,"ACH-000263":-2.479481414,"ACH-000264":-1.564298104,"ACH-000265":-2.733426655,"ACH-000266":-2.084849307,"ACH-000271":-3.150843313,"ACH-000272":0.387080592,"ACH-000273":-3.237305848,"ACH-000274":14.82982155,"ACH-000276":-2.917501428,"ACH-000277":-3.035239441,"ACH-000278":-3.489393566,"ACH-000279":-3.41092144,"ACH-000280":1.861578309,"ACH-000281":-2.975934859,"ACH-000286":-3.524186627,"ACH-000288":-3.330543703,"ACH-000290":-2.92241422,"ACH-000291":-3.49842617,"ACH-000292":-3.216437802,"ACH-000293":-3.501022917,"ACH-000294":-2.827996527,"ACH-000295":-2.981293105,"ACH-000296":-3.527412938,"ACH-000302":-2.015041427,"ACH-000304":9.105430793,"ACH-000305":-2.980031882,"ACH-000307":-3.125760216,"ACH-000308":-1.434640563,"ACH-000310":-2.327418832,"ACH-000311":10.42860229,"ACH-000312":-2.766080275,"ACH-000315":-3.432790152,"ACH-000316":-2.169463856,"ACH-000317":5.642189367,"ACH-000318":-3.418958222,"ACH-000319":-2.743970124,"ACH-000320":-3.444556867,"ACH-000322":-2.100010882,"ACH-000323":-3.435582789,"ACH-000324":0.73767542,"ACH-000326":-3.259051289,"ACH-000329":1.261251313,"ACH-000330":-3.501044796,"ACH-000331":-3.446319888,"ACH-000332":-3.498074101,"ACH-000334":-2.600390381,"ACH-000335":0.846565443,"ACH-000336":-3.378845517,"ACH-000337":-3.427937548,"ACH-000339":-3.384767735,"ACH-000341":-2.809984152,"ACH-000343":-3.508095119,"ACH-000344":-3.146068699,"ACH-000348":-0.370374857,"ACH-000350":-3.531662203,"ACH-000352":-3.349030644,"ACH-000355":-3.126446004,"ACH-000356":-3.496241745,"ACH-000361":3.247390691,"ACH-000362":-2.505751199,"ACH-000363":-2.778353018,"ACH-000364":-1.458778968,"ACH-000365":-3.189126579,"ACH-000366":-3.29389944,"ACH-000368":-1.438465744,"ACH-000370":-2.718903275,"ACH-000374":-0.139781168,"ACH-000375":20,"ACH-000376":-2.735676649,"ACH-000377":-3.48297729,"ACH-000378":-3.479998586,"ACH-000381":-3.41020914,"ACH-000383":-2.842972117,"ACH-000385":-2.030201592,"ACH-000387":-3.467850738,"ACH-000389":13.65496954,"ACH-000390":-2.375049709,"ACH-000393":-3.099160061,"ACH-000395":-3.462258204,"ACH-000397":-3.084524306,"ACH-000401":-3.474505707,"ACH-000402":-1.908249229,"ACH-000403":-3.531913523,"ACH-000404":3.933111616,"ACH-000405":-3.449501732,"ACH-000406":-3.30001895,"ACH-000407":-3.403271228,"ACH-000408":-3.528427578,"ACH-000410":-2.95757624,"ACH-000411":13.89632015,"ACH-000414":8.129028272,"ACH-000415":-3.342837651,"ACH-000416":-2.896618433,"ACH-000420":-2.595443262,"ACH-000421":-3.450897765,"ACH-000422":-2.953993938,"ACH-000424":-3.387646153,"ACH-000425":20,"ACH-000426":-3.52719959,"ACH-000427":-3.516226464,"ACH-000431":-3.052944598,"ACH-000433":3.807940406,"ACH-000434":-3.376880497,"ACH-000435":-3.494536885,"ACH-000436":-1.269633292,"ACH-000437":-3.215036617,"ACH-000438":-2.746272121,"ACH-000444":-3.361358529,"ACH-000445":-3.531383671,"ACH-000448":5.303222056,"ACH-000450":3.613161005,"ACH-000452":-2.471538267,"ACH-000454":-3.432485957,"ACH-000458":-3.163781305,"ACH-000459":0.128873903,"ACH-000460":-3.461311415,"ACH-000461":-3.516802711,"ACH-000463":0.638508995,"ACH-000464":-3.509675554,"ACH-000466":-3.507553456,"ACH-000467":-3.52912356,"ACH-000468":-3.504384093,"ACH-000469":-3.118717806,"ACH-000470":-3.363768103,"ACH-000471":-2.179045739,"ACH-000472":-2.174223602,"ACH-000473":-1.979534283,"ACH-000475":-3.361108406,"ACH-000476":-3.530197465,"ACH-000477":7.169936663,"ACH-000478":-2.29537384,"ACH-000480":-2.885464621,"ACH-000481":-2.556229558,"ACH-000483":-3.010710608,"ACH-000484":-2.617500586,"ACH-000485":0.499841054,"ACH-000486":16.04389406,"ACH-000487":-3.502258488,"ACH-000488":-3.124467986,"ACH-000490":-1.008696787,"ACH-000491":-2.260413798,"ACH-000493":-3.382172258,"ACH-000495":20,"ACH-000496":-3.522833925,"ACH-000498":-2.959199363,"ACH-000499":-3.479555728,"ACH-000500":-3.365517648,"ACH-000502":-3.478284004,"ACH-000503":-3.375782017,"ACH-000504":-2.67603,"ACH-000505":-2.437892964,"ACH-000507":-3.52937824,"ACH-000510":-2.340151107,"ACH-000511":0.628108005,"ACH-000512":-3.171727934,"ACH-000514":-3.11237471,"ACH-000516":-2.226708559,"ACH-000517":-2.976959015,"ACH-000518":-3.530781158,"ACH-000520":-3.162874139,"ACH-000521":-3.444064341,"ACH-000522":-2.353353376,"ACH-000524":-3.246823199,"ACH-000527":15.55118815,"ACH-000528":-3.111935093,"ACH-000535":-3.356189723,"ACH-000537":-2.554839561,"ACH-000541":-2.544769117,"ACH-000542":5.959183633,"ACH-000544":-3.44811107,"ACH-000545":-3.527286365,"ACH-000547":4.26696266,"ACH-000548":-2.921419334,"ACH-000549":-3.46985748,"ACH-000550":-2.244415304,"ACH-000551":-3.260975866,"ACH-000552":-3.514556989,"ACH-000556":-3.502343702,"ACH-000557":-3.475916175,"ACH-000563":-3.192935657,"ACH-000570":-3.22996032,"ACH-000571":-1.418312035,