{"scores":{"ACH-000004":-1.875482466,"ACH-000005":-2.061629713,"ACH-000007":-2.034963025,"ACH-000009":-2.089416538,"ACH-000011":-0.366975276,"ACH-000012":-2.083028901,"ACH-000013":0.203250899,"ACH-000014":3.725095538,"ACH-000015":-0.685142811,"ACH-000017":1.283284268,"ACH-000018":-1.526328022,"ACH-000019":-1.682382327,"ACH-000021":-0.637448152,"ACH-000022":-1.643840606,"ACH-000024":-2.054780136,"ACH-000025":-1.277994917,"ACH-000028":-1.419465772,"ACH-000029":-1.667711802,"ACH-000030":-2.094680158,"ACH-000035":-1.406909095,"ACH-000036":4.735616389,"ACH-000037":-1.726142338,"ACH-000039":-2.096500775,"ACH-000040":-1.041497522,"ACH-000041":4.944941851,"ACH-000042":-2.039821691,"ACH-000045":-2.078728072,"ACH-000047":-2.074973261,"ACH-000048":16.18133314,"ACH-000052":-1.638664635,"ACH-000053":-0.412868674,"ACH-000054":-2.075335523,"ACH-000055":-2.072660397,"ACH-000060":-0.543490031,"ACH-000067":0.364414742,"ACH-000070":-2.03650887,"ACH-000074":-1.197286324,"ACH-000075":-1.874931209,"ACH-000076":-2.019700727,"ACH-000078":-1.802916089,"ACH-000082":2.104797737,"ACH-000085":-1.600957852,"ACH-000086":-0.694979496,"ACH-000087":-1.735462586,"ACH-000092":-1.114559272,"ACH-000095":16.18133314,"ACH-000096":2.823910589,"ACH-000097":-2.015868008,"ACH-000098":10.55276002,"ACH-000099":-1.855127087,"ACH-000108":-2.048223411,"ACH-000111":-1.902830247,"ACH-000113":-1.866056308,"ACH-000114":-1.525904121,"ACH-000115":-1.684862024,"ACH-000116":1.741801219,"ACH-000118":-1.362627497,"ACH-000120":8.496398918,"ACH-000123":-1.715558859,"ACH-000127":-1.4510456,"ACH-000128":0.227958008,"ACH-000132":-0.348110395,"ACH-000133":-1.277476532,"ACH-000137":-1.861935825,"ACH-000138":0.85940123,"ACH-000141":-1.819355531,"ACH-000142":-1.497398966,"ACH-000143":1.174880483,"ACH-000146":-1.916109678,"ACH-000148":-0.744896588,"ACH-000150":0.714734685,"ACH-000151":-1.954261766,"ACH-000152":-0.968256975,"ACH-000153":-1.038676088,"ACH-000159":0.511854269,"ACH-000160":-1.390850516,"ACH-000163":-1.17811248,"ACH-000164":-1.62828352,"ACH-000167":-1.193323158,"ACH-000168":0.427304353,"ACH-000169":16.18133314,"ACH-000174":0.35674741,"ACH-000178":-1.545544004,"ACH-000182":-1.794300981,"ACH-000183":-1.591509905,"ACH-000187":-1.997710928,"ACH-000188":-2.070702838,"ACH-000189":-1.260438775,"ACH-000190":-1.523815663,"ACH-000198":-2.09385996,"ACH-000200":-0.722823044,"ACH-000202":3.107239551,"ACH-000204":-2.031433269,"ACH-000206":-1.557209467,"ACH-000207":-1.16342666,"ACH-000209":-0.53980741,"ACH-000211":-1.753020331,"ACH-000212":-0.541800841,"ACH-000215":0.28979776,"ACH-000217":-1.599685448,"ACH-000219":-2.095498471,"ACH-000221":-1.192422708,"ACH-000222":-1.51026899,"ACH-000223":-2.010403744,"ACH-000226":-1.592368987,"ACH-000227":-0.874939163,"ACH-000228":-0.967379317,"ACH-000231":-1.121680108,"ACH-000232":6.299159424,"ACH-000233":-2.085865298,"ACH-000234":-2.089304473,"ACH-000235":-1.93884556,"ACH-000237":-1.442741265,"ACH-000238":-1.871690353,"ACH-000243":-1.083028329,"ACH-000244":-1.649154892,"ACH-000246":2.233744793,"ACH-000247":-2.094859557,"ACH-000248":-1.647764685,"ACH-000249":-0.840022023,"ACH-000250":-1.42002982,"ACH-000251":-1.298850251,"ACH-000253":-2.08244712,"ACH-000255":1.608232989,"ACH-000256":-1.122177184,"ACH-000257":-1.564512578,"ACH-000258":-1.933283939,"ACH-000259":14.92160964,"ACH-000260":1.929622573,"ACH-000261":-1.650889892,"ACH-000262":-0.27536152,"ACH-000263":-2.016160911,"ACH-000264":-1.911733462,"ACH-000265":-0.621775896,"ACH-000266":-0.333332625,"ACH-000271":-1.690865087,"ACH-000272":0.106630713,"ACH-000273":-1.672472856,"ACH-000274":0.005014394,"ACH-000276":-1.134831127,"ACH-000277":-2.010048183,"ACH-000278":-1.291753539,"ACH-000279":1.760491334,"ACH-000280":3.217103789,"ACH-000281":-0.958339689,"ACH-000286":-1.979826967,"ACH-000288":8.429725035,"ACH-000290":1.120205723,"ACH-000291":-1.593780975,"ACH-000292":-0.3521009,"ACH-000293":-1.295681494,"ACH-000294":-2.043125378,"ACH-000295":-2.066829996,"ACH-000296":-1.565923745,"ACH-000302":3.290519443,"ACH-000304":-2.028942146,"ACH-000305":0.071588533,"ACH-000307":0.717469224,"ACH-000308":-2.009905703,"ACH-000310":-0.205037611,"ACH-000311":-2.091111787,"ACH-000312":6.659313084,"ACH-000315":-1.045179721,"ACH-000316":-1.503596851,"ACH-000317":-1.495984,"ACH-000318":-1.744401182,"ACH-000319":-1.612059507,"ACH-000320":10.06763545,"ACH-000322":-1.841302515,"ACH-000323":-0.746047052,"ACH-000324":-1.82844469,"ACH-000326":-1.923642598,"ACH-000329":-1.31410913,"ACH-000330":-1.11659605,"ACH-000331":1.675135433,"ACH-000332":-0.473682172,"ACH-000334":-1.837514576,"ACH-000335":-2.004287861,"ACH-000336":-1.428315839,"ACH-000337":-1.695555175,"ACH-000339":-1.200036428,"ACH-000341":-1.469239037,"ACH-000343":-1.775449205,"ACH-000344":-0.350426559,"ACH-000348":-1.647325544,"ACH-000350":-1.647281698,"ACH-000352":-1.406390418,"ACH-000355":0.706255791,"ACH-000356":-2.030567181,"ACH-000361":-0.751246522,"ACH-000362":-1.965376842,"ACH-000363":-1.971070243,"ACH-000364":3.33543991,"ACH-000365":-1.951640178,"ACH-000366":5.121615761,"ACH-000368":1.770198441,"ACH-000370":-1.885103067,"ACH-000374":-0.457881885,"ACH-000375":-1.847123632,"ACH-000376":4.168603876,"ACH-000377":-1.974297925,"ACH-000378":-1.023303505,"ACH-000381":-1.165666591,"ACH-000383":-1.959344181,"ACH-000385":-1.817307923,"ACH-000387":-2.081765827,"ACH-000389":-1.799191162,"ACH-000390":0.494569179,"ACH-000393":-2.030484232,"ACH-000395":-0.700720533,"ACH-000397":-2.01999121,"ACH-000401":-2.09690404,"ACH-000402":-1.927440505,"ACH-000403":-1.206465821,"ACH-000404":-1.925715128,"ACH-000405":-2.042905343,"ACH-000406":-2.050546196,"ACH-000407":3.888045635,"ACH-000408":-1.927975184,"ACH-000410":-0.98890778,"ACH-000411":-2.070674944,"ACH-000414":-0.257197807,"ACH-000415":-0.508155227,"ACH-000416":-1.905826273,"ACH-000420":2.47338178,"ACH-000421":-1.80557334,"ACH-000422":16.18133314,"ACH-000424":3.692668888,"ACH-000425":-2.091870974,"ACH-000426":-1.481199098,"ACH-000427":-1.937426629,"ACH-000431":-1.69588686,"ACH-000433":-0.802781276,"ACH-000434":-1.577969507,"ACH-000435":-2.078033815,"ACH-000436":-1.820766933,"ACH-000437":-0.84697947,"ACH-000438":-1.592268297,"ACH-000444":-0.194729954,"ACH-000445":-0.217056403,"ACH-000448":-1.884053891,"ACH-000450":-1.688121498,"ACH-000452":-1.349460782,"ACH-000454":-1.173217317,"ACH-000458":-1.210012712,"ACH-000459":-1.959728897,"ACH-000460":-2.08425897,"ACH-000461":-1.779346773,"ACH-000463":-2.032506362,"ACH-000464":16.18133314,"ACH-000466":-1.006917255,"ACH-000467":-1.805725043,"ACH-000468":-0.899991546,"ACH-000469":-1.802860864,"ACH-000470":-1.791673361,"ACH-000471":-1.723714123,"ACH-000472":-2.097335088,"ACH-000473":3.096359119,"ACH-000475":1.138061904,"ACH-000476":-1.699935921,"ACH-000477":-1.868699327,"ACH-000478":-2.047330991,"ACH-000480":-1.501524135,"ACH-000481":-0.91237264,"ACH-000483":-1.235373066,"ACH-000484":-1.48369444,"ACH-000485":-2.078631746,"ACH-000486":-1.952499575,"ACH-000487":-1.697987502,"ACH-000488":-2.020813452,"ACH-000490":-2.068320603,"ACH-000491":1.867610547,"ACH-000493":-1.137980489,"ACH-000495":-2.097090427,"ACH-000496":13.03579185,"ACH-000498":-0.97028594,"ACH-000499":-0.739644354,"ACH-000500":-1.738434112,"ACH-000502":-0.695053617,"ACH-000503":-2.060714154,"ACH-000504":1.357390684,"ACH-000505":-1.96934879,"ACH-000507":-1.893515084,"ACH-000510":-1.910539996,"ACH-000511":-0.559418067,"ACH-000512":-1.737422414,"ACH-000514":-1.864029125,"ACH-000516":-1.333796878,"ACH-000517":-0.601545198,"ACH-000518":-0.70821301,"ACH-000520":-0.409583915,"ACH-000521":1.157732756,"ACH-000522":-1.82172355,"ACH-000524":3.012952614,"ACH-000527":-2.085588283,"ACH-000528":-2.054955026,"ACH-000535":0.988862752,"ACH-000537":-0.668941392,"ACH-000541":-1.839684593,"ACH-000542":0.805023664,"ACH-000544":0.429868362,"ACH-000545":2.08659367,"ACH-000547":-1.874264024,"ACH-000548":-1.776965755,"ACH-000549":-0.799883411,"ACH-000550":1.496796758,"ACH-000551":-2.051011153,"ACH-000552":-1.991070155,"ACH-000556":-2.010619159,"ACH-000557":-1.999090929,"ACH-000563":-0.383028257,