{"scores":{"ACH-000004":-4.744711099,"ACH-000005":-4.38157969,"ACH-000007":4.248614845,"ACH-000009":-2.14321575,"ACH-000011":-2.928150665,"ACH-000012":-2.488030597,"ACH-000013":7.018646173,"ACH-000014":-4.57415038,"ACH-000015":-4.276257531,"ACH-000017":-3.985816496,"ACH-000018":-0.647772184,"ACH-000019":0.507123458,"ACH-000021":-3.184706962,"ACH-000022":-3.491819439,"ACH-000024":-4.820108438,"ACH-000025":-3.083898135,"ACH-000028":-3.671664109,"ACH-000029":4.059311237,"ACH-000030":-4.183005802,"ACH-000035":-3.46860142,"ACH-000036":-3.114850139,"ACH-000037":-5.267862991,"ACH-000039":-4.274008463,"ACH-000040":-3.898060782,"ACH-000041":-4.467259489,"ACH-000042":-0.152953781,"ACH-000045":-2.775512671,"ACH-000047":-4.45095425,"ACH-000048":-2.004050999,"ACH-000052":-2.289451469,"ACH-000053":-2.073481793,"ACH-000054":-3.75815694,"ACH-000055":-3.464695849,"ACH-000060":-2.980626776,"ACH-000067":-3.777322652,"ACH-000070":-3.398369033,"ACH-000074":-2.623479311,"ACH-000075":-1.723599113,"ACH-000076":-2.903905066,"ACH-000078":-3.780329753,"ACH-000082":-3.098669663,"ACH-000085":-3.371044096,"ACH-000086":-2.588425038,"ACH-000087":-2.991801727,"ACH-000092":-3.090348078,"ACH-000095":-4.45472833,"ACH-000096":-2.297706401,"ACH-000097":0.739969255,"ACH-000098":-2.416843273,"ACH-000099":-1.816740387,"ACH-000108":-3.239242778,"ACH-000111":-2.31990525,"ACH-000113":-3.167359709,"ACH-000114":-4.32847054,"ACH-000115":-1.358312099,"ACH-000116":-2.10597858,"ACH-000118":1.630653519,"ACH-000120":-0.696135621,"ACH-000123":-3.162530311,"ACH-000127":-3.047646964,"ACH-000128":-1.452566127,"ACH-000132":-2.649621422,"ACH-000133":-3.943039172,"ACH-000137":-3.978234023,"ACH-000138":-3.325401551,"ACH-000141":7.098280168,"ACH-000142":-3.465215692,"ACH-000143":-0.683318727,"ACH-000146":-2.141950997,"ACH-000148":-3.650469681,"ACH-000150":-3.757488784,"ACH-000151":-1.323260528,"ACH-000152":-2.426333936,"ACH-000153":-0.25083584,"ACH-000159":-4.452418666,"ACH-000160":-3.712449812,"ACH-000163":-3.905951513,"ACH-000164":-4.069169193,"ACH-000167":-3.497179755,"ACH-000168":-3.439540187,"ACH-000169":-2.919910357,"ACH-000174":-0.184196913,"ACH-000178":-1.243703358,"ACH-000182":1.078301737,"ACH-000183":-1.673595701,"ACH-000187":-3.412624307,"ACH-000188":-3.837618428,"ACH-000189":-1.929677698,"ACH-000190":-1.66283494,"ACH-000198":-3.43468021,"ACH-000200":-2.622311332,"ACH-000202":-1.695310577,"ACH-000204":-3.764939283,"ACH-000206":-1.726002949,"ACH-000207":-4.889008123,"ACH-000209":-2.384811033,"ACH-000211":-3.409997883,"ACH-000212":-3.755438526,"ACH-000215":-4.666493109,"ACH-000217":-2.970333794,"ACH-000219":-4.056036096,"ACH-000221":-3.153161752,"ACH-000222":-1.955861416,"ACH-000223":-2.523073344,"ACH-000226":-1.387923636,"ACH-000227":-0.222044071,"ACH-000228":-4.439468437,"ACH-000231":0.159642797,"ACH-000232":-3.80691588,"ACH-000233":-3.545601032,"ACH-000234":-5.027343999,"ACH-000235":-1.7204302,"ACH-000237":-4.189202646,"ACH-000238":-4.558445045,"ACH-000243":0.093543396,"ACH-000244":-1.037673164,"ACH-000246":-2.895803696,"ACH-000247":-0.413669,"ACH-000248":-2.20119657,"ACH-000249":-3.332430955,"ACH-000250":-3.990066814,"ACH-000251":0.159390017,"ACH-000253":5.488630428,"ACH-000255":-2.350313156,"ACH-000256":-4.119599585,"ACH-000257":-3.960240378,"ACH-000258":4.191608116,"ACH-000259":-3.559069353,"ACH-000260":-2.400333618,"ACH-000261":-2.470042742,"ACH-000262":-4.010286811,"ACH-000263":-3.215880836,"ACH-000264":-1.704988332,"ACH-000265":-2.798593772,"ACH-000266":-3.050932629,"ACH-000271":-4.209607548,"ACH-000272":-1.524046646,"ACH-000273":-3.713884214,"ACH-000274":0.347726046,"ACH-000276":-1.360205777,"ACH-000277":1.521050637,"ACH-000278":0.101121,"ACH-000279":-5.177778839,"ACH-000280":-5.003058925,"ACH-000281":-4.019170072,"ACH-000286":-0.192412532,"ACH-000288":-4.572779524,"ACH-000290":7.311165515,"ACH-000291":1.251263271,"ACH-000292":-2.280865604,"ACH-000293":-4.009621204,"ACH-000294":-4.134226639,"ACH-000295":-3.209946427,"ACH-000296":-3.558802805,"ACH-000302":-2.32112318,"ACH-000304":-0.93620529,"ACH-000305":3.86135984,"ACH-000307":-3.159780414,"ACH-000308":0.242405727,"ACH-000310":-2.075044566,"ACH-000311":-1.624693342,"ACH-000312":-1.377720259,"ACH-000315":-0.271252623,"ACH-000316":-4.607511392,"ACH-000317":-2.579478769,"ACH-000318":-2.51985806,"ACH-000319":-2.067054616,"ACH-000320":-1.237619645,"ACH-000322":-4.238317795,"ACH-000323":-2.116443535,"ACH-000324":-4.427837733,"ACH-000326":-1.23240323,"ACH-000329":-5.138459366,"ACH-000330":-1.83230406,"ACH-000331":-1.812656396,"ACH-000332":10.0630733,"ACH-000334":-2.970018565,"ACH-000335":-3.535598094,"ACH-000336":-2.004516495,"ACH-000337":1.286711076,"ACH-000339":-1.119833346,"ACH-000341":-1.928290434,"ACH-000343":9.524957113,"ACH-000344":-4.346960221,"ACH-000348":-4.528708167,"ACH-000350":-3.957618556,"ACH-000352":-3.971177593,"ACH-000355":-2.653366846,"ACH-000356":3.010903323,"ACH-000361":-2.764328868,"ACH-000362":-2.556214967,"ACH-000363":-3.683987716,"ACH-000364":-1.773937132,"ACH-000365":-4.469958763,"ACH-000366":-3.888300595,"ACH-000368":-4.637106078,"ACH-000370":-1.52194185,"ACH-000374":-3.947990922,"ACH-000375":-2.407734037,"ACH-000376":0.544313522,"ACH-000377":-3.225259003,"ACH-000378":-3.228173675,"ACH-000381":4.667988931,"ACH-000383":-5.336507675,"ACH-000385":-5.419037584,"ACH-000387":-2.957474202,"ACH-000389":-3.833304563,"ACH-000390":-2.362016524,"ACH-000393":-5.286964348,"ACH-000395":-2.212443862,"ACH-000397":-2.156641972,"ACH-000401":-3.562445808,"ACH-000402":-3.242985208,"ACH-000403":2.882902692,"ACH-000404":-2.928315227,"ACH-000405":-1.794306343,"ACH-000406":-4.78979811,"ACH-000407":-4.2864413,"ACH-000408":-2.85167518,"ACH-000410":-1.537458146,"ACH-000411":-3.687018457,"ACH-000414":-3.65762017,"ACH-000415":-2.491662872,"ACH-000416":-1.229005315,"ACH-000420":-2.037920415,"ACH-000421":3.322316433,"ACH-000422":-3.887292166,"ACH-000424":-2.111922677,"ACH-000425":2.629508256,"ACH-000426":-4.598512384,"ACH-000427":1.547465124,"ACH-000431":-3.134376842,"ACH-000433":-0.124497383,"ACH-000434":-2.233374101,"ACH-000435":2.718115799,"ACH-000436":-4.504103217,"ACH-000437":-4.574156319,"ACH-000438":-1.830446582,"ACH-000444":-3.171689567,"ACH-000445":-2.789117992,"ACH-000448":-1.835738592,"ACH-000450":-2.739930537,"ACH-000452":3.816838255,"ACH-000454":-4.145702318,"ACH-000458":-2.155044305,"ACH-000459":-3.179476412,"ACH-000460":-1.332714595,"ACH-000461":-1.438062452,"ACH-000463":-2.017169473,"ACH-000464":-4.137554719,"ACH-000466":-3.994186944,"ACH-000467":3.585932743,"ACH-000468":-2.646873389,"ACH-000469":-4.841484726,"ACH-000470":-3.424128669,"ACH-000471":-4.188975892,"ACH-000472":-5.174066443,"ACH-000473":-4.113965378,"ACH-000475":-4.901836715,"ACH-000476":-4.175794143,"ACH-000477":-5.216381684,"ACH-000478":-3.647371583,"ACH-000480":7.274946798,"ACH-000481":-4.240222701,"ACH-000483":4.673758097,"ACH-000484":-4.184642235,"ACH-000485":1.357530506,"ACH-000486":-0.607392876,"ACH-000487":-4.278228835,"ACH-000488":-1.998868259,"ACH-000490":-1.902101415,"ACH-000491":-4.59693303,"ACH-000493":-4.221352896,"ACH-000495":-3.75180397,"ACH-000496":-2.949496074,"ACH-000498":-4.077118719,"ACH-000499":-1.039244274,"ACH-000500":-3.498596452,"ACH-000502":-3.918320149,"ACH-000503":-0.585628771,"ACH-000504":0.150731451,"ACH-000505":-3.731431953,"ACH-000507":-1.681553694,"ACH-000510":-3.705801325,"ACH-000511":3.943613766,"ACH-000512":-3.842934563,"ACH-000514":0.074401079,"ACH-000516":-4.948915669,"ACH-000517":-4.662837528,"ACH-000518":-4.313727853,"ACH-000520":-3.773407328,"ACH-000521":-3.966786648,"ACH-000522":-3.298006693,"ACH-000524":-2.90977735,"ACH-000527":2.549764509,"ACH-000528":-1.541022859,"ACH-000535":-0.051954022,"ACH-000537":-3.381800034,"ACH-000541":-4.130615205,"ACH-000542":-4.06692142,"ACH-000544":3.066131161,"ACH-000545":2.642150856,"ACH-000547":-0.526127375,"ACH-000548":-1.962985254,"ACH-000549":-2.47719017,"ACH-000550":-1.513400194,"ACH-000551":-4.773166768,"ACH-000552":-0.684270782,"ACH-000556":2.58937529,"ACH-000557":-5.361065973,