{"scores":{"ACH-000004":-0.273149009,"ACH-000005":1.279439684,"ACH-000007":1.581086507,"ACH-000009":1.952896957,"ACH-000011":0.963219217,"ACH-000012":-14.44806253,"ACH-000013":1.674815277,"ACH-000014":1.742230693,"ACH-000015":0.17458406,"ACH-000017":1.696146159,"ACH-000018":-1.448320457,"ACH-000019":1.360685955,"ACH-000021":1.922996754,"ACH-000022":1.85658498,"ACH-000024":0.654579036,"ACH-000025":1.344351906,"ACH-000028":1.817143176,"ACH-000029":-7.002257364,"ACH-000030":-3.197284881,"ACH-000035":0.68870189,"ACH-000036":-0.13044509,"ACH-000037":-0.525845276,"ACH-000039":1.531595524,"ACH-000040":-1.52585428,"ACH-000041":1.962658128,"ACH-000042":1.985860467,"ACH-000045":-3.024286508,"ACH-000047":1.648641756,"ACH-000048":1.970056588,"ACH-000052":1.722644087,"ACH-000053":1.701992511,"ACH-000054":1.750679845,"ACH-000055":1.771553796,"ACH-000060":1.77380059,"ACH-000067":0.527860143,"ACH-000070":0.267328219,"ACH-000074":1.958019466,"ACH-000075":1.802628229,"ACH-000076":1.917531644,"ACH-000078":1.989114422,"ACH-000082":0.212857506,"ACH-000085":1.982342214,"ACH-000086":0.79111601,"ACH-000087":1.988652257,"ACH-000092":-10.09849767,"ACH-000095":1.904898556,"ACH-000096":1.883260515,"ACH-000097":1.83171644,"ACH-000098":-1.35973751,"ACH-000099":1.939436364,"ACH-000108":1.915152221,"ACH-000111":1.686243264,"ACH-000113":-2.761458062,"ACH-000114":0.772880143,"ACH-000115":1.616790553,"ACH-000116":1.753973323,"ACH-000118":-4.988698181,"ACH-000120":1.989011688,"ACH-000123":1.577759361,"ACH-000127":-5.296662968,"ACH-000128":1.42698827,"ACH-000132":1.983184555,"ACH-000133":-2.629469993,"ACH-000137":1.967224362,"ACH-000138":1.422791214,"ACH-000141":1.974900851,"ACH-000142":1.949077206,"ACH-000143":1.381761142,"ACH-000146":0.377478396,"ACH-000148":1.805659264,"ACH-000150":1.946311673,"ACH-000151":-0.484490939,"ACH-000152":1.330165034,"ACH-000153":0.550675526,"ACH-000159":-3.691986599,"ACH-000160":1.928799284,"ACH-000163":-0.690261405,"ACH-000164":-0.529509821,"ACH-000167":0.871337517,"ACH-000168":0.251322362,"ACH-000169":0.806819488,"ACH-000174":1.930582188,"ACH-000178":1.880451968,"ACH-000182":1.402620521,"ACH-000183":-6.283523562,"ACH-000187":1.988172362,"ACH-000188":1.87086257,"ACH-000189":1.321009395,"ACH-000190":-1.248286993,"ACH-000198":-0.262310608,"ACH-000200":0.705415236,"ACH-000202":-0.176808605,"ACH-000204":-2.082003375,"ACH-000206":0.380000306,"ACH-000207":1.896157228,"ACH-000209":1.278388822,"ACH-000211":1.87768365,"ACH-000212":-0.422657819,"ACH-000215":1.957282441,"ACH-000217":1.982866123,"ACH-000219":0.367139399,"ACH-000221":1.984981851,"ACH-000222":1.380742614,"ACH-000223":1.875099301,"ACH-000226":1.748332506,"ACH-000227":1.549026519,"ACH-000228":1.983621593,"ACH-000231":0.446086599,"ACH-000232":1.986531666,"ACH-000233":-2.174616209,"ACH-000234":0.038591315,"ACH-000235":1.551100601,"ACH-000237":1.39308721,"ACH-000238":0.084437549,"ACH-000243":1.748252413,"ACH-000244":-0.452288193,"ACH-000246":1.899353829,"ACH-000247":1.045240323,"ACH-000248":1.964173769,"ACH-000249":1.823843982,"ACH-000250":-4.394394087,"ACH-000251":0.332740398,"ACH-000253":1.949717184,"ACH-000255":1.322765021,"ACH-000256":-4.278178797,"ACH-000257":1.656669082,"ACH-000258":1.880505512,"ACH-000259":1.612178413,"ACH-000260":1.914641346,"ACH-000261":1.571579402,"ACH-000262":-1.544144645,"ACH-000263":-1.006387877,"ACH-000264":1.587469894,"ACH-000265":1.521752929,"ACH-000266":1.967971527,"ACH-000271":1.466576223,"ACH-000272":0.40654419,"ACH-000273":-11.4632563,"ACH-000274":-0.361260151,"ACH-000276":1.960158547,"ACH-000277":1.98529376,"ACH-000278":1.813957525,"ACH-000279":1.502085906,"ACH-000280":1.98323146,"ACH-000281":1.361806004,"ACH-000286":0.641360611,"ACH-000288":1.461212822,"ACH-000290":0.422103639,"ACH-000291":1.856066444,"ACH-000292":1.756003053,"ACH-000293":-0.465134105,"ACH-000294":1.356685498,"ACH-000295":0.595893231,"ACH-000296":1.834521575,"ACH-000302":1.741073006,"ACH-000304":1.817720732,"ACH-000305":0.470913374,"ACH-000307":1.930176898,"ACH-000308":1.905877445,"ACH-000310":1.58384843,"ACH-000311":1.936462702,"ACH-000312":1.985390491,"ACH-000315":0.335177943,"ACH-000316":0.650757456,"ACH-000317":0.586309539,"ACH-000318":1.484934912,"ACH-000319":1.981896576,"ACH-000320":1.042873744,"ACH-000322":1.097980337,"ACH-000323":1.955646768,"ACH-000324":-0.390192071,"ACH-000326":1.984645891,"ACH-000329":1.133549082,"ACH-000330":1.95016637,"ACH-000331":-6.072516601,"ACH-000332":1.407743969,"ACH-000334":0.835796735,"ACH-000335":1.947564333,"ACH-000336":1.835922718,"ACH-000337":1.810536811,"ACH-000339":0.857266013,"ACH-000341":1.729869709,"ACH-000343":1.988813992,"ACH-000344":1.340053222,"ACH-000348":1.627968111,"ACH-000350":1.642507799,"ACH-000352":1.775600105,"ACH-000355":1.681373062,"ACH-000356":1.743077956,"ACH-000361":0.886293662,"ACH-000362":-1.142696125,"ACH-000363":-9.638057569,"ACH-000364":0.907904942,"ACH-000365":-4.370083859,"ACH-000366":1.870674684,"ACH-000368":-1.820333965,"ACH-000370":1.081275578,"ACH-000374":0.513526589,"ACH-000375":0.864338214,"ACH-000376":-1.19401253,"ACH-000377":1.20103256,"ACH-000378":1.689495393,"ACH-000381":-0.151675864,"ACH-000383":1.002462954,"ACH-000385":1.97405524,"ACH-000387":0.504409882,"ACH-000389":1.063078595,"ACH-000390":1.985264454,"ACH-000393":1.902347867,"ACH-000395":1.577746436,"ACH-000397":-4.662617706,"ACH-000401":-1.822184709,"ACH-000402":-0.083986173,"ACH-000403":1.97190896,"ACH-000404":0.659054893,"ACH-000405":1.306844586,"ACH-000406":0.816478395,"ACH-000407":1.977172166,"ACH-000408":1.839560051,"ACH-000410":1.947030995,"ACH-000411":1.947164838,"ACH-000414":1.986857156,"ACH-000415":-0.105204686,"ACH-000416":1.628085536,"ACH-000420":1.978650744,"ACH-000421":1.638519003,"ACH-000422":1.704315221,"ACH-000424":1.474960908,"ACH-000425":1.602997767,"ACH-000426":0.525592362,"ACH-000427":1.602731573,"ACH-000431":1.484410962,"ACH-000433":1.345903556,"ACH-000434":0.382312559,"ACH-000435":0.615199796,"ACH-000436":-2.468859381,"ACH-000437":0.396006068,"ACH-000438":-3.316868632,"ACH-000444":1.759249954,"ACH-000445":1.764079036,"ACH-000448":1.855930369,"ACH-000450":0.950940343,"ACH-000452":1.985331643,"ACH-000454":0.797434906,"ACH-000458":1.715605864,"ACH-000459":1.185421624,"ACH-000460":-0.296591013,"ACH-000461":1.984704757,"ACH-000463":1.981953514,"ACH-000464":1.923426669,"ACH-000466":0.309748527,"ACH-000467":1.925724609,"ACH-000468":1.487827748,"ACH-000469":-1.631472222,"ACH-000470":0.69519103,"ACH-000471":-2.225369106,"ACH-000472":0.807395292,"ACH-000473":1.774520721,"ACH-000475":-2.457907653,"ACH-000476":1.931253493,"ACH-000477":0.821234167,"ACH-000478":-9.710397899,"ACH-000480":-0.595798321,"ACH-000481":1.973353478,"ACH-000483":-0.414143877,"ACH-000484":0.308039958,"ACH-000485":1.985007637,"ACH-000486":1.070526571,"ACH-000487":1.556124061,"ACH-000488":1.988443976,"ACH-000490":1.969934087,"ACH-000491":0.386253783,"ACH-000493":-0.112062069,"ACH-000495":1.483883884,"ACH-000496":1.110726004,"ACH-000498":-0.297523178,"ACH-000499":1.773897993,"ACH-000500":0.408976037,"ACH-000502":1.54138744,"ACH-000503":1.710108817,"ACH-000504":-7.030840363,"ACH-000505":1.836623792,"ACH-000507":1.751483275,"ACH-000510":1.835102595,"ACH-000511":1.234028521,"ACH-000512":-4.754825051,"ACH-000514":1.708964533,"ACH-000516":1.988607607,"ACH-000517":1.960599024,"ACH-000518":1.874709616,"ACH-000520":1.337120377,"ACH-000521":-2.337831286,"ACH-000522":1.085945444,"ACH-000524":1.873142806,"ACH-000527":-7.694796845,"ACH-000528":1.567533923,"ACH-000535":1.522030533,"ACH-000537":0.740433108,"ACH-000541":-0.116002566,"ACH-000542":-7.008275755,"ACH-000544":-6.730074791,"ACH-000545":1.402436045,"ACH-000547":1.158787505,"ACH-000548":-1.764750159,"ACH-000549":1.988186143,"ACH-000550":1.037762862,"ACH-000551":1.110348421,"ACH-000552":0.899928784,"ACH-000556":1.924092266,"ACH-000557":1.869730975,"ACH-000563":1.759277287,"ACH-000570":1.738370301,"ACH-000571":1.707031883,"ACH-000573":1.415380912,"ACH-000576":-5.656106235,"ACH-000577":0.724933916,"ACH-000579":0.142812627,