{"scores":{"ACH-000004":-0.623127466,"ACH-000005":-20,"ACH-000007":-5.564892408,"ACH-000009":-15.09114051,"ACH-000011":2.085623461,"ACH-000012":1.876703079,"ACH-000013":1.877965463,"ACH-000014":2.089149328,"ACH-000015":1.91729055,"ACH-000017":2.079178236,"ACH-000018":2.082893066,"ACH-000019":-0.352704373,"ACH-000021":2.088708502,"ACH-000022":-17.25746192,"ACH-000024":1.884751894,"ACH-000025":-0.31613563,"ACH-000028":-0.170558527,"ACH-000029":1.287379675,"ACH-000030":1.652758452,"ACH-000035":2.043263361,"ACH-000036":1.542898076,"ACH-000037":1.994482475,"ACH-000039":1.877228338,"ACH-000040":-3.422640211,"ACH-000041":0.920974287,"ACH-000042":1.892458744,"ACH-000045":1.975508351,"ACH-000047":2.088183441,"ACH-000048":2.048402851,"ACH-000052":1.152604561,"ACH-000053":1.681840239,"ACH-000054":-4.909793803,"ACH-000055":2.068332697,"ACH-000060":1.803728236,"ACH-000067":1.958504078,"ACH-000070":1.456099198,"ACH-000074":1.669663532,"ACH-000075":2.084122392,"ACH-000076":2.084843649,"ACH-000078":1.933129119,"ACH-000082":-2.382818342,"ACH-000085":2.077967032,"ACH-000086":0.911803018,"ACH-000087":1.217992002,"ACH-000092":2.085213952,"ACH-000095":-0.804927534,"ACH-000096":2.077475576,"ACH-000097":1.150698663,"ACH-000098":1.915565491,"ACH-000099":2.087698178,"ACH-000108":1.524262188,"ACH-000111":2.050536815,"ACH-000113":1.699891431,"ACH-000114":2.056124343,"ACH-000115":1.414627517,"ACH-000116":1.964790342,"ACH-000118":1.993585803,"ACH-000120":1.254125552,"ACH-000123":1.594128434,"ACH-000127":1.935885514,"ACH-000128":1.792133333,"ACH-000132":2.081132547,"ACH-000133":-20,"ACH-000137":1.649020394,"ACH-000138":-3.052538544,"ACH-000141":-0.558665559,"ACH-000142":2.032227943,"ACH-000143":1.603269973,"ACH-000146":2.07437512,"ACH-000148":1.91362009,"ACH-000150":1.814062866,"ACH-000151":-0.947504274,"ACH-000152":1.292494675,"ACH-000153":1.898421237,"ACH-000159":1.681413718,"ACH-000160":2.080039606,"ACH-000163":1.067294698,"ACH-000164":1.903774812,"ACH-000167":2.001032344,"ACH-000168":2.057815436,"ACH-000169":1.983711637,"ACH-000174":2.019736569,"ACH-000178":1.67078946,"ACH-000182":-20,"ACH-000183":1.830312071,"ACH-000187":1.774575737,"ACH-000188":1.504512272,"ACH-000189":-0.456579474,"ACH-000190":2.088413706,"ACH-000198":2.052523169,"ACH-000200":2.087301952,"ACH-000202":1.225814991,"ACH-000204":1.713099026,"ACH-000206":1.853248821,"ACH-000207":1.919275024,"ACH-000209":1.239288125,"ACH-000211":1.690440719,"ACH-000212":2.085601622,"ACH-000215":1.817950739,"ACH-000217":2.022970143,"ACH-000219":1.394087388,"ACH-000221":0.521971552,"ACH-000222":2.04295575,"ACH-000223":1.993481189,"ACH-000226":-7.091811539,"ACH-000227":1.232494212,"ACH-000228":-0.054164775,"ACH-000231":1.077348438,"ACH-000232":0.821651154,"ACH-000233":1.907507388,"ACH-000234":1.492404466,"ACH-000235":-3.200436517,"ACH-000237":1.166698197,"ACH-000238":-2.563403114,"ACH-000243":1.321484804,"ACH-000244":0.894904604,"ACH-000246":1.564313464,"ACH-000247":-4.997766794,"ACH-000248":2.042438124,"ACH-000249":-1.689039115,"ACH-000250":-0.335948241,"ACH-000251":1.420245518,"ACH-000253":-16.33936471,"ACH-000255":1.71644425,"ACH-000256":2.087695313,"ACH-000257":1.97021497,"ACH-000258":1.913077242,"ACH-000259":1.531030489,"ACH-000260":1.952690445,"ACH-000261":1.985622055,"ACH-000262":1.479775862,"ACH-000263":2.073854543,"ACH-000264":0.589366667,"ACH-000265":2.031224734,"ACH-000266":-20,"ACH-000271":1.032667714,"ACH-000272":1.770648507,"ACH-000273":2.040645109,"ACH-000274":1.958335021,"ACH-000276":-20,"ACH-000277":-1.038432795,"ACH-000278":1.322201417,"ACH-000279":0.620896943,"ACH-000280":1.470867211,"ACH-000281":-1.233322073,"ACH-000286":-0.85289178,"ACH-000288":1.859926566,"ACH-000290":2.07834527,"ACH-000291":1.410619654,"ACH-000292":1.635422269,"ACH-000293":1.996915257,"ACH-000294":1.7236585,"ACH-000295":1.576248525,"ACH-000296":-20,"ACH-000302":1.882025418,"ACH-000304":-1.574620542,"ACH-000305":-3.633464473,"ACH-000307":1.955626892,"ACH-000308":1.428251295,"ACH-000310":1.899890346,"ACH-000311":2.087421582,"ACH-000312":1.691406781,"ACH-000315":1.885281129,"ACH-000316":-0.969039691,"ACH-000317":1.465065629,"ACH-000318":1.826142597,"ACH-000319":1.842628998,"ACH-000320":1.895388422,"ACH-000322":0.729844461,"ACH-000323":2.034346816,"ACH-000324":1.026204299,"ACH-000326":-20,"ACH-000329":1.534598675,"ACH-000330":1.666668246,"ACH-000331":2.078834509,"ACH-000332":-2.64810764,"ACH-000334":1.85116604,"ACH-000335":1.498682254,"ACH-000336":0.99116775,"ACH-000337":1.518439126,"ACH-000339":1.718494207,"ACH-000341":1.887120272,"ACH-000343":0.55525514,"ACH-000344":0.862931654,"ACH-000348":-1.857309702,"ACH-000350":-8.435562432,"ACH-000352":-20,"ACH-000355":-0.205025038,"ACH-000356":1.100698918,"ACH-000361":1.195732401,"ACH-000362":2.049620616,"ACH-000363":2.083934722,"ACH-000364":1.430168444,"ACH-000365":1.283245682,"ACH-000366":1.426365201,"ACH-000368":2.047437158,"ACH-000370":-1.568335482,"ACH-000374":1.643400179,"ACH-000375":2.0879519,"ACH-000376":2.075809944,"ACH-000377":1.344952742,"ACH-000378":1.765275548,"ACH-000381":-4.250860931,"ACH-000383":1.799369782,"ACH-000385":1.981901452,"ACH-000387":1.156402748,"ACH-000389":1.430444883,"ACH-000390":1.457276348,"ACH-000393":1.644016005,"ACH-000395":1.383257072,"ACH-000397":0.602236012,"ACH-000401":1.79479068,"ACH-000402":1.898020117,"ACH-000403":1.494629254,"ACH-000404":1.701769376,"ACH-000405":2.073387986,"ACH-000406":2.055369841,"ACH-000407":1.399383387,"ACH-000408":2.053373409,"ACH-000410":1.899090937,"ACH-000411":1.070776795,"ACH-000414":2.088939705,"ACH-000415":1.375090222,"ACH-000416":1.86767561,"ACH-000420":-20,"ACH-000421":-4.530238088,"ACH-000422":2.032877137,"ACH-000424":-20,"ACH-000425":-1.271911547,"ACH-000426":1.445005793,"ACH-000427":0.992910114,"ACH-000431":2.025091417,"ACH-000433":-20,"ACH-000434":1.724569795,"ACH-000435":2.088668594,"ACH-000436":2.083752616,"ACH-000437":2.030230495,"ACH-000438":2.089150777,"ACH-000444":0.99183159,"ACH-000445":0.742234883,"ACH-000448":2.031925269,"ACH-000450":2.03491166,"ACH-000452":2.067816639,"ACH-000454":2.085593545,"ACH-000458":2.067827223,"ACH-000459":2.03138708,"ACH-000460":1.815416667,"ACH-000461":1.574979657,"ACH-000463":2.059684275,"ACH-000464":-20,"ACH-000466":1.959204151,"ACH-000467":-4.191918331,"ACH-000468":-1.968674998,"ACH-000469":2.052003096,"ACH-000470":-0.80122561,"ACH-000471":1.075205207,"ACH-000472":-1.350127658,"ACH-000473":1.950166674,"ACH-000475":1.15934791,"ACH-000476":1.728446229,"ACH-000477":2.088767503,"ACH-000478":-2.235769891,"ACH-000480":1.124960453,"ACH-000481":1.652347186,"ACH-000483":0.783788151,"ACH-000484":1.87373922,"ACH-000485":-20,"ACH-000486":0.512788669,"ACH-000487":2.079412811,"ACH-000488":-0.156449081,"ACH-000490":1.744280974,"ACH-000491":1.59122595,"ACH-000493":-3.477981557,"ACH-000495":2.054475759,"ACH-000496":1.887070066,"ACH-000498":0.928249297,"ACH-000499":1.740032737,"ACH-000500":-20,"ACH-000502":-2.061720761,"ACH-000503":1.502192448,"ACH-000504":1.99989385,"ACH-000505":1.907142189,"ACH-000507":0.529849652,"ACH-000510":2.078029148,"ACH-000511":2.013902839,"ACH-000512":1.376975603,"ACH-000514":1.097136568,"ACH-000516":-0.050304612,"ACH-000517":1.924856914,"ACH-000518":2.086929509,"ACH-000520":1.580634479,"ACH-000521":1.833301309,"ACH-000522":1.853430322,"ACH-000524":2.048953815,"ACH-000527":-20,"ACH-000528":2.079245849,"ACH-000535":1.793439081,"ACH-000537":2.017677157,"ACH-000541":1.617497144,"ACH-000542":-0.848846575,"ACH-000544":1.53018145,"ACH-000545":2.047031703,"ACH-000547":2.082466705,"ACH-000548":1.518271493,"ACH-000549":1.089954001,"ACH-000550":0.462243443,"ACH-000551":0.753729338,"ACH-000552":-2.324785324,"ACH-000556":1.916006693,"ACH-000557":2.07085393,"ACH-000563":2.088640137,"ACH-000570":1.115343976,"ACH-000571":1.991360066,"ACH-000573":2.08481953,"ACH-000576":2.065890322,"ACH-000577":1.937638489,"ACH-000579":1.655516289,"ACH-000580":1.85766358,"ACH-000581":1.787732463,"ACH-000583":1.136804824,"ACH-000584":1.507168005,"ACH-000585":1.831485382,"ACH-000587":-20,"ACH-000588":1.579966181,