{"scores":{"ACH-000004":10.11065795,"ACH-000005":9.304764918,"ACH-000007":3.754308711,"ACH-000009":7.217693063,"ACH-000011":8.385008133,"ACH-000012":10.32683907,"ACH-000013":10.19870402,"ACH-000014":10.61281707,"ACH-000015":9.759088121,"ACH-000017":7.717025192,"ACH-000018":10.38394137,"ACH-000019":9.281058701,"ACH-000021":10.79098625,"ACH-000022":9.16818478,"ACH-000024":9.70735744,"ACH-000025":9.069409834,"ACH-000028":10.01816501,"ACH-000029":8.824123551,"ACH-000030":9.96998735,"ACH-000035":10.69234115,"ACH-000036":10.79191315,"ACH-000037":7.831904571,"ACH-000039":10.84067832,"ACH-000040":10.72838267,"ACH-000041":10.57348582,"ACH-000042":10.87203715,"ACH-000045":8.873589477,"ACH-000047":10.53284376,"ACH-000048":10.64739114,"ACH-000052":5.833727017,"ACH-000053":5.747756784,"ACH-000054":10.82657827,"ACH-000055":9.129386887,"ACH-000060":10.76308804,"ACH-000067":9.062464693,"ACH-000070":9.713213597,"ACH-000074":10.63959603,"ACH-000075":10.52278393,"ACH-000076":6.836184832,"ACH-000078":9.86808663,"ACH-000082":8.80815225,"ACH-000085":8.110745036,"ACH-000086":8.508075633,"ACH-000087":10.31542913,"ACH-000092":8.793489566,"ACH-000095":9.914692569,"ACH-000096":10.02093736,"ACH-000097":8.218432427,"ACH-000098":9.946383322,"ACH-000099":10.20058526,"ACH-000108":10.66875671,"ACH-000111":7.923487427,"ACH-000113":9.866970222,"ACH-000114":9.909115458,"ACH-000115":4.823894146,"ACH-000116":10.86893687,"ACH-000118":9.728587463,"ACH-000120":9.83599337,"ACH-000123":5.88801015,"ACH-000127":10.8276639,"ACH-000128":8.348200103,"ACH-000132":8.67293491,"ACH-000133":9.729456825,"ACH-000137":10.12783644,"ACH-000138":10.7955507,"ACH-000141":9.749710932,"ACH-000142":10.49898625,"ACH-000143":10.49123457,"ACH-000146":8.308081463,"ACH-000148":9.337736504,"ACH-000150":8.614772613,"ACH-000151":7.55267706,"ACH-000152":10.50531334,"ACH-000153":9.560749863,"ACH-000159":10.22221305,"ACH-000160":9.676228551,"ACH-000163":10.82901874,"ACH-000164":10.80151525,"ACH-000167":10.34161724,"ACH-000168":10.43869172,"ACH-000169":9.229302765,"ACH-000174":9.326865498,"ACH-000178":8.015841199,"ACH-000182":10.24587095,"ACH-000183":7.316929638,"ACH-000187":7.830927764,"ACH-000188":8.598043276,"ACH-000189":10.33321378,"ACH-000190":9.042771654,"ACH-000198":7.07794161,"ACH-000200":6.923569947,"ACH-000202":6.703264941,"ACH-000204":10.09225502,"ACH-000206":9.34760638,"ACH-000207":9.39500431,"ACH-000209":8.786927663,"ACH-000211":9.553565837,"ACH-000212":10.38983567,"ACH-000215":10.39367694,"ACH-000217":8.883453945,"ACH-000219":8.531631829,"ACH-000221":9.366303766,"ACH-000222":10.85848036,"ACH-000223":9.410501225,"ACH-000226":4.489379033,"ACH-000227":9.342630146,"ACH-000228":9.186951722,"ACH-000231":10.27124524,"ACH-000232":10.51722788,"ACH-000233":7.77018096,"ACH-000234":10.36087909,"ACH-000235":8.062807789,"ACH-000237":9.43847241,"ACH-000238":10.03763244,"ACH-000243":8.725638909,"ACH-000244":7.990805146,"ACH-000246":10.51231298,"ACH-000247":9.111740492,"ACH-000248":9.410266972,"ACH-000249":10.25807975,"ACH-000250":10.76297876,"ACH-000251":9.247711606,"ACH-000253":9.998880473,"ACH-000255":6.964147705,"ACH-000256":8.980313595,"ACH-000257":10.61567143,"ACH-000258":9.665643937,"ACH-000259":10.6616597,"ACH-000260":8.975233933,"ACH-000261":7.307301964,"ACH-000262":8.112243748,"ACH-000263":8.824308977,"ACH-000264":10.51087275,"ACH-000265":7.888255489,"ACH-000266":10.02572736,"ACH-000271":7.096964269,"ACH-000272":7.564275977,"ACH-000273":10.80568677,"ACH-000274":4.483399655,"ACH-000276":9.0126896,"ACH-000277":8.109390539,"ACH-000278":10.41140522,"ACH-000279":10.86788854,"ACH-000280":10.12072288,"ACH-000281":9.741797111,"ACH-000286":9.7285135,"ACH-000288":10.60462132,"ACH-000290":9.319672265,"ACH-000291":10.75004546,"ACH-000292":7.200358356,"ACH-000293":8.402545354,"ACH-000294":9.075621835,"ACH-000295":9.008420286,"ACH-000296":9.812028357,"ACH-000302":9.85856198,"ACH-000304":8.739898294,"ACH-000305":10.36878712,"ACH-000307":10.66704868,"ACH-000308":10.52903083,"ACH-000310":7.376293555,"ACH-000311":6.581277717,"ACH-000312":10.43338761,"ACH-000315":8.800072829,"ACH-000316":10.82577015,"ACH-000317":9.941566743,"ACH-000318":6.718179711,"ACH-000319":9.23352374,"ACH-000320":7.682181064,"ACH-000322":10.00138463,"ACH-000323":7.046118574,"ACH-000324":8.953930922,"ACH-000326":7.108634055,"ACH-000329":9.108711593,"ACH-000330":7.641427754,"ACH-000331":10.27688143,"ACH-000332":10.38106113,"ACH-000334":7.198211661,"ACH-000335":10.76347468,"ACH-000336":8.022651029,"ACH-000337":10.7682612,"ACH-000339":8.098330033,"ACH-000341":8.654502759,"ACH-000343":8.377892556,"ACH-000344":9.406445658,"ACH-000348":10.85752506,"ACH-000350":6.348605734,"ACH-000352":9.780904169,"ACH-000355":10.15826295,"ACH-000356":7.819834199,"ACH-000361":9.826148067,"ACH-000362":9.927144903,"ACH-000363":7.023090358,"ACH-000364":8.502977654,"ACH-000365":9.536381245,"ACH-000366":10.84170697,"ACH-000368":9.844620557,"ACH-000370":9.865210731,"ACH-000374":7.737824929,"ACH-000375":10.70118673,"ACH-000376":6.333424377,"ACH-000377":8.079809503,"ACH-000378":10.53640476,"ACH-000381":9.373149996,"ACH-000383":7.784389453,"ACH-000385":10.05011093,"ACH-000387":10.66282532,"ACH-000389":8.52170764,"ACH-000390":6.003133082,"ACH-000393":8.824433639,"ACH-000395":10.66869772,"ACH-000397":10.82567684,"ACH-000401":10.22962863,"ACH-000402":8.370438323,"ACH-000403":8.476766968,"ACH-000404":7.909203216,"ACH-000405":9.439275137,"ACH-000406":10.03068187,"ACH-000407":6.214528426,"ACH-000408":9.391609083,"ACH-000410":10.62793112,"ACH-000411":10.5570309,"ACH-000414":7.322222861,"ACH-000415":10.8429096,"ACH-000416":9.774631055,"ACH-000420":7.362181337,"ACH-000421":10.49076224,"ACH-000422":9.468748394,"ACH-000424":10.70621728,"ACH-000425":9.304074288,"ACH-000426":8.828227831,"ACH-000427":9.767191044,"ACH-000431":9.954566633,"ACH-000433":10.68017469,"ACH-000434":8.459588064,"ACH-000435":8.375747151,"ACH-000436":9.313446223,"ACH-000437":10.47469439,"ACH-000438":10.53898193,"ACH-000444":10.43035647,"ACH-000445":10.06677465,"ACH-000448":8.761397903,"ACH-000450":9.102190922,"ACH-000452":9.674516331,"ACH-000454":10.72527624,"ACH-000458":6.043509022,"ACH-000459":10.39790996,"ACH-000460":9.847386625,"ACH-000461":8.405993327,"ACH-000463":10.05438871,"ACH-000464":7.346235956,"ACH-000466":10.51950088,"ACH-000467":10.87084779,"ACH-000468":10.83069564,"ACH-000469":8.398116667,"ACH-000470":10.02968952,"ACH-000471":9.878121086,"ACH-000472":9.838623134,"ACH-000473":10.78413993,"ACH-000475":9.644561626,"ACH-000476":10.7008664,"ACH-000477":4.964733748,"ACH-000478":8.437729501,"ACH-000480":8.466905296,"ACH-000481":5.186674719,"ACH-000483":7.778984915,"ACH-000484":9.900035619,"ACH-000485":10.32062303,"ACH-000486":9.472567533,"ACH-000487":10.19548766,"ACH-000488":10.7715289,"ACH-000490":-17.74851894,"ACH-000491":8.664904383,"ACH-000493":10.58471356,"ACH-000495":7.020369246,"ACH-000496":8.799251794,"ACH-000498":9.581868131,"ACH-000499":8.889646717,"ACH-000500":8.454955557,"ACH-000502":10.31737114,"ACH-000503":9.39968839,"ACH-000504":8.089381729,"ACH-000505":10.72395572,"ACH-000507":10.52795687,"ACH-000510":10.82913667,"ACH-000511":8.551005152,"ACH-000512":10.78311918,"ACH-000514":8.550868659,"ACH-000516":10.22704652,"ACH-000517":6.822479784,"ACH-000518":10.11654437,"ACH-000520":7.750644822,"ACH-000521":10.29214828,"ACH-000522":8.463704997,"ACH-000524":9.04337221,"ACH-000527":9.551640267,"ACH-000528":10.17284386,"ACH-000535":10.31436779,"ACH-000537":9.444648531,"ACH-000541":9.233300008,"ACH-000542":8.446415386,"ACH-000544":10.13649627,"ACH-000545":6.90170589,"ACH-000547":7.383742453,"ACH-000548":10.37904769,"ACH-000549":10.4172045,"ACH-000550":8.501526435,"ACH-000551":9.236665129,"ACH-000552":10.81824265,"ACH-000556":-17.54961466,"ACH-000557":10.8682534,"ACH-000563":10.87406815,"ACH-000570":7.233003789,"ACH-000571":10.69828132,"ACH-000573":10.10836214,"ACH-000576":9.302311631,"ACH-000577":5.589286744,"ACH-000579":7.625138104,"ACH-000580":9.578238031,"ACH-000581":10.63783926,"ACH-000583":9.891853077,