{"scores":{"ACH-000004":2.234706181,"ACH-000005":2.377076242,"ACH-000007":2.114605806,"ACH-000009":1.478706038,"ACH-000011":2.36719935,"ACH-000012":-8.159771709,"ACH-000013":1.987528245,"ACH-000014":2.339159537,"ACH-000015":-2.725462152,"ACH-000017":-1.902826617,"ACH-000018":1.95585964,"ACH-000019":2.30847239,"ACH-000021":2.314031606,"ACH-000022":2.402223927,"ACH-000024":2.316443093,"ACH-000025":1.628554285,"ACH-000028":2.225751424,"ACH-000029":-14.06993711,"ACH-000030":0.191865631,"ACH-000035":1.105262577,"ACH-000036":2.035504054,"ACH-000037":2.102373349,"ACH-000039":0.266967725,"ACH-000040":2.157514251,"ACH-000041":2.401855211,"ACH-000042":-3.126917779,"ACH-000045":0.288531098,"ACH-000047":0.417277227,"ACH-000048":2.395934469,"ACH-000052":1.095293887,"ACH-000053":2.334646862,"ACH-000054":0.213103555,"ACH-000055":0.928664409,"ACH-000060":0.078586851,"ACH-000067":-13.79269899,"ACH-000070":2.079121099,"ACH-000074":1.871219814,"ACH-000075":2.124846753,"ACH-000076":2.167062142,"ACH-000078":1.671799418,"ACH-000082":2.401129241,"ACH-000085":2.39565495,"ACH-000086":1.634087587,"ACH-000087":1.729419792,"ACH-000092":-2.719500391,"ACH-000095":1.939535439,"ACH-000096":1.05371647,"ACH-000097":2.402021559,"ACH-000098":-0.094195276,"ACH-000099":2.190865554,"ACH-000108":1.761914424,"ACH-000111":0.348037677,"ACH-000113":-3.445098439,"ACH-000114":2.402047587,"ACH-000115":0.012193014,"ACH-000116":-11.41706118,"ACH-000118":-12.88891549,"ACH-000120":2.200397379,"ACH-000123":-1.081403574,"ACH-000127":-11.4138806,"ACH-000128":-13.7074148,"ACH-000132":2.245217861,"ACH-000133":2.26997228,"ACH-000137":2.341174221,"ACH-000138":-5.052837099,"ACH-000141":2.297509922,"ACH-000142":2.128713454,"ACH-000143":-3.010453214,"ACH-000146":1.6134043,"ACH-000148":2.249896624,"ACH-000150":2.400133136,"ACH-000151":2.387964825,"ACH-000152":2.046814908,"ACH-000153":-6.620095913,"ACH-000159":1.149267168,"ACH-000160":2.401438239,"ACH-000163":-5.831330914,"ACH-000164":2.36849971,"ACH-000167":-1.189516502,"ACH-000168":0.456607294,"ACH-000169":-15.18302901,"ACH-000174":-3.491608893,"ACH-000178":1.158194717,"ACH-000182":-7.392546677,"ACH-000183":1.215499907,"ACH-000187":1.067028515,"ACH-000188":-1.066849431,"ACH-000189":2.089336093,"ACH-000190":1.106875653,"ACH-000198":2.341471819,"ACH-000200":1.995346084,"ACH-000202":2.392787625,"ACH-000204":1.671998269,"ACH-000206":1.951869663,"ACH-000207":1.834506467,"ACH-000209":2.364705767,"ACH-000211":2.202459619,"ACH-000212":1.080548776,"ACH-000215":2.387530972,"ACH-000217":-2.954727028,"ACH-000219":2.351801483,"ACH-000221":2.402033003,"ACH-000222":2.398373883,"ACH-000223":-12.34036313,"ACH-000226":2.370786156,"ACH-000227":2.05329395,"ACH-000228":1.436196135,"ACH-000231":1.980175448,"ACH-000232":1.808909641,"ACH-000233":1.653673878,"ACH-000234":2.093390649,"ACH-000235":-0.321647922,"ACH-000237":1.381591687,"ACH-000238":2.22902895,"ACH-000243":0.680061984,"ACH-000244":-0.234677769,"ACH-000246":2.343776856,"ACH-000247":-0.30805266,"ACH-000248":1.832024663,"ACH-000249":2.366150876,"ACH-000250":2.372840592,"ACH-000251":-5.375209246,"ACH-000253":2.226943907,"ACH-000255":-4.907937442,"ACH-000256":1.588383192,"ACH-000257":0.277325717,"ACH-000258":1.680945105,"ACH-000259":2.148029375,"ACH-000260":1.995853111,"ACH-000261":1.667906395,"ACH-000262":2.083582837,"ACH-000263":1.231073733,"ACH-000264":1.798569884,"ACH-000265":1.872391248,"ACH-000266":-1.215990069,"ACH-000271":2.247797317,"ACH-000272":2.400083191,"ACH-000273":2.026131974,"ACH-000274":2.396691724,"ACH-000276":2.30097525,"ACH-000277":-1.918218462,"ACH-000278":2.137590798,"ACH-000279":-2.989635946,"ACH-000280":-0.292119291,"ACH-000281":2.401990582,"ACH-000286":-5.329251612,"ACH-000288":0.996574289,"ACH-000290":2.15130448,"ACH-000291":-2.136198255,"ACH-000292":2.153713615,"ACH-000293":0.857586949,"ACH-000294":2.313022914,"ACH-000295":0.951848987,"ACH-000296":1.043223276,"ACH-000302":2.390202923,"ACH-000304":-0.453342274,"ACH-000305":1.680053347,"ACH-000307":-2.118163368,"ACH-000308":-20,"ACH-000310":2.401991037,"ACH-000311":1.939842363,"ACH-000312":2.262388204,"ACH-000315":2.358547329,"ACH-000316":1.599143587,"ACH-000317":2.210787096,"ACH-000318":2.321523645,"ACH-000319":2.145160818,"ACH-000320":1.315115911,"ACH-000322":1.661627373,"ACH-000323":-15.53873365,"ACH-000324":2.236920858,"ACH-000326":1.692606601,"ACH-000329":2.059027495,"ACH-000330":1.712684788,"ACH-000331":1.82655871,"ACH-000332":2.36906347,"ACH-000334":2.350208836,"ACH-000335":0.085289536,"ACH-000336":0.244858204,"ACH-000337":2.087241284,"ACH-000339":2.133597856,"ACH-000341":2.141382147,"ACH-000343":1.91935692,"ACH-000344":-4.37750319,"ACH-000348":-4.444565704,"ACH-000350":0.916135048,"ACH-000352":-12.9927485,"ACH-000355":1.446929316,"ACH-000356":2.298680549,"ACH-000361":2.203608551,"ACH-000362":0.770261713,"ACH-000363":-3.291188191,"ACH-000364":1.512200946,"ACH-000365":-4.85744237,"ACH-000366":2.252728171,"ACH-000368":2.389851152,"ACH-000370":2.401733169,"ACH-000374":0.776113824,"ACH-000375":-1.626341668,"ACH-000376":2.401075597,"ACH-000377":0.83615539,"ACH-000378":-0.697302379,"ACH-000381":-1.909409289,"ACH-000383":2.017612527,"ACH-000385":2.401267929,"ACH-000387":2.378285056,"ACH-000389":1.889384636,"ACH-000390":2.377234735,"ACH-000393":2.32535008,"ACH-000395":-3.467984011,"ACH-000397":-0.273903517,"ACH-000401":0.121870746,"ACH-000402":2.401009173,"ACH-000403":2.328947205,"ACH-000404":1.973976951,"ACH-000405":2.234672617,"ACH-000406":2.102970478,"ACH-000407":2.276544445,"ACH-000408":-3.407410492,"ACH-000410":2.379251367,"ACH-000411":1.480711058,"ACH-000414":2.135158347,"ACH-000415":2.285021962,"ACH-000416":2.34632504,"ACH-000420":-2.7091813,"ACH-000421":1.058045418,"ACH-000422":-7.00155539,"ACH-000424":0.828183971,"ACH-000425":-6.911397765,"ACH-000426":1.832178716,"ACH-000427":-0.693609735,"ACH-000431":2.361797725,"ACH-000433":1.460914923,"ACH-000434":2.311010032,"ACH-000435":-1.619351887,"ACH-000436":2.292038127,"ACH-000437":2.183637951,"ACH-000438":-7.927290015,"ACH-000444":2.01442764,"ACH-000445":2.401275035,"ACH-000448":1.934197647,"ACH-000450":0.181733725,"ACH-000452":2.398222289,"ACH-000454":1.537404643,"ACH-000458":-1.56674767,"ACH-000459":1.113616482,"ACH-000460":1.976503164,"ACH-000461":2.312483281,"ACH-000463":1.760046935,"ACH-000464":2.102750434,"ACH-000466":-7.756299307,"ACH-000467":0.928598195,"ACH-000468":2.330184178,"ACH-000469":2.090859344,"ACH-000470":1.989274564,"ACH-000471":-4.149776309,"ACH-000472":2.396434726,"ACH-000473":1.337299656,"ACH-000475":2.401989845,"ACH-000476":-0.955335683,"ACH-000477":1.882808172,"ACH-000478":1.643085551,"ACH-000480":2.064323028,"ACH-000481":2.068118673,"ACH-000483":2.37904478,"ACH-000484":1.064150575,"ACH-000485":-4.256859552,"ACH-000486":2.319578416,"ACH-000487":-1.52720419,"ACH-000488":1.81843759,"ACH-000490":1.842893912,"ACH-000491":1.890452906,"ACH-000493":2.331993116,"ACH-000495":2.399940962,"ACH-000496":-5.423714406,"ACH-000498":-1.216182664,"ACH-000499":1.841941865,"ACH-000500":1.044432803,"ACH-000502":2.178402041,"ACH-000503":-0.326060996,"ACH-000504":2.402202511,"ACH-000505":2.350396619,"ACH-000507":-0.585910084,"ACH-000510":1.701689081,"ACH-000511":-13.46838552,"ACH-000512":1.926449346,"ACH-000514":2.29629323,"ACH-000516":1.925449514,"ACH-000517":2.311197725,"ACH-000518":-1.889705099,"ACH-000520":1.780060388,"ACH-000521":2.391249735,"ACH-000522":2.04394434,"ACH-000524":1.915434709,"ACH-000527":-6.383682614,"ACH-000528":1.620294461,"ACH-000535":2.395123328,"ACH-000537":2.257638273,"ACH-000541":-3.20360151,"ACH-000542":-2.292126496,"ACH-000544":0.817425436,"ACH-000545":2.302996788,"ACH-000547":-0.111253763,"ACH-000548":1.220785323,"ACH-000549":-9.07770411,"ACH-000550":2.252123528,"ACH-000551":2.310402205,"ACH-000552":2.400869251,"ACH-000556":2.174437793,"ACH-000557":1.657769236,"ACH-000563":-6.444686485,"ACH-000570":2.224448032,"ACH-000571":2.402097939,"ACH-000573":1.051567029,"ACH-000576":2.357434875,"ACH-000577":-3.348739221,"ACH-000579":0.498345261,"ACH-000580":1.092694602,