{"scores":{"ACH-000004":3.432919638,"ACH-000005":2.819615727,"ACH-000007":-2.334227259,"ACH-000009":1.443052637,"ACH-000011":3.46735184,"ACH-000012":3.375269708,"ACH-000013":-0.870731603,"ACH-000014":2.252678381,"ACH-000015":3.139312203,"ACH-000017":-0.403054158,"ACH-000018":3.361425128,"ACH-000019":3.412840964,"ACH-000021":3.459723956,"ACH-000022":-20,"ACH-000024":3.374249604,"ACH-000025":3.468962478,"ACH-000028":3.42191023,"ACH-000029":-20,"ACH-000030":1.883575293,"ACH-000035":3.400305186,"ACH-000036":3.406228159,"ACH-000037":3.387239911,"ACH-000039":-2.053779802,"ACH-000040":3.468168892,"ACH-000041":3.403830215,"ACH-000042":-11.81639962,"ACH-000045":0.098519643,"ACH-000047":3.379519986,"ACH-000048":3.438828313,"ACH-000052":3.468224912,"ACH-000053":3.470410222,"ACH-000054":3.470310328,"ACH-000055":3.046364748,"ACH-000060":0.671083534,"ACH-000067":2.941778862,"ACH-000070":2.10152229,"ACH-000074":3.041929306,"ACH-000075":3.24125036,"ACH-000076":2.955315592,"ACH-000078":3.364846118,"ACH-000082":3.434117735,"ACH-000085":2.746252932,"ACH-000086":3.456113762,"ACH-000087":-0.408024404,"ACH-000092":2.996779224,"ACH-000095":3.469786718,"ACH-000096":2.463343558,"ACH-000097":3.458791728,"ACH-000098":3.008666355,"ACH-000099":3.454525201,"ACH-000108":3.450393159,"ACH-000111":1.115760418,"ACH-000113":-2.851198366,"ACH-000114":3.138912209,"ACH-000115":2.721698101,"ACH-000116":1.494386406,"ACH-000118":2.588925273,"ACH-000120":3.366760172,"ACH-000123":3.336801427,"ACH-000127":3.362060713,"ACH-000128":0.827383614,"ACH-000132":3.46861103,"ACH-000133":0.29543472,"ACH-000137":1.361300068,"ACH-000138":-16.6016593,"ACH-000141":3.017187354,"ACH-000142":-20,"ACH-000143":-2.865842851,"ACH-000146":1.12266447,"ACH-000148":3.470338366,"ACH-000150":3.447814636,"ACH-000151":3.028689277,"ACH-000152":3.136877381,"ACH-000153":3.466976165,"ACH-000159":2.605525091,"ACH-000160":0.383583307,"ACH-000163":3.223554736,"ACH-000164":3.410940974,"ACH-000167":2.917887986,"ACH-000168":-0.126500577,"ACH-000169":3.35217133,"ACH-000174":3.428653583,"ACH-000178":2.999696413,"ACH-000182":3.064551544,"ACH-000183":2.612612321,"ACH-000187":2.337138738,"ACH-000188":2.034974824,"ACH-000189":3.443543848,"ACH-000190":3.409178858,"ACH-000198":2.698908343,"ACH-000200":3.439643352,"ACH-000202":3.466968899,"ACH-000204":2.018704907,"ACH-000206":3.37231091,"ACH-000207":2.342758381,"ACH-000209":2.748265134,"ACH-000211":-10.63827296,"ACH-000212":3.292015144,"ACH-000215":3.284118975,"ACH-000217":3.384278103,"ACH-000219":3.445798344,"ACH-000221":2.974678023,"ACH-000222":-2.884803727,"ACH-000223":-0.133842047,"ACH-000226":3.192876361,"ACH-000227":3.445169476,"ACH-000228":3.467671413,"ACH-000231":2.765812111,"ACH-000232":3.463043253,"ACH-000233":2.142359175,"ACH-000234":1.32823103,"ACH-000235":-9.57733041,"ACH-000237":-4.830880663,"ACH-000238":3.407436153,"ACH-000243":3.388184296,"ACH-000244":3.466539034,"ACH-000246":3.438675892,"ACH-000247":-12.64211689,"ACH-000248":1.306766489,"ACH-000249":1.803847928,"ACH-000250":3.465012588,"ACH-000251":2.374631985,"ACH-000253":-20,"ACH-000255":2.641646688,"ACH-000256":-3.457570318,"ACH-000257":3.27865089,"ACH-000258":3.383392466,"ACH-000259":3.386290199,"ACH-000260":3.377495349,"ACH-000261":3.214030429,"ACH-000262":-9.184874811,"ACH-000263":-3.752493991,"ACH-000264":3.445463719,"ACH-000265":3.255434774,"ACH-000266":-20,"ACH-000271":1.003690169,"ACH-000272":3.334572231,"ACH-000273":-1.498917613,"ACH-000274":3.239499274,"ACH-000276":3.46993846,"ACH-000277":0.087962719,"ACH-000278":3.458713881,"ACH-000279":2.677236427,"ACH-000280":3.462050618,"ACH-000281":-2.042052892,"ACH-000286":-18.41030662,"ACH-000288":3.380478363,"ACH-000290":-1.159555705,"ACH-000291":3.397852567,"ACH-000292":3.430295323,"ACH-000293":3.408519137,"ACH-000294":3.232542,"ACH-000295":2.416801113,"ACH-000296":2.491924607,"ACH-000302":2.172581425,"ACH-000304":1.957915624,"ACH-000305":3.063290596,"ACH-000307":-20,"ACH-000308":3.470396981,"ACH-000310":3.467430005,"ACH-000311":2.179095788,"ACH-000312":3.431796161,"ACH-000315":2.483551995,"ACH-000316":2.542233215,"ACH-000317":3.022705288,"ACH-000318":3.394030264,"ACH-000319":3.307637477,"ACH-000320":3.280935777,"ACH-000322":3.104444971,"ACH-000323":3.470348922,"ACH-000324":-1.656204469,"ACH-000326":3.42498144,"ACH-000329":3.261996078,"ACH-000330":-2.449470842,"ACH-000331":3.339497438,"ACH-000332":-3.220487965,"ACH-000334":0.739713699,"ACH-000335":2.493882594,"ACH-000336":2.956457844,"ACH-000337":-14.89572782,"ACH-000339":2.09904843,"ACH-000341":3.448595382,"ACH-000343":3.452787812,"ACH-000344":3.068958454,"ACH-000348":2.093198787,"ACH-000350":3.101499372,"ACH-000352":3.340460008,"ACH-000355":1.101096182,"ACH-000356":3.465829666,"ACH-000361":3.333410533,"ACH-000362":2.348958164,"ACH-000363":3.241950257,"ACH-000364":3.183458663,"ACH-000365":2.793765083,"ACH-000366":3.221466394,"ACH-000368":3.439976393,"ACH-000370":3.457614983,"ACH-000374":-20,"ACH-000375":2.188303553,"ACH-000376":3.340751013,"ACH-000377":3.424316926,"ACH-000378":3.353156211,"ACH-000381":3.000457161,"ACH-000383":-4.044423475,"ACH-000385":3.311350311,"ACH-000387":3.300200721,"ACH-000389":2.760299769,"ACH-000390":3.451831128,"ACH-000393":3.366056361,"ACH-000395":3.449493598,"ACH-000397":-20,"ACH-000401":3.463439083,"ACH-000402":2.842068404,"ACH-000403":-20,"ACH-000404":3.44604601,"ACH-000405":2.9666855,"ACH-000406":3.4498428,"ACH-000407":3.444545009,"ACH-000408":3.17261543,"ACH-000410":3.44142818,"ACH-000411":3.448368949,"ACH-000414":3.173098095,"ACH-000415":3.402744711,"ACH-000416":2.249359107,"ACH-000420":3.464930934,"ACH-000421":2.517726672,"ACH-000422":3.23500273,"ACH-000424":3.455955487,"ACH-000425":3.260957073,"ACH-000426":-10.22487753,"ACH-000427":0.793025115,"ACH-000431":3.080820271,"ACH-000433":3.453574768,"ACH-000434":3.27276308,"ACH-000435":1.896248995,"ACH-000436":2.887477761,"ACH-000437":3.134845412,"ACH-000438":3.269544025,"ACH-000444":3.440043229,"ACH-000445":2.71098203,"ACH-000448":3.351044912,"ACH-000450":3.336425994,"ACH-000452":2.197648518,"ACH-000454":1.654590337,"ACH-000458":3.005427973,"ACH-000459":3.461655396,"ACH-000460":-20,"ACH-000461":0.109071782,"ACH-000463":3.023813947,"ACH-000464":2.784634122,"ACH-000466":-20,"ACH-000467":3.42411689,"ACH-000468":2.679350013,"ACH-000469":3.35127274,"ACH-000470":-2.272999733,"ACH-000471":-15.87883635,"ACH-000472":3.448067699,"ACH-000473":3.370417801,"ACH-000475":3.354251936,"ACH-000476":-3.253264274,"ACH-000477":3.142968579,"ACH-000478":-7.451381391,"ACH-000480":2.933888471,"ACH-000481":3.436545898,"ACH-000483":3.468788481,"ACH-000484":3.146897308,"ACH-000485":-1.458393233,"ACH-000486":3.349136841,"ACH-000487":2.581068494,"ACH-000488":1.153612413,"ACH-000490":3.366518512,"ACH-000491":3.116394697,"ACH-000493":2.712059299,"ACH-000495":3.136362273,"ACH-000496":3.468631094,"ACH-000498":0.6337716,"ACH-000499":2.845868347,"ACH-000500":2.413577059,"ACH-000502":3.470304595,"ACH-000503":2.664727292,"ACH-000504":3.404849837,"ACH-000505":3.468110406,"ACH-000507":1.249198841,"ACH-000510":3.39541601,"ACH-000511":2.510704899,"ACH-000512":2.735315827,"ACH-000514":3.453957747,"ACH-000516":2.614233486,"ACH-000517":2.697148295,"ACH-000518":3.436508136,"ACH-000520":3.462289738,"ACH-000521":3.366068301,"ACH-000522":3.466746094,"ACH-000524":3.464034793,"ACH-000527":1.645805015,"ACH-000528":2.893181086,"ACH-000535":3.457411482,"ACH-000537":-6.675968746,"ACH-000541":2.958169235,"ACH-000542":3.466671043,"ACH-000544":3.451703934,"ACH-000545":3.321630156,"ACH-000547":3.142822552,"ACH-000548":-12.21642498,"ACH-000549":-10.12240797,"ACH-000550":3.458606195,"ACH-000551":3.324777309,"ACH-000552":2.109120723,"ACH-000556":2.634938555,"ACH-000557":3.253296738,"ACH-000563":3.26691983,"ACH-000570":3.3032257,"ACH-000571":3.382973543,"ACH-000573":3.03556453,"ACH-000576":2.813521539,"ACH-000577":1.564244344,"ACH-000579":3.349864766,"ACH-000580":3.458334165,"ACH-000581":2.29097326,"ACH-000583":0.850127689,"ACH-000584":-2.199344601,"ACH-000585":2.650176219,"ACH-000587":3.436556472,