{"scores":{"ACH-000004":0,"ACH-000005":0.558529513,"ACH-000007":1.23091755,"ACH-000009":1.906311749,"ACH-000011":2.035154392,"ACH-000012":1.924508272,"ACH-000013":0.122303152,"ACH-000014":2.055498856,"ACH-000015":0,"ACH-000017":-3.44237968,"ACH-000018":1.643860901,"ACH-000019":1.832813385,"ACH-000021":2.021217284,"ACH-000022":2.10196769,"ACH-000024":-1.865399689,"ACH-000025":-0.371461141,"ACH-000028":0.927376706,"ACH-000029":0,"ACH-000030":1.470645283,"ACH-000035":0,"ACH-000036":2.062317808,"ACH-000037":-1.423237795,"ACH-000039":0.795111929,"ACH-000040":-4.165971042,"ACH-000041":2.104778472,"ACH-000042":1.402880018,"ACH-000045":-15.83074498,"ACH-000047":1.845182916,"ACH-000048":1.248398808,"ACH-000052":-1.599838693,"ACH-000053":1.167556918,"ACH-000054":0.322175585,"ACH-000055":2.10099661,"ACH-000060":1.653207109,"ACH-000067":0.53769264,"ACH-000070":0.854141259,"ACH-000074":0.615977292,"ACH-000075":0.436072218,"ACH-000076":2.056064786,"ACH-000078":1.903138615,"ACH-000082":0.355641381,"ACH-000085":1.830027137,"ACH-000086":1.665023699,"ACH-000087":0.575757156,"ACH-000092":-9.492247496,"ACH-000095":2.006645481,"ACH-000096":0.067371664,"ACH-000097":1.690224714,"ACH-000098":1.759638267,"ACH-000099":2.109517555,"ACH-000108":1.749522996,"ACH-000111":-2.43095142,"ACH-000113":-1.416845606,"ACH-000114":0.628647808,"ACH-000115":2.021265411,"ACH-000116":-5.836527365,"ACH-000118":1.402272382,"ACH-000120":-1.023482309,"ACH-000123":-20,"ACH-000127":1.709767294,"ACH-000128":0,"ACH-000132":1.55184736,"ACH-000133":1.087767189,"ACH-000137":1.275540209,"ACH-000138":2.048781485,"ACH-000141":0,"ACH-000142":-0.308191759,"ACH-000143":2.109810643,"ACH-000146":-3.08957962,"ACH-000148":1.118288752,"ACH-000150":1.665669898,"ACH-000151":1.185175266,"ACH-000152":0.69631854,"ACH-000153":0.380542795,"ACH-000159":0.621180942,"ACH-000160":1.931854202,"ACH-000163":-16.26000685,"ACH-000164":-3.18249832,"ACH-000167":0.027159713,"ACH-000168":-20,"ACH-000169":1.801074915,"ACH-000174":1.007690718,"ACH-000178":2.109857872,"ACH-000182":0,"ACH-000183":-20,"ACH-000187":0,"ACH-000188":2.109204838,"ACH-000189":1.149394348,"ACH-000190":2.109260725,"ACH-000198":-7.859745927,"ACH-000200":-1.885895919,"ACH-000202":-0.642321231,"ACH-000204":0.932751529,"ACH-000206":2.10395391,"ACH-000207":0.86205007,"ACH-000209":1.378051984,"ACH-000211":-0.57990393,"ACH-000212":2.107474528,"ACH-000215":2.061092904,"ACH-000217":2.109857872,"ACH-000219":-20,"ACH-000221":1.226422023,"ACH-000222":1.39336463,"ACH-000223":-16.13923239,"ACH-000226":-20,"ACH-000227":1.046395632,"ACH-000228":0,"ACH-000231":1.991102801,"ACH-000232":1.750247687,"ACH-000233":-0.137102954,"ACH-000234":-0.333904624,"ACH-000235":1.878530882,"ACH-000237":-0.5875423,"ACH-000238":-20,"ACH-000243":-2.520231299,"ACH-000244":-20,"ACH-000246":-1.465895348,"ACH-000247":2.109857872,"ACH-000248":-1.014958236,"ACH-000249":-20,"ACH-000250":-20,"ACH-000251":0,"ACH-000253":-0.948103203,"ACH-000255":-20,"ACH-000256":1.625416418,"ACH-000257":0.542561591,"ACH-000258":0,"ACH-000259":0.315124969,"ACH-000260":1.835591226,"ACH-000261":2.109857872,"ACH-000262":-20,"ACH-000263":2.109857872,"ACH-000264":-20,"ACH-000265":1.564186788,"ACH-000266":-0.017581034,"ACH-000271":2.082334643,"ACH-000272":0.74860992,"ACH-000273":0,"ACH-000274":1.354489508,"ACH-000276":0.175407502,"ACH-000277":-2.845973374,"ACH-000278":-20,"ACH-000279":-2.861234879,"ACH-000280":-20,"ACH-000281":1.675449166,"ACH-000286":0.401545638,"ACH-000288":2.008329202,"ACH-000290":2.058326763,"ACH-000291":0,"ACH-000292":1.458602459,"ACH-000293":1.88697371,"ACH-000294":-1.484189441,"ACH-000295":-9.769247774,"ACH-000296":1.63117156,"ACH-000302":-10.51536448,"ACH-000304":2.041962757,"ACH-000305":2.049000759,"ACH-000307":2.108031563,"ACH-000308":2.109857872,"ACH-000310":0.758485405,"ACH-000311":1.233139725,"ACH-000312":1.940859675,"ACH-000315":2.026859708,"ACH-000316":0.874618832,"ACH-000317":2.109857872,"ACH-000318":-0.053698144,"ACH-000319":-20,"ACH-000320":-1.227109998,"ACH-000322":0,"ACH-000323":-1.793331513,"ACH-000324":-20,"ACH-000326":0.271374136,"ACH-000329":0.471681251,"ACH-000330":0,"ACH-000331":2.022558818,"ACH-000332":-0.056106216,"ACH-000334":0.953993892,"ACH-000335":1.775021328,"ACH-000336":0.718058408,"ACH-000337":-0.411428761,"ACH-000339":1.318547629,"ACH-000341":-0.796099917,"ACH-000343":-0.000890596,"ACH-000344":1.815870041,"ACH-000348":-3.061011404,"ACH-000350":1.619190182,"ACH-000352":2.027715429,"ACH-000355":1.25466349,"ACH-000356":1.984198396,"ACH-000361":2.109857872,"ACH-000362":-0.910279322,"ACH-000363":-1.554488879,"ACH-000364":-20,"ACH-000365":1.966092039,"ACH-000366":0.409849081,"ACH-000368":1.757510195,"ACH-000370":1.507390775,"ACH-000374":-5.244592777,"ACH-000375":-20,"ACH-000376":-0.980733605,"ACH-000377":-20,"ACH-000378":2.064315641,"ACH-000381":2.109857872,"ACH-000383":0,"ACH-000385":2.012125811,"ACH-000387":1.636654227,"ACH-000389":0.460179922,"ACH-000390":2.102608645,"ACH-000393":-0.76037928,"ACH-000395":2.009307642,"ACH-000397":1.2894848,"ACH-000401":1.548407135,"ACH-000402":2.081509044,"ACH-000403":1.13137813,"ACH-000404":-0.159086381,"ACH-000405":2.076420759,"ACH-000406":1.801588567,"ACH-000407":-0.547992591,"ACH-000408":1.841130961,"ACH-000410":-1.411380874,"ACH-000411":-1.971251581,"ACH-000414":-0.846088301,"ACH-000415":2.109857872,"ACH-000416":-1.043315518,"ACH-000420":0.931945548,"ACH-000421":1.679828712,"ACH-000422":1.900999012,"ACH-000424":1.795059687,"ACH-000425":-17.21936156,"ACH-000426":-0.554694755,"ACH-000427":1.40443307,"ACH-000431":1.458800292,"ACH-000433":2.050732018,"ACH-000434":0.258431992,"ACH-000435":1.635843224,"ACH-000436":1.961873994,"ACH-000437":1.888070492,"ACH-000438":0.978244178,"ACH-000444":-2.07965239,"ACH-000445":2.095557953,"ACH-000448":-20,"ACH-000450":2.109857872,"ACH-000452":1.953919065,"ACH-000454":2.101463318,"ACH-000458":0.608131699,"ACH-000459":2.109857872,"ACH-000460":-20,"ACH-000461":1.739642971,"ACH-000463":2.109857872,"ACH-000464":1.442721104,"ACH-000466":-20,"ACH-000467":0,"ACH-000468":1.252426976,"ACH-000469":-20,"ACH-000470":1.999023433,"ACH-000471":0,"ACH-000472":1.979827398,"ACH-000473":1.190972177,"ACH-000475":0.697823141,"ACH-000476":2.072168604,"ACH-000477":0,"ACH-000478":2.053484752,"ACH-000480":0,"ACH-000481":1.713540492,"ACH-000483":0,"ACH-000484":2.056987937,"ACH-000485":-6.473988348,"ACH-000486":0.21290661,"ACH-000487":1.821760002,"ACH-000488":-4.757567598,"ACH-000490":-20,"ACH-000491":1.357449814,"ACH-000493":2.102103705,"ACH-000495":2.109857872,"ACH-000496":-20,"ACH-000498":0.105368825,"ACH-000499":1.814366538,"ACH-000500":2.065679704,"ACH-000502":2.109857872,"ACH-000503":-0.945593126,"ACH-000504":-20,"ACH-000505":1.994180094,"ACH-000507":2.083235414,"ACH-000510":2.109857872,"ACH-000511":-3.614275629,"ACH-000512":-20,"ACH-000514":2.002755636,"ACH-000516":2.012371208,"ACH-000517":1.723383497,"ACH-000518":1.006035462,"ACH-000520":0,"ACH-000521":2.081994357,"ACH-000522":-2.536031244,"ACH-000524":1.141910673,"ACH-000527":-5.505550334,"ACH-000528":-0.03941843,"ACH-000535":2.095294973,"ACH-000537":1.895929338,"ACH-000541":-5.617894637,"ACH-000542":0.503797844,"ACH-000544":1.273556108,"ACH-000545":0.785401061,"ACH-000547":0.616664522,"ACH-000548":2.078120529,"ACH-000549":0.410005944,"ACH-000550":1.955960424,"ACH-000551":2.088139306,"ACH-000552":1.148399706,"ACH-000556":1.308230848,"ACH-000557":1.924230525,"ACH-000563":2.109857872,"ACH-000570":-20,"ACH-000571":1.716161906,"ACH-000573":1.152418559,"ACH-000576":2.107730076,"ACH-000577":0.966746903,"ACH-000579":2.045931746,"ACH-000580":2.081764143,"ACH-000581":2.086527132,"ACH-000583":2.109857872,"ACH-000584":-20,"ACH-000585":2.077122557,"ACH-000587":2.109857872,"ACH-000588":-20,"ACH-000589":1.890116375,"ACH-000591":0.305290437,"ACH-000592":1.548254981,"ACH-000593":0,"ACH-000596":-12.02044664,"ACH-000599":0.051450134,"ACH-000600":-0.56530485,"ACH-000601":-20,"ACH-000604":2.023562149,"ACH-000605":-0.890214189,"ACH-000606":2.109857872,"ACH-000608":1.444408817,"ACH-000614":-0.887511958,