{"scores":{"ACH-000004":2.948373512,"ACH-000005":1.795765479,"ACH-000007":3.074202409,"ACH-000009":3.278156581,"ACH-000011":-4.866144269,"ACH-000012":3.352104608,"ACH-000013":-7.377917324,"ACH-000014":1.427993304,"ACH-000015":2.254187328,"ACH-000017":0.332159679,"ACH-000018":-2.284735934,"ACH-000019":1.609683675,"ACH-000021":0.644041444,"ACH-000022":3.048816297,"ACH-000024":3.292717392,"ACH-000025":-6.181197156,"ACH-000028":2.50910135,"ACH-000029":1.734122074,"ACH-000030":-6.468368934,"ACH-000035":2.73337808,"ACH-000036":-0.294150059,"ACH-000037":2.949097573,"ACH-000039":2.120669668,"ACH-000040":-0.896032637,"ACH-000041":2.741214958,"ACH-000042":-1.928192265,"ACH-000045":2.466245281,"ACH-000047":1.324000183,"ACH-000048":0.075527197,"ACH-000052":2.679150452,"ACH-000053":3.098535567,"ACH-000054":-3.314408099,"ACH-000055":3.070387195,"ACH-000060":-1.131104246,"ACH-000067":1.389617966,"ACH-000070":2.897669473,"ACH-000074":2.420973924,"ACH-000075":1.067016225,"ACH-000076":2.58326513,"ACH-000078":2.259387043,"ACH-000082":2.101500624,"ACH-000085":1.503310707,"ACH-000086":-1.378804651,"ACH-000087":2.86067518,"ACH-000092":-0.814440695,"ACH-000095":0.567865879,"ACH-000096":2.278959649,"ACH-000097":0.968312884,"ACH-000098":-2.925137029,"ACH-000099":1.187623779,"ACH-000108":1.306520199,"ACH-000111":3.183264573,"ACH-000113":2.371531174,"ACH-000114":1.214674007,"ACH-000115":2.025529598,"ACH-000116":3.402211198,"ACH-000118":-4.775224247,"ACH-000120":2.612440497,"ACH-000123":0.398364319,"ACH-000127":-0.028251768,"ACH-000128":-3.681466501,"ACH-000132":0.881180816,"ACH-000133":-1.880428083,"ACH-000137":-1.144155407,"ACH-000138":-2.016941263,"ACH-000141":-1.116578375,"ACH-000142":0.765510106,"ACH-000143":2.831581946,"ACH-000146":3.101332759,"ACH-000148":3.201115664,"ACH-000150":0.931610135,"ACH-000151":1.573729246,"ACH-000152":1.276355375,"ACH-000153":2.142543368,"ACH-000159":2.096445754,"ACH-000160":0,"ACH-000163":-0.158738259,"ACH-000164":2.263017313,"ACH-000167":0.329095037,"ACH-000168":1.881283837,"ACH-000169":3.044885826,"ACH-000174":-5.616670378,"ACH-000178":2.595337704,"ACH-000182":1.817129621,"ACH-000183":1.615063206,"ACH-000187":3.274586221,"ACH-000188":0.846566964,"ACH-000189":1.622787634,"ACH-000190":1.848013002,"ACH-000198":0,"ACH-000200":-2.219109353,"ACH-000202":1.491710291,"ACH-000204":0.176187169,"ACH-000206":2.018442395,"ACH-000207":2.827967074,"ACH-000209":0.814027269,"ACH-000211":-1.595408601,"ACH-000212":0.470025223,"ACH-000215":-0.051182423,"ACH-000217":3.007651115,"ACH-000219":-13.74253118,"ACH-000221":2.374867146,"ACH-000222":1.470789556,"ACH-000223":-0.364460315,"ACH-000226":2.688952501,"ACH-000227":1.64363981,"ACH-000228":3.353088262,"ACH-000231":-0.872396736,"ACH-000232":-9.103923222,"ACH-000233":3.165851678,"ACH-000234":-9.779244844,"ACH-000235":0.706817257,"ACH-000237":3.263514677,"ACH-000238":1.890786996,"ACH-000243":2.030199219,"ACH-000244":1.527216148,"ACH-000246":-2.904589082,"ACH-000247":2.622108212,"ACH-000248":0.602651397,"ACH-000249":2.779019746,"ACH-000250":-0.039645947,"ACH-000251":-5.929414648,"ACH-000253":2.218464092,"ACH-000255":3.01740427,"ACH-000256":0.840295957,"ACH-000257":2.857019263,"ACH-000258":2.846471205,"ACH-000259":2.419781907,"ACH-000260":3.077038107,"ACH-000261":0.705788806,"ACH-000262":-3.28008377,"ACH-000263":-0.414723019,"ACH-000264":2.436336575,"ACH-000265":0.484741925,"ACH-000266":1.069779931,"ACH-000271":3.018937625,"ACH-000272":3.4033809,"ACH-000273":0,"ACH-000274":-10.8153467,"ACH-000276":-0.630755449,"ACH-000277":2.859488588,"ACH-000278":1.955535527,"ACH-000279":3.228725692,"ACH-000280":-5.775864852,"ACH-000281":1.248804025,"ACH-000286":1.826324307,"ACH-000288":-3.313842792,"ACH-000290":3.390813971,"ACH-000291":2.548475249,"ACH-000292":2.463858426,"ACH-000293":2.17670654,"ACH-000294":2.777367436,"ACH-000295":2.202749653,"ACH-000296":2.051924323,"ACH-000302":-8.895928078,"ACH-000304":1.560781885,"ACH-000305":1.588426207,"ACH-000307":1.663237179,"ACH-000308":1.021203854,"ACH-000310":0.700642316,"ACH-000311":-0.407486753,"ACH-000312":2.254931282,"ACH-000315":2.161606526,"ACH-000316":-11.68217551,"ACH-000317":-15.10335477,"ACH-000318":2.541390309,"ACH-000319":-0.771621922,"ACH-000320":-4.434112545,"ACH-000322":2.996536825,"ACH-000323":1.885844309,"ACH-000324":1.32382296,"ACH-000326":3.027165239,"ACH-000329":2.769715514,"ACH-000330":2.598565583,"ACH-000331":-0.337157401,"ACH-000332":-0.000352286,"ACH-000334":3.003564656,"ACH-000335":-0.905842648,"ACH-000336":1.973285139,"ACH-000337":2.403544687,"ACH-000339":-2.806362531,"ACH-000341":2.770437521,"ACH-000343":3.397016636,"ACH-000344":-5.502839711,"ACH-000348":2.834720393,"ACH-000350":2.403706976,"ACH-000352":-1.999862289,"ACH-000355":2.005029229,"ACH-000356":-0.84302503,"ACH-000361":0.479359932,"ACH-000362":2.490027099,"ACH-000363":3.314457148,"ACH-000364":-1.235381191,"ACH-000365":2.191310939,"ACH-000366":2.57064103,"ACH-000368":1.630834666,"ACH-000370":1.393219012,"ACH-000374":-1.656859149,"ACH-000375":0.751834148,"ACH-000376":2.733200395,"ACH-000377":2.076770987,"ACH-000378":1.389301591,"ACH-000381":2.724231797,"ACH-000383":2.489728385,"ACH-000385":2.554217116,"ACH-000387":3.102627695,"ACH-000389":1.325625143,"ACH-000390":-0.688260482,"ACH-000393":2.007311566,"ACH-000395":-7.96034402,"ACH-000397":-0.590176383,"ACH-000401":1.111041,"ACH-000402":2.02714078,"ACH-000403":2.549963749,"ACH-000404":-0.433419751,"ACH-000405":3.314239145,"ACH-000406":2.941547223,"ACH-000407":0.434722764,"ACH-000408":-4.011522806,"ACH-000410":-1.977489097,"ACH-000411":-1.757076522,"ACH-000414":1.956943156,"ACH-000415":-1.140594271,"ACH-000416":0.435754196,"ACH-000420":-1.787010939,"ACH-000421":3.393815785,"ACH-000422":1.154333902,"ACH-000424":1.47420051,"ACH-000425":0.482237533,"ACH-000426":2.799459691,"ACH-000427":0.839610263,"ACH-000431":2.674439931,"ACH-000433":-2.616205835,"ACH-000434":0.174309983,"ACH-000435":2.778715798,"ACH-000436":2.868621523,"ACH-000437":1.976873066,"ACH-000438":2.931576918,"ACH-000444":-2.765083139,"ACH-000445":0.04687123,"ACH-000448":2.315234327,"ACH-000450":1.254869205,"ACH-000452":1.131272938,"ACH-000454":-2.888403197,"ACH-000458":-2.7845922,"ACH-000459":2.264177902,"ACH-000460":-8.155730128,"ACH-000461":0.752687457,"ACH-000463":-0.224729075,"ACH-000464":0.427414479,"ACH-000466":-2.719717493,"ACH-000467":2.93257131,"ACH-000468":-15.76518061,"ACH-000469":-1.580545214,"ACH-000470":2.355919942,"ACH-000471":-3.579969269,"ACH-000472":2.407889756,"ACH-000473":1.754131056,"ACH-000475":3.117424272,"ACH-000476":-0.78490193,"ACH-000477":1.86443864,"ACH-000478":3.285320045,"ACH-000480":2.5550886,"ACH-000481":3.129154638,"ACH-000483":-7.08722703,"ACH-000484":2.461560139,"ACH-000485":2.585414776,"ACH-000486":-4.731034811,"ACH-000487":2.966991541,"ACH-000488":-1.768982666,"ACH-000490":2.398415518,"ACH-000491":0.741368911,"ACH-000493":-1.490315211,"ACH-000495":1.736359079,"ACH-000496":-4.13817408,"ACH-000498":2.467781046,"ACH-000499":2.31679157,"ACH-000500":1.30168001,"ACH-000502":-4.977047737,"ACH-000503":-4.216189543,"ACH-000504":0.466564449,"ACH-000505":1.903080853,"ACH-000507":2.308935736,"ACH-000510":0.985325583,"ACH-000511":1.212545281,"ACH-000512":2.497304851,"ACH-000514":1.908117173,"ACH-000516":-0.016787479,"ACH-000517":-10.57967063,"ACH-000518":1.865355946,"ACH-000520":2.042333726,"ACH-000521":-4.764107342,"ACH-000522":-1.302134848,"ACH-000524":2.226623983,"ACH-000527":-1.861718988,"ACH-000528":3.385919122,"ACH-000535":2.568269401,"ACH-000537":-11.12577019,"ACH-000541":1.849369172,"ACH-000542":-5.216048473,"ACH-000544":-4.348646171,"ACH-000545":-4.599378974,"ACH-000547":2.292222624,"ACH-000548":2.019073346,"ACH-000549":1.516579526,"ACH-000550":-1.620639762,"ACH-000551":1.9424249,"ACH-000552":3.357348062,"ACH-000556":3.237874135,"ACH-000557":2.748540421,"ACH-000563":-5.745857749,"ACH-000570":-3.007314236,"ACH-000571":2.465297381,"ACH-000573":-0.46750946,"ACH-000576":2.196562041,"ACH-000577":1.019914741,"ACH-000579":2.98368685,"ACH-000580":2.734299823,