{"scores":{"ACH-000004":2.252357486,"ACH-000005":2.720718154,"ACH-000007":2.090134713,"ACH-000009":-8.350835892,"ACH-000011":-7.345225546,"ACH-000012":2.71782531,"ACH-000013":-2.162692964,"ACH-000014":1.907257037,"ACH-000015":1.125829867,"ACH-000017":-5.793678236,"ACH-000018":1.750048394,"ACH-000019":-0.713280633,"ACH-000021":1.114776316,"ACH-000022":-3.209819512,"ACH-000024":-5.542309905,"ACH-000025":2.509818737,"ACH-000028":0.898305582,"ACH-000029":2.647703475,"ACH-000030":1.505818662,"ACH-000035":1.240451502,"ACH-000036":-2.228781795,"ACH-000037":1.826871429,"ACH-000039":0.986502183,"ACH-000040":2.400008137,"ACH-000041":1.951839215,"ACH-000042":2.718376237,"ACH-000045":2.075704846,"ACH-000047":2.036900886,"ACH-000048":2.700008651,"ACH-000052":-0.617649625,"ACH-000053":1.521859193,"ACH-000054":2.06065333,"ACH-000055":-3.325349963,"ACH-000060":-0.275662037,"ACH-000067":2.587996202,"ACH-000070":-1.27984569,"ACH-000074":1.53372431,"ACH-000075":1.803127614,"ACH-000076":2.02440219,"ACH-000078":2.454860855,"ACH-000082":2.663059685,"ACH-000085":2.717313746,"ACH-000086":2.122257746,"ACH-000087":2.680685567,"ACH-000092":2.739931301,"ACH-000095":-8.025030077,"ACH-000096":2.740490901,"ACH-000097":-14.01150105,"ACH-000098":2.723772409,"ACH-000099":-1.748355515,"ACH-000108":-9.758773242,"ACH-000111":-1.690055866,"ACH-000113":-4.573196162,"ACH-000114":2.701900888,"ACH-000115":2.535062122,"ACH-000116":-0.261293856,"ACH-000118":2.728549527,"ACH-000120":-3.013924473,"ACH-000123":2.509554072,"ACH-000127":2.270647743,"ACH-000128":2.735982262,"ACH-000132":-0.805188242,"ACH-000133":-4.727295268,"ACH-000137":2.250901516,"ACH-000138":2.630888051,"ACH-000141":-0.908011149,"ACH-000142":2.519475659,"ACH-000143":1.148514105,"ACH-000146":1.706476451,"ACH-000148":2.708200404,"ACH-000150":0.363655704,"ACH-000151":2.453201009,"ACH-000152":2.019254918,"ACH-000153":-3.676441909,"ACH-000159":0.629645532,"ACH-000160":2.715229155,"ACH-000163":-3.383660939,"ACH-000164":2.608439659,"ACH-000167":2.581450625,"ACH-000168":1.659086658,"ACH-000169":1.476815504,"ACH-000174":2.738240742,"ACH-000178":-1.858799146,"ACH-000182":2.741158084,"ACH-000183":-6.94118511,"ACH-000187":1.151611804,"ACH-000188":1.554190749,"ACH-000189":-2.564741216,"ACH-000190":2.253717662,"ACH-000198":2.695467117,"ACH-000200":1.706158948,"ACH-000202":2.572248126,"ACH-000204":0.040559548,"ACH-000206":2.461560495,"ACH-000207":-1.436923901,"ACH-000209":-3.250072172,"ACH-000211":0.252063017,"ACH-000212":2.494661307,"ACH-000215":2.726963126,"ACH-000217":1.760549714,"ACH-000219":2.452857019,"ACH-000221":2.63227579,"ACH-000222":2.001595633,"ACH-000223":2.160348513,"ACH-000226":-6.70265804,"ACH-000227":-8.322804568,"ACH-000228":2.073329972,"ACH-000231":-8.392875535,"ACH-000232":2.471962371,"ACH-000233":-14.05244129,"ACH-000234":-0.237500237,"ACH-000235":1.293171657,"ACH-000237":2.737266557,"ACH-000238":1.700244233,"ACH-000243":2.739580246,"ACH-000244":2.595247527,"ACH-000246":0.959845002,"ACH-000247":-0.47653455,"ACH-000248":-0.171185184,"ACH-000249":2.336022857,"ACH-000250":2.441962951,"ACH-000251":0.758775681,"ACH-000253":-1.617724475,"ACH-000255":-8.995781021,"ACH-000256":2.61273496,"ACH-000257":1.897620988,"ACH-000258":-1.177181207,"ACH-000259":-19.0256213,"ACH-000260":2.430181697,"ACH-000261":2.686194232,"ACH-000262":2.727451737,"ACH-000263":-1.151244263,"ACH-000264":2.283216489,"ACH-000265":2.433530444,"ACH-000266":2.420149456,"ACH-000271":2.728673544,"ACH-000272":0.243733104,"ACH-000273":0.4293763,"ACH-000274":-12.04282502,"ACH-000276":2.741116377,"ACH-000277":-1.407745248,"ACH-000278":0.111564583,"ACH-000279":2.265885228,"ACH-000280":2.621721483,"ACH-000281":2.608123365,"ACH-000286":-1.249195779,"ACH-000288":-3.772214939,"ACH-000290":2.706957597,"ACH-000291":1.919406547,"ACH-000292":2.437762577,"ACH-000293":2.167226639,"ACH-000294":2.604634512,"ACH-000295":-1.532868389,"ACH-000296":2.559338244,"ACH-000302":2.728303466,"ACH-000304":1.30954741,"ACH-000305":2.719438955,"ACH-000307":2.63197761,"ACH-000308":2.525463409,"ACH-000310":1.594431536,"ACH-000311":-1.803328014,"ACH-000312":2.689309312,"ACH-000315":0.290496526,"ACH-000316":2.379466624,"ACH-000317":2.68357649,"ACH-000318":2.592548484,"ACH-000319":0.035247413,"ACH-000320":2.373109975,"ACH-000322":2.597323765,"ACH-000323":-0.024743322,"ACH-000324":-3.092777574,"ACH-000326":0.805266133,"ACH-000329":2.686958079,"ACH-000330":-2.636661388,"ACH-000331":2.127416048,"ACH-000332":2.269954671,"ACH-000334":2.41593521,"ACH-000335":1.43986546,"ACH-000336":-0.154661147,"ACH-000337":-1.246335915,"ACH-000339":2.723887156,"ACH-000341":2.534853995,"ACH-000343":2.628203757,"ACH-000344":2.405060416,"ACH-000348":2.683468434,"ACH-000350":-4.583510825,"ACH-000352":1.000639005,"ACH-000355":2.5357191,"ACH-000356":-0.551089666,"ACH-000361":1.051973016,"ACH-000362":-1.98747602,"ACH-000363":-14.86815818,"ACH-000364":-9.202413546,"ACH-000365":0.0219664,"ACH-000366":-7.202786466,"ACH-000368":2.446521782,"ACH-000370":1.855083952,"ACH-000374":2.540998502,"ACH-000375":2.396132846,"ACH-000376":1.668141599,"ACH-000377":2.727390931,"ACH-000378":2.73972289,"ACH-000381":2.421190172,"ACH-000383":2.503287603,"ACH-000385":1.458177259,"ACH-000387":-3.76876419,"ACH-000389":2.734033211,"ACH-000390":2.43599389,"ACH-000393":-0.180604739,"ACH-000395":2.034059678,"ACH-000397":-0.183521628,"ACH-000401":2.731946765,"ACH-000402":1.497022159,"ACH-000403":2.2465399,"ACH-000404":2.483823505,"ACH-000405":2.078363097,"ACH-000406":-6.087132447,"ACH-000407":1.339313306,"ACH-000408":2.012242209,"ACH-000410":-1.63653756,"ACH-000411":-10.62811619,"ACH-000414":2.708336608,"ACH-000415":2.732193512,"ACH-000416":2.478780259,"ACH-000420":-1.833217258,"ACH-000421":2.324465956,"ACH-000422":1.667782719,"ACH-000424":2.642211441,"ACH-000425":2.741051509,"ACH-000426":0.477377414,"ACH-000427":0.389296789,"ACH-000431":2.07307395,"ACH-000433":0.018809177,"ACH-000434":-4.95800459,"ACH-000435":2.070006441,"ACH-000436":-1.17751879,"ACH-000437":0.300980876,"ACH-000438":-6.627292233,"ACH-000444":2.715998332,"ACH-000445":-0.714991288,"ACH-000448":2.696657958,"ACH-000450":2.607104884,"ACH-000452":1.71685653,"ACH-000454":-3.184828123,"ACH-000458":2.33687022,"ACH-000459":1.252815505,"ACH-000460":2.602893766,"ACH-000461":1.356504085,"ACH-000463":-12.03907775,"ACH-000464":2.732344563,"ACH-000466":0.98747946,"ACH-000467":-0.667882721,"ACH-000468":2.167006316,"ACH-000469":2.63782351,"ACH-000470":2.718855396,"ACH-000471":0.982376492,"ACH-000472":2.460914178,"ACH-000473":2.737810743,"ACH-000475":0.35711217,"ACH-000476":2.511395052,"ACH-000477":2.492262344,"ACH-000478":1.65659493,"ACH-000480":2.151787286,"ACH-000481":0.081803939,"ACH-000483":1.636116257,"ACH-000484":2.566318622,"ACH-000485":2.643573895,"ACH-000486":2.593513629,"ACH-000487":-13.13806258,"ACH-000488":2.597689256,"ACH-000490":1.156455177,"ACH-000491":-5.290884746,"ACH-000493":-2.251465036,"ACH-000495":0.53704322,"ACH-000496":2.537314546,"ACH-000498":2.722857692,"ACH-000499":1.687434456,"ACH-000500":1.542443899,"ACH-000502":2.694270401,"ACH-000503":1.237694013,"ACH-000504":0.004670409,"ACH-000505":2.250118846,"ACH-000507":1.551268779,"ACH-000510":2.649135675,"ACH-000511":2.590809161,"ACH-000512":-8.515617989,"ACH-000514":-0.019848886,"ACH-000516":2.731519827,"ACH-000517":2.402306314,"ACH-000518":2.668937871,"ACH-000520":2.336066541,"ACH-000521":2.701113217,"ACH-000522":2.580066077,"ACH-000524":2.67407019,"ACH-000527":2.135382495,"ACH-000528":-20,"ACH-000535":2.570687976,"ACH-000537":-2.703911183,"ACH-000541":-3.970176614,"ACH-000542":2.512329818,"ACH-000544":1.83757974,"ACH-000545":1.715390179,"ACH-000547":-1.859752299,"ACH-000548":-8.419928403,"ACH-000549":2.659633041,"ACH-000550":1.560563838,"ACH-000551":2.734534175,"ACH-000552":2.737689438,"ACH-000556":2.512914649,"ACH-000557":-1.041263381,"ACH-000563":2.190508148,"ACH-000570":-17.27826444,"ACH-000571":2.114984201,"ACH-000573":-4.918267485,"ACH-000576":2.224573168,"ACH-000577":-0.248563312,"ACH-000579":2.295386205,"ACH-000580":2.674655393,