{"scores":{"ACH-000004":0.823124418,"ACH-000005":1.222647513,"ACH-000007":1.335266233,"ACH-000009":1.545745735,"ACH-000011":1.175247009,"ACH-000012":1.898253105,"ACH-000013":1.543181237,"ACH-000014":2.050595577,"ACH-000015":1.036618289,"ACH-000017":1.072201068,"ACH-000018":-0.008332223,"ACH-000019":-17.07348567,"ACH-000021":1.288828424,"ACH-000022":1.857182604,"ACH-000024":-1.50031939,"ACH-000025":-0.197422274,"ACH-000028":0.902839931,"ACH-000029":1.997445147,"ACH-000030":1.469652391,"ACH-000035":1.003221579,"ACH-000036":1.061660993,"ACH-000037":0.302737824,"ACH-000039":2.012721381,"ACH-000040":0.632281134,"ACH-000041":2.056677742,"ACH-000042":1.880838508,"ACH-000045":2.00188351,"ACH-000047":1.982278172,"ACH-000048":1.598445095,"ACH-000052":0.403192801,"ACH-000053":1.517402106,"ACH-000054":2.051833056,"ACH-000055":0.956319319,"ACH-000060":1.953834158,"ACH-000067":2.048685498,"ACH-000070":0.41854504,"ACH-000074":-1.54268681,"ACH-000075":1.686720289,"ACH-000076":-5.091402301,"ACH-000078":2.0569451,"ACH-000082":2.042752894,"ACH-000085":-6.494217351,"ACH-000086":2.035255613,"ACH-000087":1.96292701,"ACH-000092":1.744978234,"ACH-000095":2.027717339,"ACH-000096":2.049864188,"ACH-000097":0.3863173,"ACH-000098":1.917743329,"ACH-000099":1.295870877,"ACH-000108":1.587828802,"ACH-000111":2.043197874,"ACH-000113":-0.757906518,"ACH-000114":-3.997124024,"ACH-000115":1.993243999,"ACH-000116":-0.55609106,"ACH-000118":0.782173948,"ACH-000120":2.055733999,"ACH-000123":1.856597328,"ACH-000127":0.749161195,"ACH-000128":1.043656167,"ACH-000132":1.960519389,"ACH-000133":-17.07348567,"ACH-000137":-1.025088793,"ACH-000138":0.737230344,"ACH-000141":1.968955051,"ACH-000142":0.53760803,"ACH-000143":2.041782416,"ACH-000146":-1.228240748,"ACH-000148":2.052894841,"ACH-000150":2.016233032,"ACH-000151":0.73524086,"ACH-000152":2.053461029,"ACH-000153":1.53036102,"ACH-000159":2.048840442,"ACH-000160":1.796246879,"ACH-000163":1.979582125,"ACH-000164":0.549954386,"ACH-000167":1.851048601,"ACH-000168":1.279415622,"ACH-000169":1.520867634,"ACH-000174":0.357123619,"ACH-000178":2.036946017,"ACH-000182":-0.595029045,"ACH-000183":-2.795618402,"ACH-000187":1.919231855,"ACH-000188":2.051495979,"ACH-000189":1.095351167,"ACH-000190":1.116201934,"ACH-000198":2.046005495,"ACH-000200":1.865315055,"ACH-000202":2.056895615,"ACH-000204":-0.311809484,"ACH-000206":1.237767895,"ACH-000207":1.90160163,"ACH-000209":-0.102889636,"ACH-000211":-17.07348567,"ACH-000212":-1.268808117,"ACH-000215":2.054340524,"ACH-000217":1.020536154,"ACH-000219":1.461486224,"ACH-000221":2.055948756,"ACH-000222":1.176614501,"ACH-000223":-2.076256526,"ACH-000226":2.053664148,"ACH-000227":2.048679261,"ACH-000228":2.05061223,"ACH-000231":1.352481188,"ACH-000232":1.903683896,"ACH-000233":-0.128078968,"ACH-000234":1.963122374,"ACH-000235":2.05388385,"ACH-000237":1.990455595,"ACH-000238":1.295905535,"ACH-000243":-0.577663842,"ACH-000244":1.593839783,"ACH-000246":-0.311563409,"ACH-000247":0.278204303,"ACH-000248":2.047846789,"ACH-000249":2.02762448,"ACH-000250":2.054090482,"ACH-000251":-0.182284606,"ACH-000253":0.86616452,"ACH-000255":1.948622173,"ACH-000256":0.826424164,"ACH-000257":0.911920539,"ACH-000258":1.669456008,"ACH-000259":1.998295027,"ACH-000260":1.0171076,"ACH-000261":1.958680773,"ACH-000262":1.34798126,"ACH-000263":1.967353257,"ACH-000264":-5.684363484,"ACH-000265":1.695386435,"ACH-000266":-2.690584899,"ACH-000271":1.964450492,"ACH-000272":0.587034832,"ACH-000273":-16.07860653,"ACH-000274":2.042044326,"ACH-000276":0.685439197,"ACH-000277":2.057102089,"ACH-000278":2.031524342,"ACH-000279":1.397523397,"ACH-000280":2.009323072,"ACH-000281":2.057110326,"ACH-000286":0.798058772,"ACH-000288":2.026694507,"ACH-000290":1.924559944,"ACH-000291":-17.07348567,"ACH-000292":0.272386783,"ACH-000293":2.017747387,"ACH-000294":0.795575777,"ACH-000295":0.64767368,"ACH-000296":1.655297552,"ACH-000302":-17.07348567,"ACH-000304":1.581251837,"ACH-000305":1.864687177,"ACH-000307":1.294303249,"ACH-000308":-9.630677447,"ACH-000310":2.041994322,"ACH-000311":-0.781483724,"ACH-000312":1.713422799,"ACH-000315":1.168290222,"ACH-000316":2.046465938,"ACH-000317":2.030448864,"ACH-000318":1.819696027,"ACH-000319":1.36294901,"ACH-000320":1.774638245,"ACH-000322":0.970464136,"ACH-000323":1.980597389,"ACH-000324":-6.535561137,"ACH-000326":1.688490808,"ACH-000329":1.658346691,"ACH-000330":-3.546639349,"ACH-000331":2.057158132,"ACH-000332":1.032075742,"ACH-000334":-0.797717052,"ACH-000335":1.094881856,"ACH-000336":0.752949414,"ACH-000337":2.040278936,"ACH-000339":1.913094855,"ACH-000341":1.800749198,"ACH-000343":1.768456526,"ACH-000344":-0.249222871,"ACH-000348":-5.305314247,"ACH-000350":1.959834471,"ACH-000352":-0.589808868,"ACH-000355":1.775417275,"ACH-000356":0.527420268,"ACH-000361":1.286168365,"ACH-000362":2.017785299,"ACH-000363":2.051828131,"ACH-000364":1.587231363,"ACH-000365":1.87278917,"ACH-000366":2.005004458,"ACH-000368":1.571888831,"ACH-000370":1.953941695,"ACH-000374":2.040517905,"ACH-000375":1.670450269,"ACH-000376":1.932508878,"ACH-000377":1.83242247,"ACH-000378":0.89835403,"ACH-000381":2.056658248,"ACH-000383":2.050810244,"ACH-000385":2.057062531,"ACH-000387":1.215225098,"ACH-000389":1.311706961,"ACH-000390":1.673911799,"ACH-000393":1.184205204,"ACH-000395":0.46557218,"ACH-000397":0.346475838,"ACH-000401":1.233860124,"ACH-000402":1.994561623,"ACH-000403":0.83503593,"ACH-000404":1.076708414,"ACH-000405":0.900016176,"ACH-000406":1.366894337,"ACH-000407":1.685857162,"ACH-000408":1.93073516,"ACH-000410":2.039717899,"ACH-000411":0.842756944,"ACH-000414":1.608554502,"ACH-000415":1.472536294,"ACH-000416":-1.109880791,"ACH-000420":2.009515654,"ACH-000421":1.412776727,"ACH-000422":1.458354373,"ACH-000424":1.438885585,"ACH-000425":2.056614295,"ACH-000426":0.606762638,"ACH-000427":1.609042063,"ACH-000431":1.219365479,"ACH-000433":1.649114062,"ACH-000434":2.048507393,"ACH-000435":1.633985959,"ACH-000436":-17.07348567,"ACH-000437":1.692989205,"ACH-000438":2.050592701,"ACH-000444":1.773083618,"ACH-000445":-0.026649375,"ACH-000448":-0.333840691,"ACH-000450":1.16440262,"ACH-000452":1.810224304,"ACH-000454":2.038387408,"ACH-000458":1.537575104,"ACH-000459":-15.68790639,"ACH-000460":-13.06330616,"ACH-000461":1.906450752,"ACH-000463":0.663615605,"ACH-000464":1.696271149,"ACH-000466":1.935959308,"ACH-000467":-4.779943906,"ACH-000468":-0.359861148,"ACH-000469":1.960515044,"ACH-000470":-1.95195634,"ACH-000471":2.053335168,"ACH-000472":2.016591689,"ACH-000473":-5.498954604,"ACH-000475":1.884356215,"ACH-000476":-0.941051115,"ACH-000477":1.882464166,"ACH-000478":-17.07348567,"ACH-000480":-0.670671111,"ACH-000481":1.974586122,"ACH-000483":1.796664768,"ACH-000484":-17.07348567,"ACH-000485":2.056088922,"ACH-000486":1.601899843,"ACH-000487":1.808010432,"ACH-000488":1.482982958,"ACH-000490":1.869936199,"ACH-000491":1.600483111,"ACH-000493":-1.018337516,"ACH-000495":-1.290329932,"ACH-000496":-0.859525625,"ACH-000498":1.859690355,"ACH-000499":0.260997193,"ACH-000500":2.049634947,"ACH-000502":2.038309475,"ACH-000503":1.341653127,"ACH-000504":1.482060304,"ACH-000505":2.041383816,"ACH-000507":-1.197346636,"ACH-000510":1.5049671,"ACH-000511":1.05777239,"ACH-000512":1.662645277,"ACH-000514":1.781497442,"ACH-000516":2.05684989,"ACH-000517":2.014710269,"ACH-000518":1.295819499,"ACH-000520":1.959119435,"ACH-000521":1.641244743,"ACH-000522":1.997621002,"ACH-000524":1.879526,"ACH-000527":1.229764617,"ACH-000528":2.033478547,"ACH-000535":-17.07348567,"ACH-000537":1.886582234,"ACH-000541":1.908671843,"ACH-000542":0.988945944,"ACH-000544":1.885666322,"ACH-000545":1.475414039,"ACH-000547":1.993988752,"ACH-000548":1.96491879,"ACH-000549":1.392685859,"ACH-000550":1.596156944,"ACH-000551":1.988870563,"ACH-000552":1.018929518,"ACH-000556":1.890750602,"ACH-000557":2.05107012,"ACH-000563":-1.379827065,"ACH-000570":2.056893557,"ACH-000571":2.004374528,"ACH-000573":-1.311693777,"ACH-000576":-17.07348567,"ACH-000577":0.565672601,"ACH-000579":1.94284876,"ACH-000580":1.119546879,