{"scores":{"127399_SOFT_TISSUE":2.692497508,"143B_BONE":2.446478807,"2313287_STOMACH":3.178509793,"253J_URINARY_TRACT":2.893943765,"42MGBA_CENTRAL_NERVOUS_SYSTEM":3.085398164,"5637_URINARY_TRACT":3.182570439,"59M_OVARY":2.958783304,"639V_URINARY_TRACT":1.934325504,"647V_URINARY_TRACT":3.132070955,"697_HAEMATOPOIETIC_AND_LYMPHOID_TISSUE":3.162292639,"769P_KIDNEY":3.180206763,"786O_KIDNEY":2.950688714,"8305C_THYROID":3.17734141,"8MGBA_CENTRAL_NERVOUS_SYSTEM":3.108560796,"A2058_SKIN":3.101099958,"A2780_OVARY":2.604882175,"A3KAW_HAEMATOPOIETIC_AND_LYMPHOID_TISSUE":2.873632445,"A427_LUNG":0.847364678,"A431_SKIN":3.155789391,"A549_LUNG":3.182220426,"A673_BONE":2.492046804,"ABC1_LUNG":3.121692274,"ACCMESO1_PLEURA":2.701242467,"AGS_STOMACH":2.998431973,"AML193_HAEMATOPOIETIC_AND_LYMPHOID_TISSUE":3.019990879,"AMO1_HAEMATOPOIETIC_AND_LYMPHOID_TISSUE":1.569165754,"ASPC1_PANCREAS":2.029009464,"AU565_BREAST":3.033638933,"BC3C_URINARY_TRACT":3.070879993,"BFTC905_URINARY_TRACT":2.864603703,"BFTC909_KIDNEY":2.978541029,"BHY_UPPER_AERODIGESTIVE_TRACT":1.014273562,"BICR16_UPPER_AERODIGESTIVE_TRACT":3.184003927,"BICR22_UPPER_AERODIGESTIVE_TRACT":2.845287847,"BICR31_UPPER_AERODIGESTIVE_TRACT":3.118209085,"BICR56_UPPER_AERODIGESTIVE_TRACT":1.30280248,"BICR6_UPPER_AERODIGESTIVE_TRACT":3.17573599,"BICR78_UPPER_AERODIGESTIVE_TRACT":2.531425649,"BIN67_OVARY":3.150564633,"BL70_HAEMATOPOIETIC_AND_LYMPHOID_TISSUE":-2.734941493,"BLUE1_HAEMATOPOIETIC_AND_LYMPHOID_TISSUE":2.881168083,"BT12_SOFT_TISSUE":3.132421295,"BT16_SOFT_TISSUE":2.784521359,"BT549_BREAST":2.936011542,"C2BBE1_LARGE_INTESTINE":3.123887569,"C32_SKIN":3.182320887,"C8166_HAEMATOPOIETIC_AND_LYMPHOID_TISSUE":3.132065692,"CADOES1_BONE":3.171035205,"CAKI1_KIDNEY":2.680047059,"CAKI2_KIDNEY":2.999095238,"CAL27_UPPER_AERODIGESTIVE_TRACT":1.960103473,"CAL29_URINARY_TRACT":1.424386004,"CAL33_UPPER_AERODIGESTIVE_TRACT":3.161534914,"CAL51_BREAST":2.78949517,"CAL78_BONE":3.173820949,"CALU1_LUNG":3.184003527,"CALU6_LUNG":0.962828327,"CAMA1_BREAST":2.356201705,"CAOV3_OVARY":3.180422966,"CAS1_CENTRAL_NERVOUS_SYSTEM":3.166885503,"CASKI_CERVIX":3.181438374,"CCFSTTG1_CENTRAL_NERVOUS_SYSTEM":2.9220534,"CCK81_LARGE_INTESTINE":3.028162058,"CCLFPEDS0001T_KIDNEY":2.761538623,"CCLFPEDS0003T_SOFT_TISSUE":2.532239957,"CFPAC1_PANCREAS":3.035380972,"CH157MN_CENTRAL_NERVOUS_SYSTEM":3.029180316,"CHAGOK1_LUNG":3.03720864,"CHLA06ATRT_SOFT_TISSUE":3.115619863,"CHLA15_AUTONOMIC_GANGLIA":1.606044988,"CHLA266_SOFT_TISSUE":2.996301723,"CHP212_AUTONOMIC_GANGLIA":1.87994621,"CJM_SKIN":2.656742383,"CL40_LARGE_INTESTINE":-1.12093322,"CME1_SOFT_TISSUE":3.168988704,"CMLT1_HAEMATOPOIETIC_AND_LYMPHOID_TISSUE":2.370497435,"COGAR359_SOFT_TISSUE":3.125286229,"COGE352_BONE":2.538373779,"COGN278_AUTONOMIC_GANGLIA":2.53364405,"COGN305_AUTONOMIC_GANGLIA":2.695495314,"COLO201_LARGE_INTESTINE":3.171384793,"COLO678_LARGE_INTESTINE":3.163423874,"COLO679_SKIN":2.4118964,"COLO792_SKIN":2.693961298,"COLO800_SKIN":3.015418389,"CORL23_LUNG":2.006146427,"CORL279_LUNG":3.04896058,"CORL47_LUNG":0.258880478,"COV318_OVARY":3.179975518,"COV362_OVARY":2.946857392,"COV434_OVARY":2.727595172,"COV504_OVARY":3.081446116,"COV644_OVARY":3.180985444,"CW9019_SOFT_TISSUE":2.97119053,"D283MED_CENTRAL_NERVOUS_SYSTEM":2.361530183,"D341MED_CENTRAL_NERVOUS_SYSTEM":3.124855451,"D425_CENTRAL_NERVOUS_SYSTEM":-16.42140698,"D458_CENTRAL_NERVOUS_SYSTEM":-14.53761032,"DANG_PANCREAS":3.178396708,"DAOY_CENTRAL_NERVOUS_SYSTEM":2.894061656,"DB_HAEMATOPOIETIC_AND_LYMPHOID_TISSUE":-20,"DEL_HAEMATOPOIETIC_AND_LYMPHOID_TISSUE":3.12495125,"DETROIT562_UPPER_AERODIGESTIVE_TRACT":-8.357348447,"DKMG_CENTRAL_NERVOUS_SYSTEM":2.714687215,"DLD1_LARGE_INTESTINE":2.844629182,"DU4475_BREAST":2.615832766,"EFE184_ENDOMETRIUM":2.956513321,"EFM19_BREAST":2.930855837,"EFO21_OVARY":2.612791888,"EFO27_OVARY":3.183981067,"EJM_HAEMATOPOIETIC_AND_LYMPHOID_TISSUE":3.088914149,"EKVX_LUNG":3.123106454,"EM2_HAEMATOPOIETIC_AND_LYMPHOID_TISSUE":2.890787519,"EN_ENDOMETRIUM":3.142679749,"EOL1_HAEMATOPOIETIC_AND_LYMPHOID_TISSUE":1.299962302,"EPLC272H_LUNG":3.18120734,"ES2_OVARY":3.112612198,"ESO26_OESOPHAGUS":2.640446322,"ESS1_ENDOMETRIUM":2.070546613,"EW8_BONE":1.970546231,"EWS502_BONE":2.149023896,"F36P_HAEMATOPOIETIC_AND_LYMPHOID_TISSUE":1.937920938,"F5_CENTRAL_NERVOUS_SYSTEM":2.284005978,"FADU_UPPER_AERODIGESTIVE_TRACT":3.149067751,"FLO1_OESOPHAGUS":1.990919672,"FU97_STOMACH":3.169376094,"G292CLONEA141B1_BONE":3.032572996,"G402_SOFT_TISSUE":2.65951774,"GAMG_CENTRAL_NERVOUS_SYSTEM":2.957748845,"GB1_CENTRAL_NERVOUS_SYSTEM":3.050514405,"GCIY_STOMACH":1.173623121,"GCT_SOFT_TISSUE":3.098407702,"GI1_CENTRAL_NERVOUS_SYSTEM":3.162096004,"GSS_STOMACH":2.572789052,"GSU_STOMACH":3.177636002,"H103_UPPER_AERODIGESTIVE_TRACT":3.092147148,"H4_CENTRAL_NERVOUS_SYSTEM":2.918164215,"HARA_LUNG":3.108437218,"HB1119_HAEMATOPOIETIC_AND_LYMPHOID_TISSUE":1.729521712,"HCC1143_BREAST":-5.907915602,"HCC1359_LUNG":2.93874368,"HCC1395_BREAST":2.91306704,"HCC1419_BREAST":2.33452911,"HCC1428_BREAST":3.183877382,"HCC15_LUNG":2.980821368,"HCC1806_BREAST":3.182399176,"HCC1937_BREAST":2.474797628,"HCC1954_BREAST":3.118152095,"HCC202_BREAST":3.165233041,"HCC2429_LUNG":2.969165617,"HCC2935_LUNG":0.61912748,"HCC366_LUNG":1.832801363,"HCC461_LUNG":3.140266627,"HCC515_LUNG":0.956845678,"HCC56_LARGE_INTESTINE":3.023287259,"HCC827_LUNG":3.14138207,"HCC95_LUNG":3.087834186,"HDMYZ_HAEMATOPOIETIC_AND_LYMPHOID_TISSUE":3.179287754,"HEC151_ENDOMETRIUM":3.184003927,"HEC1A_ENDOMETRIUM":2.449036823,"HEC1B_ENDOMETRIUM":2.020139811,"HEC251_ENDOMETRIUM":1.977791148,"HEC265_ENDOMETRIUM":3.17470703,"HEC50B_ENDOMETRIUM":2.999594605,"HEC59_ENDOMETRIUM":3.115366864,"HEC6_ENDOMETRIUM":1.940596787,"HEL_HAEMATOPOIETIC_AND_LYMPHOID_TISSUE":2.467184245,"HEL9217_HAEMATOPOIETIC_AND_LYMPHOID_TISSUE":3.008566482,"HEYA8_OVARY":3.151801781,"HGC27_STOMACH":-2.290278251,"HLF_LIVER":2.49235794,"HMC18_BREAST":2.598313585,"HOP62_LUNG":3.183995393,"HS294T_SKIN":0.707406832,"HS578T_BREAST":3.16319581,"HS683_CENTRAL_NERVOUS_SYSTEM":1.376239535,"HS695T_SKIN":3.145934713,"HS729_SOFT_TISSUE":2.790857953,"HS746T_STOMACH":3.100375865,"HS766T_PANCREAS":2.438070113,"HS852T_SKIN":3.177954585,"HS944T_SKIN":3.174023404,"HSB2_HAEMATOPOIETIC_AND_LYMPHOID_TISSUE":-5.811381576,"HSC1_SKIN":1.669560377,"HSC2_UPPER_AERODIGESTIVE_TRACT":3.179874022,"HSC3_UPPER_AERODIGESTIVE_TRACT":3.060619215,"HT1080_SOFT_TISSUE":3.104079455,"HT115_LARGE_INTESTINE":-1.392507929,"HT1197_URINARY_TRACT":3.062422531,"HT1376_URINARY_TRACT":3.077201953,"HT144_SKIN":3.166064374,"HT29_LARGE_INTESTINE":3.137594633,"HT55_LARGE_INTESTINE":2.854852206,"HUH1_LIVER":2.263173993,"HUH6_LIVER":-20,"HUH7_LIVER":2.524632184,"HUNS1_HAEMATOPOIETIC_AND_LYMPHOID_TISSUE":2.685227498,"HUPT3_PANCREAS":2.819282314,"IALM_LUNG":-3.707685699,"IGR1_SKIN":2.842666575,"IGR39_SKIN":3.183620625,"IMR32_AUTONOMIC_GANGLIA":3.131660736,"INA6_HAEMATOPOIETIC_AND_LYMPHOID_TISSUE":3.183321647,"IPC298_SKIN":2.824288629,"ISTMES1_PLEURA":2.592188937,"ISTMES2_PLEURA":3.050699624,"J82_URINARY_TRACT":2.684113293,"JHH1_LIVER":2.973215507,"JHH4_LIVER":3.184003927,"JHH5_LIVER":3.036487095,"JHH7_LIVER":2.863764691,"JHOC5_OVARY":3.076828652,"JHOM1_OVARY":2.707389719,"JHOS2_OVARY":2.999339244,"JHOS4_OVARY":1.70921297,"JHUEM1_ENDOMETRIUM":3.182020571,"JHUEM7_ENDOMETRIUM":1.674145381,"JIMT1_BREAST":3.180178074,"JJN3_HAEMATOPOIETIC_AND_LYMPHOID_TISSUE":0.980388554,"JMSU1_URINARY_TRACT":3.165557326,"JMURTK2_SOFT_TISSUE":2.758029042,"JOPACA1_PANCREAS":3.066920828,"JR_SOFT_TISSUE":2.32759594,"K029AX_SKIN":3.001532418,"KALS1_CENTRAL_NERVOUS_SYSTEM":3.1779631,"KARPAS299_HAEMATOPOIETIC_AND_LYMPHOID_TISSUE":3.161001743,"KARPAS422_HAEMATOPOIETIC_AND_LYMPHOID_TISSUE":2.824063905,"KASUMI1_HAEMATOPOIETIC_AND_LYMPHOID_TISSUE":3.164163135,"KE39_STOMACH":2.606215505,"KE97_HAEMATOPOIETIC_AND_LYMPHOID_TISSUE":3.050920955,"KELLY_AUTONOMIC_GANGLIA":2.048553659,"KIJK_HAEMATOPOIETIC_AND_LYMPHOID_TISSUE":0.381738393,"KLE_ENDOMETRIUM":3.182962512,"KM12_LARGE_INTESTINE":3.16393317,"KMBC2_URINARY_TRACT":3.173098907,