{"scores":{"127399_SOFT_TISSUE":-2.016525529,"143B_BONE":-2.015363889,"2313287_STOMACH":-2.024472052,"253J_URINARY_TRACT":-1.908440702,"42MGBA_CENTRAL_NERVOUS_SYSTEM":-1.976914909,"5637_URINARY_TRACT":-1.749490567,"59M_OVARY":-1.674477131,"639V_URINARY_TRACT":-0.849623097,"647V_URINARY_TRACT":-1.484580523,"697_HAEMATOPOIETIC_AND_LYMPHOID_TISSUE":-1.353316892,"769P_KIDNEY":-1.74293882,"786O_KIDNEY":-0.400893079,"8305C_THYROID":-1.458125725,"8MGBA_CENTRAL_NERVOUS_SYSTEM":-0.250429996,"A2058_SKIN":-2.001464973,"A2780_OVARY":-1.67600587,"A3KAW_HAEMATOPOIETIC_AND_LYMPHOID_TISSUE":-1.894693078,"A427_LUNG":-0.613076206,"A431_SKIN":-0.754170044,"A549_LUNG":-1.988670747,"A673_BONE":-1.987377243,"ABC1_LUNG":-1.762335617,"ACCMESO1_PLEURA":-1.478812457,"AGS_STOMACH":0.266740911,"AML193_HAEMATOPOIETIC_AND_LYMPHOID_TISSUE":-2.004421968,"AMO1_HAEMATOPOIETIC_AND_LYMPHOID_TISSUE":-1.928691592,"ASPC1_PANCREAS":-1.225916483,"AU565_BREAST":-2.022955245,"BC3C_URINARY_TRACT":-0.194294471,"BFTC905_URINARY_TRACT":1.33324549,"BFTC909_KIDNEY":-1.990378415,"BHY_UPPER_AERODIGESTIVE_TRACT":7.773067378,"BICR16_UPPER_AERODIGESTIVE_TRACT":2.808549374,"BICR22_UPPER_AERODIGESTIVE_TRACT":-1.798220819,"BICR31_UPPER_AERODIGESTIVE_TRACT":-1.864381451,"BICR56_UPPER_AERODIGESTIVE_TRACT":3.49924162,"BICR6_UPPER_AERODIGESTIVE_TRACT":-2.009667075,"BICR78_UPPER_AERODIGESTIVE_TRACT":-0.489156015,"BIN67_OVARY":-1.981014545,"BL70_HAEMATOPOIETIC_AND_LYMPHOID_TISSUE":-2.027743525,"BLUE1_HAEMATOPOIETIC_AND_LYMPHOID_TISSUE":-2.01481938,"BT12_SOFT_TISSUE":-0.114508038,"BT16_SOFT_TISSUE":8.136832619,"BT549_BREAST":-2.027270245,"C2BBE1_LARGE_INTESTINE":-2.0275535,"C32_SKIN":-1.910851498,"C8166_HAEMATOPOIETIC_AND_LYMPHOID_TISSUE":-1.866442315,"CADOES1_BONE":-1.49168853,"CAKI1_KIDNEY":-0.917180548,"CAKI2_KIDNEY":-1.67477679,"CAL27_UPPER_AERODIGESTIVE_TRACT":-2.005620732,"CAL29_URINARY_TRACT":1.155656928,"CAL33_UPPER_AERODIGESTIVE_TRACT":-1.125579228,"CAL51_BREAST":-2.006824382,"CAL78_BONE":-1.828153462,"CALU1_LUNG":0.983957286,"CALU6_LUNG":-1.914199677,"CAMA1_BREAST":-2.002907905,"CAOV3_OVARY":-1.775797332,"CAS1_CENTRAL_NERVOUS_SYSTEM":-1.558202059,"CASKI_CERVIX":-0.990868752,"CCFSTTG1_CENTRAL_NERVOUS_SYSTEM":-2.022376967,"CCK81_LARGE_INTESTINE":-1.707509939,"CCLFPEDS0001T_KIDNEY":-1.642876678,"CCLFPEDS0003T_SOFT_TISSUE":-0.266940386,"CFPAC1_PANCREAS":-1.137772728,"CH157MN_CENTRAL_NERVOUS_SYSTEM":2.428284101,"CHAGOK1_LUNG":-1.502762537,"CHLA06ATRT_SOFT_TISSUE":-1.892382706,"CHLA15_AUTONOMIC_GANGLIA":-1.829974552,"CHLA266_SOFT_TISSUE":-2.008402678,"CHP212_AUTONOMIC_GANGLIA":-1.795284651,"CJM_SKIN":2.486688798,"CL40_LARGE_INTESTINE":-1.551776722,"CME1_SOFT_TISSUE":-2.008346383,"CMLT1_HAEMATOPOIETIC_AND_LYMPHOID_TISSUE":-0.715150597,"COGAR359_SOFT_TISSUE":-1.517614956,"COGE352_BONE":-1.976020875,"COGN278_AUTONOMIC_GANGLIA":-2.022132245,"COGN305_AUTONOMIC_GANGLIA":-0.741136634,"COLO201_LARGE_INTESTINE":-1.848414383,"COLO678_LARGE_INTESTINE":-1.5847166,"COLO679_SKIN":-0.93318509,"COLO792_SKIN":-1.264098181,"COLO800_SKIN":-2.027017337,"CORL23_LUNG":-1.600372246,"CORL279_LUNG":-2.019850989,"CORL47_LUNG":-1.95161608,"COV318_OVARY":-1.780578925,"COV362_OVARY":-1.763413614,"COV434_OVARY":-2.02705392,"COV504_OVARY":-1.350023721,"COV644_OVARY":-1.866093459,"CW9019_SOFT_TISSUE":0.333224376,"D283MED_CENTRAL_NERVOUS_SYSTEM":-2.027743525,"D341MED_CENTRAL_NERVOUS_SYSTEM":-1.880417054,"D425_CENTRAL_NERVOUS_SYSTEM":-1.95056232,"D458_CENTRAL_NERVOUS_SYSTEM":-1.056057616,"DANG_PANCREAS":-1.828547149,"DAOY_CENTRAL_NERVOUS_SYSTEM":-2.00884557,"DB_HAEMATOPOIETIC_AND_LYMPHOID_TISSUE":-2.024879548,"DEL_HAEMATOPOIETIC_AND_LYMPHOID_TISSUE":-1.897937127,"DETROIT562_UPPER_AERODIGESTIVE_TRACT":-0.943015463,"DKMG_CENTRAL_NERVOUS_SYSTEM":-0.740737505,"DLD1_LARGE_INTESTINE":-2.02567449,"DU4475_BREAST":-1.913044918,"EFE184_ENDOMETRIUM":-1.486784847,"EFM19_BREAST":-2.024535316,"EFO21_OVARY":-2.021241257,"EFO27_OVARY":-1.652426186,"EJM_HAEMATOPOIETIC_AND_LYMPHOID_TISSUE":-1.552983327,"EKVX_LUNG":-0.023098811,"EM2_HAEMATOPOIETIC_AND_LYMPHOID_TISSUE":-1.631571113,"EN_ENDOMETRIUM":3.642845358,"EOL1_HAEMATOPOIETIC_AND_LYMPHOID_TISSUE":-1.197996312,"EPLC272H_LUNG":-1.613347791,"ES2_OVARY":-2.027325586,"ESO26_OESOPHAGUS":2.828685553,"ESS1_ENDOMETRIUM":-2.01344162,"EW8_BONE":-2.026460468,"EWS502_BONE":-1.794852192,"F36P_HAEMATOPOIETIC_AND_LYMPHOID_TISSUE":-1.284399611,"F5_CENTRAL_NERVOUS_SYSTEM":-1.859409569,"FADU_UPPER_AERODIGESTIVE_TRACT":-1.559876123,"FLO1_OESOPHAGUS":0.690863056,"FU97_STOMACH":-1.993709313,"G292CLONEA141B1_BONE":1.779804366,"G402_SOFT_TISSUE":-1.817130969,"GAMG_CENTRAL_NERVOUS_SYSTEM":-1.062057328,"GB1_CENTRAL_NERVOUS_SYSTEM":-2.027041253,"GCIY_STOMACH":-2.026691354,"GCT_SOFT_TISSUE":-1.695998535,"GI1_CENTRAL_NERVOUS_SYSTEM":-1.976915327,"GSS_STOMACH":-1.623865822,"GSU_STOMACH":-0.174647549,"H103_UPPER_AERODIGESTIVE_TRACT":-1.694921873,"H4_CENTRAL_NERVOUS_SYSTEM":-1.62755582,"HARA_LUNG":-1.394818838,"HB1119_HAEMATOPOIETIC_AND_LYMPHOID_TISSUE":-1.171222743,"HCC1143_BREAST":-1.188688916,"HCC1359_LUNG":-2.007949484,"HCC1395_BREAST":-1.892277102,"HCC1419_BREAST":-1.686376196,"HCC1428_BREAST":-1.93908197,"HCC15_LUNG":-1.382148528,"HCC1806_BREAST":-1.794218652,"HCC1937_BREAST":-1.890530869,"HCC1954_BREAST":-2.027743525,"HCC202_BREAST":-2.013880916,"HCC2429_LUNG":-2.015627891,"HCC2935_LUNG":0.776965754,"HCC366_LUNG":-0.729139219,"HCC461_LUNG":-1.23301889,"HCC515_LUNG":-0.497418434,"HCC56_LARGE_INTESTINE":-2.01836828,"HCC827_LUNG":-1.376060932,"HCC95_LUNG":1.767836812,"HDMYZ_HAEMATOPOIETIC_AND_LYMPHOID_TISSUE":-0.396462333,"HEC151_ENDOMETRIUM":-1.821841499,"HEC1A_ENDOMETRIUM":-1.305739694,"HEC1B_ENDOMETRIUM":-0.767708941,"HEC251_ENDOMETRIUM":-1.889061052,"HEC265_ENDOMETRIUM":-1.515362654,"HEC50B_ENDOMETRIUM":-1.24408697,"HEC59_ENDOMETRIUM":-2.027448225,"HEC6_ENDOMETRIUM":-2.026132015,"HEL_HAEMATOPOIETIC_AND_LYMPHOID_TISSUE":-2.027327517,"HEL9217_HAEMATOPOIETIC_AND_LYMPHOID_TISSUE":-1.440127482,"HEYA8_OVARY":-0.776413715,"HGC27_STOMACH":-1.885265672,"HLF_LIVER":-1.593955537,"HMC18_BREAST":-2.027743525,"HOP62_LUNG":-2.027568928,"HS294T_SKIN":-1.973586043,"HS578T_BREAST":-2.021049275,"HS683_CENTRAL_NERVOUS_SYSTEM":1.258813951,"HS695T_SKIN":-2.016257216,"HS729_SOFT_TISSUE":-1.999159933,"HS746T_STOMACH":-1.319274891,"HS766T_PANCREAS":1.869007017,"HS852T_SKIN":-1.748082416,"HS944T_SKIN":-2.024683469,"HSB2_HAEMATOPOIETIC_AND_LYMPHOID_TISSUE":-1.778808413,"HSC1_SKIN":-0.205486967,"HSC2_UPPER_AERODIGESTIVE_TRACT":-1.192398799,"HSC3_UPPER_AERODIGESTIVE_TRACT":2.757105611,"HT1080_SOFT_TISSUE":-2.002713782,"HT115_LARGE_INTESTINE":-1.391990968,"HT1197_URINARY_TRACT":-1.637316223,"HT1376_URINARY_TRACT":0.975552701,"HT144_SKIN":-2.027722201,"HT29_LARGE_INTESTINE":-2.020216371,"HT55_LARGE_INTESTINE":11.00094731,"HUH1_LIVER":-1.505838038,"HUH6_LIVER":-1.603672291,"HUH7_LIVER":-0.387668871,"HUNS1_HAEMATOPOIETIC_AND_LYMPHOID_TISSUE":-1.866029793,"HUPT3_PANCREAS":0.128091489,"IALM_LUNG":0.071004185,"IGR1_SKIN":-2.02630143,"IGR39_SKIN":-1.272627313,"IMR32_AUTONOMIC_GANGLIA":-1.990529582,"INA6_HAEMATOPOIETIC_AND_LYMPHOID_TISSUE":-2.026098269,"IPC298_SKIN":-1.961416639,"ISTMES1_PLEURA":-2.027743525,"ISTMES2_PLEURA":-1.511398827,"J82_URINARY_TRACT":1.834036042,"JHH1_LIVER":-1.998545625,"JHH4_LIVER":-1.614881583,"JHH5_LIVER":0.082421782,"JHH7_LIVER":-2.027448635,"JHOC5_OVARY":-1.451542639,"JHOM1_OVARY":2.268269908,"JHOS2_OVARY":-0.934192863,"JHOS4_OVARY":-2.010658542,"JHUEM1_ENDOMETRIUM":-2.019824815,"JHUEM7_ENDOMETRIUM":-1.905657385,"JIMT1_BREAST":-2.014163693,"JJN3_HAEMATOPOIETIC_AND_LYMPHOID_TISSUE":-2.027535794,"JMSU1_URINARY_TRACT":-1.809209317,"JMURTK2_SOFT_TISSUE":-1.77032807,"JOPACA1_PANCREAS":-1.747243957,"JR_SOFT_TISSUE":-2.019102273,"K029AX_SKIN":-0.849433185,"KALS1_CENTRAL_NERVOUS_SYSTEM":-1.811644739,"KARPAS299_HAEMATOPOIETIC_AND_LYMPHOID_TISSUE":-1.237348754,"KARPAS422_HAEMATOPOIETIC_AND_LYMPHOID_TISSUE":-1.953484518,"KASUMI1_HAEMATOPOIETIC_AND_LYMPHOID_TISSUE":-1.952760443,"KE39_STOMACH":2.602769476,