{"scores":{"127399_SOFT_TISSUE":1.827843941,"143B_BONE":2.875303509,"2313287_STOMACH":2.950789341,"253J_URINARY_TRACT":-0.855107515,"42MGBA_CENTRAL_NERVOUS_SYSTEM":1.874046187,"5637_URINARY_TRACT":3.058520015,"59M_OVARY":-16.19435587,"639V_URINARY_TRACT":3.194911574,"647V_URINARY_TRACT":-19.91588137,"697_HAEMATOPOIETIC_AND_LYMPHOID_TISSUE":2.758786032,"769P_KIDNEY":3.199124739,"786O_KIDNEY":3.12012837,"8305C_THYROID":3.191847859,"8MGBA_CENTRAL_NERVOUS_SYSTEM":3.190474286,"A2058_SKIN":3.198101317,"A2780_OVARY":2.936277126,"A3KAW_HAEMATOPOIETIC_AND_LYMPHOID_TISSUE":1.430599543,"A427_LUNG":2.972135808,"A431_SKIN":3.198359789,"A549_LUNG":2.019391815,"A673_BONE":3.199142638,"ABC1_LUNG":3.180473234,"ACCMESO1_PLEURA":2.856054162,"AGS_STOMACH":2.899856164,"AML193_HAEMATOPOIETIC_AND_LYMPHOID_TISSUE":-0.203427532,"AMO1_HAEMATOPOIETIC_AND_LYMPHOID_TISSUE":-2.005456253,"ASPC1_PANCREAS":3.198934103,"AU565_BREAST":-20,"BC3C_URINARY_TRACT":2.557503725,"BFTC905_URINARY_TRACT":2.933094708,"BFTC909_KIDNEY":3.183260496,"BHY_UPPER_AERODIGESTIVE_TRACT":1.274126458,"BICR16_UPPER_AERODIGESTIVE_TRACT":3.048316985,"BICR22_UPPER_AERODIGESTIVE_TRACT":-2.313029424,"BICR31_UPPER_AERODIGESTIVE_TRACT":1.351346262,"BICR56_UPPER_AERODIGESTIVE_TRACT":3.071574145,"BICR6_UPPER_AERODIGESTIVE_TRACT":0.797577783,"BICR78_UPPER_AERODIGESTIVE_TRACT":0.7738415,"BIN67_OVARY":3.185721137,"BL70_HAEMATOPOIETIC_AND_LYMPHOID_TISSUE":3.08296827,"BLUE1_HAEMATOPOIETIC_AND_LYMPHOID_TISSUE":-14.06184224,"BT12_SOFT_TISSUE":2.682716617,"BT16_SOFT_TISSUE":-0.328980636,"BT549_BREAST":2.990758654,"C2BBE1_LARGE_INTESTINE":3.192290152,"C32_SKIN":2.90109086,"C8166_HAEMATOPOIETIC_AND_LYMPHOID_TISSUE":-20,"CADOES1_BONE":3.096534042,"CAKI1_KIDNEY":2.914117254,"CAKI2_KIDNEY":2.979309064,"CAL27_UPPER_AERODIGESTIVE_TRACT":1.540706068,"CAL29_URINARY_TRACT":0.610005201,"CAL33_UPPER_AERODIGESTIVE_TRACT":2.962223608,"CAL51_BREAST":3.186433864,"CAL78_BONE":3.197710582,"CALU1_LUNG":2.99653641,"CALU6_LUNG":3.087151124,"CAMA1_BREAST":3.05984356,"CAOV3_OVARY":0.431804473,"CAS1_CENTRAL_NERVOUS_SYSTEM":2.988800721,"CASKI_CERVIX":2.803895239,"CCFSTTG1_CENTRAL_NERVOUS_SYSTEM":2.320168188,"CCK81_LARGE_INTESTINE":2.122102438,"CCLFPEDS0001T_KIDNEY":3.139710754,"CCLFPEDS0003T_SOFT_TISSUE":3.162787448,"CFPAC1_PANCREAS":-2.915467159,"CH157MN_CENTRAL_NERVOUS_SYSTEM":-5.584745273,"CHAGOK1_LUNG":3.107809624,"CHLA06ATRT_SOFT_TISSUE":2.457013211,"CHLA15_AUTONOMIC_GANGLIA":3.186480297,"CHLA266_SOFT_TISSUE":2.836471709,"CHP212_AUTONOMIC_GANGLIA":3.193729029,"CJM_SKIN":3.182907607,"CL40_LARGE_INTESTINE":2.468556771,"CME1_SOFT_TISSUE":2.034428292,"CMLT1_HAEMATOPOIETIC_AND_LYMPHOID_TISSUE":2.358939926,"COGAR359_SOFT_TISSUE":2.241286307,"COGE352_BONE":0.897865016,"COGN278_AUTONOMIC_GANGLIA":3.092969047,"COGN305_AUTONOMIC_GANGLIA":3.188665842,"COLO201_LARGE_INTESTINE":3.146932357,"COLO678_LARGE_INTESTINE":3.19753133,"COLO679_SKIN":1.529724916,"COLO792_SKIN":2.938685342,"COLO800_SKIN":3.13264698,"CORL23_LUNG":3.059169092,"CORL279_LUNG":3.195328312,"CORL47_LUNG":0.989429065,"COV318_OVARY":1.222640149,"COV362_OVARY":-0.628942453,"COV434_OVARY":2.562293671,"COV504_OVARY":-17.08629239,"COV644_OVARY":-20,"CW9019_SOFT_TISSUE":-1.62701713,"D283MED_CENTRAL_NERVOUS_SYSTEM":0.336133099,"D341MED_CENTRAL_NERVOUS_SYSTEM":3.19914217,"D425_CENTRAL_NERVOUS_SYSTEM":-1.688263441,"D458_CENTRAL_NERVOUS_SYSTEM":3.177211623,"DANG_PANCREAS":3.105490672,"DAOY_CENTRAL_NERVOUS_SYSTEM":2.468473625,"DB_HAEMATOPOIETIC_AND_LYMPHOID_TISSUE":2.495148171,"DEL_HAEMATOPOIETIC_AND_LYMPHOID_TISSUE":0.326500397,"DETROIT562_UPPER_AERODIGESTIVE_TRACT":0.525064861,"DKMG_CENTRAL_NERVOUS_SYSTEM":1.219082402,"DLD1_LARGE_INTESTINE":2.731989513,"DU4475_BREAST":2.965831447,"EFE184_ENDOMETRIUM":1.683891191,"EFM19_BREAST":1.966032093,"EFO21_OVARY":3.198265473,"EFO27_OVARY":3.175025304,"EJM_HAEMATOPOIETIC_AND_LYMPHOID_TISSUE":3.197053108,"EKVX_LUNG":3.144197436,"EM2_HAEMATOPOIETIC_AND_LYMPHOID_TISSUE":-0.500628639,"EN_ENDOMETRIUM":3.16493536,"EOL1_HAEMATOPOIETIC_AND_LYMPHOID_TISSUE":3.037872201,"EPLC272H_LUNG":2.923995181,"ES2_OVARY":3.100019785,"ESO26_OESOPHAGUS":2.834721012,"ESS1_ENDOMETRIUM":3.141037815,"EW8_BONE":2.501609513,"EWS502_BONE":2.968182976,"F36P_HAEMATOPOIETIC_AND_LYMPHOID_TISSUE":2.386862554,"F5_CENTRAL_NERVOUS_SYSTEM":3.162245531,"FADU_UPPER_AERODIGESTIVE_TRACT":3.14750328,"FLO1_OESOPHAGUS":2.812734588,"FU97_STOMACH":3.16148479,"G292CLONEA141B1_BONE":3.181882981,"G402_SOFT_TISSUE":0.410505963,"GAMG_CENTRAL_NERVOUS_SYSTEM":1.126593707,"GB1_CENTRAL_NERVOUS_SYSTEM":-1.300376931,"GCIY_STOMACH":3.109183407,"GCT_SOFT_TISSUE":3.198599578,"GI1_CENTRAL_NERVOUS_SYSTEM":2.499236351,"GSS_STOMACH":3.023358348,"GSU_STOMACH":3.055472736,"H103_UPPER_AERODIGESTIVE_TRACT":3.197126511,"H4_CENTRAL_NERVOUS_SYSTEM":3.19690052,"HARA_LUNG":2.997272049,"HB1119_HAEMATOPOIETIC_AND_LYMPHOID_TISSUE":3.059637087,"HCC1143_BREAST":2.988806215,"HCC1359_LUNG":3.191208882,"HCC1395_BREAST":3.198773653,"HCC1419_BREAST":3.079967714,"HCC1428_BREAST":3.129026845,"HCC15_LUNG":0.199272218,"HCC1806_BREAST":3.031050095,"HCC1937_BREAST":2.187725392,"HCC1954_BREAST":3.193580617,"HCC202_BREAST":3.184417669,"HCC2429_LUNG":3.186151214,"HCC2935_LUNG":3.1724472,"HCC366_LUNG":2.380172939,"HCC461_LUNG":3.14208514,"HCC515_LUNG":2.675299659,"HCC56_LARGE_INTESTINE":2.876074698,"HCC827_LUNG":3.194319368,"HCC95_LUNG":2.902936467,"HDMYZ_HAEMATOPOIETIC_AND_LYMPHOID_TISSUE":1.944961948,"HEC151_ENDOMETRIUM":2.897916708,"HEC1A_ENDOMETRIUM":3.191471041,"HEC1B_ENDOMETRIUM":3.195666579,"HEC251_ENDOMETRIUM":3.102436648,"HEC265_ENDOMETRIUM":3.199067911,"HEC50B_ENDOMETRIUM":1.895413141,"HEC59_ENDOMETRIUM":2.939500294,"HEC6_ENDOMETRIUM":3.082138272,"HEL_HAEMATOPOIETIC_AND_LYMPHOID_TISSUE":0.161073864,"HEL9217_HAEMATOPOIETIC_AND_LYMPHOID_TISSUE":1.91274744,"HEYA8_OVARY":2.629744746,"HGC27_STOMACH":1.488603809,"HLF_LIVER":3.052685141,"HMC18_BREAST":2.754379472,"HOP62_LUNG":2.578076553,"HS294T_SKIN":-0.915039173,"HS578T_BREAST":2.838685138,"HS683_CENTRAL_NERVOUS_SYSTEM":2.861632945,"HS695T_SKIN":2.329964977,"HS729_SOFT_TISSUE":2.860151306,"HS746T_STOMACH":2.808923938,"HS766T_PANCREAS":-8.130468521,"HS852T_SKIN":3.013647339,"HS944T_SKIN":3.19840889,"HSB2_HAEMATOPOIETIC_AND_LYMPHOID_TISSUE":3.198437304,"HSC1_SKIN":3.12232258,"HSC2_UPPER_AERODIGESTIVE_TRACT":3.196336874,"HSC3_UPPER_AERODIGESTIVE_TRACT":2.820366485,"HT1080_SOFT_TISSUE":3.186965587,"HT115_LARGE_INTESTINE":-17.7383025,"HT1197_URINARY_TRACT":2.709823336,"HT1376_URINARY_TRACT":1.56550846,"HT144_SKIN":2.735950201,"HT29_LARGE_INTESTINE":3.1781959,"HT55_LARGE_INTESTINE":2.354253907,"HUH1_LIVER":-6.006100705,"HUH6_LIVER":1.70549978,"HUH7_LIVER":3.10907219,"HUNS1_HAEMATOPOIETIC_AND_LYMPHOID_TISSUE":0.430670108,"HUPT3_PANCREAS":2.777437977,"IALM_LUNG":-0.754213066,"IGR1_SKIN":-13.3920001,"IGR39_SKIN":3.146327221,"IMR32_AUTONOMIC_GANGLIA":3.137710521,"INA6_HAEMATOPOIETIC_AND_LYMPHOID_TISSUE":2.577248132,"IPC298_SKIN":2.319885481,"ISTMES1_PLEURA":3.120546262,"ISTMES2_PLEURA":3.125965353,"J82_URINARY_TRACT":0.991171921,"JHH1_LIVER":2.691000991,"JHH4_LIVER":3.188485277,"JHH5_LIVER":3.197773785,"JHH7_LIVER":2.596084475,"JHOC5_OVARY":3.092330706,"JHOM1_OVARY":3.196834969,"JHOS2_OVARY":3.18377785,"JHOS4_OVARY":3.198879345,"JHUEM1_ENDOMETRIUM":3.175709343,"JHUEM7_ENDOMETRIUM":2.92270023,"JIMT1_BREAST":-5.744564052,"JJN3_HAEMATOPOIETIC_AND_LYMPHOID_TISSUE":-7.174413954,"JMSU1_URINARY_TRACT":3.159273572,"JMURTK2_SOFT_TISSUE":3.154264082,"JOPACA1_PANCREAS":2.870695538,"JR_SOFT_TISSUE":2.397277369,"K029AX_SKIN":2.65276927,"KALS1_CENTRAL_NERVOUS_SYSTEM":3.19803203,"KARPAS299_HAEMATOPOIETIC_AND_LYMPHOID_TISSUE":-17.34262869,"KARPAS422_HAEMATOPOIETIC_AND_LYMPHOID_TISSUE":-15.93471884,"KASUMI1_HAEMATOPOIETIC_AND_LYMPHOID_TISSUE":2.671019638,"KE39_STOMACH":2.796921255,"KE97_HAEMATOPOIETIC_AND_LYMPHOID_TISSUE":3.05019572,"KELLY_AUTONOMIC_GANGLIA":3.187833522,"KIJK_HAEMATOPOIETIC_AND_LYMPHOID_TISSUE":3.19187997,"KLE_ENDOMETRIUM":1.669415651,"KM12_LARGE_INTESTINE":2.685764864,"KMBC2_URINARY_TRACT":3.181823939,