{"scores":{"127399_SOFT_TISSUE":-12.78500055,"143B_BONE":3.931445617,"2313287_STOMACH":1.687338051,"253J_URINARY_TRACT":3.833088666,"42MGBA_CENTRAL_NERVOUS_SYSTEM":3.659272211,"5637_URINARY_TRACT":2.947540263,"59M_OVARY":3.042017562,"639V_URINARY_TRACT":3.621003978,"647V_URINARY_TRACT":3.839162934,"697_HAEMATOPOIETIC_AND_LYMPHOID_TISSUE":3.916387181,"769P_KIDNEY":3.565913383,"786O_KIDNEY":3.726378097,"8305C_THYROID":2.983553447,"8MGBA_CENTRAL_NERVOUS_SYSTEM":-7.878908113,"A2058_SKIN":3.632636181,"A2780_OVARY":3.300857978,"A3KAW_HAEMATOPOIETIC_AND_LYMPHOID_TISSUE":3.890077989,"A427_LUNG":2.393609844,"A431_SKIN":-12.20594959,"A549_LUNG":2.616024024,"A673_BONE":0.102277432,"ABC1_LUNG":3.826391554,"ACCMESO1_PLEURA":1.897743568,"AGS_STOMACH":3.983728357,"AML193_HAEMATOPOIETIC_AND_LYMPHOID_TISSUE":3.961221735,"AMO1_HAEMATOPOIETIC_AND_LYMPHOID_TISSUE":3.983769673,"ASPC1_PANCREAS":3.837475123,"AU565_BREAST":-8.604467571,"BC3C_URINARY_TRACT":-4.946597092,"BFTC905_URINARY_TRACT":3.973231346,"BFTC909_KIDNEY":3.681271899,"BHY_UPPER_AERODIGESTIVE_TRACT":-3.595319482,"BICR16_UPPER_AERODIGESTIVE_TRACT":3.837623309,"BICR22_UPPER_AERODIGESTIVE_TRACT":1.058900155,"BICR31_UPPER_AERODIGESTIVE_TRACT":3.325991448,"BICR56_UPPER_AERODIGESTIVE_TRACT":3.226775728,"BICR6_UPPER_AERODIGESTIVE_TRACT":3.959987291,"BICR78_UPPER_AERODIGESTIVE_TRACT":3.879616457,"BIN67_OVARY":3.881456712,"BL70_HAEMATOPOIETIC_AND_LYMPHOID_TISSUE":3.722330305,"BLUE1_HAEMATOPOIETIC_AND_LYMPHOID_TISSUE":3.832255083,"BT12_SOFT_TISSUE":2.288831512,"BT16_SOFT_TISSUE":3.974183741,"BT549_BREAST":3.985002803,"C2BBE1_LARGE_INTESTINE":1.976793916,"C32_SKIN":3.947185796,"C8166_HAEMATOPOIETIC_AND_LYMPHOID_TISSUE":3.960579308,"CADOES1_BONE":2.995215995,"CAKI1_KIDNEY":2.721792243,"CAKI2_KIDNEY":1.80990086,"CAL27_UPPER_AERODIGESTIVE_TRACT":2.70170231,"CAL29_URINARY_TRACT":3.763452396,"CAL33_UPPER_AERODIGESTIVE_TRACT":3.711368618,"CAL51_BREAST":3.577204938,"CAL78_BONE":2.735860021,"CALU1_LUNG":-2.004054496,"CALU6_LUNG":3.984976575,"CAMA1_BREAST":-7.93200662,"CAOV3_OVARY":2.880556249,"CAS1_CENTRAL_NERVOUS_SYSTEM":3.917303671,"CASKI_CERVIX":3.868696576,"CCFSTTG1_CENTRAL_NERVOUS_SYSTEM":3.980644582,"CCK81_LARGE_INTESTINE":2.854233786,"CCLFPEDS0001T_KIDNEY":3.982323905,"CCLFPEDS0003T_SOFT_TISSUE":1.609382007,"CFPAC1_PANCREAS":0.562863424,"CH157MN_CENTRAL_NERVOUS_SYSTEM":2.996431579,"CHAGOK1_LUNG":3.904560112,"CHLA06ATRT_SOFT_TISSUE":2.290027571,"CHLA15_AUTONOMIC_GANGLIA":3.976684823,"CHLA266_SOFT_TISSUE":3.69960027,"CHP212_AUTONOMIC_GANGLIA":3.955914164,"CJM_SKIN":-12.32579589,"CL40_LARGE_INTESTINE":3.956252996,"CME1_SOFT_TISSUE":-2.293555916,"CMLT1_HAEMATOPOIETIC_AND_LYMPHOID_TISSUE":1.498401495,"COGAR359_SOFT_TISSUE":2.04013194,"COGE352_BONE":3.304588831,"COGN278_AUTONOMIC_GANGLIA":3.047546406,"COGN305_AUTONOMIC_GANGLIA":3.980857782,"COLO201_LARGE_INTESTINE":3.985052809,"COLO678_LARGE_INTESTINE":3.327821569,"COLO679_SKIN":0.146763453,"COLO792_SKIN":3.285782946,"COLO800_SKIN":-16.00239555,"CORL23_LUNG":2.963915789,"CORL279_LUNG":-5.380684764,"CORL47_LUNG":2.995464937,"COV318_OVARY":3.392718606,"COV362_OVARY":-0.054779569,"COV434_OVARY":3.298179812,"COV504_OVARY":3.201572054,"COV644_OVARY":3.810766425,"CW9019_SOFT_TISSUE":3.860379451,"D283MED_CENTRAL_NERVOUS_SYSTEM":3.9752396,"D341MED_CENTRAL_NERVOUS_SYSTEM":3.960956559,"D425_CENTRAL_NERVOUS_SYSTEM":-7.930853486,"D458_CENTRAL_NERVOUS_SYSTEM":-0.956744213,"DANG_PANCREAS":3.794449104,"DAOY_CENTRAL_NERVOUS_SYSTEM":2.508458073,"DB_HAEMATOPOIETIC_AND_LYMPHOID_TISSUE":3.254989667,"DEL_HAEMATOPOIETIC_AND_LYMPHOID_TISSUE":1.457786293,"DETROIT562_UPPER_AERODIGESTIVE_TRACT":3.944566717,"DKMG_CENTRAL_NERVOUS_SYSTEM":-1.066709388,"DLD1_LARGE_INTESTINE":3.833853455,"DU4475_BREAST":3.835984943,"EFE184_ENDOMETRIUM":3.922809187,"EFM19_BREAST":-2.249787358,"EFO21_OVARY":3.080484864,"EFO27_OVARY":3.838657272,"EJM_HAEMATOPOIETIC_AND_LYMPHOID_TISSUE":0.196331918,"EKVX_LUNG":3.94778709,"EM2_HAEMATOPOIETIC_AND_LYMPHOID_TISSUE":3.662238625,"EN_ENDOMETRIUM":0.696897714,"EOL1_HAEMATOPOIETIC_AND_LYMPHOID_TISSUE":3.100868106,"EPLC272H_LUNG":2.919860659,"ES2_OVARY":3.980885682,"ESO26_OESOPHAGUS":3.855838236,"ESS1_ENDOMETRIUM":2.656991093,"EW8_BONE":3.475516373,"EWS502_BONE":2.3264442,"F36P_HAEMATOPOIETIC_AND_LYMPHOID_TISSUE":2.820550499,"F5_CENTRAL_NERVOUS_SYSTEM":2.903256791,"FADU_UPPER_AERODIGESTIVE_TRACT":3.962532513,"FLO1_OESOPHAGUS":2.310030759,"FU97_STOMACH":3.742585332,"G292CLONEA141B1_BONE":3.247924164,"G402_SOFT_TISSUE":2.266420492,"GAMG_CENTRAL_NERVOUS_SYSTEM":2.937194983,"GB1_CENTRAL_NERVOUS_SYSTEM":-0.782784646,"GCIY_STOMACH":2.360263531,"GCT_SOFT_TISSUE":-0.018262739,"GI1_CENTRAL_NERVOUS_SYSTEM":3.957594645,"GSS_STOMACH":3.961009695,"GSU_STOMACH":2.926293055,"H103_UPPER_AERODIGESTIVE_TRACT":3.837110999,"H4_CENTRAL_NERVOUS_SYSTEM":3.705263268,"HARA_LUNG":3.058256278,"HB1119_HAEMATOPOIETIC_AND_LYMPHOID_TISSUE":3.126938093,"HCC1143_BREAST":-20,"HCC1359_LUNG":3.645504933,"HCC1395_BREAST":1.95581168,"HCC1419_BREAST":-2.199515076,"HCC1428_BREAST":2.965939303,"HCC15_LUNG":-2.370463823,"HCC1806_BREAST":3.783131984,"HCC1937_BREAST":3.493595128,"HCC1954_BREAST":3.857310528,"HCC202_BREAST":-13.41898051,"HCC2429_LUNG":0.272833682,"HCC2935_LUNG":2.50988753,"HCC366_LUNG":3.698351171,"HCC461_LUNG":1.319342277,"HCC515_LUNG":2.80010091,"HCC56_LARGE_INTESTINE":3.776856678,"HCC827_LUNG":3.985102236,"HCC95_LUNG":3.982301575,"HDMYZ_HAEMATOPOIETIC_AND_LYMPHOID_TISSUE":-2.41534201,"HEC151_ENDOMETRIUM":-0.731410711,"HEC1A_ENDOMETRIUM":2.757495119,"HEC1B_ENDOMETRIUM":3.708782729,"HEC251_ENDOMETRIUM":0.159934857,"HEC265_ENDOMETRIUM":2.260604261,"HEC50B_ENDOMETRIUM":3.954930326,"HEC59_ENDOMETRIUM":2.432118946,"HEC6_ENDOMETRIUM":3.353073401,"HEL_HAEMATOPOIETIC_AND_LYMPHOID_TISSUE":1.235813587,"HEL9217_HAEMATOPOIETIC_AND_LYMPHOID_TISSUE":3.658907795,"HEYA8_OVARY":3.871268018,"HGC27_STOMACH":3.303117336,"HLF_LIVER":1.941936145,"HMC18_BREAST":2.473815389,"HOP62_LUNG":3.946312384,"HS294T_SKIN":3.120084975,"HS578T_BREAST":3.497490263,"HS683_CENTRAL_NERVOUS_SYSTEM":1.907411366,"HS695T_SKIN":3.398930972,"HS729_SOFT_TISSUE":3.205216334,"HS746T_STOMACH":1.053474304,"HS766T_PANCREAS":3.082984001,"HS852T_SKIN":3.604549934,"HS944T_SKIN":3.501156415,"HSB2_HAEMATOPOIETIC_AND_LYMPHOID_TISSUE":0.527355368,"HSC1_SKIN":3.926680879,"HSC2_UPPER_AERODIGESTIVE_TRACT":3.634894052,"HSC3_UPPER_AERODIGESTIVE_TRACT":3.968074587,"HT1080_SOFT_TISSUE":2.936048819,"HT115_LARGE_INTESTINE":3.491777699,"HT1197_URINARY_TRACT":3.715543808,"HT1376_URINARY_TRACT":0.12645786,"HT144_SKIN":3.415836604,"HT29_LARGE_INTESTINE":3.918934228,"HT55_LARGE_INTESTINE":3.346240466,"HUH1_LIVER":-0.494913574,"HUH6_LIVER":3.981615319,"HUH7_LIVER":1.701742794,"HUNS1_HAEMATOPOIETIC_AND_LYMPHOID_TISSUE":3.424407803,"HUPT3_PANCREAS":2.844068278,"IALM_LUNG":-1.684371706,"IGR1_SKIN":-5.794429998,"IGR39_SKIN":3.419354154,"IMR32_AUTONOMIC_GANGLIA":3.427466034,"INA6_HAEMATOPOIETIC_AND_LYMPHOID_TISSUE":-2.465679391,"IPC298_SKIN":2.368430598,"ISTMES1_PLEURA":3.029996658,"ISTMES2_PLEURA":-17.03655947,"J82_URINARY_TRACT":2.419861395,"JHH1_LIVER":3.815238623,"JHH4_LIVER":-2.900527819,"JHH5_LIVER":3.984899096,"JHH7_LIVER":2.165844709,"JHOC5_OVARY":3.639509026,"JHOM1_OVARY":1.383336941,"JHOS2_OVARY":3.98479514,"JHOS4_OVARY":1.618247232,"JHUEM1_ENDOMETRIUM":2.931544319,"JHUEM7_ENDOMETRIUM":2.758594374,"JIMT1_BREAST":2.426281397,"JJN3_HAEMATOPOIETIC_AND_LYMPHOID_TISSUE":3.470352621,"JMSU1_URINARY_TRACT":3.669327578,"JMURTK2_SOFT_TISSUE":3.484715025,"JOPACA1_PANCREAS":3.486357885,"JR_SOFT_TISSUE":3.927351182,"K029AX_SKIN":3.976369696,"KALS1_CENTRAL_NERVOUS_SYSTEM":3.170650656,"KARPAS299_HAEMATOPOIETIC_AND_LYMPHOID_TISSUE":-3.124645702,"KARPAS422_HAEMATOPOIETIC_AND_LYMPHOID_TISSUE":3.746657893,"KASUMI1_HAEMATOPOIETIC_AND_LYMPHOID_TISSUE":3.318437864,"KE39_STOMACH":3.94430878,"KE97_HAEMATOPOIETIC_AND_LYMPHOID_TISSUE":-0.526761154,"KELLY_AUTONOMIC_GANGLIA":-5.505485513,"KIJK_HAEMATOPOIETIC_AND_LYMPHOID_TISSUE":-17.13864426,"KLE_ENDOMETRIUM":3.872024134,"KM12_LARGE_INTESTINE":2.80752657,