{"scores":{"127399_SOFT_TISSUE":1.792405042,"143B_BONE":2.16639442,"2313287_STOMACH":1.581583631,"253J_URINARY_TRACT":1.845609589,"42MGBA_CENTRAL_NERVOUS_SYSTEM":-2.739397437,"5637_URINARY_TRACT":2.038013823,"59M_OVARY":0.557606674,"639V_URINARY_TRACT":0.647273963,"647V_URINARY_TRACT":2.338295503,"697_HAEMATOPOIETIC_AND_LYMPHOID_TISSUE":-6.106697113,"769P_KIDNEY":-2.067669568,"786O_KIDNEY":-0.883536596,"8305C_THYROID":0.744726753,"8MGBA_CENTRAL_NERVOUS_SYSTEM":-0.973487974,"A2058_SKIN":1.478008153,"A2780_OVARY":1.916394717,"A3KAW_HAEMATOPOIETIC_AND_LYMPHOID_TISSUE":-1.052219129,"A427_LUNG":1.231719544,"A431_SKIN":2.327541726,"A549_LUNG":-15.89783817,"A673_BONE":-1.821208859,"ABC1_LUNG":2.368638522,"ACCMESO1_PLEURA":-0.661107266,"AGS_STOMACH":2.461151499,"AML193_HAEMATOPOIETIC_AND_LYMPHOID_TISSUE":-7.614039822,"AMO1_HAEMATOPOIETIC_AND_LYMPHOID_TISSUE":-7.31890859,"ASPC1_PANCREAS":-2.706155169,"AU565_BREAST":-0.099729058,"BC3C_URINARY_TRACT":-7.877812511,"BFTC905_URINARY_TRACT":2.423572503,"BFTC909_KIDNEY":-0.858008799,"BHY_UPPER_AERODIGESTIVE_TRACT":1.187840624,"BICR16_UPPER_AERODIGESTIVE_TRACT":2.390431677,"BICR22_UPPER_AERODIGESTIVE_TRACT":0.075904541,"BICR31_UPPER_AERODIGESTIVE_TRACT":1.587134771,"BICR56_UPPER_AERODIGESTIVE_TRACT":2.412128376,"BICR6_UPPER_AERODIGESTIVE_TRACT":0.424248348,"BICR78_UPPER_AERODIGESTIVE_TRACT":2.401411834,"BIN67_OVARY":2.371293981,"BL70_HAEMATOPOIETIC_AND_LYMPHOID_TISSUE":1.405989232,"BLUE1_HAEMATOPOIETIC_AND_LYMPHOID_TISSUE":-10.27903744,"BT12_SOFT_TISSUE":2.197861474,"BT16_SOFT_TISSUE":-2.270231404,"BT549_BREAST":2.19313094,"C2BBE1_LARGE_INTESTINE":2.498743534,"C32_SKIN":2.185960197,"C8166_HAEMATOPOIETIC_AND_LYMPHOID_TISSUE":-0.921143939,"CADOES1_BONE":2.497737834,"CAKI1_KIDNEY":-12.56273522,"CAKI2_KIDNEY":-1.20074345,"CAL27_UPPER_AERODIGESTIVE_TRACT":1.721928877,"CAL29_URINARY_TRACT":1.211234787,"CAL33_UPPER_AERODIGESTIVE_TRACT":2.499228453,"CAL51_BREAST":2.499164431,"CAL78_BONE":0.18108862,"CALU1_LUNG":-0.076921421,"CALU6_LUNG":1.758712488,"CAMA1_BREAST":2.279959509,"CAOV3_OVARY":0.688686678,"CAS1_CENTRAL_NERVOUS_SYSTEM":1.781976313,"CASKI_CERVIX":2.25464501,"CCFSTTG1_CENTRAL_NERVOUS_SYSTEM":1.447891186,"CCK81_LARGE_INTESTINE":2.245239468,"CCLFPEDS0001T_KIDNEY":2.000536675,"CCLFPEDS0003T_SOFT_TISSUE":2.257814265,"CFPAC1_PANCREAS":1.455463247,"CH157MN_CENTRAL_NERVOUS_SYSTEM":-4.280360585,"CHAGOK1_LUNG":2.476346561,"CHLA06ATRT_SOFT_TISSUE":-0.500621161,"CHLA15_AUTONOMIC_GANGLIA":2.058621744,"CHLA266_SOFT_TISSUE":-2.741983579,"CHP212_AUTONOMIC_GANGLIA":-1.405717971,"CJM_SKIN":1.05018896,"CL40_LARGE_INTESTINE":2.272885466,"CME1_SOFT_TISSUE":2.298900955,"CMLT1_HAEMATOPOIETIC_AND_LYMPHOID_TISSUE":-6.515563136,"COGAR359_SOFT_TISSUE":2.213855959,"COGE352_BONE":2.293714515,"COGN278_AUTONOMIC_GANGLIA":2.500025986,"COGN305_AUTONOMIC_GANGLIA":2.499650585,"COLO201_LARGE_INTESTINE":0.378957241,"COLO678_LARGE_INTESTINE":2.457861887,"COLO679_SKIN":1.987271794,"COLO792_SKIN":0.946421618,"COLO800_SKIN":1.35652063,"CORL23_LUNG":2.423667336,"CORL279_LUNG":1.986704937,"CORL47_LUNG":1.747885503,"COV318_OVARY":2.430902569,"COV362_OVARY":-0.965036628,"COV434_OVARY":2.477800716,"COV504_OVARY":-3.260765215,"COV644_OVARY":1.459237336,"CW9019_SOFT_TISSUE":1.019082519,"D283MED_CENTRAL_NERVOUS_SYSTEM":1.501341814,"D341MED_CENTRAL_NERVOUS_SYSTEM":0.448783886,"D425_CENTRAL_NERVOUS_SYSTEM":-9.448655134,"D458_CENTRAL_NERVOUS_SYSTEM":-9.752471019,"DANG_PANCREAS":0.506924693,"DAOY_CENTRAL_NERVOUS_SYSTEM":1.866130702,"DB_HAEMATOPOIETIC_AND_LYMPHOID_TISSUE":-1.129679211,"DEL_HAEMATOPOIETIC_AND_LYMPHOID_TISSUE":0.364313667,"DETROIT562_UPPER_AERODIGESTIVE_TRACT":2.197708332,"DKMG_CENTRAL_NERVOUS_SYSTEM":1.986413765,"DLD1_LARGE_INTESTINE":2.484782675,"DU4475_BREAST":1.570858221,"EFE184_ENDOMETRIUM":2.059349766,"EFM19_BREAST":2.412164907,"EFO21_OVARY":2.086870632,"EFO27_OVARY":0.091946331,"EJM_HAEMATOPOIETIC_AND_LYMPHOID_TISSUE":-1.795421971,"EKVX_LUNG":-8.281252111,"EM2_HAEMATOPOIETIC_AND_LYMPHOID_TISSUE":-0.969086718,"EN_ENDOMETRIUM":2.0463715,"EOL1_HAEMATOPOIETIC_AND_LYMPHOID_TISSUE":2.390600662,"EPLC272H_LUNG":1.179370599,"ES2_OVARY":1.743095102,"ESO26_OESOPHAGUS":1.828395157,"ESS1_ENDOMETRIUM":-0.099284818,"EW8_BONE":2.169837179,"EWS502_BONE":2.456840913,"F36P_HAEMATOPOIETIC_AND_LYMPHOID_TISSUE":2.494047382,"F5_CENTRAL_NERVOUS_SYSTEM":2.153107671,"FADU_UPPER_AERODIGESTIVE_TRACT":2.162318699,"FLO1_OESOPHAGUS":0.022020924,"FU97_STOMACH":-5.768507208,"G292CLONEA141B1_BONE":-1.670615103,"G402_SOFT_TISSUE":2.282097731,"GAMG_CENTRAL_NERVOUS_SYSTEM":0.08110996,"GB1_CENTRAL_NERVOUS_SYSTEM":0.295062527,"GCIY_STOMACH":1.437359684,"GCT_SOFT_TISSUE":-4.407512377,"GI1_CENTRAL_NERVOUS_SYSTEM":-2.407443005,"GSS_STOMACH":1.076047603,"GSU_STOMACH":2.167187553,"H103_UPPER_AERODIGESTIVE_TRACT":1.282003328,"H4_CENTRAL_NERVOUS_SYSTEM":-3.357780949,"HARA_LUNG":2.496686745,"HB1119_HAEMATOPOIETIC_AND_LYMPHOID_TISSUE":-8.529421196,"HCC1143_BREAST":1.911441032,"HCC1359_LUNG":1.630730459,"HCC1395_BREAST":-0.635270453,"HCC1419_BREAST":1.76956079,"HCC1428_BREAST":2.405174335,"HCC15_LUNG":-2.786330432,"HCC1806_BREAST":2.096840872,"HCC1937_BREAST":1.810283362,"HCC1954_BREAST":1.021279432,"HCC202_BREAST":-3.00366129,"HCC2429_LUNG":2.469598966,"HCC2935_LUNG":-2.92869991,"HCC366_LUNG":-0.692979052,"HCC461_LUNG":-2.98558185,"HCC515_LUNG":1.654700866,"HCC56_LARGE_INTESTINE":2.497427834,"HCC827_LUNG":2.326006679,"HCC95_LUNG":-4.839209566,"HDMYZ_HAEMATOPOIETIC_AND_LYMPHOID_TISSUE":1.48144198,"HEC151_ENDOMETRIUM":-2.492735078,"HEC1A_ENDOMETRIUM":1.674274061,"HEC1B_ENDOMETRIUM":-2.070908971,"HEC251_ENDOMETRIUM":0.370229176,"HEC265_ENDOMETRIUM":2.494398291,"HEC50B_ENDOMETRIUM":-1.90079719,"HEC59_ENDOMETRIUM":2.202896732,"HEC6_ENDOMETRIUM":0.236164725,"HEL_HAEMATOPOIETIC_AND_LYMPHOID_TISSUE":1.872389167,"HEL9217_HAEMATOPOIETIC_AND_LYMPHOID_TISSUE":-8.12182976,"HEYA8_OVARY":-2.133924574,"HGC27_STOMACH":-1.189538446,"HLF_LIVER":1.89491403,"HMC18_BREAST":1.672876608,"HOP62_LUNG":-3.52800933,"HS294T_SKIN":2.33008275,"HS578T_BREAST":1.017408339,"HS683_CENTRAL_NERVOUS_SYSTEM":-6.915579999,"HS695T_SKIN":-8.799825282,"HS729_SOFT_TISSUE":-5.167976002,"HS746T_STOMACH":-1.994120018,"HS766T_PANCREAS":-3.547316757,"HS852T_SKIN":1.40150052,"HS944T_SKIN":1.984782046,"HSB2_HAEMATOPOIETIC_AND_LYMPHOID_TISSUE":1.112246304,"HSC1_SKIN":2.369953255,"HSC2_UPPER_AERODIGESTIVE_TRACT":1.647647579,"HSC3_UPPER_AERODIGESTIVE_TRACT":-0.891610162,"HT1080_SOFT_TISSUE":2.483497679,"HT115_LARGE_INTESTINE":2.370192494,"HT1197_URINARY_TRACT":1.820783612,"HT1376_URINARY_TRACT":2.332223989,"HT144_SKIN":-0.480197841,"HT29_LARGE_INTESTINE":1.776525258,"HT55_LARGE_INTESTINE":2.367679153,"HUH1_LIVER":2.310975498,"HUH6_LIVER":2.357147582,"HUH7_LIVER":1.702406729,"HUNS1_HAEMATOPOIETIC_AND_LYMPHOID_TISSUE":-20,"HUPT3_PANCREAS":-2.163020671,"IALM_LUNG":0.086733734,"IGR1_SKIN":-3.393000559,"IGR39_SKIN":-0.338516796,"IMR32_AUTONOMIC_GANGLIA":2.460868764,"INA6_HAEMATOPOIETIC_AND_LYMPHOID_TISSUE":0.799441355,"IPC298_SKIN":0.767584183,"ISTMES1_PLEURA":1.177045358,"ISTMES2_PLEURA":-2.444981888,"J82_URINARY_TRACT":1.104678162,"JHH1_LIVER":2.453504024,"JHH4_LIVER":0.999560001,"JHH5_LIVER":-0.958437058,"JHH7_LIVER":1.752127232,"JHOC5_OVARY":-3.186125254,"JHOM1_OVARY":1.634837531,"JHOS2_OVARY":-0.76162981,"JHOS4_OVARY":2.305267564,"JHUEM1_ENDOMETRIUM":0.562601498,"JHUEM7_ENDOMETRIUM":0.112662452,"JIMT1_BREAST":2.093770725,"JJN3_HAEMATOPOIETIC_AND_LYMPHOID_TISSUE":2.085693988,"JMSU1_URINARY_TRACT":-1.709234806,"JMURTK2_SOFT_TISSUE":2.374349503,"JOPACA1_PANCREAS":1.90054342,"JR_SOFT_TISSUE":0.285452013,"K029AX_SKIN":2.480035789,"KALS1_CENTRAL_NERVOUS_SYSTEM":1.292656147,"KARPAS299_HAEMATOPOIETIC_AND_LYMPHOID_TISSUE":1.762231799,"KARPAS422_HAEMATOPOIETIC_AND_LYMPHOID_TISSUE":-7.32211741,"KASUMI1_HAEMATOPOIETIC_AND_LYMPHOID_TISSUE":-1.54991062,"KE39_STOMACH":2.48215883,"KE97_HAEMATOPOIETIC_AND_LYMPHOID_TISSUE":0.215183704,"KELLY_AUTONOMIC_GANGLIA":-3.745894263,"KIJK_HAEMATOPOIETIC_AND_LYMPHOID_TISSUE":0.519590895,"KLE_ENDOMETRIUM":1.493454597,