{"scores":{"127399_SOFT_TISSUE":-1.523408763,"143B_BONE":2.621157368,"2313287_STOMACH":-0.369419144,"253J_URINARY_TRACT":2.511936471,"42MGBA_CENTRAL_NERVOUS_SYSTEM":-1.397794421,"5637_URINARY_TRACT":2.358795537,"59M_OVARY":1.147661629,"639V_URINARY_TRACT":2.374386822,"647V_URINARY_TRACT":0.696859877,"697_HAEMATOPOIETIC_AND_LYMPHOID_TISSUE":0.857507571,"769P_KIDNEY":-0.819743262,"786O_KIDNEY":2.496294219,"8305C_THYROID":2.714907211,"8MGBA_CENTRAL_NERVOUS_SYSTEM":2.46974816,"A2058_SKIN":1.495201368,"A2780_OVARY":0.044285651,"A3KAW_HAEMATOPOIETIC_AND_LYMPHOID_TISSUE":1.493162491,"A427_LUNG":0.2141242,"A431_SKIN":-3.63865445,"A549_LUNG":0.727643741,"A673_BONE":-2.826983082,"ABC1_LUNG":0.293789754,"ACCMESO1_PLEURA":2.526495689,"AGS_STOMACH":-4.534640181,"AML193_HAEMATOPOIETIC_AND_LYMPHOID_TISSUE":2.679056758,"AMO1_HAEMATOPOIETIC_AND_LYMPHOID_TISSUE":2.675835317,"ASPC1_PANCREAS":1.915677675,"AU565_BREAST":0.793964092,"BC3C_URINARY_TRACT":1.89527952,"BFTC905_URINARY_TRACT":1.872897894,"BFTC909_KIDNEY":0.368935156,"BHY_UPPER_AERODIGESTIVE_TRACT":-1.634497155,"BICR16_UPPER_AERODIGESTIVE_TRACT":-2.304641055,"BICR22_UPPER_AERODIGESTIVE_TRACT":1.58295441,"BICR31_UPPER_AERODIGESTIVE_TRACT":2.005706536,"BICR56_UPPER_AERODIGESTIVE_TRACT":-5.101656496,"BICR6_UPPER_AERODIGESTIVE_TRACT":-13.86219414,"BICR78_UPPER_AERODIGESTIVE_TRACT":1.595996577,"BIN67_OVARY":2.264192805,"BL70_HAEMATOPOIETIC_AND_LYMPHOID_TISSUE":0.177869457,"BLUE1_HAEMATOPOIETIC_AND_LYMPHOID_TISSUE":-0.484366632,"BT12_SOFT_TISSUE":2.504339462,"BT16_SOFT_TISSUE":-3.310605329,"BT549_BREAST":2.093199835,"C2BBE1_LARGE_INTESTINE":-1.048104969,"C32_SKIN":2.501215949,"C8166_HAEMATOPOIETIC_AND_LYMPHOID_TISSUE":2.066515465,"CADOES1_BONE":2.699585863,"CAKI1_KIDNEY":1.617257142,"CAKI2_KIDNEY":-0.071333962,"CAL27_UPPER_AERODIGESTIVE_TRACT":-10.80351729,"CAL29_URINARY_TRACT":2.234564167,"CAL33_UPPER_AERODIGESTIVE_TRACT":2.509817309,"CAL51_BREAST":-0.292412534,"CAL78_BONE":2.192182862,"CALU1_LUNG":2.223871286,"CALU6_LUNG":2.328768167,"CAMA1_BREAST":1.664737727,"CAOV3_OVARY":-0.372761665,"CAS1_CENTRAL_NERVOUS_SYSTEM":2.332748296,"CASKI_CERVIX":2.107705971,"CCFSTTG1_CENTRAL_NERVOUS_SYSTEM":0.945015197,"CCK81_LARGE_INTESTINE":0.883865421,"CCLFPEDS0001T_KIDNEY":1.873923483,"CCLFPEDS0003T_SOFT_TISSUE":0.855162264,"CFPAC1_PANCREAS":0.584974727,"CH157MN_CENTRAL_NERVOUS_SYSTEM":2.216741467,"CHAGOK1_LUNG":2.68015462,"CHLA06ATRT_SOFT_TISSUE":2.050764688,"CHLA15_AUTONOMIC_GANGLIA":2.006254645,"CHLA266_SOFT_TISSUE":0.650426898,"CHP212_AUTONOMIC_GANGLIA":1.050742136,"CJM_SKIN":-1.40667299,"CL40_LARGE_INTESTINE":2.190638873,"CME1_SOFT_TISSUE":-0.662986496,"CMLT1_HAEMATOPOIETIC_AND_LYMPHOID_TISSUE":0.922396695,"COGAR359_SOFT_TISSUE":2.237487618,"COGE352_BONE":2.532518024,"COGN278_AUTONOMIC_GANGLIA":1.291966233,"COGN305_AUTONOMIC_GANGLIA":1.692922722,"COLO201_LARGE_INTESTINE":2.261047123,"COLO678_LARGE_INTESTINE":2.441217153,"COLO679_SKIN":2.654651542,"COLO792_SKIN":2.00963983,"COLO800_SKIN":-1.255097288,"CORL23_LUNG":2.090280143,"CORL279_LUNG":2.531993945,"CORL47_LUNG":2.712544446,"COV318_OVARY":-1.022542309,"COV362_OVARY":2.030481314,"COV434_OVARY":1.270212986,"COV504_OVARY":-0.882136339,"COV644_OVARY":2.325395166,"CW9019_SOFT_TISSUE":0.509751477,"D283MED_CENTRAL_NERVOUS_SYSTEM":2.25947598,"D341MED_CENTRAL_NERVOUS_SYSTEM":1.942894654,"D425_CENTRAL_NERVOUS_SYSTEM":2.54307954,"D458_CENTRAL_NERVOUS_SYSTEM":1.910830645,"DANG_PANCREAS":0.445812646,"DAOY_CENTRAL_NERVOUS_SYSTEM":1.972175088,"DB_HAEMATOPOIETIC_AND_LYMPHOID_TISSUE":-0.255822492,"DEL_HAEMATOPOIETIC_AND_LYMPHOID_TISSUE":2.21900059,"DETROIT562_UPPER_AERODIGESTIVE_TRACT":-1.685832554,"DKMG_CENTRAL_NERVOUS_SYSTEM":1.260221785,"DLD1_LARGE_INTESTINE":2.607118428,"DU4475_BREAST":2.52422307,"EFE184_ENDOMETRIUM":0.582721784,"EFM19_BREAST":1.513837377,"EFO21_OVARY":-4.289649738,"EFO27_OVARY":0.150934021,"EJM_HAEMATOPOIETIC_AND_LYMPHOID_TISSUE":1.355355477,"EKVX_LUNG":-1.284705982,"EM2_HAEMATOPOIETIC_AND_LYMPHOID_TISSUE":0.031839655,"EN_ENDOMETRIUM":-3.40663227,"EOL1_HAEMATOPOIETIC_AND_LYMPHOID_TISSUE":2.667891876,"EPLC272H_LUNG":0.349882371,"ES2_OVARY":2.255760549,"ESO26_OESOPHAGUS":-6.423715114,"ESS1_ENDOMETRIUM":0.946332647,"EW8_BONE":0.540256947,"EWS502_BONE":2.610121996,"F36P_HAEMATOPOIETIC_AND_LYMPHOID_TISSUE":2.706410213,"F5_CENTRAL_NERVOUS_SYSTEM":-0.032115526,"FADU_UPPER_AERODIGESTIVE_TRACT":2.699407645,"FLO1_OESOPHAGUS":-1.012360181,"FU97_STOMACH":-10.62401784,"G292CLONEA141B1_BONE":2.336228692,"G402_SOFT_TISSUE":2.098824414,"GAMG_CENTRAL_NERVOUS_SYSTEM":1.366557783,"GB1_CENTRAL_NERVOUS_SYSTEM":2.656217047,"GCIY_STOMACH":0.381889317,"GCT_SOFT_TISSUE":2.485881391,"GI1_CENTRAL_NERVOUS_SYSTEM":1.452462065,"GSS_STOMACH":2.554326376,"GSU_STOMACH":1.609462655,"H103_UPPER_AERODIGESTIVE_TRACT":-6.7289742,"H4_CENTRAL_NERVOUS_SYSTEM":-0.70723007,"HARA_LUNG":-1.168508287,"HB1119_HAEMATOPOIETIC_AND_LYMPHOID_TISSUE":2.251326024,"HCC1143_BREAST":-11.47011682,"HCC1359_LUNG":2.498604718,"HCC1395_BREAST":2.653082606,"HCC1419_BREAST":2.613973117,"HCC1428_BREAST":2.714984043,"HCC15_LUNG":1.962334573,"HCC1806_BREAST":0.151483681,"HCC1937_BREAST":2.202604895,"HCC1954_BREAST":2.114374703,"HCC202_BREAST":2.690839558,"HCC2429_LUNG":1.746991518,"HCC2935_LUNG":2.391635846,"HCC366_LUNG":-6.100527662,"HCC461_LUNG":1.85476761,"HCC515_LUNG":2.042926766,"HCC56_LARGE_INTESTINE":1.718990972,"HCC827_LUNG":2.172887267,"HCC95_LUNG":-2.935522107,"HDMYZ_HAEMATOPOIETIC_AND_LYMPHOID_TISSUE":2.198861256,"HEC151_ENDOMETRIUM":2.215053172,"HEC1A_ENDOMETRIUM":2.6967238,"HEC1B_ENDOMETRIUM":2.570703292,"HEC251_ENDOMETRIUM":2.61063791,"HEC265_ENDOMETRIUM":2.579666099,"HEC50B_ENDOMETRIUM":2.394647157,"HEC59_ENDOMETRIUM":1.268893342,"HEC6_ENDOMETRIUM":2.185002029,"HEL_HAEMATOPOIETIC_AND_LYMPHOID_TISSUE":2.621112292,"HEL9217_HAEMATOPOIETIC_AND_LYMPHOID_TISSUE":2.558078484,"HEYA8_OVARY":1.820317688,"HGC27_STOMACH":-4.437100839,"HLF_LIVER":2.637891146,"HMC18_BREAST":0.129952486,"HOP62_LUNG":1.618350695,"HS294T_SKIN":1.328067785,"HS578T_BREAST":-0.650566817,"HS683_CENTRAL_NERVOUS_SYSTEM":-1.632472022,"HS695T_SKIN":1.858562743,"HS729_SOFT_TISSUE":0.946432267,"HS746T_STOMACH":2.141016092,"HS766T_PANCREAS":-0.481358229,"HS852T_SKIN":2.64337873,"HS944T_SKIN":2.087037337,"HSB2_HAEMATOPOIETIC_AND_LYMPHOID_TISSUE":1.756615455,"HSC1_SKIN":1.11310966,"HSC2_UPPER_AERODIGESTIVE_TRACT":1.873726261,"HSC3_UPPER_AERODIGESTIVE_TRACT":1.912990804,"HT1080_SOFT_TISSUE":2.006843988,"HT115_LARGE_INTESTINE":1.36934003,"HT1197_URINARY_TRACT":-8.123835001,"HT1376_URINARY_TRACT":2.527584729,"HT144_SKIN":1.737323364,"HT29_LARGE_INTESTINE":-1.226489466,"HT55_LARGE_INTESTINE":-2.065701633,"HUH1_LIVER":2.542243677,"HUH6_LIVER":-3.721109208,"HUH7_LIVER":-1.095565916,"HUNS1_HAEMATOPOIETIC_AND_LYMPHOID_TISSUE":-3.589309322,"HUPT3_PANCREAS":1.04441079,"IALM_LUNG":2.140295275,"IGR1_SKIN":1.621992385,"IGR39_SKIN":1.253005914,"IMR32_AUTONOMIC_GANGLIA":2.713355269,"INA6_HAEMATOPOIETIC_AND_LYMPHOID_TISSUE":2.115341966,"IPC298_SKIN":0.492373176,"ISTMES1_PLEURA":0.805365104,"ISTMES2_PLEURA":-2.853071913,"J82_URINARY_TRACT":2.293526785,"JHH1_LIVER":-11.44529236,"JHH4_LIVER":1.51824682,"JHH5_LIVER":0.998197986,"JHH7_LIVER":-3.204137771,"JHOC5_OVARY":-2.231428027,"JHOM1_OVARY":2.714989554,"JHOS2_OVARY":1.935268787,"JHOS4_OVARY":2.370030426,"JHUEM1_ENDOMETRIUM":1.564971424,"JHUEM7_ENDOMETRIUM":1.643167942,"JIMT1_BREAST":2.586231814,"JJN3_HAEMATOPOIETIC_AND_LYMPHOID_TISSUE":-1.889167868,"JMSU1_URINARY_TRACT":2.672015384,"JMURTK2_SOFT_TISSUE":1.058830767,"JOPACA1_PANCREAS":2.620078305,"JR_SOFT_TISSUE":-2.880365131,"K029AX_SKIN":2.567716668,"KALS1_CENTRAL_NERVOUS_SYSTEM":2.679129764,"KARPAS299_HAEMATOPOIETIC_AND_LYMPHOID_TISSUE":2.462451556,"KARPAS422_HAEMATOPOIETIC_AND_LYMPHOID_TISSUE":-2.619534239,"KASUMI1_HAEMATOPOIETIC_AND_LYMPHOID_TISSUE":-3.921048876,"KE39_STOMACH":-1.990214951,"KE97_HAEMATOPOIETIC_AND_LYMPHOID_TISSUE":1.647373439,"KELLY_AUTONOMIC_GANGLIA":2.623591131,"KIJK_HAEMATOPOIETIC_AND_LYMPHOID_TISSUE":2.699703218,"KLE_ENDOMETRIUM":2.649677873,