{"scores":{"127399_SOFT_TISSUE":3.11326735,"143B_BONE":0.149627685,"2313287_STOMACH":-1.639947415,"253J_URINARY_TRACT":-5.395263122,"42MGBA_CENTRAL_NERVOUS_SYSTEM":-3.681484962,"5637_URINARY_TRACT":4.713633,"59M_OVARY":-4.644869546,"639V_URINARY_TRACT":3.469730937,"647V_URINARY_TRACT":3.933761106,"697_HAEMATOPOIETIC_AND_LYMPHOID_TISSUE":4.551084791,"769P_KIDNEY":-5.388453087,"786O_KIDNEY":4.129214961,"8305C_THYROID":0.478938779,"8MGBA_CENTRAL_NERVOUS_SYSTEM":-0.038955014,"A2058_SKIN":-3.662200766,"A2780_OVARY":-0.815034313,"A3KAW_HAEMATOPOIETIC_AND_LYMPHOID_TISSUE":0.618912154,"A427_LUNG":3.415766493,"A431_SKIN":-1.017535899,"A549_LUNG":-2.618842897,"A673_BONE":-6.574395323,"ABC1_LUNG":-0.355577317,"ACCMESO1_PLEURA":0.376755271,"AGS_STOMACH":2.254014009,"AML193_HAEMATOPOIETIC_AND_LYMPHOID_TISSUE":5.292072233,"AMO1_HAEMATOPOIETIC_AND_LYMPHOID_TISSUE":5.29005341,"ASPC1_PANCREAS":-0.804740573,"AU565_BREAST":3.55920823,"BC3C_URINARY_TRACT":-5.443290735,"BFTC905_URINARY_TRACT":1.003514982,"BFTC909_KIDNEY":-8.449955305,"BHY_UPPER_AERODIGESTIVE_TRACT":-2.161313647,"BICR16_UPPER_AERODIGESTIVE_TRACT":1.048751104,"BICR22_UPPER_AERODIGESTIVE_TRACT":2.768799659,"BICR31_UPPER_AERODIGESTIVE_TRACT":3.422644144,"BICR56_UPPER_AERODIGESTIVE_TRACT":-4.311693696,"BICR6_UPPER_AERODIGESTIVE_TRACT":0.093820975,"BICR78_UPPER_AERODIGESTIVE_TRACT":1.26136462,"BIN67_OVARY":2.22025105,"BL70_HAEMATOPOIETIC_AND_LYMPHOID_TISSUE":2.057514128,"BLUE1_HAEMATOPOIETIC_AND_LYMPHOID_TISSUE":1.077486271,"BT12_SOFT_TISSUE":3.842575008,"BT16_SOFT_TISSUE":-0.092560409,"BT549_BREAST":4.973649434,"C2BBE1_LARGE_INTESTINE":-9.337539043,"C32_SKIN":4.656035625,"C8166_HAEMATOPOIETIC_AND_LYMPHOID_TISSUE":-3.898543088,"CADOES1_BONE":3.192915624,"CAKI1_KIDNEY":2.321357408,"CAKI2_KIDNEY":-3.791616481,"CAL27_UPPER_AERODIGESTIVE_TRACT":-4.287982425,"CAL29_URINARY_TRACT":3.807446315,"CAL33_UPPER_AERODIGESTIVE_TRACT":1.141558161,"CAL51_BREAST":2.509027196,"CAL78_BONE":-1.965847091,"CALU1_LUNG":4.015891405,"CALU6_LUNG":1.386532084,"CAMA1_BREAST":3.264290511,"CAOV3_OVARY":-0.579370713,"CAS1_CENTRAL_NERVOUS_SYSTEM":2.68115055,"CASKI_CERVIX":4.48679734,"CCFSTTG1_CENTRAL_NERVOUS_SYSTEM":-5.093757714,"CCK81_LARGE_INTESTINE":-1.719204292,"CCLFPEDS0001T_KIDNEY":0.682648095,"CCLFPEDS0003T_SOFT_TISSUE":2.845271134,"CFPAC1_PANCREAS":3.306116808,"CH157MN_CENTRAL_NERVOUS_SYSTEM":-6.304310526,"CHAGOK1_LUNG":3.225674136,"CHLA06ATRT_SOFT_TISSUE":4.173954831,"CHLA15_AUTONOMIC_GANGLIA":1.792693144,"CHLA266_SOFT_TISSUE":3.732390179,"CHP212_AUTONOMIC_GANGLIA":0.608459949,"CJM_SKIN":3.630376458,"CL40_LARGE_INTESTINE":0.333219893,"CME1_SOFT_TISSUE":0.716734547,"CMLT1_HAEMATOPOIETIC_AND_LYMPHOID_TISSUE":-2.315190306,"COGAR359_SOFT_TISSUE":2.390020182,"COGE352_BONE":4.998482566,"COGN278_AUTONOMIC_GANGLIA":3.30652891,"COGN305_AUTONOMIC_GANGLIA":-0.503344998,"COLO201_LARGE_INTESTINE":3.879070066,"COLO678_LARGE_INTESTINE":-1.905902647,"COLO679_SKIN":3.164153442,"COLO792_SKIN":3.210491023,"COLO800_SKIN":-9.846746296,"CORL23_LUNG":-1.172973954,"CORL279_LUNG":5.085988849,"CORL47_LUNG":2.843131572,"COV318_OVARY":3.20523764,"COV362_OVARY":2.862955446,"COV434_OVARY":2.683446791,"COV504_OVARY":4.080676894,"COV644_OVARY":3.631899953,"CW9019_SOFT_TISSUE":-1.255183734,"D283MED_CENTRAL_NERVOUS_SYSTEM":1.096172738,"D341MED_CENTRAL_NERVOUS_SYSTEM":3.801578363,"D425_CENTRAL_NERVOUS_SYSTEM":1.854856639,"D458_CENTRAL_NERVOUS_SYSTEM":4.057055617,"DANG_PANCREAS":3.330520225,"DAOY_CENTRAL_NERVOUS_SYSTEM":1.487390151,"DB_HAEMATOPOIETIC_AND_LYMPHOID_TISSUE":1.648331479,"DEL_HAEMATOPOIETIC_AND_LYMPHOID_TISSUE":4.095941638,"DETROIT562_UPPER_AERODIGESTIVE_TRACT":2.779861649,"DKMG_CENTRAL_NERVOUS_SYSTEM":-3.669715718,"DLD1_LARGE_INTESTINE":5.68861453,"DU4475_BREAST":1.350337557,"EFE184_ENDOMETRIUM":5.811742511,"EFM19_BREAST":2.58886866,"EFO21_OVARY":-8.29079529,"EFO27_OVARY":3.222034596,"EJM_HAEMATOPOIETIC_AND_LYMPHOID_TISSUE":0.604185163,"EKVX_LUNG":2.365616106,"EM2_HAEMATOPOIETIC_AND_LYMPHOID_TISSUE":1.490191326,"EN_ENDOMETRIUM":0.324495441,"EOL1_HAEMATOPOIETIC_AND_LYMPHOID_TISSUE":3.570974578,"EPLC272H_LUNG":3.371412006,"ES2_OVARY":-4.345881269,"ESO26_OESOPHAGUS":-4.26378822,"ESS1_ENDOMETRIUM":3.101772152,"EW8_BONE":1.907563952,"EWS502_BONE":5.234507384,"F36P_HAEMATOPOIETIC_AND_LYMPHOID_TISSUE":-0.716285572,"F5_CENTRAL_NERVOUS_SYSTEM":0.152948909,"FADU_UPPER_AERODIGESTIVE_TRACT":1.194199742,"FLO1_OESOPHAGUS":-0.038191076,"FU97_STOMACH":-5.948551738,"G292CLONEA141B1_BONE":-5.968983375,"G402_SOFT_TISSUE":-0.687942741,"GAMG_CENTRAL_NERVOUS_SYSTEM":2.602639285,"GB1_CENTRAL_NERVOUS_SYSTEM":0.385368284,"GCIY_STOMACH":3.742886194,"GCT_SOFT_TISSUE":-0.701745593,"GI1_CENTRAL_NERVOUS_SYSTEM":-0.530310188,"GSS_STOMACH":0.117583053,"GSU_STOMACH":3.551907878,"H103_UPPER_AERODIGESTIVE_TRACT":-0.027308978,"H4_CENTRAL_NERVOUS_SYSTEM":-4.440417836,"HARA_LUNG":1.332150591,"HB1119_HAEMATOPOIETIC_AND_LYMPHOID_TISSUE":3.89159006,"HCC1143_BREAST":-0.764318127,"HCC1359_LUNG":-2.598532568,"HCC1395_BREAST":-3.534118483,"HCC1419_BREAST":2.224119007,"HCC1428_BREAST":4.377378887,"HCC15_LUNG":-4.623448335,"HCC1806_BREAST":-4.88186049,"HCC1937_BREAST":4.265062893,"HCC1954_BREAST":2.025099199,"HCC202_BREAST":5.184691573,"HCC2429_LUNG":4.16952409,"HCC2935_LUNG":-0.952056228,"HCC366_LUNG":2.447023335,"HCC461_LUNG":-2.615741526,"HCC515_LUNG":4.124306296,"HCC56_LARGE_INTESTINE":-5.192686714,"HCC827_LUNG":4.326363172,"HCC95_LUNG":2.88040829,"HDMYZ_HAEMATOPOIETIC_AND_LYMPHOID_TISSUE":-0.519685691,"HEC151_ENDOMETRIUM":1.030540935,"HEC1A_ENDOMETRIUM":-0.040481731,"HEC1B_ENDOMETRIUM":4.411446158,"HEC251_ENDOMETRIUM":2.541095886,"HEC265_ENDOMETRIUM":0.014972702,"HEC50B_ENDOMETRIUM":-4.930940925,"HEC59_ENDOMETRIUM":3.494785945,"HEC6_ENDOMETRIUM":2.881768849,"HEL_HAEMATOPOIETIC_AND_LYMPHOID_TISSUE":0.572213709,"HEL9217_HAEMATOPOIETIC_AND_LYMPHOID_TISSUE":2.658884468,"HEYA8_OVARY":0.126247979,"HGC27_STOMACH":-4.0986047,"HLF_LIVER":-1.879617691,"HMC18_BREAST":-2.668148789,"HOP62_LUNG":1.036185144,"HS294T_SKIN":0.886369658,"HS578T_BREAST":-1.270426648,"HS683_CENTRAL_NERVOUS_SYSTEM":-3.634945657,"HS695T_SKIN":0.542728517,"HS729_SOFT_TISSUE":0.040093842,"HS746T_STOMACH":2.616497553,"HS766T_PANCREAS":-2.473466366,"HS852T_SKIN":-11.66921494,"HS944T_SKIN":-3.169576107,"HSB2_HAEMATOPOIETIC_AND_LYMPHOID_TISSUE":0.634801131,"HSC1_SKIN":3.837637391,"HSC2_UPPER_AERODIGESTIVE_TRACT":-0.03321692,"HSC3_UPPER_AERODIGESTIVE_TRACT":1.681763452,"HT1080_SOFT_TISSUE":1.634447673,"HT115_LARGE_INTESTINE":3.851814997,"HT1197_URINARY_TRACT":3.306981918,"HT1376_URINARY_TRACT":0.616882246,"HT144_SKIN":0.208372661,"HT29_LARGE_INTESTINE":1.581946803,"HT55_LARGE_INTESTINE":3.101567977,"HUH1_LIVER":-6.702101146,"HUH6_LIVER":-2.786935551,"HUH7_LIVER":-6.882051122,"HUNS1_HAEMATOPOIETIC_AND_LYMPHOID_TISSUE":-1.106749608,"HUPT3_PANCREAS":2.245189985,"IALM_LUNG":3.193898161,"IGR1_SKIN":-4.968630357,"IGR39_SKIN":4.344744605,"IMR32_AUTONOMIC_GANGLIA":1.660589659,"INA6_HAEMATOPOIETIC_AND_LYMPHOID_TISSUE":1.823943809,"IPC298_SKIN":-5.19660748,"ISTMES1_PLEURA":-0.228622236,"ISTMES2_PLEURA":-8.017008059,"J82_URINARY_TRACT":-1.310750692,"JHH1_LIVER":4.149952543,"JHH4_LIVER":4.788519642,"JHH5_LIVER":-6.124060117,"JHH7_LIVER":-5.447673489,"JHOC5_OVARY":2.262631799,"JHOM1_OVARY":-2.25282769,"JHOS2_OVARY":-2.03744913,"JHOS4_OVARY":-2.093526726,"JHUEM1_ENDOMETRIUM":2.20608514,"JHUEM7_ENDOMETRIUM":2.099337187,"JIMT1_BREAST":3.428413069,"JJN3_HAEMATOPOIETIC_AND_LYMPHOID_TISSUE":4.31689382,"JMSU1_URINARY_TRACT":4.94157005,"JMURTK2_SOFT_TISSUE":-2.270415909,"JOPACA1_PANCREAS":3.966166805,"JR_SOFT_TISSUE":1.371507381,"K029AX_SKIN":-8.561619789,"KALS1_CENTRAL_NERVOUS_SYSTEM":0.710487978,"KARPAS299_HAEMATOPOIETIC_AND_LYMPHOID_TISSUE":5.106069701,"KARPAS422_HAEMATOPOIETIC_AND_LYMPHOID_TISSUE":0.534175716,"KASUMI1_HAEMATOPOIETIC_AND_LYMPHOID_TISSUE":2.733849606,"KE39_STOMACH":3.15743732,"KE97_HAEMATOPOIETIC_AND_LYMPHOID_TISSUE":-0.228229967,"KELLY_AUTONOMIC_GANGLIA":3.286051514,"KIJK_HAEMATOPOIETIC_AND_LYMPHOID_TISSUE":3.109168661,