{"scores":{"127399_SOFT_TISSUE":1.657391153,"143B_BONE":2.355078133,"2313287_STOMACH":-10.00900174,"253J_URINARY_TRACT":2.307712801,"42MGBA_CENTRAL_NERVOUS_SYSTEM":2.311400225,"5637_URINARY_TRACT":2.359458457,"59M_OVARY":1.759133541,"639V_URINARY_TRACT":2.419720657,"647V_URINARY_TRACT":2.365656363,"697_HAEMATOPOIETIC_AND_LYMPHOID_TISSUE":0.683772088,"769P_KIDNEY":2.419897431,"786O_KIDNEY":2.364857626,"8305C_THYROID":-0.424472055,"8MGBA_CENTRAL_NERVOUS_SYSTEM":2.305295368,"A2058_SKIN":2.345548881,"A2780_OVARY":2.249027175,"A3KAW_HAEMATOPOIETIC_AND_LYMPHOID_TISSUE":2.350529539,"A427_LUNG":1.96514942,"A431_SKIN":2.082582866,"A549_LUNG":2.419569674,"A673_BONE":2.373695378,"ABC1_LUNG":2.121926754,"ACCMESO1_PLEURA":2.360710907,"AGS_STOMACH":-0.778646643,"AML193_HAEMATOPOIETIC_AND_LYMPHOID_TISSUE":2.405798415,"AMO1_HAEMATOPOIETIC_AND_LYMPHOID_TISSUE":1.990024005,"ASPC1_PANCREAS":-1.654221891,"AU565_BREAST":2.416016334,"BC3C_URINARY_TRACT":0.974012483,"BFTC905_URINARY_TRACT":2.245763205,"BFTC909_KIDNEY":2.4196285,"BHY_UPPER_AERODIGESTIVE_TRACT":2.063567745,"BICR16_UPPER_AERODIGESTIVE_TRACT":0.801158152,"BICR22_UPPER_AERODIGESTIVE_TRACT":2.344740107,"BICR31_UPPER_AERODIGESTIVE_TRACT":2.251843455,"BICR56_UPPER_AERODIGESTIVE_TRACT":0.631212908,"BICR6_UPPER_AERODIGESTIVE_TRACT":2.310182478,"BICR78_UPPER_AERODIGESTIVE_TRACT":1.186385068,"BIN67_OVARY":2.054289834,"BL70_HAEMATOPOIETIC_AND_LYMPHOID_TISSUE":2.172141197,"BLUE1_HAEMATOPOIETIC_AND_LYMPHOID_TISSUE":1.059011849,"BT12_SOFT_TISSUE":1.743466905,"BT16_SOFT_TISSUE":2.420007754,"BT549_BREAST":2.41902186,"C2BBE1_LARGE_INTESTINE":2.246971319,"C32_SKIN":1.851136692,"C8166_HAEMATOPOIETIC_AND_LYMPHOID_TISSUE":2.36258941,"CADOES1_BONE":2.38773316,"CAKI1_KIDNEY":0.674768108,"CAKI2_KIDNEY":1.041690781,"CAL27_UPPER_AERODIGESTIVE_TRACT":2.337434232,"CAL29_URINARY_TRACT":1.787989407,"CAL33_UPPER_AERODIGESTIVE_TRACT":0.811021694,"CAL51_BREAST":-8.070057588,"CAL78_BONE":2.179628907,"CALU1_LUNG":1.379958731,"CALU6_LUNG":2.035341233,"CAMA1_BREAST":2.29114403,"CAOV3_OVARY":2.414551165,"CAS1_CENTRAL_NERVOUS_SYSTEM":1.727068287,"CASKI_CERVIX":2.411629129,"CCFSTTG1_CENTRAL_NERVOUS_SYSTEM":2.408342715,"CCK81_LARGE_INTESTINE":1.267726772,"CCLFPEDS0001T_KIDNEY":2.390685681,"CCLFPEDS0003T_SOFT_TISSUE":-4.54017683,"CFPAC1_PANCREAS":2.118905706,"CH157MN_CENTRAL_NERVOUS_SYSTEM":2.316872178,"CHAGOK1_LUNG":2.27788354,"CHLA06ATRT_SOFT_TISSUE":2.327925099,"CHLA15_AUTONOMIC_GANGLIA":-13.02158085,"CHLA266_SOFT_TISSUE":-0.776797789,"CHP212_AUTONOMIC_GANGLIA":2.370731837,"CJM_SKIN":2.131082975,"CL40_LARGE_INTESTINE":0.709119301,"CME1_SOFT_TISSUE":-0.907335836,"CMLT1_HAEMATOPOIETIC_AND_LYMPHOID_TISSUE":2.417693861,"COGAR359_SOFT_TISSUE":2.337411533,"COGE352_BONE":1.917704563,"COGN278_AUTONOMIC_GANGLIA":-16.10359052,"COGN305_AUTONOMIC_GANGLIA":-5.657792732,"COLO201_LARGE_INTESTINE":2.163795968,"COLO678_LARGE_INTESTINE":1.927360333,"COLO679_SKIN":2.067120878,"COLO792_SKIN":2.418836868,"COLO800_SKIN":2.250119718,"CORL23_LUNG":2.299957782,"CORL279_LUNG":2.365132721,"CORL47_LUNG":2.019995945,"COV318_OVARY":2.278511156,"COV362_OVARY":1.063579395,"COV434_OVARY":2.319222626,"COV504_OVARY":1.958708373,"COV644_OVARY":2.333370431,"CW9019_SOFT_TISSUE":2.113070668,"D283MED_CENTRAL_NERVOUS_SYSTEM":-1.351175215,"D341MED_CENTRAL_NERVOUS_SYSTEM":1.980853579,"D425_CENTRAL_NERVOUS_SYSTEM":1.342955387,"D458_CENTRAL_NERVOUS_SYSTEM":2.287120027,"DANG_PANCREAS":0.937672702,"DAOY_CENTRAL_NERVOUS_SYSTEM":-0.670063956,"DB_HAEMATOPOIETIC_AND_LYMPHOID_TISSUE":0.643474273,"DEL_HAEMATOPOIETIC_AND_LYMPHOID_TISSUE":1.953844256,"DETROIT562_UPPER_AERODIGESTIVE_TRACT":1.588660238,"DKMG_CENTRAL_NERVOUS_SYSTEM":2.272068561,"DLD1_LARGE_INTESTINE":2.177365966,"DU4475_BREAST":0.349205535,"EFE184_ENDOMETRIUM":-20,"EFM19_BREAST":1.255572975,"EFO21_OVARY":2.407603126,"EFO27_OVARY":0.177011221,"EJM_HAEMATOPOIETIC_AND_LYMPHOID_TISSUE":2.419303739,"EKVX_LUNG":2.407033645,"EM2_HAEMATOPOIETIC_AND_LYMPHOID_TISSUE":2.282547443,"EN_ENDOMETRIUM":2.398563067,"EOL1_HAEMATOPOIETIC_AND_LYMPHOID_TISSUE":2.416089179,"EPLC272H_LUNG":1.867303554,"ES2_OVARY":2.372843928,"ESO26_OESOPHAGUS":2.404729072,"ESS1_ENDOMETRIUM":2.286633537,"EW8_BONE":2.176003652,"EWS502_BONE":2.275134547,"F36P_HAEMATOPOIETIC_AND_LYMPHOID_TISSUE":2.288326784,"F5_CENTRAL_NERVOUS_SYSTEM":0.95523228,"FADU_UPPER_AERODIGESTIVE_TRACT":1.343121086,"FLO1_OESOPHAGUS":2.380917664,"FU97_STOMACH":1.389829052,"G292CLONEA141B1_BONE":2.419803074,"G402_SOFT_TISSUE":2.078858575,"GAMG_CENTRAL_NERVOUS_SYSTEM":2.41847313,"GB1_CENTRAL_NERVOUS_SYSTEM":2.367680522,"GCIY_STOMACH":2.004920172,"GCT_SOFT_TISSUE":1.638356759,"GI1_CENTRAL_NERVOUS_SYSTEM":2.410110088,"GSS_STOMACH":2.243309297,"GSU_STOMACH":2.24666463,"H103_UPPER_AERODIGESTIVE_TRACT":2.419957952,"H4_CENTRAL_NERVOUS_SYSTEM":1.424176391,"HARA_LUNG":2.413846991,"HB1119_HAEMATOPOIETIC_AND_LYMPHOID_TISSUE":-1.656251066,"HCC1143_BREAST":2.147482435,"HCC1359_LUNG":2.407002011,"HCC1395_BREAST":2.382946671,"HCC1419_BREAST":1.559381512,"HCC1428_BREAST":1.986999739,"HCC15_LUNG":2.279356391,"HCC1806_BREAST":2.418282017,"HCC1937_BREAST":1.968642732,"HCC1954_BREAST":1.513277816,"HCC202_BREAST":2.322767513,"HCC2429_LUNG":2.236319246,"HCC2935_LUNG":-0.341283918,"HCC366_LUNG":2.332840264,"HCC461_LUNG":2.356132419,"HCC515_LUNG":2.279828132,"HCC56_LARGE_INTESTINE":2.400175843,"HCC827_LUNG":2.41224611,"HCC95_LUNG":1.573776487,"HDMYZ_HAEMATOPOIETIC_AND_LYMPHOID_TISSUE":0.713868605,"HEC151_ENDOMETRIUM":-2.792403278,"HEC1A_ENDOMETRIUM":2.244801357,"HEC1B_ENDOMETRIUM":-2.622527759,"HEC251_ENDOMETRIUM":2.293546241,"HEC265_ENDOMETRIUM":1.546785766,"HEC50B_ENDOMETRIUM":2.417776071,"HEC59_ENDOMETRIUM":2.387447247,"HEC6_ENDOMETRIUM":-7.024193542,"HEL_HAEMATOPOIETIC_AND_LYMPHOID_TISSUE":1.065131984,"HEL9217_HAEMATOPOIETIC_AND_LYMPHOID_TISSUE":1.984811632,"HEYA8_OVARY":2.342654834,"HGC27_STOMACH":2.364932966,"HLF_LIVER":1.751190029,"HMC18_BREAST":2.400469962,"HOP62_LUNG":2.198126992,"HS294T_SKIN":2.310695694,"HS578T_BREAST":2.394015553,"HS683_CENTRAL_NERVOUS_SYSTEM":-1.156686672,"HS695T_SKIN":2.034870339,"HS729_SOFT_TISSUE":1.06359344,"HS746T_STOMACH":2.328133721,"HS766T_PANCREAS":-0.883080501,"HS852T_SKIN":1.864408634,"HS944T_SKIN":2.251102154,"HSB2_HAEMATOPOIETIC_AND_LYMPHOID_TISSUE":-0.701386361,"HSC1_SKIN":1.416525601,"HSC2_UPPER_AERODIGESTIVE_TRACT":2.212389677,"HSC3_UPPER_AERODIGESTIVE_TRACT":1.206398269,"HT1080_SOFT_TISSUE":2.172083628,"HT115_LARGE_INTESTINE":2.038322132,"HT1197_URINARY_TRACT":2.197778727,"HT1376_URINARY_TRACT":-9.359437658,"HT144_SKIN":0.571383786,"HT29_LARGE_INTESTINE":2.420007754,"HT55_LARGE_INTESTINE":2.35547892,"HUH1_LIVER":-6.17167045,"HUH6_LIVER":2.147779419,"HUH7_LIVER":2.387185563,"HUNS1_HAEMATOPOIETIC_AND_LYMPHOID_TISSUE":2.396109997,"HUPT3_PANCREAS":2.22068774,"IALM_LUNG":1.079898175,"IGR1_SKIN":2.252891847,"IGR39_SKIN":2.069661416,"IMR32_AUTONOMIC_GANGLIA":-1.332433355,"INA6_HAEMATOPOIETIC_AND_LYMPHOID_TISSUE":2.183782614,"IPC298_SKIN":2.419556634,"ISTMES1_PLEURA":1.918984467,"ISTMES2_PLEURA":2.351561216,"J82_URINARY_TRACT":2.021950676,"JHH1_LIVER":2.139255345,"JHH4_LIVER":2.33743717,"JHH5_LIVER":2.343677858,"JHH7_LIVER":2.399945003,"JHOC5_OVARY":2.214287167,"JHOM1_OVARY":2.354634095,"JHOS2_OVARY":1.86224717,"JHOS4_OVARY":2.007173092,"JHUEM1_ENDOMETRIUM":-4.561635993,"JHUEM7_ENDOMETRIUM":2.349506435,"JIMT1_BREAST":2.420002852,"JJN3_HAEMATOPOIETIC_AND_LYMPHOID_TISSUE":2.419752362,"JMSU1_URINARY_TRACT":-2.94898034,"JMURTK2_SOFT_TISSUE":1.17143713,"JOPACA1_PANCREAS":-12.37805352,"JR_SOFT_TISSUE":0.964790019,"K029AX_SKIN":1.841076438,"KALS1_CENTRAL_NERVOUS_SYSTEM":2.320082141,"KARPAS299_HAEMATOPOIETIC_AND_LYMPHOID_TISSUE":2.260492339,"KARPAS422_HAEMATOPOIETIC_AND_LYMPHOID_TISSUE":-20,"KASUMI1_HAEMATOPOIETIC_AND_LYMPHOID_TISSUE":1.477762236,"KE39_STOMACH":2.272743231,"KE97_HAEMATOPOIETIC_AND_LYMPHOID_TISSUE":2.420007754,"KELLY_AUTONOMIC_GANGLIA":2.320822306,"KIJK_HAEMATOPOIETIC_AND_LYMPHOID_TISSUE":1.671957426,"KLE_ENDOMETRIUM":2.393714434,"KM12_LARGE_INTESTINE":2.193880351,