{"scores":{"127399_SOFT_TISSUE":0.74957351,"143B_BONE":-4.285039664,"2313287_STOMACH":1.509586434,"253J_URINARY_TRACT":1.533854404,"42MGBA_CENTRAL_NERVOUS_SYSTEM":0.929853122,"5637_URINARY_TRACT":-5.881349602,"59M_OVARY":1.519543294,"639V_URINARY_TRACT":1.444377887,"647V_URINARY_TRACT":0.832955358,"697_HAEMATOPOIETIC_AND_LYMPHOID_TISSUE":0.898177947,"769P_KIDNEY":1.183875729,"786O_KIDNEY":1.514986301,"8305C_THYROID":1.531623811,"8MGBA_CENTRAL_NERVOUS_SYSTEM":1.478066801,"A2058_SKIN":1.481551068,"A2780_OVARY":1.021501981,"A3KAW_HAEMATOPOIETIC_AND_LYMPHOID_TISSUE":-9.144585539,"A427_LUNG":1.241197446,"A431_SKIN":1.529887245,"A549_LUNG":1.41908795,"A673_BONE":-0.871829288,"ABC1_LUNG":1.454324554,"ACCMESO1_PLEURA":1.108005894,"AGS_STOMACH":1.511456814,"AML193_HAEMATOPOIETIC_AND_LYMPHOID_TISSUE":1.182438607,"AMO1_HAEMATOPOIETIC_AND_LYMPHOID_TISSUE":0.984590934,"ASPC1_PANCREAS":1.346334518,"AU565_BREAST":0.896820463,"BC3C_URINARY_TRACT":0.993487372,"BFTC905_URINARY_TRACT":0.388433206,"BFTC909_KIDNEY":1.190613996,"BHY_UPPER_AERODIGESTIVE_TRACT":0.760358847,"BICR16_UPPER_AERODIGESTIVE_TRACT":0.253074923,"BICR22_UPPER_AERODIGESTIVE_TRACT":1.152560516,"BICR31_UPPER_AERODIGESTIVE_TRACT":1.433314259,"BICR56_UPPER_AERODIGESTIVE_TRACT":0.734810298,"BICR6_UPPER_AERODIGESTIVE_TRACT":1.30813876,"BICR78_UPPER_AERODIGESTIVE_TRACT":1.106917663,"BIN67_OVARY":-0.091472976,"BL70_HAEMATOPOIETIC_AND_LYMPHOID_TISSUE":1.533854404,"BLUE1_HAEMATOPOIETIC_AND_LYMPHOID_TISSUE":-0.479964964,"BT12_SOFT_TISSUE":1.452169244,"BT16_SOFT_TISSUE":1.480921163,"BT549_BREAST":-3.5839643,"C2BBE1_LARGE_INTESTINE":-1.29044123,"C32_SKIN":-0.070807554,"C8166_HAEMATOPOIETIC_AND_LYMPHOID_TISSUE":1.037047719,"CADOES1_BONE":1.44876155,"CAKI1_KIDNEY":1.480433744,"CAKI2_KIDNEY":1.038383326,"CAL27_UPPER_AERODIGESTIVE_TRACT":1.532970915,"CAL29_URINARY_TRACT":0.440074828,"CAL33_UPPER_AERODIGESTIVE_TRACT":1.476749779,"CAL51_BREAST":1.518519931,"CAL78_BONE":1.300434169,"CALU1_LUNG":1.475303969,"CALU6_LUNG":1.533617396,"CAMA1_BREAST":1.533054625,"CAOV3_OVARY":-1.815753617,"CAS1_CENTRAL_NERVOUS_SYSTEM":0.700056389,"CASKI_CERVIX":1.533665792,"CCFSTTG1_CENTRAL_NERVOUS_SYSTEM":1.533838983,"CCK81_LARGE_INTESTINE":-3.055285895,"CCLFPEDS0001T_KIDNEY":-2.271302166,"CCLFPEDS0003T_SOFT_TISSUE":0.212180822,"CFPAC1_PANCREAS":1.216361844,"CH157MN_CENTRAL_NERVOUS_SYSTEM":-0.001000629,"CHAGOK1_LUNG":1.485851957,"CHLA06ATRT_SOFT_TISSUE":0.514865152,"CHLA15_AUTONOMIC_GANGLIA":1.175845481,"CHLA266_SOFT_TISSUE":1.495656376,"CHP212_AUTONOMIC_GANGLIA":1.521946793,"CJM_SKIN":1.500016927,"CL40_LARGE_INTESTINE":1.533854404,"CME1_SOFT_TISSUE":0.671910885,"CMLT1_HAEMATOPOIETIC_AND_LYMPHOID_TISSUE":1.328875974,"COGAR359_SOFT_TISSUE":1.533854404,"COGE352_BONE":1.288648159,"COGN278_AUTONOMIC_GANGLIA":1.332167272,"COGN305_AUTONOMIC_GANGLIA":-0.038185969,"COLO201_LARGE_INTESTINE":1.037629946,"COLO678_LARGE_INTESTINE":0.458169404,"COLO679_SKIN":1.533854404,"COLO792_SKIN":0.451575234,"COLO800_SKIN":0.343288062,"CORL23_LUNG":-2.206600214,"CORL279_LUNG":-0.68043635,"CORL47_LUNG":1.240144345,"COV318_OVARY":1.106484371,"COV362_OVARY":1.401264089,"COV434_OVARY":1.504568712,"COV504_OVARY":1.451112213,"COV644_OVARY":0.973052127,"CW9019_SOFT_TISSUE":1.49885759,"D283MED_CENTRAL_NERVOUS_SYSTEM":1.516985145,"D341MED_CENTRAL_NERVOUS_SYSTEM":0.8964937,"D425_CENTRAL_NERVOUS_SYSTEM":1.522762579,"D458_CENTRAL_NERVOUS_SYSTEM":1.499223199,"DANG_PANCREAS":1.284150277,"DAOY_CENTRAL_NERVOUS_SYSTEM":1.500077466,"DB_HAEMATOPOIETIC_AND_LYMPHOID_TISSUE":1.49294826,"DEL_HAEMATOPOIETIC_AND_LYMPHOID_TISSUE":-0.260171961,"DETROIT562_UPPER_AERODIGESTIVE_TRACT":-1.026757214,"DKMG_CENTRAL_NERVOUS_SYSTEM":1.067311085,"DLD1_LARGE_INTESTINE":-0.07078517,"DU4475_BREAST":0.388903231,"EFE184_ENDOMETRIUM":1.117394234,"EFM19_BREAST":1.213768955,"EFO21_OVARY":1.533854099,"EFO27_OVARY":0.867417512,"EJM_HAEMATOPOIETIC_AND_LYMPHOID_TISSUE":1.504113856,"EKVX_LUNG":-2.227946626,"EM2_HAEMATOPOIETIC_AND_LYMPHOID_TISSUE":1.304113215,"EN_ENDOMETRIUM":1.005925975,"EOL1_HAEMATOPOIETIC_AND_LYMPHOID_TISSUE":-2.132418181,"EPLC272H_LUNG":1.310314303,"ES2_OVARY":1.521022002,"ESO26_OESOPHAGUS":0.728768142,"ESS1_ENDOMETRIUM":-0.130474176,"EW8_BONE":1.008975035,"EWS502_BONE":-0.446178645,"F36P_HAEMATOPOIETIC_AND_LYMPHOID_TISSUE":1.533854404,"F5_CENTRAL_NERVOUS_SYSTEM":-0.986248285,"FADU_UPPER_AERODIGESTIVE_TRACT":0.4099781,"FLO1_OESOPHAGUS":1.031539317,"FU97_STOMACH":0.635290387,"G292CLONEA141B1_BONE":1.021218535,"G402_SOFT_TISSUE":1.519928627,"GAMG_CENTRAL_NERVOUS_SYSTEM":1.474946097,"GB1_CENTRAL_NERVOUS_SYSTEM":0.227356997,"GCIY_STOMACH":-2.162811874,"GCT_SOFT_TISSUE":1.532687394,"GI1_CENTRAL_NERVOUS_SYSTEM":1.527702421,"GSS_STOMACH":0.989669725,"GSU_STOMACH":1.533366056,"H103_UPPER_AERODIGESTIVE_TRACT":-0.511231275,"H4_CENTRAL_NERVOUS_SYSTEM":1.533759127,"HARA_LUNG":0.721717268,"HB1119_HAEMATOPOIETIC_AND_LYMPHOID_TISSUE":1.472040592,"HCC1143_BREAST":-0.881255866,"HCC1359_LUNG":1.517042863,"HCC1395_BREAST":1.386611459,"HCC1419_BREAST":1.193369497,"HCC1428_BREAST":0.999079118,"HCC15_LUNG":1.527627443,"HCC1806_BREAST":0.793767057,"HCC1937_BREAST":1.429708299,"HCC1954_BREAST":1.241822456,"HCC202_BREAST":1.312248718,"HCC2429_LUNG":1.209729528,"HCC2935_LUNG":-1.683652442,"HCC366_LUNG":-0.953309393,"HCC461_LUNG":1.490387623,"HCC515_LUNG":1.531648945,"HCC56_LARGE_INTESTINE":1.294853962,"HCC827_LUNG":1.512466768,"HCC95_LUNG":-2.337936526,"HDMYZ_HAEMATOPOIETIC_AND_LYMPHOID_TISSUE":1.2427435,"HEC151_ENDOMETRIUM":-5.944316895,"HEC1A_ENDOMETRIUM":0.216839232,"HEC1B_ENDOMETRIUM":1.42723625,"HEC251_ENDOMETRIUM":0.578472702,"HEC265_ENDOMETRIUM":1.468837349,"HEC50B_ENDOMETRIUM":-2.992291524,"HEC59_ENDOMETRIUM":0.512272407,"HEC6_ENDOMETRIUM":0.359816918,"HEL_HAEMATOPOIETIC_AND_LYMPHOID_TISSUE":1.302863458,"HEL9217_HAEMATOPOIETIC_AND_LYMPHOID_TISSUE":1.249438265,"HEYA8_OVARY":1.507114012,"HGC27_STOMACH":1.530850208,"HLF_LIVER":1.532147605,"HMC18_BREAST":1.530952508,"HOP62_LUNG":-2.184190284,"HS294T_SKIN":1.472885335,"HS578T_BREAST":1.124802717,"HS683_CENTRAL_NERVOUS_SYSTEM":1.532846699,"HS695T_SKIN":1.136673562,"HS729_SOFT_TISSUE":1.391100376,"HS746T_STOMACH":1.501814317,"HS766T_PANCREAS":1.456329615,"HS852T_SKIN":1.231291968,"HS944T_SKIN":1.404413658,"HSB2_HAEMATOPOIETIC_AND_LYMPHOID_TISSUE":-0.301308594,"HSC1_SKIN":-3.056852985,"HSC2_UPPER_AERODIGESTIVE_TRACT":1.505132891,"HSC3_UPPER_AERODIGESTIVE_TRACT":1.265205037,"HT1080_SOFT_TISSUE":1.527209175,"HT115_LARGE_INTESTINE":1.270143088,"HT1197_URINARY_TRACT":-1.342114183,"HT1376_URINARY_TRACT":1.234630665,"HT144_SKIN":-1.376372455,"HT29_LARGE_INTESTINE":0.372587599,"HT55_LARGE_INTESTINE":1.341664374,"HUH1_LIVER":1.510029594,"HUH6_LIVER":-0.080201918,"HUH7_LIVER":1.190836481,"HUNS1_HAEMATOPOIETIC_AND_LYMPHOID_TISSUE":1.445320681,"HUPT3_PANCREAS":0.577549682,"IALM_LUNG":-0.306167154,"IGR1_SKIN":1.516257682,"IGR39_SKIN":0.604021824,"IMR32_AUTONOMIC_GANGLIA":1.435433246,"INA6_HAEMATOPOIETIC_AND_LYMPHOID_TISSUE":1.505638963,"IPC298_SKIN":-0.202616356,"ISTMES1_PLEURA":-0.061661192,"ISTMES2_PLEURA":0.942375783,"J82_URINARY_TRACT":0.594049706,"JHH1_LIVER":1.353909003,"JHH4_LIVER":1.431425085,"JHH5_LIVER":-1.057318849,"JHH7_LIVER":-1.981581903,"JHOC5_OVARY":1.510043289,"JHOM1_OVARY":1.495807398,"JHOS2_OVARY":0.795149196,"JHOS4_OVARY":1.51396481,"JHUEM1_ENDOMETRIUM":1.433009263,"JHUEM7_ENDOMETRIUM":0.083958648,"JIMT1_BREAST":1.533567991,"JJN3_HAEMATOPOIETIC_AND_LYMPHOID_TISSUE":1.480231764,"JMSU1_URINARY_TRACT":-3.670389956,"JMURTK2_SOFT_TISSUE":1.508791714,"JOPACA1_PANCREAS":1.391818424,"JR_SOFT_TISSUE":1.287195288,"K029AX_SKIN":1.533854404,"KALS1_CENTRAL_NERVOUS_SYSTEM":1.530038932,"KARPAS299_HAEMATOPOIETIC_AND_LYMPHOID_TISSUE":1.460510471,"KARPAS422_HAEMATOPOIETIC_AND_LYMPHOID_TISSUE":1.517577975,"KASUMI1_HAEMATOPOIETIC_AND_LYMPHOID_TISSUE":1.420534191,"KE39_STOMACH":-1.55060433,"KE97_HAEMATOPOIETIC_AND_LYMPHOID_TISSUE":1.398406517,"KELLY_AUTONOMIC_GANGLIA":0.872355705,"KIJK_HAEMATOPOIETIC_AND_LYMPHOID_TISSUE":1.015819033,"KLE_ENDOMETRIUM":1.106768249,