{"scores":{"127399_SOFT_TISSUE":2.958634659,"143B_BONE":3.354080815,"2313287_STOMACH":3.097739932,"253J_URINARY_TRACT":3.324831653,"42MGBA_CENTRAL_NERVOUS_SYSTEM":-0.648222768,"5637_URINARY_TRACT":3.330835833,"59M_OVARY":3.288472959,"639V_URINARY_TRACT":3.354067752,"647V_URINARY_TRACT":3.310585916,"697_HAEMATOPOIETIC_AND_LYMPHOID_TISSUE":3.257220547,"769P_KIDNEY":3.208706147,"786O_KIDNEY":3.344017109,"8305C_THYROID":3.046246588,"8MGBA_CENTRAL_NERVOUS_SYSTEM":3.327671742,"A2058_SKIN":3.08153659,"A2780_OVARY":2.853387005,"A3KAW_HAEMATOPOIETIC_AND_LYMPHOID_TISSUE":3.346725959,"A427_LUNG":3.100622485,"A431_SKIN":3.352879464,"A549_LUNG":1.09959724,"A673_BONE":3.354776628,"ABC1_LUNG":2.997121793,"ACCMESO1_PLEURA":2.816098871,"AGS_STOMACH":0.665174584,"AML193_HAEMATOPOIETIC_AND_LYMPHOID_TISSUE":2.246921533,"AMO1_HAEMATOPOIETIC_AND_LYMPHOID_TISSUE":3.056678358,"ASPC1_PANCREAS":2.789863339,"AU565_BREAST":2.557722568,"BC3C_URINARY_TRACT":2.576814276,"BFTC905_URINARY_TRACT":2.961323979,"BFTC909_KIDNEY":0.677450136,"BHY_UPPER_AERODIGESTIVE_TRACT":3.205261908,"BICR16_UPPER_AERODIGESTIVE_TRACT":1.252003876,"BICR22_UPPER_AERODIGESTIVE_TRACT":3.261148916,"BICR31_UPPER_AERODIGESTIVE_TRACT":2.881272671,"BICR56_UPPER_AERODIGESTIVE_TRACT":3.311831294,"BICR6_UPPER_AERODIGESTIVE_TRACT":3.354057836,"BICR78_UPPER_AERODIGESTIVE_TRACT":2.950508782,"BIN67_OVARY":3.236730393,"BL70_HAEMATOPOIETIC_AND_LYMPHOID_TISSUE":2.72711805,"BLUE1_HAEMATOPOIETIC_AND_LYMPHOID_TISSUE":3.182101962,"BT12_SOFT_TISSUE":2.304535541,"BT16_SOFT_TISSUE":2.358674265,"BT549_BREAST":-2.163215918,"C2BBE1_LARGE_INTESTINE":2.00109617,"C32_SKIN":3.290344158,"C8166_HAEMATOPOIETIC_AND_LYMPHOID_TISSUE":3.299038074,"CADOES1_BONE":0.488316697,"CAKI1_KIDNEY":3.352626503,"CAKI2_KIDNEY":3.344617826,"CAL27_UPPER_AERODIGESTIVE_TRACT":1.189026054,"CAL29_URINARY_TRACT":-2.593290776,"CAL33_UPPER_AERODIGESTIVE_TRACT":3.046989017,"CAL51_BREAST":1.855605599,"CAL78_BONE":3.338814677,"CALU1_LUNG":3.234074768,"CALU6_LUNG":3.297368766,"CAMA1_BREAST":0.206049757,"CAOV3_OVARY":3.130919697,"CAS1_CENTRAL_NERVOUS_SYSTEM":1.55809547,"CASKI_CERVIX":3.108058116,"CCFSTTG1_CENTRAL_NERVOUS_SYSTEM":2.940704707,"CCK81_LARGE_INTESTINE":3.338946605,"CCLFPEDS0001T_KIDNEY":3.293012653,"CCLFPEDS0003T_SOFT_TISSUE":3.353923273,"CFPAC1_PANCREAS":3.266177185,"CH157MN_CENTRAL_NERVOUS_SYSTEM":3.090118566,"CHAGOK1_LUNG":2.985477976,"CHLA06ATRT_SOFT_TISSUE":3.331835238,"CHLA15_AUTONOMIC_GANGLIA":2.685565343,"CHLA266_SOFT_TISSUE":2.824043587,"CHP212_AUTONOMIC_GANGLIA":2.853052612,"CJM_SKIN":2.880111476,"CL40_LARGE_INTESTINE":3.113476043,"CME1_SOFT_TISSUE":2.831121664,"CMLT1_HAEMATOPOIETIC_AND_LYMPHOID_TISSUE":3.343640086,"COGAR359_SOFT_TISSUE":3.250494145,"COGE352_BONE":3.278943825,"COGN278_AUTONOMIC_GANGLIA":3.083454581,"COGN305_AUTONOMIC_GANGLIA":1.584630126,"COLO201_LARGE_INTESTINE":3.328375115,"COLO678_LARGE_INTESTINE":3.348498451,"COLO679_SKIN":1.972533771,"COLO792_SKIN":3.354942553,"COLO800_SKIN":-14.36438044,"CORL23_LUNG":0.34292362,"CORL279_LUNG":1.91698329,"CORL47_LUNG":3.193881067,"COV318_OVARY":3.118419809,"COV362_OVARY":3.238119335,"COV434_OVARY":3.311952487,"COV504_OVARY":3.233425542,"COV644_OVARY":2.963649241,"CW9019_SOFT_TISSUE":1.589185063,"D283MED_CENTRAL_NERVOUS_SYSTEM":3.351430756,"D341MED_CENTRAL_NERVOUS_SYSTEM":3.34373833,"D425_CENTRAL_NERVOUS_SYSTEM":3.325037083,"D458_CENTRAL_NERVOUS_SYSTEM":3.286753784,"DANG_PANCREAS":3.251789553,"DAOY_CENTRAL_NERVOUS_SYSTEM":1.787630346,"DB_HAEMATOPOIETIC_AND_LYMPHOID_TISSUE":3.279330185,"DEL_HAEMATOPOIETIC_AND_LYMPHOID_TISSUE":3.306439981,"DETROIT562_UPPER_AERODIGESTIVE_TRACT":3.345760984,"DKMG_CENTRAL_NERVOUS_SYSTEM":1.73724118,"DLD1_LARGE_INTESTINE":3.154178804,"DU4475_BREAST":3.009722013,"EFE184_ENDOMETRIUM":2.560779001,"EFM19_BREAST":3.263415941,"EFO21_OVARY":3.257686588,"EFO27_OVARY":1.808866983,"EJM_HAEMATOPOIETIC_AND_LYMPHOID_TISSUE":2.739100524,"EKVX_LUNG":3.087528534,"EM2_HAEMATOPOIETIC_AND_LYMPHOID_TISSUE":3.332979161,"EN_ENDOMETRIUM":3.181448483,"EOL1_HAEMATOPOIETIC_AND_LYMPHOID_TISSUE":3.321904515,"EPLC272H_LUNG":1.568590868,"ES2_OVARY":3.08239237,"ESO26_OESOPHAGUS":3.088561318,"ESS1_ENDOMETRIUM":3.312421692,"EW8_BONE":2.289883912,"EWS502_BONE":3.059301987,"F36P_HAEMATOPOIETIC_AND_LYMPHOID_TISSUE":1.855972003,"F5_CENTRAL_NERVOUS_SYSTEM":3.347700895,"FADU_UPPER_AERODIGESTIVE_TRACT":3.345603057,"FLO1_OESOPHAGUS":3.020793137,"FU97_STOMACH":2.184228428,"G292CLONEA141B1_BONE":3.341114994,"G402_SOFT_TISSUE":3.232908689,"GAMG_CENTRAL_NERVOUS_SYSTEM":2.813024252,"GB1_CENTRAL_NERVOUS_SYSTEM":2.622750074,"GCIY_STOMACH":0.173651165,"GCT_SOFT_TISSUE":3.220293035,"GI1_CENTRAL_NERVOUS_SYSTEM":3.318365148,"GSS_STOMACH":2.342428568,"GSU_STOMACH":-20,"H103_UPPER_AERODIGESTIVE_TRACT":2.484967588,"H4_CENTRAL_NERVOUS_SYSTEM":2.803223426,"HARA_LUNG":2.805013004,"HB1119_HAEMATOPOIETIC_AND_LYMPHOID_TISSUE":3.025414792,"HCC1143_BREAST":2.812566704,"HCC1359_LUNG":3.268477732,"HCC1395_BREAST":3.348727678,"HCC1419_BREAST":-20,"HCC1428_BREAST":3.335130956,"HCC15_LUNG":3.348704341,"HCC1806_BREAST":3.154178783,"HCC1937_BREAST":1.66390935,"HCC1954_BREAST":3.317227578,"HCC202_BREAST":-20,"HCC2429_LUNG":2.312540049,"HCC2935_LUNG":3.114621199,"HCC366_LUNG":3.015651133,"HCC461_LUNG":3.344711557,"HCC515_LUNG":1.981443082,"HCC56_LARGE_INTESTINE":3.351581443,"HCC827_LUNG":2.590576428,"HCC95_LUNG":3.353103666,"HDMYZ_HAEMATOPOIETIC_AND_LYMPHOID_TISSUE":3.030320244,"HEC151_ENDOMETRIUM":3.31907189,"HEC1A_ENDOMETRIUM":2.413140154,"HEC1B_ENDOMETRIUM":2.858432889,"HEC251_ENDOMETRIUM":2.943734353,"HEC265_ENDOMETRIUM":-0.389876926,"HEC50B_ENDOMETRIUM":2.97209582,"HEC59_ENDOMETRIUM":2.610615785,"HEC6_ENDOMETRIUM":3.351966255,"HEL_HAEMATOPOIETIC_AND_LYMPHOID_TISSUE":3.27708218,"HEL9217_HAEMATOPOIETIC_AND_LYMPHOID_TISSUE":2.351685155,"HEYA8_OVARY":2.94682514,"HGC27_STOMACH":2.953151393,"HLF_LIVER":3.286936794,"HMC18_BREAST":3.340128983,"HOP62_LUNG":3.006291796,"HS294T_SKIN":3.353993464,"HS578T_BREAST":-4.526581061,"HS683_CENTRAL_NERVOUS_SYSTEM":1.291048937,"HS695T_SKIN":-5.357604073,"HS729_SOFT_TISSUE":2.960450938,"HS746T_STOMACH":3.192765136,"HS766T_PANCREAS":3.227423679,"HS852T_SKIN":3.328777764,"HS944T_SKIN":3.273861293,"HSB2_HAEMATOPOIETIC_AND_LYMPHOID_TISSUE":3.205359438,"HSC1_SKIN":2.790906013,"HSC2_UPPER_AERODIGESTIVE_TRACT":3.317834214,"HSC3_UPPER_AERODIGESTIVE_TRACT":3.266200503,"HT1080_SOFT_TISSUE":2.60403614,"HT115_LARGE_INTESTINE":1.859600614,"HT1197_URINARY_TRACT":-1.347783938,"HT1376_URINARY_TRACT":2.682305267,"HT144_SKIN":3.33872456,"HT29_LARGE_INTESTINE":3.272114569,"HT55_LARGE_INTESTINE":2.83610621,"HUH1_LIVER":-20,"HUH6_LIVER":-0.468803759,"HUH7_LIVER":-0.193041272,"HUNS1_HAEMATOPOIETIC_AND_LYMPHOID_TISSUE":3.257063654,"HUPT3_PANCREAS":3.348152523,"IALM_LUNG":2.318973193,"IGR1_SKIN":3.245606151,"IGR39_SKIN":3.344390586,"IMR32_AUTONOMIC_GANGLIA":2.525657202,"INA6_HAEMATOPOIETIC_AND_LYMPHOID_TISSUE":3.345912244,"IPC298_SKIN":2.650246465,"ISTMES1_PLEURA":3.158237126,"ISTMES2_PLEURA":2.295913804,"J82_URINARY_TRACT":1.642383331,"JHH1_LIVER":3.079118881,"JHH4_LIVER":2.434227989,"JHH5_LIVER":-5.598564984,"JHH7_LIVER":0.813250133,"JHOC5_OVARY":3.021652016,"JHOM1_OVARY":3.159977706,"JHOS2_OVARY":3.292353886,"JHOS4_OVARY":3.30886367,"JHUEM1_ENDOMETRIUM":3.21166224,"JHUEM7_ENDOMETRIUM":2.871672966,"JIMT1_BREAST":2.538659406,"JJN3_HAEMATOPOIETIC_AND_LYMPHOID_TISSUE":3.354766504,"JMSU1_URINARY_TRACT":3.35472439,"JMURTK2_SOFT_TISSUE":3.354054614,"JOPACA1_PANCREAS":3.320708477,"JR_SOFT_TISSUE":3.29106455,"K029AX_SKIN":2.382748421,"KALS1_CENTRAL_NERVOUS_SYSTEM":2.790715368,"KARPAS299_HAEMATOPOIETIC_AND_LYMPHOID_TISSUE":3.344581753,"KARPAS422_HAEMATOPOIETIC_AND_LYMPHOID_TISSUE":2.833667683,"KASUMI1_HAEMATOPOIETIC_AND_LYMPHOID_TISSUE":2.198305825,"KE39_STOMACH":0.744562059,"KE97_HAEMATOPOIETIC_AND_LYMPHOID_TISSUE":0.918591281,"KELLY_AUTONOMIC_GANGLIA":2.815972751,"KIJK_HAEMATOPOIETIC_AND_LYMPHOID_TISSUE":3.328625536,"KLE_ENDOMETRIUM":-1.788704577,"KM12_LARGE_INTESTINE":2.854597066,"KMBC2_URINARY_TRACT":3.118847313,