{"scores":{"127399_SOFT_TISSUE":2.409439393,"143B_BONE":0.622775524,"2313287_STOMACH":-6.530522336,"253J_URINARY_TRACT":1.297328672,"42MGBA_CENTRAL_NERVOUS_SYSTEM":2.419278041,"5637_URINARY_TRACT":-2.523706373,"59M_OVARY":0.885637587,"639V_URINARY_TRACT":-0.511985941,"647V_URINARY_TRACT":2.097573508,"697_HAEMATOPOIETIC_AND_LYMPHOID_TISSUE":0.956556019,"769P_KIDNEY":0.847352744,"786O_KIDNEY":-0.576265667,"8305C_THYROID":2.077325779,"8MGBA_CENTRAL_NERVOUS_SYSTEM":2.279826019,"A2058_SKIN":1.598635068,"A2780_OVARY":1.792215909,"A3KAW_HAEMATOPOIETIC_AND_LYMPHOID_TISSUE":1.017776861,"A427_LUNG":2.416557659,"A431_SKIN":-1.919434317,"A549_LUNG":1.386302529,"A673_BONE":1.604898356,"ABC1_LUNG":-2.773747077,"ACCMESO1_PLEURA":-2.697417877,"AGS_STOMACH":-9.113768916,"AML193_HAEMATOPOIETIC_AND_LYMPHOID_TISSUE":2.131507439,"AMO1_HAEMATOPOIETIC_AND_LYMPHOID_TISSUE":2.367965624,"ASPC1_PANCREAS":-1.297217459,"AU565_BREAST":1.919536238,"BC3C_URINARY_TRACT":0.888858434,"BFTC905_URINARY_TRACT":1.419209983,"BFTC909_KIDNEY":-1.683797348,"BHY_UPPER_AERODIGESTIVE_TRACT":-4.915189569,"BICR16_UPPER_AERODIGESTIVE_TRACT":1.941772943,"BICR22_UPPER_AERODIGESTIVE_TRACT":-4.105799182,"BICR31_UPPER_AERODIGESTIVE_TRACT":0.307601932,"BICR56_UPPER_AERODIGESTIVE_TRACT":1.731455715,"BICR6_UPPER_AERODIGESTIVE_TRACT":2.428033467,"BICR78_UPPER_AERODIGESTIVE_TRACT":2.426439296,"BIN67_OVARY":0.555150815,"BL70_HAEMATOPOIETIC_AND_LYMPHOID_TISSUE":-0.523768759,"BLUE1_HAEMATOPOIETIC_AND_LYMPHOID_TISSUE":-4.926443088,"BT12_SOFT_TISSUE":2.321653037,"BT16_SOFT_TISSUE":-3.314368351,"BT549_BREAST":2.275749579,"C2BBE1_LARGE_INTESTINE":-0.466139119,"C32_SKIN":2.42189826,"C8166_HAEMATOPOIETIC_AND_LYMPHOID_TISSUE":-2.684746771,"CADOES1_BONE":1.952632328,"CAKI1_KIDNEY":2.413875825,"CAKI2_KIDNEY":-8.164141808,"CAL27_UPPER_AERODIGESTIVE_TRACT":-0.499726838,"CAL29_URINARY_TRACT":1.640601803,"CAL33_UPPER_AERODIGESTIVE_TRACT":1.600344902,"CAL51_BREAST":1.212600975,"CAL78_BONE":1.165755661,"CALU1_LUNG":-2.802165018,"CALU6_LUNG":-7.112985212,"CAMA1_BREAST":-4.930956404,"CAOV3_OVARY":-0.237805486,"CAS1_CENTRAL_NERVOUS_SYSTEM":2.32642393,"CASKI_CERVIX":-2.070214183,"CCFSTTG1_CENTRAL_NERVOUS_SYSTEM":1.441546861,"CCK81_LARGE_INTESTINE":-0.58132721,"CCLFPEDS0001T_KIDNEY":1.214432363,"CCLFPEDS0003T_SOFT_TISSUE":1.855978732,"CFPAC1_PANCREAS":1.65449918,"CH157MN_CENTRAL_NERVOUS_SYSTEM":1.363452536,"CHAGOK1_LUNG":2.170924823,"CHLA06ATRT_SOFT_TISSUE":2.117829873,"CHLA15_AUTONOMIC_GANGLIA":0.538004441,"CHLA266_SOFT_TISSUE":-0.662726178,"CHP212_AUTONOMIC_GANGLIA":1.329960799,"CJM_SKIN":0.681794181,"CL40_LARGE_INTESTINE":0.536261224,"CME1_SOFT_TISSUE":1.343994291,"CMLT1_HAEMATOPOIETIC_AND_LYMPHOID_TISSUE":1.723383178,"COGAR359_SOFT_TISSUE":1.129676273,"COGE352_BONE":1.82549057,"COGN278_AUTONOMIC_GANGLIA":1.592644046,"COGN305_AUTONOMIC_GANGLIA":0.752147767,"COLO201_LARGE_INTESTINE":-2.655887133,"COLO678_LARGE_INTESTINE":1.254469674,"COLO679_SKIN":1.53519389,"COLO792_SKIN":-3.777610308,"COLO800_SKIN":1.516980588,"CORL23_LUNG":-0.51366648,"CORL279_LUNG":-1.923140582,"CORL47_LUNG":2.336394961,"COV318_OVARY":2.059278942,"COV362_OVARY":2.167778955,"COV434_OVARY":1.762880533,"COV504_OVARY":0.993549996,"COV644_OVARY":2.430271696,"CW9019_SOFT_TISSUE":-2.860374971,"D283MED_CENTRAL_NERVOUS_SYSTEM":-5.29230101,"D341MED_CENTRAL_NERVOUS_SYSTEM":-6.248527779,"D425_CENTRAL_NERVOUS_SYSTEM":-1.780753101,"D458_CENTRAL_NERVOUS_SYSTEM":-4.217223564,"DANG_PANCREAS":-0.269175598,"DAOY_CENTRAL_NERVOUS_SYSTEM":0.540588483,"DB_HAEMATOPOIETIC_AND_LYMPHOID_TISSUE":1.144023058,"DEL_HAEMATOPOIETIC_AND_LYMPHOID_TISSUE":1.276055463,"DETROIT562_UPPER_AERODIGESTIVE_TRACT":-1.358071416,"DKMG_CENTRAL_NERVOUS_SYSTEM":-0.02475319,"DLD1_LARGE_INTESTINE":-3.103871307,"DU4475_BREAST":-4.86885664,"EFE184_ENDOMETRIUM":-3.669532063,"EFM19_BREAST":-1.776974295,"EFO21_OVARY":-0.089603092,"EFO27_OVARY":0.789714749,"EJM_HAEMATOPOIETIC_AND_LYMPHOID_TISSUE":1.379633678,"EKVX_LUNG":2.429052778,"EM2_HAEMATOPOIETIC_AND_LYMPHOID_TISSUE":2.244625053,"EN_ENDOMETRIUM":2.399519413,"EOL1_HAEMATOPOIETIC_AND_LYMPHOID_TISSUE":-0.802788301,"EPLC272H_LUNG":0.859961524,"ES2_OVARY":2.261464971,"ESO26_OESOPHAGUS":-3.47713055,"ESS1_ENDOMETRIUM":-1.566344827,"EW8_BONE":-0.688735618,"EWS502_BONE":2.275181077,"F36P_HAEMATOPOIETIC_AND_LYMPHOID_TISSUE":-7.693136709,"F5_CENTRAL_NERVOUS_SYSTEM":2.013535539,"FADU_UPPER_AERODIGESTIVE_TRACT":2.428144655,"FLO1_OESOPHAGUS":-0.859666966,"FU97_STOMACH":0.895587705,"G292CLONEA141B1_BONE":-12.31754109,"G402_SOFT_TISSUE":0.432317929,"GAMG_CENTRAL_NERVOUS_SYSTEM":0.478112645,"GB1_CENTRAL_NERVOUS_SYSTEM":2.366376226,"GCIY_STOMACH":-3.780497114,"GCT_SOFT_TISSUE":2.099021866,"GI1_CENTRAL_NERVOUS_SYSTEM":1.593606496,"GSS_STOMACH":-5.647678629,"GSU_STOMACH":0.29022262,"H103_UPPER_AERODIGESTIVE_TRACT":-1.298301225,"H4_CENTRAL_NERVOUS_SYSTEM":-3.550829656,"HARA_LUNG":2.422052935,"HB1119_HAEMATOPOIETIC_AND_LYMPHOID_TISSUE":0.013558456,"HCC1143_BREAST":-3.293591593,"HCC1359_LUNG":2.249873533,"HCC1395_BREAST":1.89528518,"HCC1419_BREAST":-1.335030022,"HCC1428_BREAST":1.499724057,"HCC15_LUNG":-0.206158272,"HCC1806_BREAST":1.53653349,"HCC1937_BREAST":-1.301982087,"HCC1954_BREAST":0.702960557,"HCC202_BREAST":2.379602223,"HCC2429_LUNG":-0.399514916,"HCC2935_LUNG":2.387001007,"HCC366_LUNG":0.163541329,"HCC461_LUNG":0.083290574,"HCC515_LUNG":2.376335356,"HCC56_LARGE_INTESTINE":-5.384515549,"HCC827_LUNG":-0.786224944,"HCC95_LUNG":2.387124461,"HDMYZ_HAEMATOPOIETIC_AND_LYMPHOID_TISSUE":2.243667639,"HEC151_ENDOMETRIUM":1.914166419,"HEC1A_ENDOMETRIUM":0.2208697,"HEC1B_ENDOMETRIUM":-1.279264009,"HEC251_ENDOMETRIUM":0.608499578,"HEC265_ENDOMETRIUM":-1.136883577,"HEC50B_ENDOMETRIUM":1.425003346,"HEC59_ENDOMETRIUM":1.414553858,"HEC6_ENDOMETRIUM":0.510393467,"HEL_HAEMATOPOIETIC_AND_LYMPHOID_TISSUE":-13.03976855,"HEL9217_HAEMATOPOIETIC_AND_LYMPHOID_TISSUE":-20,"HEYA8_OVARY":2.397834138,"HGC27_STOMACH":0.695878118,"HLF_LIVER":1.985711025,"HMC18_BREAST":1.599214374,"HOP62_LUNG":-0.08791319,"HS294T_SKIN":1.076553873,"HS578T_BREAST":1.665823655,"HS683_CENTRAL_NERVOUS_SYSTEM":-2.817945333,"HS695T_SKIN":2.278640665,"HS729_SOFT_TISSUE":1.296151913,"HS746T_STOMACH":0.429818145,"HS766T_PANCREAS":1.336017058,"HS852T_SKIN":2.310807669,"HS944T_SKIN":2.015566239,"HSB2_HAEMATOPOIETIC_AND_LYMPHOID_TISSUE":-9.423789983,"HSC1_SKIN":1.60736437,"HSC2_UPPER_AERODIGESTIVE_TRACT":0.870004654,"HSC3_UPPER_AERODIGESTIVE_TRACT":-2.722121785,"HT1080_SOFT_TISSUE":-2.697678797,"HT115_LARGE_INTESTINE":-2.018003876,"HT1197_URINARY_TRACT":2.169262836,"HT1376_URINARY_TRACT":-17.6148916,"HT144_SKIN":1.945394783,"HT29_LARGE_INTESTINE":1.323699547,"HT55_LARGE_INTESTINE":-1.939991029,"HUH1_LIVER":-0.552454317,"HUH6_LIVER":-1.09308923,"HUH7_LIVER":1.871903758,"HUNS1_HAEMATOPOIETIC_AND_LYMPHOID_TISSUE":0.171340587,"HUPT3_PANCREAS":-1.957689588,"IALM_LUNG":1.392560086,"IGR1_SKIN":-1.707140585,"IGR39_SKIN":2.245195213,"IMR32_AUTONOMIC_GANGLIA":1.451118116,"INA6_HAEMATOPOIETIC_AND_LYMPHOID_TISSUE":1.58010509,"IPC298_SKIN":2.404227536,"ISTMES1_PLEURA":2.37219209,"ISTMES2_PLEURA":-0.164009008,"J82_URINARY_TRACT":-1.559309266,"JHH1_LIVER":-0.000857843,"JHH4_LIVER":-2.327949701,"JHH5_LIVER":-0.411758485,"JHH7_LIVER":-3.279376859,"JHOC5_OVARY":-3.51079632,"JHOM1_OVARY":-0.957181613,"JHOS2_OVARY":2.312414536,"JHOS4_OVARY":1.519547551,"JHUEM1_ENDOMETRIUM":0.240217916,"JHUEM7_ENDOMETRIUM":-2.098094364,"JIMT1_BREAST":2.139126807,"JJN3_HAEMATOPOIETIC_AND_LYMPHOID_TISSUE":1.98485148,"JMSU1_URINARY_TRACT":2.292571487,"JMURTK2_SOFT_TISSUE":-3.439613001,"JOPACA1_PANCREAS":1.337282395,"JR_SOFT_TISSUE":1.347612595,"K029AX_SKIN":1.644642769,"KALS1_CENTRAL_NERVOUS_SYSTEM":-0.667266689,"KARPAS299_HAEMATOPOIETIC_AND_LYMPHOID_TISSUE":1.982707427,"KARPAS422_HAEMATOPOIETIC_AND_LYMPHOID_TISSUE":2.376717796,"KASUMI1_HAEMATOPOIETIC_AND_LYMPHOID_TISSUE":-0.241294671,"KE39_STOMACH":0.652813382,"KE97_HAEMATOPOIETIC_AND_LYMPHOID_TISSUE":-1.591901892,"KELLY_AUTONOMIC_GANGLIA":1.397349658,"KIJK_HAEMATOPOIETIC_AND_LYMPHOID_TISSUE":0.463815583,