{"scores":{"127399_SOFT_TISSUE":4.02206418,"143B_BONE":6.315758818,"2313287_STOMACH":-1.230616336,"253J_URINARY_TRACT":0.122871341,"42MGBA_CENTRAL_NERVOUS_SYSTEM":3.549780593,"5637_URINARY_TRACT":3.432839101,"59M_OVARY":4.236605044,"639V_URINARY_TRACT":-10.27427483,"647V_URINARY_TRACT":-5.525708988,"697_HAEMATOPOIETIC_AND_LYMPHOID_TISSUE":0.122793243,"769P_KIDNEY":-2.552987246,"786O_KIDNEY":1.69175181,"8305C_THYROID":2.437626104,"8MGBA_CENTRAL_NERVOUS_SYSTEM":1.779861375,"A2058_SKIN":5.472084627,"A2780_OVARY":5.940045098,"A3KAW_HAEMATOPOIETIC_AND_LYMPHOID_TISSUE":1.456405579,"A427_LUNG":4.052002958,"A431_SKIN":4.398904761,"A549_LUNG":4.581399465,"A673_BONE":3.461220684,"ABC1_LUNG":5.751767328,"ACCMESO1_PLEURA":6.040523869,"AGS_STOMACH":-0.029853885,"AML193_HAEMATOPOIETIC_AND_LYMPHOID_TISSUE":-9.251435557,"AMO1_HAEMATOPOIETIC_AND_LYMPHOID_TISSUE":-8.046028778,"ASPC1_PANCREAS":3.216016231,"AU565_BREAST":-7.113484105,"BC3C_URINARY_TRACT":2.310801021,"BFTC905_URINARY_TRACT":4.989482976,"BFTC909_KIDNEY":3.552894668,"BHY_UPPER_AERODIGESTIVE_TRACT":4.067055185,"BICR16_UPPER_AERODIGESTIVE_TRACT":3.116623468,"BICR22_UPPER_AERODIGESTIVE_TRACT":-0.07551406,"BICR31_UPPER_AERODIGESTIVE_TRACT":2.50191789,"BICR56_UPPER_AERODIGESTIVE_TRACT":4.868071246,"BICR6_UPPER_AERODIGESTIVE_TRACT":4.225530038,"BICR78_UPPER_AERODIGESTIVE_TRACT":2.452638238,"BIN67_OVARY":-0.574478742,"BL70_HAEMATOPOIETIC_AND_LYMPHOID_TISSUE":1.442322881,"BLUE1_HAEMATOPOIETIC_AND_LYMPHOID_TISSUE":-0.027967114,"BT12_SOFT_TISSUE":2.038311549,"BT16_SOFT_TISSUE":4.487634977,"BT549_BREAST":2.931409533,"C2BBE1_LARGE_INTESTINE":2.392421987,"C32_SKIN":1.764653823,"C8166_HAEMATOPOIETIC_AND_LYMPHOID_TISSUE":-3.23030937,"CADOES1_BONE":0.875246282,"CAKI1_KIDNEY":3.318097936,"CAKI2_KIDNEY":3.691227719,"CAL27_UPPER_AERODIGESTIVE_TRACT":2.690971359,"CAL29_URINARY_TRACT":5.111245923,"CAL33_UPPER_AERODIGESTIVE_TRACT":3.747568726,"CAL51_BREAST":0.472599775,"CAL78_BONE":2.38489283,"CALU1_LUNG":2.994808907,"CALU6_LUNG":4.492465249,"CAMA1_BREAST":4.84106173,"CAOV3_OVARY":4.259014383,"CAS1_CENTRAL_NERVOUS_SYSTEM":1.794399837,"CASKI_CERVIX":3.225344688,"CCFSTTG1_CENTRAL_NERVOUS_SYSTEM":3.902128678,"CCK81_LARGE_INTESTINE":2.407573622,"CCLFPEDS0001T_KIDNEY":3.290292411,"CCLFPEDS0003T_SOFT_TISSUE":1.677170261,"CFPAC1_PANCREAS":1.028238811,"CH157MN_CENTRAL_NERVOUS_SYSTEM":3.106666838,"CHAGOK1_LUNG":-1.054939292,"CHLA06ATRT_SOFT_TISSUE":2.67375668,"CHLA15_AUTONOMIC_GANGLIA":3.150177822,"CHLA266_SOFT_TISSUE":6.288464999,"CHP212_AUTONOMIC_GANGLIA":5.057056023,"CJM_SKIN":1.152531364,"CL40_LARGE_INTESTINE":4.88809159,"CME1_SOFT_TISSUE":5.466394662,"CMLT1_HAEMATOPOIETIC_AND_LYMPHOID_TISSUE":3.148208782,"COGAR359_SOFT_TISSUE":5.010822402,"COGE352_BONE":4.539949886,"COGN278_AUTONOMIC_GANGLIA":4.156712695,"COGN305_AUTONOMIC_GANGLIA":2.107125562,"COLO201_LARGE_INTESTINE":-4.155118241,"COLO678_LARGE_INTESTINE":2.178873311,"COLO679_SKIN":-0.896998817,"COLO792_SKIN":4.993575644,"COLO800_SKIN":-9.463234655,"CORL23_LUNG":3.779543786,"CORL279_LUNG":1.194614832,"CORL47_LUNG":3.369816737,"COV318_OVARY":4.627474808,"COV362_OVARY":1.81333529,"COV434_OVARY":4.782950616,"COV504_OVARY":5.563014725,"COV644_OVARY":3.116250779,"CW9019_SOFT_TISSUE":4.356754236,"D283MED_CENTRAL_NERVOUS_SYSTEM":2.047563338,"D341MED_CENTRAL_NERVOUS_SYSTEM":1.606094361,"D425_CENTRAL_NERVOUS_SYSTEM":0.643604841,"D458_CENTRAL_NERVOUS_SYSTEM":-4.609108143,"DANG_PANCREAS":4.502861595,"DAOY_CENTRAL_NERVOUS_SYSTEM":4.502613093,"DB_HAEMATOPOIETIC_AND_LYMPHOID_TISSUE":1.574254863,"DEL_HAEMATOPOIETIC_AND_LYMPHOID_TISSUE":-5.715555521,"DETROIT562_UPPER_AERODIGESTIVE_TRACT":-4.812712567,"DKMG_CENTRAL_NERVOUS_SYSTEM":3.938955783,"DLD1_LARGE_INTESTINE":-1.309858318,"DU4475_BREAST":-3.693457386,"EFE184_ENDOMETRIUM":-10.89849822,"EFM19_BREAST":0.1343206,"EFO21_OVARY":3.676840912,"EFO27_OVARY":1.241290785,"EJM_HAEMATOPOIETIC_AND_LYMPHOID_TISSUE":-0.385065081,"EKVX_LUNG":4.086794706,"EM2_HAEMATOPOIETIC_AND_LYMPHOID_TISSUE":-4.495782252,"EN_ENDOMETRIUM":2.458197475,"EOL1_HAEMATOPOIETIC_AND_LYMPHOID_TISSUE":-3.647574226,"EPLC272H_LUNG":2.315358555,"ES2_OVARY":2.602997376,"ESO26_OESOPHAGUS":-0.01695796,"ESS1_ENDOMETRIUM":2.992301631,"EW8_BONE":2.573357004,"EWS502_BONE":-0.435592541,"F36P_HAEMATOPOIETIC_AND_LYMPHOID_TISSUE":-1.922204213,"F5_CENTRAL_NERVOUS_SYSTEM":3.850579955,"FADU_UPPER_AERODIGESTIVE_TRACT":6.283136798,"FLO1_OESOPHAGUS":3.886304432,"FU97_STOMACH":4.311032329,"G292CLONEA141B1_BONE":3.820951117,"G402_SOFT_TISSUE":-0.698647078,"GAMG_CENTRAL_NERVOUS_SYSTEM":4.147653219,"GB1_CENTRAL_NERVOUS_SYSTEM":5.810560891,"GCIY_STOMACH":-0.344283993,"GCT_SOFT_TISSUE":0.945635816,"GI1_CENTRAL_NERVOUS_SYSTEM":5.532627071,"GSS_STOMACH":1.54920902,"GSU_STOMACH":-5.774838313,"H103_UPPER_AERODIGESTIVE_TRACT":3.751375828,"H4_CENTRAL_NERVOUS_SYSTEM":3.263975389,"HARA_LUNG":-4.420697555,"HB1119_HAEMATOPOIETIC_AND_LYMPHOID_TISSUE":-4.124761658,"HCC1143_BREAST":5.255901934,"HCC1359_LUNG":3.319145148,"HCC1395_BREAST":2.44292409,"HCC1419_BREAST":2.752563745,"HCC1428_BREAST":1.751852639,"HCC15_LUNG":-1.374891671,"HCC1806_BREAST":-6.086446191,"HCC1937_BREAST":-0.354098593,"HCC1954_BREAST":-6.3061804,"HCC202_BREAST":0.615447064,"HCC2429_LUNG":3.706071492,"HCC2935_LUNG":4.458117666,"HCC366_LUNG":3.125766827,"HCC461_LUNG":-9.553486807,"HCC515_LUNG":1.450917378,"HCC56_LARGE_INTESTINE":-0.141019296,"HCC827_LUNG":3.923693452,"HCC95_LUNG":-2.546718621,"HDMYZ_HAEMATOPOIETIC_AND_LYMPHOID_TISSUE":4.031814535,"HEC151_ENDOMETRIUM":5.195167587,"HEC1A_ENDOMETRIUM":0.016964294,"HEC1B_ENDOMETRIUM":4.494001973,"HEC251_ENDOMETRIUM":5.689998869,"HEC265_ENDOMETRIUM":2.568061181,"HEC50B_ENDOMETRIUM":5.332573605,"HEC59_ENDOMETRIUM":-2.870742847,"HEC6_ENDOMETRIUM":3.919147015,"HEL_HAEMATOPOIETIC_AND_LYMPHOID_TISSUE":-8.275221535,"HEL9217_HAEMATOPOIETIC_AND_LYMPHOID_TISSUE":-2.808592939,"HEYA8_OVARY":1.256606308,"HGC27_STOMACH":1.984761711,"HLF_LIVER":2.376341937,"HMC18_BREAST":-3.760399071,"HOP62_LUNG":3.515682956,"HS294T_SKIN":1.747241281,"HS578T_BREAST":5.118212093,"HS683_CENTRAL_NERVOUS_SYSTEM":2.941638103,"HS695T_SKIN":3.848669157,"HS729_SOFT_TISSUE":5.146304151,"HS746T_STOMACH":2.573947055,"HS766T_PANCREAS":2.640244547,"HS852T_SKIN":3.832511188,"HS944T_SKIN":3.714512725,"HSB2_HAEMATOPOIETIC_AND_LYMPHOID_TISSUE":6.046483937,"HSC1_SKIN":3.941089565,"HSC2_UPPER_AERODIGESTIVE_TRACT":4.062513309,"HSC3_UPPER_AERODIGESTIVE_TRACT":2.567992906,"HT1080_SOFT_TISSUE":4.699489723,"HT115_LARGE_INTESTINE":-5.4836345,"HT1197_URINARY_TRACT":3.60813604,"HT1376_URINARY_TRACT":2.938947875,"HT144_SKIN":4.372497453,"HT29_LARGE_INTESTINE":-0.199987718,"HT55_LARGE_INTESTINE":2.829770956,"HUH1_LIVER":2.144006886,"HUH6_LIVER":3.5296998,"HUH7_LIVER":5.597160178,"HUNS1_HAEMATOPOIETIC_AND_LYMPHOID_TISSUE":2.451590007,"HUPT3_PANCREAS":6.306100754,"IALM_LUNG":0.551167103,"IGR1_SKIN":0.521160702,"IGR39_SKIN":2.080656652,"IMR32_AUTONOMIC_GANGLIA":5.041672679,"INA6_HAEMATOPOIETIC_AND_LYMPHOID_TISSUE":-0.888419605,"IPC298_SKIN":-1.779985902,"ISTMES1_PLEURA":4.506099234,"ISTMES2_PLEURA":5.620276849,"J82_URINARY_TRACT":3.125055822,"JHH1_LIVER":2.418587507,"JHH4_LIVER":5.576737649,"JHH5_LIVER":1.503280984,"JHH7_LIVER":2.5614304,"JHOC5_OVARY":0.786219893,"JHOM1_OVARY":3.064259617,"JHOS2_OVARY":2.675538722,"JHOS4_OVARY":2.895012731,"JHUEM1_ENDOMETRIUM":0.057795544,"JHUEM7_ENDOMETRIUM":4.749014719,"JIMT1_BREAST":-5.179112072,"JJN3_HAEMATOPOIETIC_AND_LYMPHOID_TISSUE":-7.397451232,"JMSU1_URINARY_TRACT":-6.257519922,"JMURTK2_SOFT_TISSUE":4.640969882,"JOPACA1_PANCREAS":3.383112126,"JR_SOFT_TISSUE":4.654508812,"K029AX_SKIN":-0.917264366,"KALS1_CENTRAL_NERVOUS_SYSTEM":3.834381979,"KARPAS299_HAEMATOPOIETIC_AND_LYMPHOID_TISSUE":-3.909613585,"KARPAS422_HAEMATOPOIETIC_AND_LYMPHOID_TISSUE":-0.838599835,"KASUMI1_HAEMATOPOIETIC_AND_LYMPHOID_TISSUE":2.955978902,"KE39_STOMACH":-2.670998371,"KE97_HAEMATOPOIETIC_AND_LYMPHOID_TISSUE":-0.083996501,"KELLY_AUTONOMIC_GANGLIA":5.368684494,"KIJK_HAEMATOPOIETIC_AND_LYMPHOID_TISSUE":-5.922009158,"KLE_ENDOMETRIUM":3.714675289,