{"scores":{"127399_SOFT_TISSUE":1.184171527,"143B_BONE":-3.176740755,"2313287_STOMACH":2.22746712,"253J_URINARY_TRACT":2.383350631,"42MGBA_CENTRAL_NERVOUS_SYSTEM":0.303741387,"5637_URINARY_TRACT":2.13581509,"59M_OVARY":0.84651967,"639V_URINARY_TRACT":1.947956065,"647V_URINARY_TRACT":2.395492707,"697_HAEMATOPOIETIC_AND_LYMPHOID_TISSUE":2.342158286,"769P_KIDNEY":-0.125946406,"786O_KIDNEY":2.219704217,"8305C_THYROID":0.496266787,"8MGBA_CENTRAL_NERVOUS_SYSTEM":0.252607744,"A2058_SKIN":2.106361981,"A2780_OVARY":0.085312539,"A3KAW_HAEMATOPOIETIC_AND_LYMPHOID_TISSUE":1.520471125,"A427_LUNG":-2.132214874,"A431_SKIN":1.537079593,"A549_LUNG":-2.622384475,"A673_BONE":-3.375588724,"ABC1_LUNG":1.299350759,"ACCMESO1_PLEURA":0.897161384,"AGS_STOMACH":1.136899224,"AML193_HAEMATOPOIETIC_AND_LYMPHOID_TISSUE":0.176328647,"AMO1_HAEMATOPOIETIC_AND_LYMPHOID_TISSUE":-2.963191981,"ASPC1_PANCREAS":-2.244451471,"AU565_BREAST":-6.054223973,"BC3C_URINARY_TRACT":1.912026828,"BFTC905_URINARY_TRACT":1.801095767,"BFTC909_KIDNEY":2.30697991,"BHY_UPPER_AERODIGESTIVE_TRACT":2.354560761,"BICR16_UPPER_AERODIGESTIVE_TRACT":2.366526216,"BICR22_UPPER_AERODIGESTIVE_TRACT":1.6025484,"BICR31_UPPER_AERODIGESTIVE_TRACT":-1.701678961,"BICR56_UPPER_AERODIGESTIVE_TRACT":1.126976442,"BICR6_UPPER_AERODIGESTIVE_TRACT":2.279107325,"BICR78_UPPER_AERODIGESTIVE_TRACT":1.584099489,"BIN67_OVARY":-0.237226971,"BL70_HAEMATOPOIETIC_AND_LYMPHOID_TISSUE":2.304169321,"BLUE1_HAEMATOPOIETIC_AND_LYMPHOID_TISSUE":0.25993729,"BT12_SOFT_TISSUE":1.282227407,"BT16_SOFT_TISSUE":-3.171970595,"BT549_BREAST":1.758150111,"C2BBE1_LARGE_INTESTINE":2.023575516,"C32_SKIN":0.475902023,"C8166_HAEMATOPOIETIC_AND_LYMPHOID_TISSUE":1.819826227,"CADOES1_BONE":1.157333918,"CAKI1_KIDNEY":1.425884984,"CAKI2_KIDNEY":2.246608688,"CAL27_UPPER_AERODIGESTIVE_TRACT":1.339360883,"CAL29_URINARY_TRACT":1.822721445,"CAL33_UPPER_AERODIGESTIVE_TRACT":2.28280843,"CAL51_BREAST":1.0851044,"CAL78_BONE":1.616752027,"CALU1_LUNG":1.429594584,"CALU6_LUNG":0.400029402,"CAMA1_BREAST":2.357572001,"CAOV3_OVARY":2.264704494,"CAS1_CENTRAL_NERVOUS_SYSTEM":0.756658989,"CASKI_CERVIX":1.609650385,"CCFSTTG1_CENTRAL_NERVOUS_SYSTEM":0.929256895,"CCK81_LARGE_INTESTINE":2.254605414,"CCLFPEDS0001T_KIDNEY":1.398463064,"CCLFPEDS0003T_SOFT_TISSUE":2.384597276,"CFPAC1_PANCREAS":-0.232539032,"CH157MN_CENTRAL_NERVOUS_SYSTEM":2.012954381,"CHAGOK1_LUNG":0.500163275,"CHLA06ATRT_SOFT_TISSUE":2.255861295,"CHLA15_AUTONOMIC_GANGLIA":2.242397141,"CHLA266_SOFT_TISSUE":-2.991125299,"CHP212_AUTONOMIC_GANGLIA":-1.592246431,"CJM_SKIN":2.355905595,"CL40_LARGE_INTESTINE":0.861105101,"CME1_SOFT_TISSUE":-2.630686269,"CMLT1_HAEMATOPOIETIC_AND_LYMPHOID_TISSUE":1.803166262,"COGAR359_SOFT_TISSUE":2.244488309,"COGE352_BONE":2.327407406,"COGN278_AUTONOMIC_GANGLIA":1.854535735,"COGN305_AUTONOMIC_GANGLIA":2.145478234,"COLO201_LARGE_INTESTINE":0.798566667,"COLO678_LARGE_INTESTINE":1.893941298,"COLO679_SKIN":-1.574412549,"COLO792_SKIN":-6.720068346,"COLO800_SKIN":1.88767057,"CORL23_LUNG":0.373678164,"CORL279_LUNG":2.047657992,"CORL47_LUNG":2.363963386,"COV318_OVARY":1.410197092,"COV362_OVARY":2.002217121,"COV434_OVARY":0.921898497,"COV504_OVARY":2.319156967,"COV644_OVARY":2.268611404,"CW9019_SOFT_TISSUE":0.881264705,"D283MED_CENTRAL_NERVOUS_SYSTEM":-1.068561775,"D341MED_CENTRAL_NERVOUS_SYSTEM":2.081559681,"D425_CENTRAL_NERVOUS_SYSTEM":1.165710351,"D458_CENTRAL_NERVOUS_SYSTEM":2.389559011,"DANG_PANCREAS":1.655171689,"DAOY_CENTRAL_NERVOUS_SYSTEM":1.894166733,"DB_HAEMATOPOIETIC_AND_LYMPHOID_TISSUE":-1.109182355,"DEL_HAEMATOPOIETIC_AND_LYMPHOID_TISSUE":2.324763025,"DETROIT562_UPPER_AERODIGESTIVE_TRACT":0.248174411,"DKMG_CENTRAL_NERVOUS_SYSTEM":1.701786762,"DLD1_LARGE_INTESTINE":1.201849188,"DU4475_BREAST":1.971873168,"EFE184_ENDOMETRIUM":0.471432294,"EFM19_BREAST":-7.269672978,"EFO21_OVARY":1.143283171,"EFO27_OVARY":2.247380661,"EJM_HAEMATOPOIETIC_AND_LYMPHOID_TISSUE":1.130932836,"EKVX_LUNG":0.191730785,"EM2_HAEMATOPOIETIC_AND_LYMPHOID_TISSUE":1.736979955,"EN_ENDOMETRIUM":-3.225683754,"EOL1_HAEMATOPOIETIC_AND_LYMPHOID_TISSUE":-1.347687234,"EPLC272H_LUNG":1.435364095,"ES2_OVARY":1.860965013,"ESO26_OESOPHAGUS":1.268238946,"ESS1_ENDOMETRIUM":2.071234412,"EW8_BONE":2.390898297,"EWS502_BONE":1.41203446,"F36P_HAEMATOPOIETIC_AND_LYMPHOID_TISSUE":1.865963317,"F5_CENTRAL_NERVOUS_SYSTEM":1.879735221,"FADU_UPPER_AERODIGESTIVE_TRACT":1.613643336,"FLO1_OESOPHAGUS":1.415485188,"FU97_STOMACH":2.358837072,"G292CLONEA141B1_BONE":-1.494506535,"G402_SOFT_TISSUE":1.636313398,"GAMG_CENTRAL_NERVOUS_SYSTEM":2.194351759,"GB1_CENTRAL_NERVOUS_SYSTEM":2.367869198,"GCIY_STOMACH":0.724203611,"GCT_SOFT_TISSUE":-0.703600825,"GI1_CENTRAL_NERVOUS_SYSTEM":2.311981199,"GSS_STOMACH":-1.120653216,"GSU_STOMACH":-0.281810254,"H103_UPPER_AERODIGESTIVE_TRACT":1.695965256,"H4_CENTRAL_NERVOUS_SYSTEM":2.306547791,"HARA_LUNG":1.11542793,"HB1119_HAEMATOPOIETIC_AND_LYMPHOID_TISSUE":-0.077324976,"HCC1143_BREAST":2.23422474,"HCC1359_LUNG":2.039322181,"HCC1395_BREAST":-6.932572265,"HCC1419_BREAST":1.904102388,"HCC1428_BREAST":1.441113023,"HCC15_LUNG":2.138138285,"HCC1806_BREAST":1.269123234,"HCC1937_BREAST":1.358623822,"HCC1954_BREAST":2.256248595,"HCC202_BREAST":0.548633711,"HCC2429_LUNG":2.378076886,"HCC2935_LUNG":2.004754175,"HCC366_LUNG":2.02617991,"HCC461_LUNG":1.46758714,"HCC515_LUNG":1.559981476,"HCC56_LARGE_INTESTINE":-1.531496092,"HCC827_LUNG":1.293060163,"HCC95_LUNG":2.386288013,"HDMYZ_HAEMATOPOIETIC_AND_LYMPHOID_TISSUE":2.290133652,"HEC151_ENDOMETRIUM":2.22005279,"HEC1A_ENDOMETRIUM":0.897352421,"HEC1B_ENDOMETRIUM":-1.944051563,"HEC251_ENDOMETRIUM":1.643002876,"HEC265_ENDOMETRIUM":1.93454937,"HEC50B_ENDOMETRIUM":-8.033387015,"HEC59_ENDOMETRIUM":1.919599839,"HEC6_ENDOMETRIUM":2.245448732,"HEL_HAEMATOPOIETIC_AND_LYMPHOID_TISSUE":2.076876069,"HEL9217_HAEMATOPOIETIC_AND_LYMPHOID_TISSUE":0.603316193,"HEYA8_OVARY":2.125927449,"HGC27_STOMACH":0.498229571,"HLF_LIVER":2.092118106,"HMC18_BREAST":1.206724065,"HOP62_LUNG":1.999998173,"HS294T_SKIN":0.340413267,"HS578T_BREAST":0.121859413,"HS683_CENTRAL_NERVOUS_SYSTEM":2.273516514,"HS695T_SKIN":1.427585517,"HS729_SOFT_TISSUE":1.156218152,"HS746T_STOMACH":2.320096204,"HS766T_PANCREAS":2.087324824,"HS852T_SKIN":2.25766434,"HS944T_SKIN":2.19455687,"HSB2_HAEMATOPOIETIC_AND_LYMPHOID_TISSUE":1.524986041,"HSC1_SKIN":1.294597058,"HSC2_UPPER_AERODIGESTIVE_TRACT":1.966432263,"HSC3_UPPER_AERODIGESTIVE_TRACT":2.386665051,"HT1080_SOFT_TISSUE":2.160868073,"HT115_LARGE_INTESTINE":0.925611521,"HT1197_URINARY_TRACT":1.432545208,"HT1376_URINARY_TRACT":2.300685593,"HT144_SKIN":1.968467181,"HT29_LARGE_INTESTINE":1.052005778,"HT55_LARGE_INTESTINE":1.639529532,"HUH1_LIVER":2.342906987,"HUH6_LIVER":-5.06175601,"HUH7_LIVER":2.100165359,"HUNS1_HAEMATOPOIETIC_AND_LYMPHOID_TISSUE":0.375623257,"HUPT3_PANCREAS":1.407255431,"IALM_LUNG":-0.663026161,"IGR1_SKIN":-2.179082675,"IGR39_SKIN":1.612321941,"IMR32_AUTONOMIC_GANGLIA":2.283891033,"INA6_HAEMATOPOIETIC_AND_LYMPHOID_TISSUE":-14.49403037,"IPC298_SKIN":2.392028668,"ISTMES1_PLEURA":-3.118170048,"ISTMES2_PLEURA":-0.307279845,"J82_URINARY_TRACT":1.997156539,"JHH1_LIVER":2.044037885,"JHH4_LIVER":1.33683487,"JHH5_LIVER":2.147133914,"JHH7_LIVER":1.591281426,"JHOC5_OVARY":1.875387694,"JHOM1_OVARY":0.17814046,"JHOS2_OVARY":-0.96093678,"JHOS4_OVARY":-1.127418464,"JHUEM1_ENDOMETRIUM":0.664184627,"JHUEM7_ENDOMETRIUM":2.165349018,"JIMT1_BREAST":-0.878556305,"JJN3_HAEMATOPOIETIC_AND_LYMPHOID_TISSUE":2.270550582,"JMSU1_URINARY_TRACT":2.390934742,"JMURTK2_SOFT_TISSUE":-1.061435539,"JOPACA1_PANCREAS":2.389593422,"JR_SOFT_TISSUE":2.38048063,"K029AX_SKIN":0.590467074,"KALS1_CENTRAL_NERVOUS_SYSTEM":2.164824722,"KARPAS299_HAEMATOPOIETIC_AND_LYMPHOID_TISSUE":2.382327513,"KARPAS422_HAEMATOPOIETIC_AND_LYMPHOID_TISSUE":-0.434799575,"KASUMI1_HAEMATOPOIETIC_AND_LYMPHOID_TISSUE":2.252650887,"KE39_STOMACH":1.722513503,"KE97_HAEMATOPOIETIC_AND_LYMPHOID_TISSUE":1.587608495,"KELLY_AUTONOMIC_GANGLIA":0.725160687,"KIJK_HAEMATOPOIETIC_AND_LYMPHOID_TISSUE":1.906872178,"KLE_ENDOMETRIUM":2.395513436,