{"scores":{"127399_SOFT_TISSUE":1.431337148,"143B_BONE":0.739754984,"2313287_STOMACH":0.88557673,"253J_URINARY_TRACT":-2.255480334,"42MGBA_CENTRAL_NERVOUS_SYSTEM":1.418734441,"5637_URINARY_TRACT":0.937897382,"59M_OVARY":0.194832698,"639V_URINARY_TRACT":0.903585648,"647V_URINARY_TRACT":0.925934985,"697_HAEMATOPOIETIC_AND_LYMPHOID_TISSUE":-1.646762204,"769P_KIDNEY":-1.824983582,"786O_KIDNEY":-5.772559399,"8305C_THYROID":1.439491734,"8MGBA_CENTRAL_NERVOUS_SYSTEM":-0.631080654,"A2058_SKIN":0.958227985,"A2780_OVARY":1.439458338,"A3KAW_HAEMATOPOIETIC_AND_LYMPHOID_TISSUE":-1.356062991,"A427_LUNG":1.144858604,"A431_SKIN":-0.551945063,"A549_LUNG":-2.197302149,"A673_BONE":0.754330434,"ABC1_LUNG":1.318066091,"ACCMESO1_PLEURA":-1.238838463,"AGS_STOMACH":1.288391699,"AML193_HAEMATOPOIETIC_AND_LYMPHOID_TISSUE":-2.256534766,"AMO1_HAEMATOPOIETIC_AND_LYMPHOID_TISSUE":-19.8356679,"ASPC1_PANCREAS":-0.805455849,"AU565_BREAST":0.978649633,"BC3C_URINARY_TRACT":0.438273276,"BFTC905_URINARY_TRACT":1.345361255,"BFTC909_KIDNEY":0.977281412,"BHY_UPPER_AERODIGESTIVE_TRACT":-2.540426156,"BICR16_UPPER_AERODIGESTIVE_TRACT":-1.503932184,"BICR22_UPPER_AERODIGESTIVE_TRACT":-1.165343653,"BICR31_UPPER_AERODIGESTIVE_TRACT":-1.707787042,"BICR56_UPPER_AERODIGESTIVE_TRACT":-2.642038578,"BICR6_UPPER_AERODIGESTIVE_TRACT":1.27818579,"BICR78_UPPER_AERODIGESTIVE_TRACT":-5.372932434,"BIN67_OVARY":1.438878047,"BL70_HAEMATOPOIETIC_AND_LYMPHOID_TISSUE":1.439332557,"BLUE1_HAEMATOPOIETIC_AND_LYMPHOID_TISSUE":0.857177815,"BT12_SOFT_TISSUE":1.432350714,"BT16_SOFT_TISSUE":1.140520199,"BT549_BREAST":-0.107260522,"C2BBE1_LARGE_INTESTINE":-2.944121771,"C32_SKIN":1.420111192,"C8166_HAEMATOPOIETIC_AND_LYMPHOID_TISSUE":0.614151821,"CADOES1_BONE":-0.598418705,"CAKI1_KIDNEY":-0.680143481,"CAKI2_KIDNEY":0.387639078,"CAL27_UPPER_AERODIGESTIVE_TRACT":-0.899064017,"CAL29_URINARY_TRACT":0.912110841,"CAL33_UPPER_AERODIGESTIVE_TRACT":-0.23434292,"CAL51_BREAST":1.422759626,"CAL78_BONE":0.58192814,"CALU1_LUNG":0.012782,"CALU6_LUNG":1.328480049,"CAMA1_BREAST":0.446860032,"CAOV3_OVARY":1.439849331,"CAS1_CENTRAL_NERVOUS_SYSTEM":1.394263999,"CASKI_CERVIX":1.436165874,"CCFSTTG1_CENTRAL_NERVOUS_SYSTEM":0.954044196,"CCK81_LARGE_INTESTINE":1.072187477,"CCLFPEDS0001T_KIDNEY":0.65882292,"CCLFPEDS0003T_SOFT_TISSUE":0.767816625,"CFPAC1_PANCREAS":0.661532253,"CH157MN_CENTRAL_NERVOUS_SYSTEM":0.666966614,"CHAGOK1_LUNG":1.207040846,"CHLA06ATRT_SOFT_TISSUE":1.226023191,"CHLA15_AUTONOMIC_GANGLIA":1.026131172,"CHLA266_SOFT_TISSUE":0.966119486,"CHP212_AUTONOMIC_GANGLIA":0.734890828,"CJM_SKIN":1.269874256,"CL40_LARGE_INTESTINE":-1.865776005,"CME1_SOFT_TISSUE":1.386156337,"CMLT1_HAEMATOPOIETIC_AND_LYMPHOID_TISSUE":-1.120289534,"COGAR359_SOFT_TISSUE":1.417700917,"COGE352_BONE":1.408472653,"COGN278_AUTONOMIC_GANGLIA":1.408954346,"COGN305_AUTONOMIC_GANGLIA":0.845230067,"COLO201_LARGE_INTESTINE":1.170017715,"COLO678_LARGE_INTESTINE":1.162062953,"COLO679_SKIN":0.187316784,"COLO792_SKIN":-3.028707684,"COLO800_SKIN":0.364742261,"CORL23_LUNG":1.128612969,"CORL279_LUNG":-0.045543059,"CORL47_LUNG":-0.064458102,"COV318_OVARY":0.62892679,"COV362_OVARY":-0.175279753,"COV434_OVARY":1.310708667,"COV504_OVARY":-4.202892265,"COV644_OVARY":-1.990305387,"CW9019_SOFT_TISSUE":1.422006782,"D283MED_CENTRAL_NERVOUS_SYSTEM":0.89862246,"D341MED_CENTRAL_NERVOUS_SYSTEM":1.439075539,"D425_CENTRAL_NERVOUS_SYSTEM":-0.684627484,"D458_CENTRAL_NERVOUS_SYSTEM":-0.670632595,"DANG_PANCREAS":1.221738444,"DAOY_CENTRAL_NERVOUS_SYSTEM":1.344123336,"DB_HAEMATOPOIETIC_AND_LYMPHOID_TISSUE":0.646553827,"DEL_HAEMATOPOIETIC_AND_LYMPHOID_TISSUE":1.433895607,"DETROIT562_UPPER_AERODIGESTIVE_TRACT":-0.331230172,"DKMG_CENTRAL_NERVOUS_SYSTEM":-3.165191132,"DLD1_LARGE_INTESTINE":1.321325351,"DU4475_BREAST":-0.643820472,"EFE184_ENDOMETRIUM":0.328142339,"EFM19_BREAST":1.424356614,"EFO21_OVARY":1.341538869,"EFO27_OVARY":1.424541532,"EJM_HAEMATOPOIETIC_AND_LYMPHOID_TISSUE":1.208992302,"EKVX_LUNG":0.624200946,"EM2_HAEMATOPOIETIC_AND_LYMPHOID_TISSUE":1.39433427,"EN_ENDOMETRIUM":1.380637473,"EOL1_HAEMATOPOIETIC_AND_LYMPHOID_TISSUE":1.148056659,"EPLC272H_LUNG":1.154862565,"ES2_OVARY":1.380528903,"ESO26_OESOPHAGUS":0.667289218,"ESS1_ENDOMETRIUM":0.942939491,"EW8_BONE":1.266413904,"EWS502_BONE":1.072996077,"F36P_HAEMATOPOIETIC_AND_LYMPHOID_TISSUE":0.373737405,"F5_CENTRAL_NERVOUS_SYSTEM":0.563343727,"FADU_UPPER_AERODIGESTIVE_TRACT":-0.29176817,"FLO1_OESOPHAGUS":0.489668412,"FU97_STOMACH":-2.265107782,"G292CLONEA141B1_BONE":-0.497662606,"G402_SOFT_TISSUE":1.407440182,"GAMG_CENTRAL_NERVOUS_SYSTEM":-0.341152075,"GB1_CENTRAL_NERVOUS_SYSTEM":0.754408904,"GCIY_STOMACH":1.421305782,"GCT_SOFT_TISSUE":1.270313612,"GI1_CENTRAL_NERVOUS_SYSTEM":1.438942657,"GSS_STOMACH":0.921770038,"GSU_STOMACH":0.929974779,"H103_UPPER_AERODIGESTIVE_TRACT":0.255025651,"H4_CENTRAL_NERVOUS_SYSTEM":1.031862551,"HARA_LUNG":-1.739986099,"HB1119_HAEMATOPOIETIC_AND_LYMPHOID_TISSUE":1.206944073,"HCC1143_BREAST":1.424840192,"HCC1359_LUNG":1.192336681,"HCC1395_BREAST":1.43391535,"HCC1419_BREAST":0.969314102,"HCC1428_BREAST":1.364941075,"HCC15_LUNG":1.002451491,"HCC1806_BREAST":1.400363534,"HCC1937_BREAST":1.4272485,"HCC1954_BREAST":-2.047247859,"HCC202_BREAST":1.437723894,"HCC2429_LUNG":1.27960287,"HCC2935_LUNG":1.296294165,"HCC366_LUNG":-5.300814384,"HCC461_LUNG":1.434222435,"HCC515_LUNG":1.174354622,"HCC56_LARGE_INTESTINE":-0.24620734,"HCC827_LUNG":1.424607231,"HCC95_LUNG":0.388441212,"HDMYZ_HAEMATOPOIETIC_AND_LYMPHOID_TISSUE":0.734962491,"HEC151_ENDOMETRIUM":1.275958471,"HEC1A_ENDOMETRIUM":1.22591407,"HEC1B_ENDOMETRIUM":1.363428234,"HEC251_ENDOMETRIUM":1.427293731,"HEC265_ENDOMETRIUM":-0.813726137,"HEC50B_ENDOMETRIUM":1.434959927,"HEC59_ENDOMETRIUM":1.125389976,"HEC6_ENDOMETRIUM":1.332194538,"HEL_HAEMATOPOIETIC_AND_LYMPHOID_TISSUE":0.97744237,"HEL9217_HAEMATOPOIETIC_AND_LYMPHOID_TISSUE":1.285879603,"HEYA8_OVARY":1.357808746,"HGC27_STOMACH":0.843561407,"HLF_LIVER":0.822299872,"HMC18_BREAST":1.424051348,"HOP62_LUNG":-0.073024746,"HS294T_SKIN":-0.299816475,"HS578T_BREAST":1.434258678,"HS683_CENTRAL_NERVOUS_SYSTEM":-1.073489769,"HS695T_SKIN":1.401213661,"HS729_SOFT_TISSUE":1.300666745,"HS746T_STOMACH":1.212849847,"HS766T_PANCREAS":0.190193758,"HS852T_SKIN":0.045152791,"HS944T_SKIN":1.277167693,"HSB2_HAEMATOPOIETIC_AND_LYMPHOID_TISSUE":-5.161083329,"HSC1_SKIN":-0.467638065,"HSC2_UPPER_AERODIGESTIVE_TRACT":1.437776024,"HSC3_UPPER_AERODIGESTIVE_TRACT":1.436437406,"HT1080_SOFT_TISSUE":0.47606859,"HT115_LARGE_INTESTINE":1.17678183,"HT1197_URINARY_TRACT":-5.433564764,"HT1376_URINARY_TRACT":-0.804354625,"HT144_SKIN":1.008984616,"HT29_LARGE_INTESTINE":1.440123452,"HT55_LARGE_INTESTINE":1.390852273,"HUH1_LIVER":0.800734222,"HUH6_LIVER":-20,"HUH7_LIVER":1.305262254,"HUNS1_HAEMATOPOIETIC_AND_LYMPHOID_TISSUE":-7.938455201,"HUPT3_PANCREAS":-4.164207507,"IALM_LUNG":1.209516077,"IGR1_SKIN":-1.144154854,"IGR39_SKIN":1.187757441,"IMR32_AUTONOMIC_GANGLIA":1.440114054,"INA6_HAEMATOPOIETIC_AND_LYMPHOID_TISSUE":-5.516611419,"IPC298_SKIN":-0.187315602,"ISTMES1_PLEURA":1.079496163,"ISTMES2_PLEURA":-0.491083612,"J82_URINARY_TRACT":1.235785115,"JHH1_LIVER":0.703515529,"JHH4_LIVER":1.113995509,"JHH5_LIVER":1.170109307,"JHH7_LIVER":1.431491912,"JHOC5_OVARY":-0.397012712,"JHOM1_OVARY":1.278209364,"JHOS2_OVARY":0.50646739,"JHOS4_OVARY":0.989377972,"JHUEM1_ENDOMETRIUM":-2.30176858,"JHUEM7_ENDOMETRIUM":0.233864953,"JIMT1_BREAST":-0.874092886,"JJN3_HAEMATOPOIETIC_AND_LYMPHOID_TISSUE":-0.80189058,"JMSU1_URINARY_TRACT":1.432194812,"JMURTK2_SOFT_TISSUE":1.301786957,"JOPACA1_PANCREAS":-4.612357339,"JR_SOFT_TISSUE":1.438829259,"K029AX_SKIN":1.257181339,"KALS1_CENTRAL_NERVOUS_SYSTEM":1.383955694,"KARPAS299_HAEMATOPOIETIC_AND_LYMPHOID_TISSUE":1.437743353,"KARPAS422_HAEMATOPOIETIC_AND_LYMPHOID_TISSUE":1.429395373,"KASUMI1_HAEMATOPOIETIC_AND_LYMPHOID_TISSUE":-1.117914133,"KE39_STOMACH":1.438913858,"KE97_HAEMATOPOIETIC_AND_LYMPHOID_TISSUE":-14.66191768,"KELLY_AUTONOMIC_GANGLIA":1.293055719,"KIJK_HAEMATOPOIETIC_AND_LYMPHOID_TISSUE":0.30403289,"KLE_ENDOMETRIUM":1.424831654,