{"scores":{"127399_SOFT_TISSUE":1.499428854,"143B_BONE":1.763460753,"2313287_STOMACH":1.771893054,"253J_URINARY_TRACT":1.769881368,"42MGBA_CENTRAL_NERVOUS_SYSTEM":1.787818629,"5637_URINARY_TRACT":1.800754238,"59M_OVARY":1.213450068,"639V_URINARY_TRACT":1.718894007,"647V_URINARY_TRACT":-6.695993109,"697_HAEMATOPOIETIC_AND_LYMPHOID_TISSUE":1.241382552,"769P_KIDNEY":1.286335506,"786O_KIDNEY":0.409822811,"8305C_THYROID":1.268799159,"8MGBA_CENTRAL_NERVOUS_SYSTEM":0.188978602,"A2058_SKIN":1.75259919,"A2780_OVARY":1.024483476,"A3KAW_HAEMATOPOIETIC_AND_LYMPHOID_TISSUE":1.38039324,"A427_LUNG":1.771421424,"A431_SKIN":1.741295875,"A549_LUNG":1.771493849,"A673_BONE":1.538747678,"ABC1_LUNG":1.150148331,"ACCMESO1_PLEURA":-0.537309957,"AGS_STOMACH":-3.182019107,"AML193_HAEMATOPOIETIC_AND_LYMPHOID_TISSUE":-1.285506457,"AMO1_HAEMATOPOIETIC_AND_LYMPHOID_TISSUE":0.214813592,"ASPC1_PANCREAS":1.77325994,"AU565_BREAST":1.589584933,"BC3C_URINARY_TRACT":1.776673751,"BFTC905_URINARY_TRACT":1.318688755,"BFTC909_KIDNEY":1.03841113,"BHY_UPPER_AERODIGESTIVE_TRACT":1.185828113,"BICR16_UPPER_AERODIGESTIVE_TRACT":1.794345558,"BICR22_UPPER_AERODIGESTIVE_TRACT":1.605117244,"BICR31_UPPER_AERODIGESTIVE_TRACT":1.798376114,"BICR56_UPPER_AERODIGESTIVE_TRACT":0.965294795,"BICR6_UPPER_AERODIGESTIVE_TRACT":1.8002013,"BICR78_UPPER_AERODIGESTIVE_TRACT":1.775979593,"BIN67_OVARY":1.432586451,"BL70_HAEMATOPOIETIC_AND_LYMPHOID_TISSUE":1.800925483,"BLUE1_HAEMATOPOIETIC_AND_LYMPHOID_TISSUE":-3.016306225,"BT12_SOFT_TISSUE":1.392319456,"BT16_SOFT_TISSUE":1.638109257,"BT549_BREAST":1.792641814,"C2BBE1_LARGE_INTESTINE":0.720722703,"C32_SKIN":1.520927889,"C8166_HAEMATOPOIETIC_AND_LYMPHOID_TISSUE":1.798118283,"CADOES1_BONE":0.80760047,"CAKI1_KIDNEY":0.882782877,"CAKI2_KIDNEY":0.539725198,"CAL27_UPPER_AERODIGESTIVE_TRACT":1.303066227,"CAL29_URINARY_TRACT":1.789055418,"CAL33_UPPER_AERODIGESTIVE_TRACT":1.728762034,"CAL51_BREAST":0.320415151,"CAL78_BONE":1.214246133,"CALU1_LUNG":1.776224106,"CALU6_LUNG":1.319571511,"CAMA1_BREAST":1.784623061,"CAOV3_OVARY":1.648834398,"CAS1_CENTRAL_NERVOUS_SYSTEM":1.798638547,"CASKI_CERVIX":0.553297613,"CCFSTTG1_CENTRAL_NERVOUS_SYSTEM":1.470244444,"CCK81_LARGE_INTESTINE":1.581343478,"CCLFPEDS0001T_KIDNEY":1.800507559,"CCLFPEDS0003T_SOFT_TISSUE":1.675461614,"CFPAC1_PANCREAS":1.798627011,"CH157MN_CENTRAL_NERVOUS_SYSTEM":0.652155635,"CHAGOK1_LUNG":1.523907046,"CHLA06ATRT_SOFT_TISSUE":1.800606295,"CHLA15_AUTONOMIC_GANGLIA":0.990585598,"CHLA266_SOFT_TISSUE":1.781954946,"CHP212_AUTONOMIC_GANGLIA":1.762466317,"CJM_SKIN":1.672545969,"CL40_LARGE_INTESTINE":-2.312024769,"CME1_SOFT_TISSUE":1.097357005,"CMLT1_HAEMATOPOIETIC_AND_LYMPHOID_TISSUE":-0.690486225,"COGAR359_SOFT_TISSUE":1.69914555,"COGE352_BONE":1.477158832,"COGN278_AUTONOMIC_GANGLIA":0.550387919,"COGN305_AUTONOMIC_GANGLIA":-0.82363465,"COLO201_LARGE_INTESTINE":-0.452920864,"COLO678_LARGE_INTESTINE":-0.400596324,"COLO679_SKIN":1.643816344,"COLO792_SKIN":1.756429258,"COLO800_SKIN":1.683788738,"CORL23_LUNG":1.799662066,"CORL279_LUNG":1.671098126,"CORL47_LUNG":1.563642113,"COV318_OVARY":1.635367485,"COV362_OVARY":1.720933494,"COV434_OVARY":0.888950326,"COV504_OVARY":1.680975883,"COV644_OVARY":1.603004498,"CW9019_SOFT_TISSUE":1.711343903,"D283MED_CENTRAL_NERVOUS_SYSTEM":1.658857208,"D341MED_CENTRAL_NERVOUS_SYSTEM":-5.479168224,"D425_CENTRAL_NERVOUS_SYSTEM":0.342536266,"D458_CENTRAL_NERVOUS_SYSTEM":1.654940637,"DANG_PANCREAS":1.74473932,"DAOY_CENTRAL_NERVOUS_SYSTEM":1.796548523,"DB_HAEMATOPOIETIC_AND_LYMPHOID_TISSUE":1.433309891,"DEL_HAEMATOPOIETIC_AND_LYMPHOID_TISSUE":0.490397517,"DETROIT562_UPPER_AERODIGESTIVE_TRACT":1.276817999,"DKMG_CENTRAL_NERVOUS_SYSTEM":0.324784539,"DLD1_LARGE_INTESTINE":1.332012599,"DU4475_BREAST":-1.246319764,"EFE184_ENDOMETRIUM":-4.310967004,"EFM19_BREAST":1.74618253,"EFO21_OVARY":1.608657231,"EFO27_OVARY":1.791884981,"EJM_HAEMATOPOIETIC_AND_LYMPHOID_TISSUE":1.06233316,"EKVX_LUNG":-0.392642996,"EM2_HAEMATOPOIETIC_AND_LYMPHOID_TISSUE":0.993494116,"EN_ENDOMETRIUM":1.800925483,"EOL1_HAEMATOPOIETIC_AND_LYMPHOID_TISSUE":1.610069119,"EPLC272H_LUNG":1.531481643,"ES2_OVARY":1.728743804,"ESO26_OESOPHAGUS":0.522425114,"ESS1_ENDOMETRIUM":1.548520514,"EW8_BONE":1.332966258,"EWS502_BONE":1.724578048,"F36P_HAEMATOPOIETIC_AND_LYMPHOID_TISSUE":1.29469271,"F5_CENTRAL_NERVOUS_SYSTEM":1.799206862,"FADU_UPPER_AERODIGESTIVE_TRACT":1.586133109,"FLO1_OESOPHAGUS":1.386399811,"FU97_STOMACH":1.485356072,"G292CLONEA141B1_BONE":1.246065326,"G402_SOFT_TISSUE":1.679558885,"GAMG_CENTRAL_NERVOUS_SYSTEM":1.780470712,"GB1_CENTRAL_NERVOUS_SYSTEM":1.800674345,"GCIY_STOMACH":1.741447539,"GCT_SOFT_TISSUE":1.775423073,"GI1_CENTRAL_NERVOUS_SYSTEM":0.751043463,"GSS_STOMACH":1.299953115,"GSU_STOMACH":1.645417481,"H103_UPPER_AERODIGESTIVE_TRACT":1.510938398,"H4_CENTRAL_NERVOUS_SYSTEM":1.713081497,"HARA_LUNG":1.109898133,"HB1119_HAEMATOPOIETIC_AND_LYMPHOID_TISSUE":1.358695437,"HCC1143_BREAST":0.656390791,"HCC1359_LUNG":1.788096905,"HCC1395_BREAST":1.769560474,"HCC1419_BREAST":1.785913342,"HCC1428_BREAST":1.738677955,"HCC15_LUNG":1.564000552,"HCC1806_BREAST":0.579775326,"HCC1937_BREAST":1.767814776,"HCC1954_BREAST":1.800925483,"HCC202_BREAST":0.894505755,"HCC2429_LUNG":1.800925483,"HCC2935_LUNG":0.603025603,"HCC366_LUNG":1.800925483,"HCC461_LUNG":1.557267887,"HCC515_LUNG":1.797926522,"HCC56_LARGE_INTESTINE":-0.429409296,"HCC827_LUNG":-2.851996209,"HCC95_LUNG":1.703988871,"HDMYZ_HAEMATOPOIETIC_AND_LYMPHOID_TISSUE":1.800925483,"HEC151_ENDOMETRIUM":0.812670927,"HEC1A_ENDOMETRIUM":0.713417838,"HEC1B_ENDOMETRIUM":1.294520407,"HEC251_ENDOMETRIUM":0.907357373,"HEC265_ENDOMETRIUM":1.778859568,"HEC50B_ENDOMETRIUM":1.623933455,"HEC59_ENDOMETRIUM":1.796598273,"HEC6_ENDOMETRIUM":1.393051468,"HEL_HAEMATOPOIETIC_AND_LYMPHOID_TISSUE":0.003061373,"HEL9217_HAEMATOPOIETIC_AND_LYMPHOID_TISSUE":1.131148295,"HEYA8_OVARY":1.188161589,"HGC27_STOMACH":1.274457753,"HLF_LIVER":1.784960077,"HMC18_BREAST":1.796998622,"HOP62_LUNG":-0.79449017,"HS294T_SKIN":1.515773708,"HS578T_BREAST":0.100020042,"HS683_CENTRAL_NERVOUS_SYSTEM":0.602991435,"HS695T_SKIN":1.680756606,"HS729_SOFT_TISSUE":1.794425852,"HS746T_STOMACH":1.794478477,"HS766T_PANCREAS":1.44409186,"HS852T_SKIN":1.713706627,"HS944T_SKIN":1.800735395,"HSB2_HAEMATOPOIETIC_AND_LYMPHOID_TISSUE":1.238649851,"HSC1_SKIN":0.535617678,"HSC2_UPPER_AERODIGESTIVE_TRACT":1.369894116,"HSC3_UPPER_AERODIGESTIVE_TRACT":1.791128151,"HT1080_SOFT_TISSUE":1.176497459,"HT115_LARGE_INTESTINE":0.387184999,"HT1197_URINARY_TRACT":-1.273995549,"HT1376_URINARY_TRACT":1.800431215,"HT144_SKIN":1.76499024,"HT29_LARGE_INTESTINE":1.59839736,"HT55_LARGE_INTESTINE":0.467461292,"HUH1_LIVER":1.5845183,"HUH6_LIVER":0.656589633,"HUH7_LIVER":1.786152798,"HUNS1_HAEMATOPOIETIC_AND_LYMPHOID_TISSUE":1.665343446,"HUPT3_PANCREAS":1.554349132,"IALM_LUNG":1.800925483,"IGR1_SKIN":0.981822707,"IGR39_SKIN":1.00405867,"IMR32_AUTONOMIC_GANGLIA":-2.069085977,"INA6_HAEMATOPOIETIC_AND_LYMPHOID_TISSUE":1.664927228,"IPC298_SKIN":1.699032845,"ISTMES1_PLEURA":1.560873763,"ISTMES2_PLEURA":1.696677021,"J82_URINARY_TRACT":1.581925514,"JHH1_LIVER":1.51910889,"JHH4_LIVER":1.753291603,"JHH5_LIVER":1.739011438,"JHH7_LIVER":1.780682198,"JHOC5_OVARY":-5.746231798,"JHOM1_OVARY":1.505695859,"JHOS2_OVARY":0.231925164,"JHOS4_OVARY":1.462846017,"JHUEM1_ENDOMETRIUM":1.094705283,"JHUEM7_ENDOMETRIUM":1.770737358,"JIMT1_BREAST":1.756857802,"JJN3_HAEMATOPOIETIC_AND_LYMPHOID_TISSUE":1.497003447,"JMSU1_URINARY_TRACT":1.107682933,"JMURTK2_SOFT_TISSUE":1.675095061,"JOPACA1_PANCREAS":-1.382354924,"JR_SOFT_TISSUE":-0.17990922,"K029AX_SKIN":1.726896934,"KALS1_CENTRAL_NERVOUS_SYSTEM":1.681090006,"KARPAS299_HAEMATOPOIETIC_AND_LYMPHOID_TISSUE":1.796841603,"KARPAS422_HAEMATOPOIETIC_AND_LYMPHOID_TISSUE":1.153883785,"KASUMI1_HAEMATOPOIETIC_AND_LYMPHOID_TISSUE":1.062615816,"KE39_STOMACH":1.622990718,"KE97_HAEMATOPOIETIC_AND_LYMPHOID_TISSUE":-9.091983869,"KELLY_AUTONOMIC_GANGLIA":1.789101445,"KIJK_HAEMATOPOIETIC_AND_LYMPHOID_TISSUE":-4.334541777,"KLE_ENDOMETRIUM":1.72688224,"KM12_LARGE_INTESTINE":0.288149632,