{"scores":{"127399_SOFT_TISSUE":1.317537583,"143B_BONE":2.149504551,"2313287_STOMACH":1.044081612,"253J_URINARY_TRACT":1.570098014,"42MGBA_CENTRAL_NERVOUS_SYSTEM":1.515831806,"5637_URINARY_TRACT":0.211235555,"59M_OVARY":1.503174704,"639V_URINARY_TRACT":2.24944937,"647V_URINARY_TRACT":-5.722032182,"697_HAEMATOPOIETIC_AND_LYMPHOID_TISSUE":2.001150779,"769P_KIDNEY":-0.261480298,"786O_KIDNEY":2.152361572,"8305C_THYROID":-1.333655612,"8MGBA_CENTRAL_NERVOUS_SYSTEM":-0.262464559,"A2058_SKIN":-2.705511655,"A2780_OVARY":-0.074536665,"A3KAW_HAEMATOPOIETIC_AND_LYMPHOID_TISSUE":-2.505965751,"A427_LUNG":1.653033169,"A431_SKIN":0.918258589,"A549_LUNG":-3.413428805,"A673_BONE":1.640763305,"ABC1_LUNG":2.064245708,"ACCMESO1_PLEURA":2.272037593,"AGS_STOMACH":-3.547913907,"AML193_HAEMATOPOIETIC_AND_LYMPHOID_TISSUE":2.173021357,"AMO1_HAEMATOPOIETIC_AND_LYMPHOID_TISSUE":2.282094286,"ASPC1_PANCREAS":0.745533753,"AU565_BREAST":2.136739539,"BC3C_URINARY_TRACT":1.975949757,"BFTC905_URINARY_TRACT":0.960547802,"BFTC909_KIDNEY":1.895511482,"BHY_UPPER_AERODIGESTIVE_TRACT":1.60274852,"BICR16_UPPER_AERODIGESTIVE_TRACT":1.65654504,"BICR22_UPPER_AERODIGESTIVE_TRACT":2.28531541,"BICR31_UPPER_AERODIGESTIVE_TRACT":-8.268963404,"BICR56_UPPER_AERODIGESTIVE_TRACT":0.864862195,"BICR6_UPPER_AERODIGESTIVE_TRACT":0.823294802,"BICR78_UPPER_AERODIGESTIVE_TRACT":-1.05515736,"BIN67_OVARY":-2.222836292,"BL70_HAEMATOPOIETIC_AND_LYMPHOID_TISSUE":1.867660642,"BLUE1_HAEMATOPOIETIC_AND_LYMPHOID_TISSUE":1.605138436,"BT12_SOFT_TISSUE":1.861899511,"BT16_SOFT_TISSUE":0.478537781,"BT549_BREAST":-5.027361837,"C2BBE1_LARGE_INTESTINE":-6.005903972,"C32_SKIN":1.629705793,"C8166_HAEMATOPOIETIC_AND_LYMPHOID_TISSUE":1.908877599,"CADOES1_BONE":0.61092496,"CAKI1_KIDNEY":-15.65912647,"CAKI2_KIDNEY":1.458374594,"CAL27_UPPER_AERODIGESTIVE_TRACT":0.326957839,"CAL29_URINARY_TRACT":1.596622008,"CAL33_UPPER_AERODIGESTIVE_TRACT":0.50450243,"CAL51_BREAST":-4.165545017,"CAL78_BONE":2.041029493,"CALU1_LUNG":-6.166252489,"CALU6_LUNG":2.098777007,"CAMA1_BREAST":2.253971887,"CAOV3_OVARY":2.286649297,"CAS1_CENTRAL_NERVOUS_SYSTEM":1.79217542,"CASKI_CERVIX":2.191658391,"CCFSTTG1_CENTRAL_NERVOUS_SYSTEM":1.075414764,"CCK81_LARGE_INTESTINE":1.798843005,"CCLFPEDS0001T_KIDNEY":2.084536616,"CCLFPEDS0003T_SOFT_TISSUE":-0.225811217,"CFPAC1_PANCREAS":0.313545615,"CH157MN_CENTRAL_NERVOUS_SYSTEM":-12.05597496,"CHAGOK1_LUNG":2.281013641,"CHLA06ATRT_SOFT_TISSUE":2.241033661,"CHLA15_AUTONOMIC_GANGLIA":1.614397792,"CHLA266_SOFT_TISSUE":2.174278351,"CHP212_AUTONOMIC_GANGLIA":1.754434502,"CJM_SKIN":2.286470713,"CL40_LARGE_INTESTINE":2.218043911,"CME1_SOFT_TISSUE":-0.633568735,"CMLT1_HAEMATOPOIETIC_AND_LYMPHOID_TISSUE":1.474655419,"COGAR359_SOFT_TISSUE":0.979183519,"COGE352_BONE":2.275735067,"COGN278_AUTONOMIC_GANGLIA":2.055812493,"COGN305_AUTONOMIC_GANGLIA":1.699989592,"COLO201_LARGE_INTESTINE":2.204885412,"COLO678_LARGE_INTESTINE":1.961323252,"COLO679_SKIN":2.251512226,"COLO792_SKIN":0.524494164,"COLO800_SKIN":0.622090736,"CORL23_LUNG":1.978114022,"CORL279_LUNG":1.984549041,"CORL47_LUNG":2.108539307,"COV318_OVARY":2.163400621,"COV362_OVARY":0.566165983,"COV434_OVARY":2.272209712,"COV504_OVARY":-2.682696079,"COV644_OVARY":-1.613939257,"CW9019_SOFT_TISSUE":-6.658002143,"D283MED_CENTRAL_NERVOUS_SYSTEM":2.280354173,"D341MED_CENTRAL_NERVOUS_SYSTEM":1.832833001,"D425_CENTRAL_NERVOUS_SYSTEM":0.292895836,"D458_CENTRAL_NERVOUS_SYSTEM":2.280381548,"DANG_PANCREAS":2.281959081,"DAOY_CENTRAL_NERVOUS_SYSTEM":2.00012363,"DB_HAEMATOPOIETIC_AND_LYMPHOID_TISSUE":2.278764927,"DEL_HAEMATOPOIETIC_AND_LYMPHOID_TISSUE":2.21876212,"DETROIT562_UPPER_AERODIGESTIVE_TRACT":1.598906249,"DKMG_CENTRAL_NERVOUS_SYSTEM":-4.985767342,"DLD1_LARGE_INTESTINE":2.282381584,"DU4475_BREAST":2.020025537,"EFE184_ENDOMETRIUM":1.62495842,"EFM19_BREAST":2.060101559,"EFO21_OVARY":1.811909743,"EFO27_OVARY":1.579478089,"EJM_HAEMATOPOIETIC_AND_LYMPHOID_TISSUE":2.21895223,"EKVX_LUNG":1.501758469,"EM2_HAEMATOPOIETIC_AND_LYMPHOID_TISSUE":2.142227227,"EN_ENDOMETRIUM":2.278294446,"EOL1_HAEMATOPOIETIC_AND_LYMPHOID_TISSUE":1.588371259,"EPLC272H_LUNG":-0.458816117,"ES2_OVARY":2.126302697,"ESO26_OESOPHAGUS":1.835074862,"ESS1_ENDOMETRIUM":2.274674259,"EW8_BONE":2.280178627,"EWS502_BONE":1.713602413,"F36P_HAEMATOPOIETIC_AND_LYMPHOID_TISSUE":2.105688238,"F5_CENTRAL_NERVOUS_SYSTEM":-3.039893948,"FADU_UPPER_AERODIGESTIVE_TRACT":1.854151052,"FLO1_OESOPHAGUS":-0.026378851,"FU97_STOMACH":1.806801293,"G292CLONEA141B1_BONE":2.120408406,"G402_SOFT_TISSUE":-0.63322873,"GAMG_CENTRAL_NERVOUS_SYSTEM":-3.209555702,"GB1_CENTRAL_NERVOUS_SYSTEM":2.009295251,"GCIY_STOMACH":1.129938888,"GCT_SOFT_TISSUE":1.095372314,"GI1_CENTRAL_NERVOUS_SYSTEM":1.935177626,"GSS_STOMACH":2.231777437,"GSU_STOMACH":1.004674914,"H103_UPPER_AERODIGESTIVE_TRACT":2.268209863,"H4_CENTRAL_NERVOUS_SYSTEM":-1.659877414,"HARA_LUNG":0.29599573,"HB1119_HAEMATOPOIETIC_AND_LYMPHOID_TISSUE":2.130597493,"HCC1143_BREAST":2.033823495,"HCC1359_LUNG":2.162887123,"HCC1395_BREAST":2.269793621,"HCC1419_BREAST":1.638987925,"HCC1428_BREAST":1.858641567,"HCC15_LUNG":2.154227917,"HCC1806_BREAST":1.816047752,"HCC1937_BREAST":2.22915211,"HCC1954_BREAST":1.792768848,"HCC202_BREAST":2.031766807,"HCC2429_LUNG":2.12265307,"HCC2935_LUNG":-0.752076102,"HCC366_LUNG":-1.962948892,"HCC461_LUNG":-3.103859949,"HCC515_LUNG":2.25933905,"HCC56_LARGE_INTESTINE":2.128751487,"HCC827_LUNG":1.638348578,"HCC95_LUNG":-0.580080079,"HDMYZ_HAEMATOPOIETIC_AND_LYMPHOID_TISSUE":0.969450592,"HEC151_ENDOMETRIUM":0.693211054,"HEC1A_ENDOMETRIUM":1.025732009,"HEC1B_ENDOMETRIUM":2.140076617,"HEC251_ENDOMETRIUM":1.119566036,"HEC265_ENDOMETRIUM":1.418652965,"HEC50B_ENDOMETRIUM":2.287713676,"HEC59_ENDOMETRIUM":-2.707730011,"HEC6_ENDOMETRIUM":1.148688472,"HEL_HAEMATOPOIETIC_AND_LYMPHOID_TISSUE":2.275694665,"HEL9217_HAEMATOPOIETIC_AND_LYMPHOID_TISSUE":1.577990626,"HEYA8_OVARY":-3.041584909,"HGC27_STOMACH":2.224098996,"HLF_LIVER":2.069781324,"HMC18_BREAST":1.556149069,"HOP62_LUNG":-0.495795675,"HS294T_SKIN":2.104047871,"HS578T_BREAST":2.25895761,"HS683_CENTRAL_NERVOUS_SYSTEM":-5.612788498,"HS695T_SKIN":2.261150004,"HS729_SOFT_TISSUE":0.08354528,"HS746T_STOMACH":2.191795049,"HS766T_PANCREAS":-0.138833295,"HS852T_SKIN":1.866535191,"HS944T_SKIN":0.476064981,"HSB2_HAEMATOPOIETIC_AND_LYMPHOID_TISSUE":-8.070355666,"HSC1_SKIN":-1.628415915,"HSC2_UPPER_AERODIGESTIVE_TRACT":2.257042289,"HSC3_UPPER_AERODIGESTIVE_TRACT":2.246372233,"HT1080_SOFT_TISSUE":2.133000254,"HT115_LARGE_INTESTINE":1.706614571,"HT1197_URINARY_TRACT":2.266277536,"HT1376_URINARY_TRACT":-1.609152326,"HT144_SKIN":2.132657855,"HT29_LARGE_INTESTINE":1.156548124,"HT55_LARGE_INTESTINE":0.706084616,"HUH1_LIVER":-0.225213891,"HUH6_LIVER":0.851270009,"HUH7_LIVER":2.046983505,"HUNS1_HAEMATOPOIETIC_AND_LYMPHOID_TISSUE":1.936238445,"HUPT3_PANCREAS":-6.586966964,"IALM_LUNG":1.24760966,"IGR1_SKIN":0.695328542,"IGR39_SKIN":1.206106077,"IMR32_AUTONOMIC_GANGLIA":2.288178286,"INA6_HAEMATOPOIETIC_AND_LYMPHOID_TISSUE":1.985886712,"IPC298_SKIN":-0.431915658,"ISTMES1_PLEURA":-7.278182337,"ISTMES2_PLEURA":-2.592994237,"J82_URINARY_TRACT":-1.718457742,"JHH1_LIVER":1.03949005,"JHH4_LIVER":-0.565968991,"JHH5_LIVER":2.192019119,"JHH7_LIVER":1.203834708,"JHOC5_OVARY":1.085313253,"JHOM1_OVARY":1.840644768,"JHOS2_OVARY":-10.39801928,"JHOS4_OVARY":1.643171735,"JHUEM1_ENDOMETRIUM":-1.994839854,"JHUEM7_ENDOMETRIUM":0.947226931,"JIMT1_BREAST":2.012186321,"JJN3_HAEMATOPOIETIC_AND_LYMPHOID_TISSUE":2.27037589,"JMSU1_URINARY_TRACT":2.272615886,"JMURTK2_SOFT_TISSUE":1.221772131,"JOPACA1_PANCREAS":-0.347852855,"JR_SOFT_TISSUE":2.287755942,"K029AX_SKIN":1.544338572,"KALS1_CENTRAL_NERVOUS_SYSTEM":2.108763641,"KARPAS299_HAEMATOPOIETIC_AND_LYMPHOID_TISSUE":2.288243668,"KARPAS422_HAEMATOPOIETIC_AND_LYMPHOID_TISSUE":1.497988277,"KASUMI1_HAEMATOPOIETIC_AND_LYMPHOID_TISSUE":1.278313792,"KE39_STOMACH":0.644045401,"KE97_HAEMATOPOIETIC_AND_LYMPHOID_TISSUE":1.510740096,"KELLY_AUTONOMIC_GANGLIA":1.793308532,"KIJK_HAEMATOPOIETIC_AND_LYMPHOID_TISSUE":2.160791835,"KLE_ENDOMETRIUM":2.271333061,