{"scores":{"127399_SOFT_TISSUE":1.957647421,"143B_BONE":-1.523306375,"2313287_STOMACH":-1.857456412,"253J_URINARY_TRACT":1.524316531,"42MGBA_CENTRAL_NERVOUS_SYSTEM":1.947091165,"5637_URINARY_TRACT":1.885182714,"59M_OVARY":1.146924653,"639V_URINARY_TRACT":-7.617856503,"647V_URINARY_TRACT":1.798730857,"697_HAEMATOPOIETIC_AND_LYMPHOID_TISSUE":1.91811388,"769P_KIDNEY":1.063134954,"786O_KIDNEY":1.957604329,"8305C_THYROID":1.02434409,"8MGBA_CENTRAL_NERVOUS_SYSTEM":1.877943601,"A2058_SKIN":1.957647421,"A2780_OVARY":0.496057659,"A3KAW_HAEMATOPOIETIC_AND_LYMPHOID_TISSUE":1.954248243,"A427_LUNG":1.490305008,"A431_SKIN":-10.8285722,"A549_LUNG":1.785764533,"A673_BONE":0.906466929,"ABC1_LUNG":1.957634347,"ACCMESO1_PLEURA":1.826920068,"AGS_STOMACH":0.097730708,"AML193_HAEMATOPOIETIC_AND_LYMPHOID_TISSUE":1.820946172,"AMO1_HAEMATOPOIETIC_AND_LYMPHOID_TISSUE":0.26393712,"ASPC1_PANCREAS":0.98307988,"AU565_BREAST":-5.516526477,"BC3C_URINARY_TRACT":1.60755604,"BFTC905_URINARY_TRACT":1.955103449,"BFTC909_KIDNEY":1.61434242,"BHY_UPPER_AERODIGESTIVE_TRACT":1.042048648,"BICR16_UPPER_AERODIGESTIVE_TRACT":1.943915622,"BICR22_UPPER_AERODIGESTIVE_TRACT":-2.925081485,"BICR31_UPPER_AERODIGESTIVE_TRACT":0.873040472,"BICR56_UPPER_AERODIGESTIVE_TRACT":-6.799594643,"BICR6_UPPER_AERODIGESTIVE_TRACT":-1.849290452,"BICR78_UPPER_AERODIGESTIVE_TRACT":1.260510937,"BIN67_OVARY":1.784552946,"BL70_HAEMATOPOIETIC_AND_LYMPHOID_TISSUE":1.80120187,"BLUE1_HAEMATOPOIETIC_AND_LYMPHOID_TISSUE":1.957647421,"BT12_SOFT_TISSUE":0.842209311,"BT16_SOFT_TISSUE":1.461218455,"BT549_BREAST":1.862174601,"C2BBE1_LARGE_INTESTINE":1.060134272,"C32_SKIN":1.943376735,"C8166_HAEMATOPOIETIC_AND_LYMPHOID_TISSUE":1.957647421,"CADOES1_BONE":1.957647421,"CAKI1_KIDNEY":1.005354354,"CAKI2_KIDNEY":1.193720328,"CAL27_UPPER_AERODIGESTIVE_TRACT":1.740740795,"CAL29_URINARY_TRACT":0.337428825,"CAL33_UPPER_AERODIGESTIVE_TRACT":0.677314827,"CAL51_BREAST":-1.484961482,"CAL78_BONE":0.836333805,"CALU1_LUNG":0.921989457,"CALU6_LUNG":1.803818235,"CAMA1_BREAST":-1.611859575,"CAOV3_OVARY":1.702788062,"CAS1_CENTRAL_NERVOUS_SYSTEM":1.850481862,"CASKI_CERVIX":1.907631068,"CCFSTTG1_CENTRAL_NERVOUS_SYSTEM":1.695306418,"CCK81_LARGE_INTESTINE":0.42541191,"CCLFPEDS0001T_KIDNEY":0.950404924,"CCLFPEDS0003T_SOFT_TISSUE":1.833008499,"CFPAC1_PANCREAS":0.98266877,"CH157MN_CENTRAL_NERVOUS_SYSTEM":1.501758167,"CHAGOK1_LUNG":1.901278486,"CHLA06ATRT_SOFT_TISSUE":1.756278581,"CHLA15_AUTONOMIC_GANGLIA":1.402115892,"CHLA266_SOFT_TISSUE":-15.659616,"CHP212_AUTONOMIC_GANGLIA":1.957608967,"CJM_SKIN":-12.22127635,"CL40_LARGE_INTESTINE":-2.316193869,"CME1_SOFT_TISSUE":1.907196641,"CMLT1_HAEMATOPOIETIC_AND_LYMPHOID_TISSUE":0.224674971,"COGAR359_SOFT_TISSUE":-4.108221141,"COGE352_BONE":1.304095246,"COGN278_AUTONOMIC_GANGLIA":1.899358648,"COGN305_AUTONOMIC_GANGLIA":1.563690266,"COLO201_LARGE_INTESTINE":1.492919444,"COLO678_LARGE_INTESTINE":1.583841923,"COLO679_SKIN":-4.753453655,"COLO792_SKIN":1.564726268,"COLO800_SKIN":1.926984448,"CORL23_LUNG":-1.38910187,"CORL279_LUNG":1.539411548,"CORL47_LUNG":1.792497917,"COV318_OVARY":1.943155147,"COV362_OVARY":-6.154484498,"COV434_OVARY":0.120132437,"COV504_OVARY":0.264073198,"COV644_OVARY":0.547522844,"CW9019_SOFT_TISSUE":-2.067798784,"D283MED_CENTRAL_NERVOUS_SYSTEM":0.457125866,"D341MED_CENTRAL_NERVOUS_SYSTEM":-1.107013172,"D425_CENTRAL_NERVOUS_SYSTEM":1.913814593,"D458_CENTRAL_NERVOUS_SYSTEM":1.835082048,"DANG_PANCREAS":1.955219597,"DAOY_CENTRAL_NERVOUS_SYSTEM":0.699191692,"DB_HAEMATOPOIETIC_AND_LYMPHOID_TISSUE":1.911033787,"DEL_HAEMATOPOIETIC_AND_LYMPHOID_TISSUE":1.952406537,"DETROIT562_UPPER_AERODIGESTIVE_TRACT":0.651483157,"DKMG_CENTRAL_NERVOUS_SYSTEM":1.939373813,"DLD1_LARGE_INTESTINE":1.850941482,"DU4475_BREAST":1.842732909,"EFE184_ENDOMETRIUM":-2.668627377,"EFM19_BREAST":-1.011501708,"EFO21_OVARY":1.91391032,"EFO27_OVARY":1.915548774,"EJM_HAEMATOPOIETIC_AND_LYMPHOID_TISSUE":0.896886887,"EKVX_LUNG":1.124186361,"EM2_HAEMATOPOIETIC_AND_LYMPHOID_TISSUE":0.801557083,"EN_ENDOMETRIUM":1.798121365,"EOL1_HAEMATOPOIETIC_AND_LYMPHOID_TISSUE":1.956658039,"EPLC272H_LUNG":1.670414445,"ES2_OVARY":1.932393952,"ESO26_OESOPHAGUS":0.03091419,"ESS1_ENDOMETRIUM":-1.769726008,"EW8_BONE":0.560309216,"EWS502_BONE":1.656388888,"F36P_HAEMATOPOIETIC_AND_LYMPHOID_TISSUE":1.886208631,"F5_CENTRAL_NERVOUS_SYSTEM":1.054947297,"FADU_UPPER_AERODIGESTIVE_TRACT":1.526450311,"FLO1_OESOPHAGUS":1.748947599,"FU97_STOMACH":1.957574856,"G292CLONEA141B1_BONE":1.006861003,"G402_SOFT_TISSUE":-0.71895363,"GAMG_CENTRAL_NERVOUS_SYSTEM":1.061892885,"GB1_CENTRAL_NERVOUS_SYSTEM":1.69149117,"GCIY_STOMACH":1.651019164,"GCT_SOFT_TISSUE":1.749274094,"GI1_CENTRAL_NERVOUS_SYSTEM":1.955000892,"GSS_STOMACH":1.379023548,"GSU_STOMACH":1.58885018,"H103_UPPER_AERODIGESTIVE_TRACT":1.782764126,"H4_CENTRAL_NERVOUS_SYSTEM":0.143761457,"HARA_LUNG":1.420285711,"HB1119_HAEMATOPOIETIC_AND_LYMPHOID_TISSUE":-1.488423352,"HCC1143_BREAST":-2.233230231,"HCC1359_LUNG":-10.3147321,"HCC1395_BREAST":-1.482554521,"HCC1419_BREAST":1.87262417,"HCC1428_BREAST":1.855599766,"HCC15_LUNG":1.918777692,"HCC1806_BREAST":1.94608421,"HCC1937_BREAST":1.916187274,"HCC1954_BREAST":1.608973009,"HCC202_BREAST":-1.419713881,"HCC2429_LUNG":1.929181916,"HCC2935_LUNG":0.588945741,"HCC366_LUNG":1.360002834,"HCC461_LUNG":1.426134273,"HCC515_LUNG":1.574059698,"HCC56_LARGE_INTESTINE":0.978632598,"HCC827_LUNG":0.951287292,"HCC95_LUNG":1.953989323,"HDMYZ_HAEMATOPOIETIC_AND_LYMPHOID_TISSUE":1.094301403,"HEC151_ENDOMETRIUM":-0.14217664,"HEC1A_ENDOMETRIUM":1.800700907,"HEC1B_ENDOMETRIUM":1.151860989,"HEC251_ENDOMETRIUM":1.676777987,"HEC265_ENDOMETRIUM":-8.366791688,"HEC50B_ENDOMETRIUM":1.043196768,"HEC59_ENDOMETRIUM":1.742172238,"HEC6_ENDOMETRIUM":1.876354691,"HEL_HAEMATOPOIETIC_AND_LYMPHOID_TISSUE":1.862617337,"HEL9217_HAEMATOPOIETIC_AND_LYMPHOID_TISSUE":1.625882106,"HEYA8_OVARY":1.900853069,"HGC27_STOMACH":-10.83328189,"HLF_LIVER":1.91558049,"HMC18_BREAST":1.408547174,"HOP62_LUNG":0.155207442,"HS294T_SKIN":1.798982535,"HS578T_BREAST":1.927598189,"HS683_CENTRAL_NERVOUS_SYSTEM":1.809788112,"HS695T_SKIN":1.076367359,"HS729_SOFT_TISSUE":-4.523473281,"HS746T_STOMACH":1.525103283,"HS766T_PANCREAS":1.955014558,"HS852T_SKIN":1.927177935,"HS944T_SKIN":1.954981441,"HSB2_HAEMATOPOIETIC_AND_LYMPHOID_TISSUE":-2.415222785,"HSC1_SKIN":-1.236816885,"HSC2_UPPER_AERODIGESTIVE_TRACT":1.661695267,"HSC3_UPPER_AERODIGESTIVE_TRACT":0.033629164,"HT1080_SOFT_TISSUE":1.669694331,"HT115_LARGE_INTESTINE":1.738546598,"HT1197_URINARY_TRACT":1.823922096,"HT1376_URINARY_TRACT":1.661983795,"HT144_SKIN":1.868260309,"HT29_LARGE_INTESTINE":1.802807893,"HT55_LARGE_INTESTINE":1.545875336,"HUH1_LIVER":1.42745912,"HUH6_LIVER":0.867867526,"HUH7_LIVER":1.950230197,"HUNS1_HAEMATOPOIETIC_AND_LYMPHOID_TISSUE":1.443111112,"HUPT3_PANCREAS":1.653863663,"IALM_LUNG":1.74585573,"IGR1_SKIN":1.935343657,"IGR39_SKIN":1.50686252,"IMR32_AUTONOMIC_GANGLIA":0.215143133,"INA6_HAEMATOPOIETIC_AND_LYMPHOID_TISSUE":0.473777749,"IPC298_SKIN":1.955443769,"ISTMES1_PLEURA":-4.697507655,"ISTMES2_PLEURA":1.957647388,"J82_URINARY_TRACT":1.953794871,"JHH1_LIVER":1.882524617,"JHH4_LIVER":1.893285334,"JHH5_LIVER":1.946418619,"JHH7_LIVER":-2.349851455,"JHOC5_OVARY":1.934408166,"JHOM1_OVARY":1.16524387,"JHOS2_OVARY":1.86394323,"JHOS4_OVARY":1.388336148,"JHUEM1_ENDOMETRIUM":1.924262372,"JHUEM7_ENDOMETRIUM":1.829856553,"JIMT1_BREAST":1.86846393,"JJN3_HAEMATOPOIETIC_AND_LYMPHOID_TISSUE":1.954812231,"JMSU1_URINARY_TRACT":-20,"JMURTK2_SOFT_TISSUE":1.957634615,"JOPACA1_PANCREAS":1.790743948,"JR_SOFT_TISSUE":0.685150707,"K029AX_SKIN":1.957647421,"KALS1_CENTRAL_NERVOUS_SYSTEM":-0.124309904,"KARPAS299_HAEMATOPOIETIC_AND_LYMPHOID_TISSUE":1.920442814,"KARPAS422_HAEMATOPOIETIC_AND_LYMPHOID_TISSUE":1.891106295,"KASUMI1_HAEMATOPOIETIC_AND_LYMPHOID_TISSUE":1.71979752,"KE39_STOMACH":-1.40144895,"KE97_HAEMATOPOIETIC_AND_LYMPHOID_TISSUE":-8.969827323,"KELLY_AUTONOMIC_GANGLIA":1.733277914,"KIJK_HAEMATOPOIETIC_AND_LYMPHOID_TISSUE":1.942612613,"KLE_ENDOMETRIUM":1.20144563,"KM12_LARGE_INTESTINE":1.941991633,