{"scores":{"127399_SOFT_TISSUE":1.907606315,"143B_BONE":1.890509046,"2313287_STOMACH":1.514997007,"253J_URINARY_TRACT":1.241190991,"42MGBA_CENTRAL_NERVOUS_SYSTEM":1.884269463,"5637_URINARY_TRACT":1.725345065,"59M_OVARY":1.9417031,"639V_URINARY_TRACT":1.724838038,"647V_URINARY_TRACT":1.880516363,"697_HAEMATOPOIETIC_AND_LYMPHOID_TISSUE":-0.527778172,"769P_KIDNEY":1.64465806,"786O_KIDNEY":0.334295599,"8305C_THYROID":1.763407898,"8MGBA_CENTRAL_NERVOUS_SYSTEM":0.535642772,"A2058_SKIN":1.774204552,"A2780_OVARY":0.477176182,"A3KAW_HAEMATOPOIETIC_AND_LYMPHOID_TISSUE":1.194259066,"A427_LUNG":1.898093295,"A431_SKIN":-0.869160031,"A549_LUNG":-0.003695162,"A673_BONE":-0.79228161,"ABC1_LUNG":1.9466383,"ACCMESO1_PLEURA":1.219645368,"AGS_STOMACH":-2.906581372,"AML193_HAEMATOPOIETIC_AND_LYMPHOID_TISSUE":1.544089661,"AMO1_HAEMATOPOIETIC_AND_LYMPHOID_TISSUE":1.223528238,"ASPC1_PANCREAS":-0.088608534,"AU565_BREAST":-4.775378163,"BC3C_URINARY_TRACT":1.656886185,"BFTC905_URINARY_TRACT":1.629313282,"BFTC909_KIDNEY":1.757147617,"BHY_UPPER_AERODIGESTIVE_TRACT":1.886140966,"BICR16_UPPER_AERODIGESTIVE_TRACT":1.094729927,"BICR22_UPPER_AERODIGESTIVE_TRACT":1.834986877,"BICR31_UPPER_AERODIGESTIVE_TRACT":1.566125952,"BICR56_UPPER_AERODIGESTIVE_TRACT":-2.879053773,"BICR6_UPPER_AERODIGESTIVE_TRACT":1.930552805,"BICR78_UPPER_AERODIGESTIVE_TRACT":0.105070949,"BIN67_OVARY":1.795612014,"BL70_HAEMATOPOIETIC_AND_LYMPHOID_TISSUE":0.288919489,"BLUE1_HAEMATOPOIETIC_AND_LYMPHOID_TISSUE":1.928049248,"BT12_SOFT_TISSUE":1.805989969,"BT16_SOFT_TISSUE":-3.719217143,"BT549_BREAST":1.184303862,"C2BBE1_LARGE_INTESTINE":0.838942558,"C32_SKIN":1.624091709,"C8166_HAEMATOPOIETIC_AND_LYMPHOID_TISSUE":1.782981043,"CADOES1_BONE":1.942763387,"CAKI1_KIDNEY":1.869632934,"CAKI2_KIDNEY":-2.234253497,"CAL27_UPPER_AERODIGESTIVE_TRACT":1.946841864,"CAL29_URINARY_TRACT":1.94374211,"CAL33_UPPER_AERODIGESTIVE_TRACT":-2.341503368,"CAL51_BREAST":1.918464428,"CAL78_BONE":1.106630491,"CALU1_LUNG":1.5324884,"CALU6_LUNG":1.640135883,"CAMA1_BREAST":1.392663259,"CAOV3_OVARY":1.71658818,"CAS1_CENTRAL_NERVOUS_SYSTEM":1.279151085,"CASKI_CERVIX":0.892630483,"CCFSTTG1_CENTRAL_NERVOUS_SYSTEM":1.688209804,"CCK81_LARGE_INTESTINE":1.943702314,"CCLFPEDS0001T_KIDNEY":1.826179772,"CCLFPEDS0003T_SOFT_TISSUE":1.038775354,"CFPAC1_PANCREAS":1.486839749,"CH157MN_CENTRAL_NERVOUS_SYSTEM":1.783048822,"CHAGOK1_LUNG":1.87539194,"CHLA06ATRT_SOFT_TISSUE":1.925479962,"CHLA15_AUTONOMIC_GANGLIA":1.787041982,"CHLA266_SOFT_TISSUE":1.62669712,"CHP212_AUTONOMIC_GANGLIA":1.611358384,"CJM_SKIN":0.444605497,"CL40_LARGE_INTESTINE":-7.233825388,"CME1_SOFT_TISSUE":1.889937829,"CMLT1_HAEMATOPOIETIC_AND_LYMPHOID_TISSUE":1.946682707,"COGAR359_SOFT_TISSUE":1.756756985,"COGE352_BONE":1.606367949,"COGN278_AUTONOMIC_GANGLIA":1.470502682,"COGN305_AUTONOMIC_GANGLIA":-0.515550956,"COLO201_LARGE_INTESTINE":-9.676472884,"COLO678_LARGE_INTESTINE":1.743521022,"COLO679_SKIN":1.267464344,"COLO792_SKIN":1.945466951,"COLO800_SKIN":1.423976219,"CORL23_LUNG":1.095779277,"CORL279_LUNG":1.810643894,"CORL47_LUNG":1.946630732,"COV318_OVARY":1.683266402,"COV362_OVARY":1.459234657,"COV434_OVARY":1.871411456,"COV504_OVARY":1.221980008,"COV644_OVARY":1.713621202,"CW9019_SOFT_TISSUE":1.265908652,"D283MED_CENTRAL_NERVOUS_SYSTEM":1.641211564,"D341MED_CENTRAL_NERVOUS_SYSTEM":1.938866921,"D425_CENTRAL_NERVOUS_SYSTEM":1.33286864,"D458_CENTRAL_NERVOUS_SYSTEM":1.871989332,"DANG_PANCREAS":1.930556505,"DAOY_CENTRAL_NERVOUS_SYSTEM":1.85437199,"DB_HAEMATOPOIETIC_AND_LYMPHOID_TISSUE":1.629497824,"DEL_HAEMATOPOIETIC_AND_LYMPHOID_TISSUE":1.782076924,"DETROIT562_UPPER_AERODIGESTIVE_TRACT":0.274344381,"DKMG_CENTRAL_NERVOUS_SYSTEM":-0.31063716,"DLD1_LARGE_INTESTINE":-5.371055865,"DU4475_BREAST":1.939426576,"EFE184_ENDOMETRIUM":1.546769115,"EFM19_BREAST":1.855100061,"EFO21_OVARY":1.762952579,"EFO27_OVARY":-0.284408486,"EJM_HAEMATOPOIETIC_AND_LYMPHOID_TISSUE":1.939786711,"EKVX_LUNG":1.782331837,"EM2_HAEMATOPOIETIC_AND_LYMPHOID_TISSUE":1.771873999,"EN_ENDOMETRIUM":1.946841864,"EOL1_HAEMATOPOIETIC_AND_LYMPHOID_TISSUE":1.85826523,"EPLC272H_LUNG":1.511261539,"ES2_OVARY":1.922315709,"ESO26_OESOPHAGUS":-3.430011857,"ESS1_ENDOMETRIUM":1.935195015,"EW8_BONE":1.36144135,"EWS502_BONE":1.436566434,"F36P_HAEMATOPOIETIC_AND_LYMPHOID_TISSUE":1.946639682,"F5_CENTRAL_NERVOUS_SYSTEM":-1.011766619,"FADU_UPPER_AERODIGESTIVE_TRACT":1.826156733,"FLO1_OESOPHAGUS":1.230540838,"FU97_STOMACH":1.563175276,"G292CLONEA141B1_BONE":1.889346948,"G402_SOFT_TISSUE":1.040191494,"GAMG_CENTRAL_NERVOUS_SYSTEM":-0.483240533,"GB1_CENTRAL_NERVOUS_SYSTEM":1.607265696,"GCIY_STOMACH":1.373832711,"GCT_SOFT_TISSUE":1.878489073,"GI1_CENTRAL_NERVOUS_SYSTEM":1.848708268,"GSS_STOMACH":1.912127617,"GSU_STOMACH":-1.659444335,"H103_UPPER_AERODIGESTIVE_TRACT":1.94414703,"H4_CENTRAL_NERVOUS_SYSTEM":1.423565951,"HARA_LUNG":1.926101235,"HB1119_HAEMATOPOIETIC_AND_LYMPHOID_TISSUE":1.44969352,"HCC1143_BREAST":1.332220939,"HCC1359_LUNG":1.825840434,"HCC1395_BREAST":1.482495456,"HCC1419_BREAST":-0.215043393,"HCC1428_BREAST":-0.344015201,"HCC15_LUNG":1.905668233,"HCC1806_BREAST":1.820536277,"HCC1937_BREAST":1.546032969,"HCC1954_BREAST":-2.899412875,"HCC202_BREAST":1.939824927,"HCC2429_LUNG":0.205842121,"HCC2935_LUNG":1.86523938,"HCC366_LUNG":-2.895857155,"HCC461_LUNG":1.913176579,"HCC515_LUNG":0.831994648,"HCC56_LARGE_INTESTINE":-4.300901103,"HCC827_LUNG":1.42614977,"HCC95_LUNG":1.911673893,"HDMYZ_HAEMATOPOIETIC_AND_LYMPHOID_TISSUE":1.608472301,"HEC151_ENDOMETRIUM":-1.086110437,"HEC1A_ENDOMETRIUM":1.535389406,"HEC1B_ENDOMETRIUM":1.115385237,"HEC251_ENDOMETRIUM":1.858568229,"HEC265_ENDOMETRIUM":1.568501158,"HEC50B_ENDOMETRIUM":1.862621366,"HEC59_ENDOMETRIUM":1.878586611,"HEC6_ENDOMETRIUM":1.943159335,"HEL_HAEMATOPOIETIC_AND_LYMPHOID_TISSUE":-6.355005468,"HEL9217_HAEMATOPOIETIC_AND_LYMPHOID_TISSUE":-0.668312026,"HEYA8_OVARY":1.946568428,"HGC27_STOMACH":1.772913182,"HLF_LIVER":1.945546758,"HMC18_BREAST":1.896552748,"HOP62_LUNG":1.909168135,"HS294T_SKIN":1.871145827,"HS578T_BREAST":1.94598432,"HS683_CENTRAL_NERVOUS_SYSTEM":1.511935563,"HS695T_SKIN":1.834906141,"HS729_SOFT_TISSUE":1.441887845,"HS746T_STOMACH":1.942959508,"HS766T_PANCREAS":1.209786275,"HS852T_SKIN":1.932089126,"HS944T_SKIN":1.84599502,"HSB2_HAEMATOPOIETIC_AND_LYMPHOID_TISSUE":-0.590646297,"HSC1_SKIN":1.908672865,"HSC2_UPPER_AERODIGESTIVE_TRACT":1.436329092,"HSC3_UPPER_AERODIGESTIVE_TRACT":1.805223268,"HT1080_SOFT_TISSUE":1.422320358,"HT115_LARGE_INTESTINE":-2.643678562,"HT1197_URINARY_TRACT":-2.604091788,"HT1376_URINARY_TRACT":-0.390948631,"HT144_SKIN":0.480147156,"HT29_LARGE_INTESTINE":1.767307309,"HT55_LARGE_INTESTINE":1.043331886,"HUH1_LIVER":0.808457134,"HUH6_LIVER":1.910067734,"HUH7_LIVER":1.676910857,"HUNS1_HAEMATOPOIETIC_AND_LYMPHOID_TISSUE":1.920311413,"HUPT3_PANCREAS":0.793250849,"IALM_LUNG":0.908623562,"IGR1_SKIN":1.240699915,"IGR39_SKIN":1.836676088,"IMR32_AUTONOMIC_GANGLIA":1.938406181,"INA6_HAEMATOPOIETIC_AND_LYMPHOID_TISSUE":1.247720556,"IPC298_SKIN":1.943692758,"ISTMES1_PLEURA":1.45787268,"ISTMES2_PLEURA":1.129369364,"J82_URINARY_TRACT":-1.751070769,"JHH1_LIVER":1.946841864,"JHH4_LIVER":0.672971723,"JHH5_LIVER":1.697390663,"JHH7_LIVER":1.268519534,"JHOC5_OVARY":0.879688304,"JHOM1_OVARY":1.577151004,"JHOS2_OVARY":1.868221256,"JHOS4_OVARY":1.624977823,"JHUEM1_ENDOMETRIUM":-0.197932712,"JHUEM7_ENDOMETRIUM":-0.596000905,"JIMT1_BREAST":1.131358921,"JJN3_HAEMATOPOIETIC_AND_LYMPHOID_TISSUE":1.693402409,"JMSU1_URINARY_TRACT":1.824217625,"JMURTK2_SOFT_TISSUE":1.76507904,"JOPACA1_PANCREAS":-15.91910826,"JR_SOFT_TISSUE":1.72816995,"K029AX_SKIN":1.847072838,"KALS1_CENTRAL_NERVOUS_SYSTEM":1.939956352,"KARPAS299_HAEMATOPOIETIC_AND_LYMPHOID_TISSUE":1.770491293,"KARPAS422_HAEMATOPOIETIC_AND_LYMPHOID_TISSUE":0.580418446,"KASUMI1_HAEMATOPOIETIC_AND_LYMPHOID_TISSUE":0.209027939,"KE39_STOMACH":0.324160959,"KE97_HAEMATOPOIETIC_AND_LYMPHOID_TISSUE":1.944521416,"KELLY_AUTONOMIC_GANGLIA":1.923650457,"KIJK_HAEMATOPOIETIC_AND_LYMPHOID_TISSUE":1.690793625,"KLE_ENDOMETRIUM":1.860526887,