{"scores":{"127399_SOFT_TISSUE":1.818618246,"143B_BONE":2.214114006,"2313287_STOMACH":1.801649444,"253J_URINARY_TRACT":2.163974093,"42MGBA_CENTRAL_NERVOUS_SYSTEM":0.818506598,"5637_URINARY_TRACT":2.268846959,"59M_OVARY":1.843206172,"639V_URINARY_TRACT":2.085502197,"647V_URINARY_TRACT":2.156231619,"697_HAEMATOPOIETIC_AND_LYMPHOID_TISSUE":1.329157858,"769P_KIDNEY":2.25247518,"786O_KIDNEY":-4.26439221,"8305C_THYROID":2.296089922,"8MGBA_CENTRAL_NERVOUS_SYSTEM":0.813983083,"A2058_SKIN":2.228173583,"A2780_OVARY":2.295304374,"A3KAW_HAEMATOPOIETIC_AND_LYMPHOID_TISSUE":2.266981858,"A427_LUNG":1.873458979,"A431_SKIN":1.894198176,"A549_LUNG":2.279245623,"A673_BONE":2.159507369,"ABC1_LUNG":-2.247480286,"ACCMESO1_PLEURA":2.298298023,"AGS_STOMACH":2.209863167,"AML193_HAEMATOPOIETIC_AND_LYMPHOID_TISSUE":2.177538563,"AMO1_HAEMATOPOIETIC_AND_LYMPHOID_TISSUE":2.294122501,"ASPC1_PANCREAS":1.95281452,"AU565_BREAST":0.155333229,"BC3C_URINARY_TRACT":2.175577877,"BFTC905_URINARY_TRACT":2.283746516,"BFTC909_KIDNEY":-4.220108744,"BHY_UPPER_AERODIGESTIVE_TRACT":0.110021269,"BICR16_UPPER_AERODIGESTIVE_TRACT":1.386872403,"BICR22_UPPER_AERODIGESTIVE_TRACT":2.289320889,"BICR31_UPPER_AERODIGESTIVE_TRACT":2.286386398,"BICR56_UPPER_AERODIGESTIVE_TRACT":0.451129754,"BICR6_UPPER_AERODIGESTIVE_TRACT":0.378103743,"BICR78_UPPER_AERODIGESTIVE_TRACT":2.019926433,"BIN67_OVARY":1.63492822,"BL70_HAEMATOPOIETIC_AND_LYMPHOID_TISSUE":-5.422570743,"BLUE1_HAEMATOPOIETIC_AND_LYMPHOID_TISSUE":-19.20156035,"BT12_SOFT_TISSUE":2.259011209,"BT16_SOFT_TISSUE":-7.156951562,"BT549_BREAST":1.83069318,"C2BBE1_LARGE_INTESTINE":2.284396697,"C32_SKIN":1.858942098,"C8166_HAEMATOPOIETIC_AND_LYMPHOID_TISSUE":2.134413062,"CADOES1_BONE":1.681704744,"CAKI1_KIDNEY":1.862393134,"CAKI2_KIDNEY":2.255835625,"CAL27_UPPER_AERODIGESTIVE_TRACT":2.204230168,"CAL29_URINARY_TRACT":2.132448923,"CAL33_UPPER_AERODIGESTIVE_TRACT":2.288727692,"CAL51_BREAST":1.858772192,"CAL78_BONE":2.279288044,"CALU1_LUNG":1.387790929,"CALU6_LUNG":2.269053684,"CAMA1_BREAST":2.073246477,"CAOV3_OVARY":2.173933434,"CAS1_CENTRAL_NERVOUS_SYSTEM":2.03600645,"CASKI_CERVIX":2.235389584,"CCFSTTG1_CENTRAL_NERVOUS_SYSTEM":1.986904447,"CCK81_LARGE_INTESTINE":1.489204536,"CCLFPEDS0001T_KIDNEY":0.077200522,"CCLFPEDS0003T_SOFT_TISSUE":2.059033726,"CFPAC1_PANCREAS":0.610739573,"CH157MN_CENTRAL_NERVOUS_SYSTEM":1.269679672,"CHAGOK1_LUNG":2.213406542,"CHLA06ATRT_SOFT_TISSUE":2.1897642,"CHLA15_AUTONOMIC_GANGLIA":2.298471281,"CHLA266_SOFT_TISSUE":1.81877819,"CHP212_AUTONOMIC_GANGLIA":2.26548305,"CJM_SKIN":2.093889391,"CL40_LARGE_INTESTINE":1.907900393,"CME1_SOFT_TISSUE":2.198492378,"CMLT1_HAEMATOPOIETIC_AND_LYMPHOID_TISSUE":1.317837172,"COGAR359_SOFT_TISSUE":2.036330967,"COGE352_BONE":2.289519486,"COGN278_AUTONOMIC_GANGLIA":2.185735815,"COGN305_AUTONOMIC_GANGLIA":2.071752656,"COLO201_LARGE_INTESTINE":1.778034087,"COLO678_LARGE_INTESTINE":2.134468589,"COLO679_SKIN":2.237332698,"COLO792_SKIN":-7.128188649,"COLO800_SKIN":-2.580526152,"CORL23_LUNG":2.230382392,"CORL279_LUNG":1.975021483,"CORL47_LUNG":2.272677868,"COV318_OVARY":1.056644592,"COV362_OVARY":2.2872211,"COV434_OVARY":2.138486708,"COV504_OVARY":1.843386903,"COV644_OVARY":2.283069235,"CW9019_SOFT_TISSUE":-2.736472886,"D283MED_CENTRAL_NERVOUS_SYSTEM":1.821630886,"D341MED_CENTRAL_NERVOUS_SYSTEM":2.024739319,"D425_CENTRAL_NERVOUS_SYSTEM":0.836096265,"D458_CENTRAL_NERVOUS_SYSTEM":2.276381972,"DANG_PANCREAS":0.332415724,"DAOY_CENTRAL_NERVOUS_SYSTEM":2.282223093,"DB_HAEMATOPOIETIC_AND_LYMPHOID_TISSUE":-7.96336574,"DEL_HAEMATOPOIETIC_AND_LYMPHOID_TISSUE":-2.831909318,"DETROIT562_UPPER_AERODIGESTIVE_TRACT":2.175293826,"DKMG_CENTRAL_NERVOUS_SYSTEM":-0.956625628,"DLD1_LARGE_INTESTINE":2.200540632,"DU4475_BREAST":0.262461411,"EFE184_ENDOMETRIUM":1.521622695,"EFM19_BREAST":2.137698907,"EFO21_OVARY":2.285188348,"EFO27_OVARY":1.824397517,"EJM_HAEMATOPOIETIC_AND_LYMPHOID_TISSUE":1.950339053,"EKVX_LUNG":2.298398566,"EM2_HAEMATOPOIETIC_AND_LYMPHOID_TISSUE":0.009572763,"EN_ENDOMETRIUM":-7.629600362,"EOL1_HAEMATOPOIETIC_AND_LYMPHOID_TISSUE":2.152670836,"EPLC272H_LUNG":2.219062458,"ES2_OVARY":1.666526316,"ESO26_OESOPHAGUS":2.282843897,"ESS1_ENDOMETRIUM":-1.672571549,"EW8_BONE":1.714174588,"EWS502_BONE":2.211523871,"F36P_HAEMATOPOIETIC_AND_LYMPHOID_TISSUE":-10.7292246,"F5_CENTRAL_NERVOUS_SYSTEM":2.207043926,"FADU_UPPER_AERODIGESTIVE_TRACT":2.274009423,"FLO1_OESOPHAGUS":2.266984211,"FU97_STOMACH":1.150968376,"G292CLONEA141B1_BONE":-3.892264647,"G402_SOFT_TISSUE":2.029293507,"GAMG_CENTRAL_NERVOUS_SYSTEM":1.687210727,"GB1_CENTRAL_NERVOUS_SYSTEM":2.089745246,"GCIY_STOMACH":1.836711436,"GCT_SOFT_TISSUE":0.300553829,"GI1_CENTRAL_NERVOUS_SYSTEM":1.351029628,"GSS_STOMACH":2.297753881,"GSU_STOMACH":2.298488264,"H103_UPPER_AERODIGESTIVE_TRACT":2.235385923,"H4_CENTRAL_NERVOUS_SYSTEM":0.33399711,"HARA_LUNG":1.306820415,"HB1119_HAEMATOPOIETIC_AND_LYMPHOID_TISSUE":2.291268214,"HCC1143_BREAST":1.848050728,"HCC1359_LUNG":0.632195295,"HCC1395_BREAST":2.223102721,"HCC1419_BREAST":1.834293584,"HCC1428_BREAST":2.20954593,"HCC15_LUNG":1.298621154,"HCC1806_BREAST":2.271450774,"HCC1937_BREAST":2.268934678,"HCC1954_BREAST":2.285754952,"HCC202_BREAST":2.279120001,"HCC2429_LUNG":2.29804091,"HCC2935_LUNG":1.410021133,"HCC366_LUNG":-0.716560403,"HCC461_LUNG":1.93995609,"HCC515_LUNG":2.020642322,"HCC56_LARGE_INTESTINE":2.224262991,"HCC827_LUNG":-1.721492145,"HCC95_LUNG":1.226195257,"HDMYZ_HAEMATOPOIETIC_AND_LYMPHOID_TISSUE":1.176172742,"HEC151_ENDOMETRIUM":1.283820222,"HEC1A_ENDOMETRIUM":2.053993584,"HEC1B_ENDOMETRIUM":2.224849586,"HEC251_ENDOMETRIUM":1.359471654,"HEC265_ENDOMETRIUM":2.272070228,"HEC50B_ENDOMETRIUM":2.003567415,"HEC59_ENDOMETRIUM":2.074585514,"HEC6_ENDOMETRIUM":2.148873115,"HEL_HAEMATOPOIETIC_AND_LYMPHOID_TISSUE":-16.53404679,"HEL9217_HAEMATOPOIETIC_AND_LYMPHOID_TISSUE":-0.18942366,"HEYA8_OVARY":2.150037574,"HGC27_STOMACH":-1.528121259,"HLF_LIVER":2.291099478,"HMC18_BREAST":1.588974786,"HOP62_LUNG":1.00454261,"HS294T_SKIN":2.114713527,"HS578T_BREAST":1.842540035,"HS683_CENTRAL_NERVOUS_SYSTEM":1.397917015,"HS695T_SKIN":2.20591161,"HS729_SOFT_TISSUE":-0.123961555,"HS746T_STOMACH":2.295383467,"HS766T_PANCREAS":2.175025209,"HS852T_SKIN":2.165064522,"HS944T_SKIN":1.959981208,"HSB2_HAEMATOPOIETIC_AND_LYMPHOID_TISSUE":1.535225718,"HSC1_SKIN":-1.310479292,"HSC2_UPPER_AERODIGESTIVE_TRACT":-0.334197604,"HSC3_UPPER_AERODIGESTIVE_TRACT":1.943787846,"HT1080_SOFT_TISSUE":1.51885165,"HT115_LARGE_INTESTINE":0.779566872,"HT1197_URINARY_TRACT":1.215142136,"HT1376_URINARY_TRACT":2.082034608,"HT144_SKIN":-2.560974042,"HT29_LARGE_INTESTINE":-1.096014718,"HT55_LARGE_INTESTINE":2.179886876,"HUH1_LIVER":1.506058641,"HUH6_LIVER":1.017111432,"HUH7_LIVER":-12.35091384,"HUNS1_HAEMATOPOIETIC_AND_LYMPHOID_TISSUE":2.134527493,"HUPT3_PANCREAS":-6.046490276,"IALM_LUNG":1.159770974,"IGR1_SKIN":1.292370717,"IGR39_SKIN":1.881692847,"IMR32_AUTONOMIC_GANGLIA":2.170364871,"INA6_HAEMATOPOIETIC_AND_LYMPHOID_TISSUE":2.250335874,"IPC298_SKIN":1.826645829,"ISTMES1_PLEURA":1.794900098,"ISTMES2_PLEURA":-8.352868834,"J82_URINARY_TRACT":2.051989147,"JHH1_LIVER":-0.182577754,"JHH4_LIVER":2.193755297,"JHH5_LIVER":-3.572791999,"JHH7_LIVER":1.232846659,"JHOC5_OVARY":0.706578668,"JHOM1_OVARY":1.746542137,"JHOS2_OVARY":1.328998554,"JHOS4_OVARY":2.133558047,"JHUEM1_ENDOMETRIUM":1.755357323,"JHUEM7_ENDOMETRIUM":-0.49950781,"JIMT1_BREAST":2.169341541,"JJN3_HAEMATOPOIETIC_AND_LYMPHOID_TISSUE":2.281831401,"JMSU1_URINARY_TRACT":1.978311643,"JMURTK2_SOFT_TISSUE":0.989112558,"JOPACA1_PANCREAS":2.216576562,"JR_SOFT_TISSUE":2.243537717,"K029AX_SKIN":1.929294565,"KALS1_CENTRAL_NERVOUS_SYSTEM":2.26530643,"KARPAS299_HAEMATOPOIETIC_AND_LYMPHOID_TISSUE":2.297758135,"KARPAS422_HAEMATOPOIETIC_AND_LYMPHOID_TISSUE":1.659689278,"KASUMI1_HAEMATOPOIETIC_AND_LYMPHOID_TISSUE":2.157138397,"KE39_STOMACH":2.226707995,"KE97_HAEMATOPOIETIC_AND_LYMPHOID_TISSUE":-0.126518595,"KELLY_AUTONOMIC_GANGLIA":1.482958646,"KIJK_HAEMATOPOIETIC_AND_LYMPHOID_TISSUE":2.298472806,"KLE_ENDOMETRIUM":2.047666152,"KM12_LARGE_INTESTINE":1.545757978,