{"scores":{"127399_SOFT_TISSUE":0.514408415,"143B_BONE":1.809917942,"2313287_STOMACH":1.737684938,"253J_URINARY_TRACT":2.030321609,"42MGBA_CENTRAL_NERVOUS_SYSTEM":1.590228752,"5637_URINARY_TRACT":2.078374114,"59M_OVARY":1.946078009,"639V_URINARY_TRACT":2.079038204,"647V_URINARY_TRACT":1.669771606,"697_HAEMATOPOIETIC_AND_LYMPHOID_TISSUE":1.865485545,"769P_KIDNEY":1.934225431,"786O_KIDNEY":2.057933715,"8305C_THYROID":0.766206011,"8MGBA_CENTRAL_NERVOUS_SYSTEM":2.027606055,"A2058_SKIN":1.942484104,"A2780_OVARY":2.078892959,"A3KAW_HAEMATOPOIETIC_AND_LYMPHOID_TISSUE":0.880550725,"A427_LUNG":1.868585623,"A431_SKIN":1.900195469,"A549_LUNG":2.013602326,"A673_BONE":2.079171177,"ABC1_LUNG":2.079127234,"ACCMESO1_PLEURA":1.520661389,"AGS_STOMACH":-0.102145817,"AML193_HAEMATOPOIETIC_AND_LYMPHOID_TISSUE":1.146299068,"AMO1_HAEMATOPOIETIC_AND_LYMPHOID_TISSUE":1.962609152,"ASPC1_PANCREAS":0.918089069,"AU565_BREAST":2.077669796,"BC3C_URINARY_TRACT":2.078182232,"BFTC905_URINARY_TRACT":-2.352080291,"BFTC909_KIDNEY":2.014023652,"BHY_UPPER_AERODIGESTIVE_TRACT":2.005830655,"BICR16_UPPER_AERODIGESTIVE_TRACT":2.079175677,"BICR22_UPPER_AERODIGESTIVE_TRACT":1.904096483,"BICR31_UPPER_AERODIGESTIVE_TRACT":1.310134852,"BICR56_UPPER_AERODIGESTIVE_TRACT":-11.61231028,"BICR6_UPPER_AERODIGESTIVE_TRACT":0.356960599,"BICR78_UPPER_AERODIGESTIVE_TRACT":2.079175677,"BIN67_OVARY":1.708109015,"BL70_HAEMATOPOIETIC_AND_LYMPHOID_TISSUE":0.016220533,"BLUE1_HAEMATOPOIETIC_AND_LYMPHOID_TISSUE":1.198129346,"BT12_SOFT_TISSUE":2.009811552,"BT16_SOFT_TISSUE":-1.162678031,"BT549_BREAST":0.260666166,"C2BBE1_LARGE_INTESTINE":-0.251788123,"C32_SKIN":2.036402011,"C8166_HAEMATOPOIETIC_AND_LYMPHOID_TISSUE":0.930772185,"CADOES1_BONE":2.079175677,"CAKI1_KIDNEY":1.890253004,"CAKI2_KIDNEY":2.027956943,"CAL27_UPPER_AERODIGESTIVE_TRACT":2.02363231,"CAL29_URINARY_TRACT":2.072054226,"CAL33_UPPER_AERODIGESTIVE_TRACT":-6.777331364,"CAL51_BREAST":1.369912471,"CAL78_BONE":2.032681268,"CALU1_LUNG":1.511775991,"CALU6_LUNG":2.010270644,"CAMA1_BREAST":1.262596337,"CAOV3_OVARY":-3.456976918,"CAS1_CENTRAL_NERVOUS_SYSTEM":1.305004667,"CASKI_CERVIX":1.045910652,"CCFSTTG1_CENTRAL_NERVOUS_SYSTEM":1.971510774,"CCK81_LARGE_INTESTINE":0.492401991,"CCLFPEDS0001T_KIDNEY":2.026908653,"CCLFPEDS0003T_SOFT_TISSUE":2.027173577,"CFPAC1_PANCREAS":2.040152685,"CH157MN_CENTRAL_NERVOUS_SYSTEM":2.065722299,"CHAGOK1_LUNG":1.899454774,"CHLA06ATRT_SOFT_TISSUE":0.84287406,"CHLA15_AUTONOMIC_GANGLIA":0.679071263,"CHLA266_SOFT_TISSUE":1.700179793,"CHP212_AUTONOMIC_GANGLIA":0.91263905,"CJM_SKIN":1.998371749,"CL40_LARGE_INTESTINE":1.534150846,"CME1_SOFT_TISSUE":1.534841514,"CMLT1_HAEMATOPOIETIC_AND_LYMPHOID_TISSUE":-1.23465903,"COGAR359_SOFT_TISSUE":1.49635781,"COGE352_BONE":2.073117286,"COGN278_AUTONOMIC_GANGLIA":1.367921031,"COGN305_AUTONOMIC_GANGLIA":1.594231851,"COLO201_LARGE_INTESTINE":1.981332516,"COLO678_LARGE_INTESTINE":2.069777384,"COLO679_SKIN":1.670354095,"COLO792_SKIN":2.071605909,"COLO800_SKIN":0.784893766,"CORL23_LUNG":1.975063828,"CORL279_LUNG":2.003154548,"CORL47_LUNG":1.366526254,"COV318_OVARY":0.838247054,"COV362_OVARY":1.259190063,"COV434_OVARY":2.051187746,"COV504_OVARY":1.990536337,"COV644_OVARY":2.035118517,"CW9019_SOFT_TISSUE":2.07231441,"D283MED_CENTRAL_NERVOUS_SYSTEM":1.372774191,"D341MED_CENTRAL_NERVOUS_SYSTEM":2.073531074,"D425_CENTRAL_NERVOUS_SYSTEM":0.532435563,"D458_CENTRAL_NERVOUS_SYSTEM":0.861486464,"DANG_PANCREAS":2.0246535,"DAOY_CENTRAL_NERVOUS_SYSTEM":1.89189771,"DB_HAEMATOPOIETIC_AND_LYMPHOID_TISSUE":-5.391141601,"DEL_HAEMATOPOIETIC_AND_LYMPHOID_TISSUE":2.07908411,"DETROIT562_UPPER_AERODIGESTIVE_TRACT":0.510377591,"DKMG_CENTRAL_NERVOUS_SYSTEM":1.894497096,"DLD1_LARGE_INTESTINE":-0.512245032,"DU4475_BREAST":2.035704544,"EFE184_ENDOMETRIUM":1.135922081,"EFM19_BREAST":0.794598188,"EFO21_OVARY":1.632429648,"EFO27_OVARY":2.076836261,"EJM_HAEMATOPOIETIC_AND_LYMPHOID_TISSUE":0.395417623,"EKVX_LUNG":-1.486083632,"EM2_HAEMATOPOIETIC_AND_LYMPHOID_TISSUE":2.073483334,"EN_ENDOMETRIUM":1.993054775,"EOL1_HAEMATOPOIETIC_AND_LYMPHOID_TISSUE":0.973163714,"EPLC272H_LUNG":1.571221029,"ES2_OVARY":2.061240664,"ESO26_OESOPHAGUS":1.979331479,"ESS1_ENDOMETRIUM":1.888239586,"EW8_BONE":1.395238128,"EWS502_BONE":0.096137778,"F36P_HAEMATOPOIETIC_AND_LYMPHOID_TISSUE":0.242789191,"F5_CENTRAL_NERVOUS_SYSTEM":-0.099538638,"FADU_UPPER_AERODIGESTIVE_TRACT":1.839241912,"FLO1_OESOPHAGUS":2.078976814,"FU97_STOMACH":2.071819584,"G292CLONEA141B1_BONE":1.719503975,"G402_SOFT_TISSUE":2.05664496,"GAMG_CENTRAL_NERVOUS_SYSTEM":2.074122714,"GB1_CENTRAL_NERVOUS_SYSTEM":2.004481585,"GCIY_STOMACH":-16.47189742,"GCT_SOFT_TISSUE":2.034772426,"GI1_CENTRAL_NERVOUS_SYSTEM":2.001802476,"GSS_STOMACH":1.717090997,"GSU_STOMACH":2.056787805,"H103_UPPER_AERODIGESTIVE_TRACT":2.002863707,"H4_CENTRAL_NERVOUS_SYSTEM":2.06527596,"HARA_LUNG":-1.466740279,"HB1119_HAEMATOPOIETIC_AND_LYMPHOID_TISSUE":2.02196197,"HCC1143_BREAST":1.982711348,"HCC1359_LUNG":2.067798357,"HCC1395_BREAST":2.077964121,"HCC1419_BREAST":2.044532075,"HCC1428_BREAST":1.95504608,"HCC15_LUNG":1.862035244,"HCC1806_BREAST":1.08240843,"HCC1937_BREAST":1.877900184,"HCC1954_BREAST":-1.478002457,"HCC202_BREAST":2.079175677,"HCC2429_LUNG":2.075846851,"HCC2935_LUNG":-2.293142099,"HCC366_LUNG":2.072089577,"HCC461_LUNG":-1.342753529,"HCC515_LUNG":1.81125283,"HCC56_LARGE_INTESTINE":1.920827558,"HCC827_LUNG":1.894743687,"HCC95_LUNG":0.663276836,"HDMYZ_HAEMATOPOIETIC_AND_LYMPHOID_TISSUE":2.078780845,"HEC151_ENDOMETRIUM":-1.879199035,"HEC1A_ENDOMETRIUM":0.691569287,"HEC1B_ENDOMETRIUM":1.60534782,"HEC251_ENDOMETRIUM":0.882492563,"HEC265_ENDOMETRIUM":2.053356799,"HEC50B_ENDOMETRIUM":0.166860077,"HEC59_ENDOMETRIUM":0.209746976,"HEC6_ENDOMETRIUM":2.069680004,"HEL_HAEMATOPOIETIC_AND_LYMPHOID_TISSUE":1.97959721,"HEL9217_HAEMATOPOIETIC_AND_LYMPHOID_TISSUE":1.883508256,"HEYA8_OVARY":2.001383626,"HGC27_STOMACH":-3.186591066,"HLF_LIVER":2.073061575,"HMC18_BREAST":0.617986642,"HOP62_LUNG":0.746655332,"HS294T_SKIN":1.783372162,"HS578T_BREAST":2.042357763,"HS683_CENTRAL_NERVOUS_SYSTEM":1.709486951,"HS695T_SKIN":1.627845156,"HS729_SOFT_TISSUE":0.019024681,"HS746T_STOMACH":1.660866766,"HS766T_PANCREAS":1.422410909,"HS852T_SKIN":1.901973812,"HS944T_SKIN":1.694078646,"HSB2_HAEMATOPOIETIC_AND_LYMPHOID_TISSUE":1.635300815,"HSC1_SKIN":0.119092251,"HSC2_UPPER_AERODIGESTIVE_TRACT":1.958391851,"HSC3_UPPER_AERODIGESTIVE_TRACT":-1.06684764,"HT1080_SOFT_TISSUE":2.078601934,"HT115_LARGE_INTESTINE":1.847603366,"HT1197_URINARY_TRACT":-0.046758521,"HT1376_URINARY_TRACT":1.294007266,"HT144_SKIN":0.6770201,"HT29_LARGE_INTESTINE":-0.635398043,"HT55_LARGE_INTESTINE":2.07804031,"HUH1_LIVER":2.054396314,"HUH6_LIVER":1.979054194,"HUH7_LIVER":2.072157929,"HUNS1_HAEMATOPOIETIC_AND_LYMPHOID_TISSUE":2.06775023,"HUPT3_PANCREAS":0.172644297,"IALM_LUNG":0.868271185,"IGR1_SKIN":0.804133429,"IGR39_SKIN":0.674700637,"IMR32_AUTONOMIC_GANGLIA":2.016884911,"INA6_HAEMATOPOIETIC_AND_LYMPHOID_TISSUE":1.428850493,"IPC298_SKIN":1.995305101,"ISTMES1_PLEURA":1.481253078,"ISTMES2_PLEURA":1.045782686,"J82_URINARY_TRACT":0.24951739,"JHH1_LIVER":-0.104412094,"JHH4_LIVER":2.062746945,"JHH5_LIVER":0.915679606,"JHH7_LIVER":0.371827843,"JHOC5_OVARY":1.715776609,"JHOM1_OVARY":2.024977466,"JHOS2_OVARY":2.014502919,"JHOS4_OVARY":1.881420351,"JHUEM1_ENDOMETRIUM":1.968464601,"JHUEM7_ENDOMETRIUM":1.128962131,"JIMT1_BREAST":1.15061655,"JJN3_HAEMATOPOIETIC_AND_LYMPHOID_TISSUE":2.044473868,"JMSU1_URINARY_TRACT":-20,"JMURTK2_SOFT_TISSUE":1.903885857,"JOPACA1_PANCREAS":1.507110268,"JR_SOFT_TISSUE":2.009272423,"K029AX_SKIN":1.93746328,"KALS1_CENTRAL_NERVOUS_SYSTEM":2.014819737,"KARPAS299_HAEMATOPOIETIC_AND_LYMPHOID_TISSUE":2.068321405,"KARPAS422_HAEMATOPOIETIC_AND_LYMPHOID_TISSUE":2.010602321,"KASUMI1_HAEMATOPOIETIC_AND_LYMPHOID_TISSUE":0.743614106,"KE39_STOMACH":1.897548995,"KE97_HAEMATOPOIETIC_AND_LYMPHOID_TISSUE":1.803823129,"KELLY_AUTONOMIC_GANGLIA":1.636351047,"KIJK_HAEMATOPOIETIC_AND_LYMPHOID_TISSUE":1.590774214,"KLE_ENDOMETRIUM":1.653899073,"KM12_LARGE_INTESTINE":1.985441813,