{"scores":{"127399_SOFT_TISSUE":2.295792037,"143B_BONE":-1.787763896,"2313287_STOMACH":1.768646562,"253J_URINARY_TRACT":-0.133412491,"42MGBA_CENTRAL_NERVOUS_SYSTEM":0.445848581,"5637_URINARY_TRACT":-0.132498069,"59M_OVARY":-0.198577726,"639V_URINARY_TRACT":1.853474303,"647V_URINARY_TRACT":2.423298185,"697_HAEMATOPOIETIC_AND_LYMPHOID_TISSUE":2.121216206,"769P_KIDNEY":0.660094863,"786O_KIDNEY":-2.052046811,"8305C_THYROID":1.288298025,"8MGBA_CENTRAL_NERVOUS_SYSTEM":1.432094916,"A2058_SKIN":2.271425281,"A2780_OVARY":1.600724477,"A3KAW_HAEMATOPOIETIC_AND_LYMPHOID_TISSUE":1.249054315,"A427_LUNG":2.433315762,"A431_SKIN":1.786015742,"A549_LUNG":2.426855795,"A673_BONE":0.027094684,"ABC1_LUNG":-8.374117043,"ACCMESO1_PLEURA":1.348598967,"AGS_STOMACH":-0.146212342,"AML193_HAEMATOPOIETIC_AND_LYMPHOID_TISSUE":2.137514762,"AMO1_HAEMATOPOIETIC_AND_LYMPHOID_TISSUE":2.390381193,"ASPC1_PANCREAS":1.190496221,"AU565_BREAST":1.620927181,"BC3C_URINARY_TRACT":1.420826038,"BFTC905_URINARY_TRACT":1.081374613,"BFTC909_KIDNEY":0.829390943,"BHY_UPPER_AERODIGESTIVE_TRACT":1.617993759,"BICR16_UPPER_AERODIGESTIVE_TRACT":-0.387870376,"BICR22_UPPER_AERODIGESTIVE_TRACT":1.467345568,"BICR31_UPPER_AERODIGESTIVE_TRACT":-0.128884092,"BICR56_UPPER_AERODIGESTIVE_TRACT":-1.195775307,"BICR6_UPPER_AERODIGESTIVE_TRACT":2.396281025,"BICR78_UPPER_AERODIGESTIVE_TRACT":1.829680371,"BIN67_OVARY":-0.791101775,"BL70_HAEMATOPOIETIC_AND_LYMPHOID_TISSUE":-1.051239551,"BLUE1_HAEMATOPOIETIC_AND_LYMPHOID_TISSUE":1.365219661,"BT12_SOFT_TISSUE":2.437250873,"BT16_SOFT_TISSUE":-3.116508783,"BT549_BREAST":-0.814389686,"C2BBE1_LARGE_INTESTINE":-0.928248631,"C32_SKIN":-3.602068003,"C8166_HAEMATOPOIETIC_AND_LYMPHOID_TISSUE":1.330366978,"CADOES1_BONE":1.562141571,"CAKI1_KIDNEY":-0.105180133,"CAKI2_KIDNEY":1.759000899,"CAL27_UPPER_AERODIGESTIVE_TRACT":-3.481120303,"CAL29_URINARY_TRACT":-0.693142224,"CAL33_UPPER_AERODIGESTIVE_TRACT":-1.292837983,"CAL51_BREAST":-1.306481574,"CAL78_BONE":1.013908953,"CALU1_LUNG":-7.321239007,"CALU6_LUNG":0.486352775,"CAMA1_BREAST":2.126856123,"CAOV3_OVARY":2.394608412,"CAS1_CENTRAL_NERVOUS_SYSTEM":-2.744721006,"CASKI_CERVIX":0.876338666,"CCFSTTG1_CENTRAL_NERVOUS_SYSTEM":1.794155162,"CCK81_LARGE_INTESTINE":1.603145555,"CCLFPEDS0001T_KIDNEY":0.324149162,"CCLFPEDS0003T_SOFT_TISSUE":-2.790819879,"CFPAC1_PANCREAS":2.095850924,"CH157MN_CENTRAL_NERVOUS_SYSTEM":0.450761479,"CHAGOK1_LUNG":2.359814703,"CHLA06ATRT_SOFT_TISSUE":2.240919781,"CHLA15_AUTONOMIC_GANGLIA":-3.199240745,"CHLA266_SOFT_TISSUE":-6.204739774,"CHP212_AUTONOMIC_GANGLIA":0.384743621,"CJM_SKIN":-4.453242222,"CL40_LARGE_INTESTINE":-1.028018858,"CME1_SOFT_TISSUE":1.116398475,"CMLT1_HAEMATOPOIETIC_AND_LYMPHOID_TISSUE":2.109462707,"COGAR359_SOFT_TISSUE":-0.246116226,"COGE352_BONE":2.429998565,"COGN278_AUTONOMIC_GANGLIA":-2.464921048,"COGN305_AUTONOMIC_GANGLIA":2.143874749,"COLO201_LARGE_INTESTINE":-12.9192256,"COLO678_LARGE_INTESTINE":1.708971982,"COLO679_SKIN":1.138921667,"COLO792_SKIN":2.438706136,"COLO800_SKIN":1.392613585,"CORL23_LUNG":-2.847570766,"CORL279_LUNG":-1.562547463,"CORL47_LUNG":2.374070711,"COV318_OVARY":1.454021356,"COV362_OVARY":2.439188447,"COV434_OVARY":0.688365309,"COV504_OVARY":1.376344851,"COV644_OVARY":-3.365296079,"CW9019_SOFT_TISSUE":-5.137131641,"D283MED_CENTRAL_NERVOUS_SYSTEM":1.06472985,"D341MED_CENTRAL_NERVOUS_SYSTEM":1.208046517,"D425_CENTRAL_NERVOUS_SYSTEM":1.410926429,"D458_CENTRAL_NERVOUS_SYSTEM":1.611076489,"DANG_PANCREAS":1.757256412,"DAOY_CENTRAL_NERVOUS_SYSTEM":1.153384806,"DB_HAEMATOPOIETIC_AND_LYMPHOID_TISSUE":1.670050497,"DEL_HAEMATOPOIETIC_AND_LYMPHOID_TISSUE":2.195771978,"DETROIT562_UPPER_AERODIGESTIVE_TRACT":0.189504636,"DKMG_CENTRAL_NERVOUS_SYSTEM":1.40548884,"DLD1_LARGE_INTESTINE":1.319119798,"DU4475_BREAST":2.426480135,"EFE184_ENDOMETRIUM":-0.950442725,"EFM19_BREAST":1.901011014,"EFO21_OVARY":-1.101172683,"EFO27_OVARY":-8.016813824,"EJM_HAEMATOPOIETIC_AND_LYMPHOID_TISSUE":1.855400766,"EKVX_LUNG":0.45816682,"EM2_HAEMATOPOIETIC_AND_LYMPHOID_TISSUE":2.355710873,"EN_ENDOMETRIUM":0.679947639,"EOL1_HAEMATOPOIETIC_AND_LYMPHOID_TISSUE":-2.436085835,"EPLC272H_LUNG":2.214264272,"ES2_OVARY":1.140870046,"ESO26_OESOPHAGUS":0.618766891,"ESS1_ENDOMETRIUM":2.047522048,"EW8_BONE":2.438227874,"EWS502_BONE":2.376410442,"F36P_HAEMATOPOIETIC_AND_LYMPHOID_TISSUE":2.358789701,"F5_CENTRAL_NERVOUS_SYSTEM":1.28672208,"FADU_UPPER_AERODIGESTIVE_TRACT":2.048036024,"FLO1_OESOPHAGUS":0.797240106,"FU97_STOMACH":2.437694191,"G292CLONEA141B1_BONE":1.218586669,"G402_SOFT_TISSUE":-7.106357034,"GAMG_CENTRAL_NERVOUS_SYSTEM":1.649159368,"GB1_CENTRAL_NERVOUS_SYSTEM":-0.290497849,"GCIY_STOMACH":1.268774101,"GCT_SOFT_TISSUE":-7.655423656,"GI1_CENTRAL_NERVOUS_SYSTEM":2.423094428,"GSS_STOMACH":1.658343564,"GSU_STOMACH":-0.496223609,"H103_UPPER_AERODIGESTIVE_TRACT":2.396679416,"H4_CENTRAL_NERVOUS_SYSTEM":1.49194253,"HARA_LUNG":2.095144316,"HB1119_HAEMATOPOIETIC_AND_LYMPHOID_TISSUE":2.327576375,"HCC1143_BREAST":2.190131113,"HCC1359_LUNG":1.643625793,"HCC1395_BREAST":2.279449377,"HCC1419_BREAST":1.891459052,"HCC1428_BREAST":2.160564942,"HCC15_LUNG":-2.774937722,"HCC1806_BREAST":1.993240756,"HCC1937_BREAST":0.771748957,"HCC1954_BREAST":-6.358393105,"HCC202_BREAST":2.432536463,"HCC2429_LUNG":-2.027812088,"HCC2935_LUNG":1.820793578,"HCC366_LUNG":2.000456596,"HCC461_LUNG":-0.06658391,"HCC515_LUNG":2.083125332,"HCC56_LARGE_INTESTINE":-0.396953578,"HCC827_LUNG":-5.180642544,"HCC95_LUNG":2.236922675,"HDMYZ_HAEMATOPOIETIC_AND_LYMPHOID_TISSUE":-2.582606687,"HEC151_ENDOMETRIUM":-4.809452325,"HEC1A_ENDOMETRIUM":-0.18882437,"HEC1B_ENDOMETRIUM":2.316718605,"HEC251_ENDOMETRIUM":0.826626065,"HEC265_ENDOMETRIUM":2.207183757,"HEC50B_ENDOMETRIUM":1.657033492,"HEC59_ENDOMETRIUM":1.827960594,"HEC6_ENDOMETRIUM":1.147724594,"HEL_HAEMATOPOIETIC_AND_LYMPHOID_TISSUE":-0.524499336,"HEL9217_HAEMATOPOIETIC_AND_LYMPHOID_TISSUE":0.880919528,"HEYA8_OVARY":0.362491921,"HGC27_STOMACH":2.432205095,"HLF_LIVER":1.191600975,"HMC18_BREAST":1.437106762,"HOP62_LUNG":1.53204734,"HS294T_SKIN":1.635633935,"HS578T_BREAST":1.783263835,"HS683_CENTRAL_NERVOUS_SYSTEM":-2.750389801,"HS695T_SKIN":0.948738845,"HS729_SOFT_TISSUE":0.278223463,"HS746T_STOMACH":1.150142828,"HS766T_PANCREAS":-4.942720188,"HS852T_SKIN":2.338519423,"HS944T_SKIN":1.797245254,"HSB2_HAEMATOPOIETIC_AND_LYMPHOID_TISSUE":1.13763514,"HSC1_SKIN":-0.082857003,"HSC2_UPPER_AERODIGESTIVE_TRACT":-1.008022871,"HSC3_UPPER_AERODIGESTIVE_TRACT":2.035274629,"HT1080_SOFT_TISSUE":-1.239337234,"HT115_LARGE_INTESTINE":1.427640936,"HT1197_URINARY_TRACT":1.956752304,"HT1376_URINARY_TRACT":1.057275828,"HT144_SKIN":-0.91469045,"HT29_LARGE_INTESTINE":-3.648711255,"HT55_LARGE_INTESTINE":-2.303179659,"HUH1_LIVER":-0.253067022,"HUH6_LIVER":2.316305141,"HUH7_LIVER":-0.207495663,"HUNS1_HAEMATOPOIETIC_AND_LYMPHOID_TISSUE":2.122384141,"HUPT3_PANCREAS":2.059723459,"IALM_LUNG":0.41302505,"IGR1_SKIN":1.015008742,"IGR39_SKIN":1.692540849,"IMR32_AUTONOMIC_GANGLIA":-0.983353663,"INA6_HAEMATOPOIETIC_AND_LYMPHOID_TISSUE":2.00348077,"IPC298_SKIN":1.870257348,"ISTMES1_PLEURA":1.518569971,"ISTMES2_PLEURA":2.435548475,"J82_URINARY_TRACT":0.621830184,"JHH1_LIVER":0.377749911,"JHH4_LIVER":-2.050556209,"JHH5_LIVER":0.429539216,"JHH7_LIVER":-11.19480854,"JHOC5_OVARY":-0.364146878,"JHOM1_OVARY":0.24619999,"JHOS2_OVARY":1.297366288,"JHOS4_OVARY":2.281812319,"JHUEM1_ENDOMETRIUM":2.314327804,"JHUEM7_ENDOMETRIUM":-1.952203251,"JIMT1_BREAST":1.768106219,"JJN3_HAEMATOPOIETIC_AND_LYMPHOID_TISSUE":0.671999273,"JMSU1_URINARY_TRACT":2.319804436,"JMURTK2_SOFT_TISSUE":0.537005132,"JOPACA1_PANCREAS":-5.440502814,"JR_SOFT_TISSUE":-2.480599533,"K029AX_SKIN":-0.713463571,"KALS1_CENTRAL_NERVOUS_SYSTEM":-0.074445891,"KARPAS299_HAEMATOPOIETIC_AND_LYMPHOID_TISSUE":1.47687583,"KARPAS422_HAEMATOPOIETIC_AND_LYMPHOID_TISSUE":-0.873017864,"KASUMI1_HAEMATOPOIETIC_AND_LYMPHOID_TISSUE":1.87567267,"KE39_STOMACH":1.981220362,"KE97_HAEMATOPOIETIC_AND_LYMPHOID_TISSUE":2.415803324,"KELLY_AUTONOMIC_GANGLIA":1.890682254,"KIJK_HAEMATOPOIETIC_AND_LYMPHOID_TISSUE":-0.76282673,