{"scores":{"127399_SOFT_TISSUE":4.01992908,"143B_BONE":3.385853614,"2313287_STOMACH":-2.6159964,"253J_URINARY_TRACT":-1.276127079,"42MGBA_CENTRAL_NERVOUS_SYSTEM":-15.94671619,"5637_URINARY_TRACT":-5.738654265,"59M_OVARY":-7.434377858,"639V_URINARY_TRACT":4.508736874,"647V_URINARY_TRACT":2.889552325,"697_HAEMATOPOIETIC_AND_LYMPHOID_TISSUE":-2.977567125,"769P_KIDNEY":3.318896683,"786O_KIDNEY":-0.853003328,"8305C_THYROID":3.743330535,"8MGBA_CENTRAL_NERVOUS_SYSTEM":3.684273595,"A2058_SKIN":2.892209348,"A2780_OVARY":-1.998676208,"A3KAW_HAEMATOPOIETIC_AND_LYMPHOID_TISSUE":-0.222779075,"A427_LUNG":0.542936642,"A431_SKIN":-5.387732339,"A549_LUNG":-2.901266066,"A673_BONE":-2.919564426,"ABC1_LUNG":-0.650815789,"ACCMESO1_PLEURA":2.112079311,"AGS_STOMACH":4.351124128,"AML193_HAEMATOPOIETIC_AND_LYMPHOID_TISSUE":4.613190196,"AMO1_HAEMATOPOIETIC_AND_LYMPHOID_TISSUE":3.908148202,"ASPC1_PANCREAS":3.223415329,"AU565_BREAST":1.255562548,"BC3C_URINARY_TRACT":3.507626882,"BFTC905_URINARY_TRACT":-2.085539547,"BFTC909_KIDNEY":3.188418995,"BHY_UPPER_AERODIGESTIVE_TRACT":3.918039276,"BICR16_UPPER_AERODIGESTIVE_TRACT":-1.787938359,"BICR22_UPPER_AERODIGESTIVE_TRACT":-2.465921253,"BICR31_UPPER_AERODIGESTIVE_TRACT":2.034312376,"BICR56_UPPER_AERODIGESTIVE_TRACT":3.587704939,"BICR6_UPPER_AERODIGESTIVE_TRACT":4.112627065,"BICR78_UPPER_AERODIGESTIVE_TRACT":0.699847094,"BIN67_OVARY":-3.33903293,"BL70_HAEMATOPOIETIC_AND_LYMPHOID_TISSUE":2.243710626,"BLUE1_HAEMATOPOIETIC_AND_LYMPHOID_TISSUE":-10.26214276,"BT12_SOFT_TISSUE":3.506773459,"BT16_SOFT_TISSUE":1.30114101,"BT549_BREAST":1.660275523,"C2BBE1_LARGE_INTESTINE":1.749809701,"C32_SKIN":3.755154304,"C8166_HAEMATOPOIETIC_AND_LYMPHOID_TISSUE":0.630601194,"CADOES1_BONE":-3.089412349,"CAKI1_KIDNEY":0.842126389,"CAKI2_KIDNEY":2.26974492,"CAL27_UPPER_AERODIGESTIVE_TRACT":2.840075277,"CAL29_URINARY_TRACT":3.91210199,"CAL33_UPPER_AERODIGESTIVE_TRACT":4.092352288,"CAL51_BREAST":3.582423885,"CAL78_BONE":2.09764118,"CALU1_LUNG":1.324704313,"CALU6_LUNG":1.606535186,"CAMA1_BREAST":3.485419178,"CAOV3_OVARY":1.379733325,"CAS1_CENTRAL_NERVOUS_SYSTEM":3.432808243,"CASKI_CERVIX":3.525365985,"CCFSTTG1_CENTRAL_NERVOUS_SYSTEM":3.819484693,"CCK81_LARGE_INTESTINE":3.632950295,"CCLFPEDS0001T_KIDNEY":3.233477207,"CCLFPEDS0003T_SOFT_TISSUE":0.095456387,"CFPAC1_PANCREAS":1.829679701,"CH157MN_CENTRAL_NERVOUS_SYSTEM":3.666665267,"CHAGOK1_LUNG":-6.433376287,"CHLA06ATRT_SOFT_TISSUE":-17.65048954,"CHLA15_AUTONOMIC_GANGLIA":3.813848033,"CHLA266_SOFT_TISSUE":-0.285734703,"CHP212_AUTONOMIC_GANGLIA":-6.400524635,"CJM_SKIN":4.632384882,"CL40_LARGE_INTESTINE":4.569108024,"CME1_SOFT_TISSUE":-6.8682631,"CMLT1_HAEMATOPOIETIC_AND_LYMPHOID_TISSUE":-4.431353814,"COGAR359_SOFT_TISSUE":3.479351538,"COGE352_BONE":3.85648578,"COGN278_AUTONOMIC_GANGLIA":-0.066189004,"COGN305_AUTONOMIC_GANGLIA":0.940701268,"COLO201_LARGE_INTESTINE":4.07105485,"COLO678_LARGE_INTESTINE":1.72281331,"COLO679_SKIN":3.116147773,"COLO792_SKIN":2.961134066,"COLO800_SKIN":3.608735259,"CORL23_LUNG":4.211116995,"CORL279_LUNG":-11.72918609,"CORL47_LUNG":1.544208001,"COV318_OVARY":1.627855335,"COV362_OVARY":-1.683300799,"COV434_OVARY":-1.114023761,"COV504_OVARY":-4.837949302,"COV644_OVARY":3.713457791,"CW9019_SOFT_TISSUE":2.82652629,"D283MED_CENTRAL_NERVOUS_SYSTEM":4.040182662,"D341MED_CENTRAL_NERVOUS_SYSTEM":3.79233646,"D425_CENTRAL_NERVOUS_SYSTEM":-5.314765977,"D458_CENTRAL_NERVOUS_SYSTEM":1.427192528,"DANG_PANCREAS":3.317126793,"DAOY_CENTRAL_NERVOUS_SYSTEM":3.248004175,"DB_HAEMATOPOIETIC_AND_LYMPHOID_TISSUE":-1.255586124,"DEL_HAEMATOPOIETIC_AND_LYMPHOID_TISSUE":-0.208449344,"DETROIT562_UPPER_AERODIGESTIVE_TRACT":1.982930572,"DKMG_CENTRAL_NERVOUS_SYSTEM":-2.918020461,"DLD1_LARGE_INTESTINE":-4.808610738,"DU4475_BREAST":2.516443782,"EFE184_ENDOMETRIUM":0.799642893,"EFM19_BREAST":3.231919783,"EFO21_OVARY":-3.565545736,"EFO27_OVARY":3.9203522,"EJM_HAEMATOPOIETIC_AND_LYMPHOID_TISSUE":2.462327378,"EKVX_LUNG":3.408667855,"EM2_HAEMATOPOIETIC_AND_LYMPHOID_TISSUE":-0.957779254,"EN_ENDOMETRIUM":3.749786964,"EOL1_HAEMATOPOIETIC_AND_LYMPHOID_TISSUE":4.630983113,"EPLC272H_LUNG":3.355391312,"ES2_OVARY":4.23500649,"ESO26_OESOPHAGUS":4.464282012,"ESS1_ENDOMETRIUM":3.725814646,"EW8_BONE":-1.958610774,"EWS502_BONE":-7.233957515,"F36P_HAEMATOPOIETIC_AND_LYMPHOID_TISSUE":-7.625207478,"F5_CENTRAL_NERVOUS_SYSTEM":2.507347321,"FADU_UPPER_AERODIGESTIVE_TRACT":3.682190689,"FLO1_OESOPHAGUS":2.412886153,"FU97_STOMACH":2.60416124,"G292CLONEA141B1_BONE":3.402665134,"G402_SOFT_TISSUE":3.999083709,"GAMG_CENTRAL_NERVOUS_SYSTEM":2.351761653,"GB1_CENTRAL_NERVOUS_SYSTEM":4.525937753,"GCIY_STOMACH":4.522889049,"GCT_SOFT_TISSUE":-0.002790916,"GI1_CENTRAL_NERVOUS_SYSTEM":1.625365048,"GSS_STOMACH":-2.26875701,"GSU_STOMACH":2.472928905,"H103_UPPER_AERODIGESTIVE_TRACT":4.477468739,"H4_CENTRAL_NERVOUS_SYSTEM":4.44872791,"HARA_LUNG":2.392970708,"HB1119_HAEMATOPOIETIC_AND_LYMPHOID_TISSUE":3.276549046,"HCC1143_BREAST":-8.049500151,"HCC1359_LUNG":4.150336363,"HCC1395_BREAST":2.596197964,"HCC1419_BREAST":0.810884346,"HCC1428_BREAST":2.315525029,"HCC15_LUNG":4.498696241,"HCC1806_BREAST":3.851763091,"HCC1937_BREAST":1.458838622,"HCC1954_BREAST":3.633352676,"HCC202_BREAST":1.283274945,"HCC2429_LUNG":-3.441714073,"HCC2935_LUNG":4.660974463,"HCC366_LUNG":4.525384565,"HCC461_LUNG":2.03688126,"HCC515_LUNG":-3.284294006,"HCC56_LARGE_INTESTINE":3.62614647,"HCC827_LUNG":-7.12799633,"HCC95_LUNG":3.025115954,"HDMYZ_HAEMATOPOIETIC_AND_LYMPHOID_TISSUE":0.732135894,"HEC151_ENDOMETRIUM":0.486230783,"HEC1A_ENDOMETRIUM":4.650970995,"HEC1B_ENDOMETRIUM":1.803940885,"HEC251_ENDOMETRIUM":0.504393137,"HEC265_ENDOMETRIUM":2.033837461,"HEC50B_ENDOMETRIUM":-3.503237921,"HEC59_ENDOMETRIUM":4.491355146,"HEC6_ENDOMETRIUM":2.197939536,"HEL_HAEMATOPOIETIC_AND_LYMPHOID_TISSUE":0.085776848,"HEL9217_HAEMATOPOIETIC_AND_LYMPHOID_TISSUE":4.110903513,"HEYA8_OVARY":-3.364049062,"HGC27_STOMACH":2.113112493,"HLF_LIVER":2.25332943,"HMC18_BREAST":0.716288489,"HOP62_LUNG":2.531391839,"HS294T_SKIN":4.099952768,"HS578T_BREAST":3.241393551,"HS683_CENTRAL_NERVOUS_SYSTEM":3.921194755,"HS695T_SKIN":1.630839626,"HS729_SOFT_TISSUE":1.799929002,"HS746T_STOMACH":1.355365716,"HS766T_PANCREAS":0.630767189,"HS852T_SKIN":0.62024881,"HS944T_SKIN":2.055276121,"HSB2_HAEMATOPOIETIC_AND_LYMPHOID_TISSUE":1.010752118,"HSC1_SKIN":-2.441900745,"HSC2_UPPER_AERODIGESTIVE_TRACT":2.935443427,"HSC3_UPPER_AERODIGESTIVE_TRACT":3.772669351,"HT1080_SOFT_TISSUE":0.425417237,"HT115_LARGE_INTESTINE":4.254466664,"HT1197_URINARY_TRACT":0.594062341,"HT1376_URINARY_TRACT":2.98756337,"HT144_SKIN":1.886478497,"HT29_LARGE_INTESTINE":3.58562769,"HT55_LARGE_INTESTINE":2.417901863,"HUH1_LIVER":2.401135122,"HUH6_LIVER":-2.23160479,"HUH7_LIVER":1.920241744,"HUNS1_HAEMATOPOIETIC_AND_LYMPHOID_TISSUE":4.505434796,"HUPT3_PANCREAS":3.22156818,"IALM_LUNG":2.178747246,"IGR1_SKIN":3.60107724,"IGR39_SKIN":1.478857098,"IMR32_AUTONOMIC_GANGLIA":3.47037419,"INA6_HAEMATOPOIETIC_AND_LYMPHOID_TISSUE":4.206821153,"IPC298_SKIN":4.16199611,"ISTMES1_PLEURA":1.002227163,"ISTMES2_PLEURA":-14.1917275,"J82_URINARY_TRACT":-1.325631648,"JHH1_LIVER":3.506660701,"JHH4_LIVER":-2.797373095,"JHH5_LIVER":1.987483676,"JHH7_LIVER":-7.480348554,"JHOC5_OVARY":-0.180441514,"JHOM1_OVARY":3.647409126,"JHOS2_OVARY":-3.261364706,"JHOS4_OVARY":3.639812234,"JHUEM1_ENDOMETRIUM":0.742643877,"JHUEM7_ENDOMETRIUM":2.620801335,"JIMT1_BREAST":4.28756249,"JJN3_HAEMATOPOIETIC_AND_LYMPHOID_TISSUE":4.587483301,"JMSU1_URINARY_TRACT":-3.943597792,"JMURTK2_SOFT_TISSUE":2.901630491,"JOPACA1_PANCREAS":3.365635542,"JR_SOFT_TISSUE":3.544606327,"K029AX_SKIN":-0.330633518,"KALS1_CENTRAL_NERVOUS_SYSTEM":3.310058475,"KARPAS299_HAEMATOPOIETIC_AND_LYMPHOID_TISSUE":3.014465294,"KARPAS422_HAEMATOPOIETIC_AND_LYMPHOID_TISSUE":1.519020697,"KASUMI1_HAEMATOPOIETIC_AND_LYMPHOID_TISSUE":-2.174344873,"KE39_STOMACH":0.547714751,"KE97_HAEMATOPOIETIC_AND_LYMPHOID_TISSUE":3.660402598,"KELLY_AUTONOMIC_GANGLIA":-5.190345939,"KIJK_HAEMATOPOIETIC_AND_LYMPHOID_TISSUE":1.659792745,"KLE_ENDOMETRIUM":1.728446024,