{"scores":{"127399_SOFT_TISSUE":-1.541787457,"143B_BONE":-2.551635274,"2313287_STOMACH":-0.827524703,"253J_URINARY_TRACT":3.699156541,"42MGBA_CENTRAL_NERVOUS_SYSTEM":-0.738692672,"5637_URINARY_TRACT":-2.358752185,"59M_OVARY":-3.29012509,"639V_URINARY_TRACT":-2.603817655,"647V_URINARY_TRACT":-4.460330827,"697_HAEMATOPOIETIC_AND_LYMPHOID_TISSUE":-0.961452344,"769P_KIDNEY":4.554987851,"786O_KIDNEY":-2.905040189,"8305C_THYROID":-1.767579285,"8MGBA_CENTRAL_NERVOUS_SYSTEM":-0.38826681,"A2058_SKIN":-3.319203194,"A2780_OVARY":-0.618275904,"A3KAW_HAEMATOPOIETIC_AND_LYMPHOID_TISSUE":-1.443594639,"A427_LUNG":-2.022156841,"A431_SKIN":-3.168479926,"A549_LUNG":4.164746496,"A673_BONE":-0.590926347,"ABC1_LUNG":-3.291702313,"ACCMESO1_PLEURA":-1.342177648,"AGS_STOMACH":-1.866041355,"AML193_HAEMATOPOIETIC_AND_LYMPHOID_TISSUE":-5.910706195,"AMO1_HAEMATOPOIETIC_AND_LYMPHOID_TISSUE":-2.478527734,"ASPC1_PANCREAS":-1.033388303,"AU565_BREAST":-4.229013436,"BC3C_URINARY_TRACT":-2.587484863,"BFTC905_URINARY_TRACT":-2.239901656,"BFTC909_KIDNEY":-0.220474281,"BHY_UPPER_AERODIGESTIVE_TRACT":-4.442657632,"BICR16_UPPER_AERODIGESTIVE_TRACT":-1.580978722,"BICR22_UPPER_AERODIGESTIVE_TRACT":-2.172865627,"BICR31_UPPER_AERODIGESTIVE_TRACT":-2.2652815,"BICR56_UPPER_AERODIGESTIVE_TRACT":-2.473968181,"BICR6_UPPER_AERODIGESTIVE_TRACT":-3.91688943,"BICR78_UPPER_AERODIGESTIVE_TRACT":-3.348026434,"BIN67_OVARY":-2.050678113,"BL70_HAEMATOPOIETIC_AND_LYMPHOID_TISSUE":0.972039284,"BLUE1_HAEMATOPOIETIC_AND_LYMPHOID_TISSUE":-3.759411382,"BT12_SOFT_TISSUE":-2.749661462,"BT16_SOFT_TISSUE":-1.481551733,"BT549_BREAST":-3.669213441,"C2BBE1_LARGE_INTESTINE":-1.136914793,"C32_SKIN":-4.021602554,"C8166_HAEMATOPOIETIC_AND_LYMPHOID_TISSUE":-4.398318217,"CADOES1_BONE":-2.207331083,"CAKI1_KIDNEY":3.034402841,"CAKI2_KIDNEY":-0.778705621,"CAL27_UPPER_AERODIGESTIVE_TRACT":-3.463053312,"CAL29_URINARY_TRACT":-3.297370104,"CAL33_UPPER_AERODIGESTIVE_TRACT":-2.378805064,"CAL51_BREAST":-1.891951654,"CAL78_BONE":0.812758072,"CALU1_LUNG":-2.237654946,"CALU6_LUNG":-2.59181589,"CAMA1_BREAST":-4.663879574,"CAOV3_OVARY":-0.838159477,"CAS1_CENTRAL_NERVOUS_SYSTEM":-1.319036011,"CASKI_CERVIX":-3.605907021,"CCFSTTG1_CENTRAL_NERVOUS_SYSTEM":-3.283320876,"CCK81_LARGE_INTESTINE":0.736112862,"CCLFPEDS0001T_KIDNEY":-2.341961953,"CCLFPEDS0003T_SOFT_TISSUE":-2.660892719,"CFPAC1_PANCREAS":-3.750341027,"CH157MN_CENTRAL_NERVOUS_SYSTEM":-1.829282349,"CHAGOK1_LUNG":-3.212837706,"CHLA06ATRT_SOFT_TISSUE":-3.471461527,"CHLA15_AUTONOMIC_GANGLIA":5.811703451,"CHLA266_SOFT_TISSUE":-1.617614143,"CHP212_AUTONOMIC_GANGLIA":2.911390532,"CJM_SKIN":-2.397529177,"CL40_LARGE_INTESTINE":-0.549911911,"CME1_SOFT_TISSUE":-1.947603788,"CMLT1_HAEMATOPOIETIC_AND_LYMPHOID_TISSUE":-3.926089157,"COGAR359_SOFT_TISSUE":0.550277734,"COGE352_BONE":2.015376281,"COGN278_AUTONOMIC_GANGLIA":5.059473772,"COGN305_AUTONOMIC_GANGLIA":2.983824007,"COLO201_LARGE_INTESTINE":-3.593551095,"COLO678_LARGE_INTESTINE":-4.028574862,"COLO679_SKIN":-1.89963669,"COLO792_SKIN":-1.025036097,"COLO800_SKIN":-3.06830482,"CORL23_LUNG":-0.752795866,"CORL279_LUNG":1.224625132,"CORL47_LUNG":5.831872516,"COV318_OVARY":-2.676036242,"COV362_OVARY":-3.041873278,"COV434_OVARY":-1.443715889,"COV504_OVARY":-2.169114697,"COV644_OVARY":1.763258108,"CW9019_SOFT_TISSUE":-2.517033419,"D283MED_CENTRAL_NERVOUS_SYSTEM":-1.515203082,"D341MED_CENTRAL_NERVOUS_SYSTEM":1.514111658,"D425_CENTRAL_NERVOUS_SYSTEM":0.236508067,"D458_CENTRAL_NERVOUS_SYSTEM":-0.385661622,"DANG_PANCREAS":-2.09564629,"DAOY_CENTRAL_NERVOUS_SYSTEM":-0.554544153,"DB_HAEMATOPOIETIC_AND_LYMPHOID_TISSUE":-5.486698715,"DEL_HAEMATOPOIETIC_AND_LYMPHOID_TISSUE":-4.503032526,"DETROIT562_UPPER_AERODIGESTIVE_TRACT":-2.921895137,"DKMG_CENTRAL_NERVOUS_SYSTEM":-3.672590924,"DLD1_LARGE_INTESTINE":-2.989137874,"DU4475_BREAST":3.163647422,"EFE184_ENDOMETRIUM":-6.129645387,"EFM19_BREAST":-4.119708513,"EFO21_OVARY":-1.476905652,"EFO27_OVARY":-2.634672612,"EJM_HAEMATOPOIETIC_AND_LYMPHOID_TISSUE":-5.389591491,"EKVX_LUNG":0.64811718,"EM2_HAEMATOPOIETIC_AND_LYMPHOID_TISSUE":-4.364526248,"EN_ENDOMETRIUM":-0.869580115,"EOL1_HAEMATOPOIETIC_AND_LYMPHOID_TISSUE":-1.085352624,"EPLC272H_LUNG":-0.360732911,"ES2_OVARY":0.85960992,"ESO26_OESOPHAGUS":-2.566080676,"ESS1_ENDOMETRIUM":-3.117060954,"EW8_BONE":-3.680062643,"EWS502_BONE":-2.618228209,"F36P_HAEMATOPOIETIC_AND_LYMPHOID_TISSUE":-0.7974124,"F5_CENTRAL_NERVOUS_SYSTEM":-1.017771502,"FADU_UPPER_AERODIGESTIVE_TRACT":-4.605313174,"FLO1_OESOPHAGUS":-3.19326841,"FU97_STOMACH":-3.215592153,"G292CLONEA141B1_BONE":0.341222829,"G402_SOFT_TISSUE":-2.30741442,"GAMG_CENTRAL_NERVOUS_SYSTEM":-2.112865842,"GB1_CENTRAL_NERVOUS_SYSTEM":-0.766709675,"GCIY_STOMACH":0.738059317,"GCT_SOFT_TISSUE":0.819636923,"GI1_CENTRAL_NERVOUS_SYSTEM":5.5338188,"GSS_STOMACH":0.871298437,"GSU_STOMACH":-1.375377678,"H103_UPPER_AERODIGESTIVE_TRACT":-2.400188868,"H4_CENTRAL_NERVOUS_SYSTEM":-2.453290017,"HARA_LUNG":-3.270121986,"HB1119_HAEMATOPOIETIC_AND_LYMPHOID_TISSUE":-3.356395309,"HCC1143_BREAST":-3.438407811,"HCC1359_LUNG":-0.34149782,"HCC1395_BREAST":-3.184335253,"HCC1419_BREAST":-3.240087794,"HCC1428_BREAST":-4.972812008,"HCC15_LUNG":-3.817314118,"HCC1806_BREAST":-2.09861983,"HCC1937_BREAST":-2.760371358,"HCC1954_BREAST":-4.241909538,"HCC202_BREAST":-5.385727031,"HCC2429_LUNG":1.19264955,"HCC2935_LUNG":-2.897015383,"HCC366_LUNG":-3.003557305,"HCC461_LUNG":-4.370328891,"HCC515_LUNG":-3.967684652,"HCC56_LARGE_INTESTINE":-2.7108961,"HCC827_LUNG":-3.377370734,"HCC95_LUNG":-3.732013643,"HDMYZ_HAEMATOPOIETIC_AND_LYMPHOID_TISSUE":-3.69820018,"HEC151_ENDOMETRIUM":-0.678858016,"HEC1A_ENDOMETRIUM":-0.943294235,"HEC1B_ENDOMETRIUM":-3.520991287,"HEC251_ENDOMETRIUM":-1.519135313,"HEC265_ENDOMETRIUM":-2.985058762,"HEC50B_ENDOMETRIUM":-2.434425427,"HEC59_ENDOMETRIUM":-3.362682335,"HEC6_ENDOMETRIUM":1.740077052,"HEL_HAEMATOPOIETIC_AND_LYMPHOID_TISSUE":-4.026403172,"HEL9217_HAEMATOPOIETIC_AND_LYMPHOID_TISSUE":-5.91170444,"HEYA8_OVARY":-2.066968821,"HGC27_STOMACH":-1.778451221,"HLF_LIVER":-1.073106731,"HMC18_BREAST":-3.789368507,"HOP62_LUNG":-0.925706831,"HS294T_SKIN":-3.804533339,"HS578T_BREAST":0.150318072,"HS683_CENTRAL_NERVOUS_SYSTEM":-0.081359261,"HS695T_SKIN":-0.413380641,"HS729_SOFT_TISSUE":-2.795465896,"HS746T_STOMACH":-3.395411502,"HS766T_PANCREAS":-2.941989353,"HS852T_SKIN":-3.645235714,"HS944T_SKIN":-4.390084208,"HSB2_HAEMATOPOIETIC_AND_LYMPHOID_TISSUE":-5.553966726,"HSC1_SKIN":-3.083861973,"HSC2_UPPER_AERODIGESTIVE_TRACT":-3.958320159,"HSC3_UPPER_AERODIGESTIVE_TRACT":-3.277378727,"HT1080_SOFT_TISSUE":-1.480591964,"HT115_LARGE_INTESTINE":-3.17591642,"HT1197_URINARY_TRACT":-4.252061669,"HT1376_URINARY_TRACT":-2.359226606,"HT144_SKIN":-0.269539877,"HT29_LARGE_INTESTINE":-3.535113736,"HT55_LARGE_INTESTINE":-2.886496395,"HUH1_LIVER":-2.552061025,"HUH6_LIVER":-1.628510989,"HUH7_LIVER":0.52451994,"HUNS1_HAEMATOPOIETIC_AND_LYMPHOID_TISSUE":-3.143182471,"HUPT3_PANCREAS":-1.313246143,"IALM_LUNG":0.891663936,"IGR1_SKIN":-2.87661334,"IGR39_SKIN":-4.412552574,"IMR32_AUTONOMIC_GANGLIA":1.336657455,"INA6_HAEMATOPOIETIC_AND_LYMPHOID_TISSUE":-4.480605508,"IPC298_SKIN":-3.539704138,"ISTMES1_PLEURA":-0.565730263,"ISTMES2_PLEURA":4.985228162,"J82_URINARY_TRACT":0.564569182,"JHH1_LIVER":-4.364403685,"JHH4_LIVER":-1.944242336,"JHH5_LIVER":-3.271975651,"JHH7_LIVER":-3.935435594,"JHOC5_OVARY":-0.542640801,"JHOM1_OVARY":-3.387528179,"JHOS2_OVARY":-1.640767872,"JHOS4_OVARY":-3.89794462,"JHUEM1_ENDOMETRIUM":-3.014082831,"JHUEM7_ENDOMETRIUM":-3.518932024,"JIMT1_BREAST":-3.341827411,"JJN3_HAEMATOPOIETIC_AND_LYMPHOID_TISSUE":-2.909875048,"JMSU1_URINARY_TRACT":-3.266727628,"JMURTK2_SOFT_TISSUE":-2.732838184,"JOPACA1_PANCREAS":-3.097829419,"JR_SOFT_TISSUE":3.404584989,"K029AX_SKIN":-1.877941893,"KALS1_CENTRAL_NERVOUS_SYSTEM":-1.897478281,"KARPAS299_HAEMATOPOIETIC_AND_LYMPHOID_TISSUE":-4.459301517,"KARPAS422_HAEMATOPOIETIC_AND_LYMPHOID_TISSUE":-3.638131629,"KASUMI1_HAEMATOPOIETIC_AND_LYMPHOID_TISSUE":-5.265683982,"KE39_STOMACH":-2.462004921,