{"scores":{"127399_SOFT_TISSUE":2.436292675,"143B_BONE":2.331623761,"2313287_STOMACH":-0.240011508,"253J_URINARY_TRACT":2.771064108,"42MGBA_CENTRAL_NERVOUS_SYSTEM":2.668631299,"5637_URINARY_TRACT":-0.579769422,"59M_OVARY":2.635706029,"639V_URINARY_TRACT":2.826062622,"647V_URINARY_TRACT":2.574757671,"697_HAEMATOPOIETIC_AND_LYMPHOID_TISSUE":2.512311474,"769P_KIDNEY":2.469772925,"786O_KIDNEY":2.793341109,"8305C_THYROID":1.806968063,"8MGBA_CENTRAL_NERVOUS_SYSTEM":2.795980629,"A2058_SKIN":2.839571103,"A2780_OVARY":2.67260983,"A3KAW_HAEMATOPOIETIC_AND_LYMPHOID_TISSUE":2.778838169,"A427_LUNG":2.616646398,"A431_SKIN":2.701405481,"A549_LUNG":-3.952994371,"A673_BONE":2.807626937,"ABC1_LUNG":-4.641954316,"ACCMESO1_PLEURA":2.469960215,"AGS_STOMACH":-14.39144491,"AML193_HAEMATOPOIETIC_AND_LYMPHOID_TISSUE":2.790403226,"AMO1_HAEMATOPOIETIC_AND_LYMPHOID_TISSUE":1.836813457,"ASPC1_PANCREAS":-2.024154017,"AU565_BREAST":2.379833767,"BC3C_URINARY_TRACT":-3.428647157,"BFTC905_URINARY_TRACT":1.263766785,"BFTC909_KIDNEY":2.472499127,"BHY_UPPER_AERODIGESTIVE_TRACT":-7.857951416,"BICR16_UPPER_AERODIGESTIVE_TRACT":2.637346187,"BICR22_UPPER_AERODIGESTIVE_TRACT":2.819837502,"BICR31_UPPER_AERODIGESTIVE_TRACT":1.998444205,"BICR56_UPPER_AERODIGESTIVE_TRACT":2.813656722,"BICR6_UPPER_AERODIGESTIVE_TRACT":1.45541554,"BICR78_UPPER_AERODIGESTIVE_TRACT":2.809636883,"BIN67_OVARY":2.28015976,"BL70_HAEMATOPOIETIC_AND_LYMPHOID_TISSUE":2.456638228,"BLUE1_HAEMATOPOIETIC_AND_LYMPHOID_TISSUE":0.458515935,"BT12_SOFT_TISSUE":2.713716056,"BT16_SOFT_TISSUE":2.35144454,"BT549_BREAST":2.839384908,"C2BBE1_LARGE_INTESTINE":-0.735438956,"C32_SKIN":2.464906876,"C8166_HAEMATOPOIETIC_AND_LYMPHOID_TISSUE":1.625591841,"CADOES1_BONE":2.749862062,"CAKI1_KIDNEY":2.833625019,"CAKI2_KIDNEY":-0.504944167,"CAL27_UPPER_AERODIGESTIVE_TRACT":2.706393945,"CAL29_URINARY_TRACT":2.722586173,"CAL33_UPPER_AERODIGESTIVE_TRACT":2.798142798,"CAL51_BREAST":2.522652778,"CAL78_BONE":2.738831218,"CALU1_LUNG":-20,"CALU6_LUNG":2.009418516,"CAMA1_BREAST":2.83890636,"CAOV3_OVARY":1.839771292,"CAS1_CENTRAL_NERVOUS_SYSTEM":2.806264313,"CASKI_CERVIX":2.779185883,"CCFSTTG1_CENTRAL_NERVOUS_SYSTEM":2.481391299,"CCK81_LARGE_INTESTINE":2.630773112,"CCLFPEDS0001T_KIDNEY":2.746321063,"CCLFPEDS0003T_SOFT_TISSUE":1.420372615,"CFPAC1_PANCREAS":-8.875612165,"CH157MN_CENTRAL_NERVOUS_SYSTEM":1.457580146,"CHAGOK1_LUNG":2.83670782,"CHLA06ATRT_SOFT_TISSUE":2.833558257,"CHLA15_AUTONOMIC_GANGLIA":0.922209195,"CHLA266_SOFT_TISSUE":1.571811002,"CHP212_AUTONOMIC_GANGLIA":2.814068548,"CJM_SKIN":1.130006024,"CL40_LARGE_INTESTINE":2.723405852,"CME1_SOFT_TISSUE":2.572356143,"CMLT1_HAEMATOPOIETIC_AND_LYMPHOID_TISSUE":1.964917584,"COGAR359_SOFT_TISSUE":2.421733537,"COGE352_BONE":2.744309764,"COGN278_AUTONOMIC_GANGLIA":2.670238819,"COGN305_AUTONOMIC_GANGLIA":1.321597175,"COLO201_LARGE_INTESTINE":2.769983751,"COLO678_LARGE_INTESTINE":2.571192735,"COLO679_SKIN":2.760864226,"COLO792_SKIN":2.805076183,"COLO800_SKIN":2.681183376,"CORL23_LUNG":2.611348477,"CORL279_LUNG":2.704207144,"CORL47_LUNG":2.064613829,"COV318_OVARY":2.733666581,"COV362_OVARY":2.029483082,"COV434_OVARY":2.739782291,"COV504_OVARY":-0.160370308,"COV644_OVARY":2.268618887,"CW9019_SOFT_TISSUE":2.614614253,"D283MED_CENTRAL_NERVOUS_SYSTEM":1.969722294,"D341MED_CENTRAL_NERVOUS_SYSTEM":2.787704302,"D425_CENTRAL_NERVOUS_SYSTEM":2.212863106,"D458_CENTRAL_NERVOUS_SYSTEM":2.691950724,"DANG_PANCREAS":2.786878707,"DAOY_CENTRAL_NERVOUS_SYSTEM":2.756535077,"DB_HAEMATOPOIETIC_AND_LYMPHOID_TISSUE":2.7087664,"DEL_HAEMATOPOIETIC_AND_LYMPHOID_TISSUE":2.743205502,"DETROIT562_UPPER_AERODIGESTIVE_TRACT":1.042265424,"DKMG_CENTRAL_NERVOUS_SYSTEM":2.041336478,"DLD1_LARGE_INTESTINE":2.836751491,"DU4475_BREAST":2.829273388,"EFE184_ENDOMETRIUM":2.838545587,"EFM19_BREAST":2.575832021,"EFO21_OVARY":2.613326665,"EFO27_OVARY":2.795378429,"EJM_HAEMATOPOIETIC_AND_LYMPHOID_TISSUE":2.828462467,"EKVX_LUNG":-0.034093188,"EM2_HAEMATOPOIETIC_AND_LYMPHOID_TISSUE":2.837040772,"EN_ENDOMETRIUM":2.443852483,"EOL1_HAEMATOPOIETIC_AND_LYMPHOID_TISSUE":2.743684956,"EPLC272H_LUNG":-3.272858164,"ES2_OVARY":2.802906578,"ESO26_OESOPHAGUS":2.436424574,"ESS1_ENDOMETRIUM":2.626295594,"EW8_BONE":2.501477081,"EWS502_BONE":2.709260966,"F36P_HAEMATOPOIETIC_AND_LYMPHOID_TISSUE":1.915359724,"F5_CENTRAL_NERVOUS_SYSTEM":0.670459552,"FADU_UPPER_AERODIGESTIVE_TRACT":2.287475107,"FLO1_OESOPHAGUS":-1.457422696,"FU97_STOMACH":2.680557703,"G292CLONEA141B1_BONE":2.507006506,"G402_SOFT_TISSUE":1.085502371,"GAMG_CENTRAL_NERVOUS_SYSTEM":1.651534758,"GB1_CENTRAL_NERVOUS_SYSTEM":2.550920158,"GCIY_STOMACH":1.947584929,"GCT_SOFT_TISSUE":2.630638881,"GI1_CENTRAL_NERVOUS_SYSTEM":2.394968954,"GSS_STOMACH":2.107513653,"GSU_STOMACH":1.206828261,"H103_UPPER_AERODIGESTIVE_TRACT":0.154061384,"H4_CENTRAL_NERVOUS_SYSTEM":2.604056568,"HARA_LUNG":2.504022599,"HB1119_HAEMATOPOIETIC_AND_LYMPHOID_TISSUE":2.052896399,"HCC1143_BREAST":2.68555431,"HCC1359_LUNG":2.611858333,"HCC1395_BREAST":2.657653677,"HCC1419_BREAST":2.49192341,"HCC1428_BREAST":2.164876259,"HCC15_LUNG":2.839619838,"HCC1806_BREAST":2.839182212,"HCC1937_BREAST":2.789534719,"HCC1954_BREAST":1.550045926,"HCC202_BREAST":2.789891831,"HCC2429_LUNG":0.064823366,"HCC2935_LUNG":0.93674752,"HCC366_LUNG":-2.276578932,"HCC461_LUNG":-20,"HCC515_LUNG":2.709579863,"HCC56_LARGE_INTESTINE":2.723030716,"HCC827_LUNG":2.82669119,"HCC95_LUNG":2.513143852,"HDMYZ_HAEMATOPOIETIC_AND_LYMPHOID_TISSUE":2.408114319,"HEC151_ENDOMETRIUM":2.814392661,"HEC1A_ENDOMETRIUM":-0.561170294,"HEC1B_ENDOMETRIUM":2.710595814,"HEC251_ENDOMETRIUM":2.172468449,"HEC265_ENDOMETRIUM":2.764755761,"HEC50B_ENDOMETRIUM":2.618194082,"HEC59_ENDOMETRIUM":2.539437402,"HEC6_ENDOMETRIUM":2.837475214,"HEL_HAEMATOPOIETIC_AND_LYMPHOID_TISSUE":2.826090788,"HEL9217_HAEMATOPOIETIC_AND_LYMPHOID_TISSUE":2.685380046,"HEYA8_OVARY":-1.030201886,"HGC27_STOMACH":2.818524868,"HLF_LIVER":1.568012585,"HMC18_BREAST":2.790427626,"HOP62_LUNG":-3.074063353,"HS294T_SKIN":0.58657528,"HS578T_BREAST":2.831235976,"HS683_CENTRAL_NERVOUS_SYSTEM":2.663139145,"HS695T_SKIN":2.82360046,"HS729_SOFT_TISSUE":2.331630303,"HS746T_STOMACH":0.911574148,"HS766T_PANCREAS":-8.821999934,"HS852T_SKIN":2.407980199,"HS944T_SKIN":2.230632781,"HSB2_HAEMATOPOIETIC_AND_LYMPHOID_TISSUE":-1.208800532,"HSC1_SKIN":2.829430822,"HSC2_UPPER_AERODIGESTIVE_TRACT":1.727693674,"HSC3_UPPER_AERODIGESTIVE_TRACT":2.353481205,"HT1080_SOFT_TISSUE":2.839557889,"HT115_LARGE_INTESTINE":0.200796652,"HT1197_URINARY_TRACT":-0.745924257,"HT1376_URINARY_TRACT":1.078199242,"HT144_SKIN":2.471990929,"HT29_LARGE_INTESTINE":-0.725792214,"HT55_LARGE_INTESTINE":2.70683233,"HUH1_LIVER":2.342543769,"HUH6_LIVER":2.356664736,"HUH7_LIVER":2.808814676,"HUNS1_HAEMATOPOIETIC_AND_LYMPHOID_TISSUE":2.311862772,"HUPT3_PANCREAS":1.439086477,"IALM_LUNG":2.598313601,"IGR1_SKIN":2.190582462,"IGR39_SKIN":0.849968877,"IMR32_AUTONOMIC_GANGLIA":2.8370252,"INA6_HAEMATOPOIETIC_AND_LYMPHOID_TISSUE":2.608058705,"IPC298_SKIN":0.820905343,"ISTMES1_PLEURA":2.693776254,"ISTMES2_PLEURA":1.852779139,"J82_URINARY_TRACT":-2.171341776,"JHH1_LIVER":2.83760811,"JHH4_LIVER":1.739072912,"JHH5_LIVER":2.326840289,"JHH7_LIVER":2.784347376,"JHOC5_OVARY":1.899049717,"JHOM1_OVARY":1.931750119,"JHOS2_OVARY":2.797774024,"JHOS4_OVARY":2.618027448,"JHUEM1_ENDOMETRIUM":2.812048175,"JHUEM7_ENDOMETRIUM":2.089244067,"JIMT1_BREAST":1.905839832,"JJN3_HAEMATOPOIETIC_AND_LYMPHOID_TISSUE":2.554921467,"JMSU1_URINARY_TRACT":2.644093439,"JMURTK2_SOFT_TISSUE":2.394785314,"JOPACA1_PANCREAS":-9.25014085,"JR_SOFT_TISSUE":2.83840882,"K029AX_SKIN":2.01663094,"KALS1_CENTRAL_NERVOUS_SYSTEM":2.656932181,"KARPAS299_HAEMATOPOIETIC_AND_LYMPHOID_TISSUE":2.732801579,"KARPAS422_HAEMATOPOIETIC_AND_LYMPHOID_TISSUE":1.613757499,"KASUMI1_HAEMATOPOIETIC_AND_LYMPHOID_TISSUE":2.829092262,"KE39_STOMACH":2.648511927,"KE97_HAEMATOPOIETIC_AND_LYMPHOID_TISSUE":0.482729619,"KELLY_AUTONOMIC_GANGLIA":2.726538992,"KIJK_HAEMATOPOIETIC_AND_LYMPHOID_TISSUE":2.743598561,"KLE_ENDOMETRIUM":2.761596335,"KM12_LARGE_INTESTINE":0.576218593,