{"scores":{"127399_SOFT_TISSUE":-2.482552797,"143B_BONE":-1.93871836,"2313287_STOMACH":-1.837253589,"253J_URINARY_TRACT":-3.287201982,"42MGBA_CENTRAL_NERVOUS_SYSTEM":0.652754179,"5637_URINARY_TRACT":-2.58903507,"59M_OVARY":-3.054425363,"639V_URINARY_TRACT":-3.344321877,"647V_URINARY_TRACT":-3.575707067,"697_HAEMATOPOIETIC_AND_LYMPHOID_TISSUE":-3.420760798,"769P_KIDNEY":-2.921914131,"786O_KIDNEY":-3.072956971,"8305C_THYROID":-1.260187417,"8MGBA_CENTRAL_NERVOUS_SYSTEM":-1.529774938,"A2058_SKIN":-3.492565267,"A2780_OVARY":0.143500433,"A3KAW_HAEMATOPOIETIC_AND_LYMPHOID_TISSUE":-2.392729789,"A427_LUNG":0.60776478,"A431_SKIN":-2.29408396,"A549_LUNG":-1.998724854,"A673_BONE":-0.562230858,"ABC1_LUNG":-0.993474337,"ACCMESO1_PLEURA":9.639833294,"AGS_STOMACH":-3.091691285,"AML193_HAEMATOPOIETIC_AND_LYMPHOID_TISSUE":-3.717486298,"AMO1_HAEMATOPOIETIC_AND_LYMPHOID_TISSUE":-3.70590146,"ASPC1_PANCREAS":-1.94557472,"AU565_BREAST":-3.145350031,"BC3C_URINARY_TRACT":-3.498859637,"BFTC905_URINARY_TRACT":-3.120388332,"BFTC909_KIDNEY":-0.754485593,"BHY_UPPER_AERODIGESTIVE_TRACT":-3.094738728,"BICR16_UPPER_AERODIGESTIVE_TRACT":-1.158471392,"BICR22_UPPER_AERODIGESTIVE_TRACT":-2.839513824,"BICR31_UPPER_AERODIGESTIVE_TRACT":-2.39970358,"BICR56_UPPER_AERODIGESTIVE_TRACT":-1.932305803,"BICR6_UPPER_AERODIGESTIVE_TRACT":-3.044678547,"BICR78_UPPER_AERODIGESTIVE_TRACT":-3.680896091,"BIN67_OVARY":-2.14821323,"BL70_HAEMATOPOIETIC_AND_LYMPHOID_TISSUE":-2.393078908,"BLUE1_HAEMATOPOIETIC_AND_LYMPHOID_TISSUE":-3.277311934,"BT12_SOFT_TISSUE":-0.663462922,"BT16_SOFT_TISSUE":0.478244111,"BT549_BREAST":-3.403648999,"C2BBE1_LARGE_INTESTINE":-1.678028074,"C32_SKIN":-3.373868807,"C8166_HAEMATOPOIETIC_AND_LYMPHOID_TISSUE":-3.413989993,"CADOES1_BONE":-2.184694892,"CAKI1_KIDNEY":6.196368998,"CAKI2_KIDNEY":-3.703628468,"CAL27_UPPER_AERODIGESTIVE_TRACT":-2.920526319,"CAL29_URINARY_TRACT":-3.090336266,"CAL33_UPPER_AERODIGESTIVE_TRACT":-3.183726832,"CAL51_BREAST":-2.890046945,"CAL78_BONE":11.0808022,"CALU1_LUNG":2.481142424,"CALU6_LUNG":0.396703523,"CAMA1_BREAST":-3.698878896,"CAOV3_OVARY":-1.856514656,"CAS1_CENTRAL_NERVOUS_SYSTEM":2.01447757,"CASKI_CERVIX":0.435934061,"CCFSTTG1_CENTRAL_NERVOUS_SYSTEM":-2.147231134,"CCK81_LARGE_INTESTINE":0.223615295,"CCLFPEDS0001T_KIDNEY":-2.828974703,"CCLFPEDS0003T_SOFT_TISSUE":-2.382856859,"CFPAC1_PANCREAS":-3.226121471,"CH157MN_CENTRAL_NERVOUS_SYSTEM":-2.546038135,"CHAGOK1_LUNG":-2.872802167,"CHLA06ATRT_SOFT_TISSUE":-2.853512257,"CHLA15_AUTONOMIC_GANGLIA":-2.588856727,"CHLA266_SOFT_TISSUE":-0.93404571,"CHP212_AUTONOMIC_GANGLIA":-0.778340062,"CJM_SKIN":-1.7120372,"CL40_LARGE_INTESTINE":-2.605766395,"CME1_SOFT_TISSUE":-2.03619729,"CMLT1_HAEMATOPOIETIC_AND_LYMPHOID_TISSUE":-3.643533716,"COGAR359_SOFT_TISSUE":-3.374924418,"COGE352_BONE":-3.692215653,"COGN278_AUTONOMIC_GANGLIA":3.978183509,"COGN305_AUTONOMIC_GANGLIA":-3.324488405,"COLO201_LARGE_INTESTINE":-2.795422267,"COLO678_LARGE_INTESTINE":-1.815359805,"COLO679_SKIN":-2.198616529,"COLO792_SKIN":-0.929123131,"COLO800_SKIN":-2.294812626,"CORL23_LUNG":-3.42669364,"CORL279_LUNG":-3.718778351,"CORL47_LUNG":-3.716501411,"COV318_OVARY":-1.564332327,"COV362_OVARY":-2.483605547,"COV434_OVARY":-1.692212345,"COV504_OVARY":-2.629229741,"COV644_OVARY":-2.61684973,"CW9019_SOFT_TISSUE":-2.045878987,"D283MED_CENTRAL_NERVOUS_SYSTEM":0.674509066,"D341MED_CENTRAL_NERVOUS_SYSTEM":-3.150755072,"D425_CENTRAL_NERVOUS_SYSTEM":-3.116455642,"D458_CENTRAL_NERVOUS_SYSTEM":-1.609963259,"DANG_PANCREAS":-2.267943942,"DAOY_CENTRAL_NERVOUS_SYSTEM":-0.824129804,"DB_HAEMATOPOIETIC_AND_LYMPHOID_TISSUE":-3.583963447,"DEL_HAEMATOPOIETIC_AND_LYMPHOID_TISSUE":-3.195923929,"DETROIT562_UPPER_AERODIGESTIVE_TRACT":-3.656762115,"DKMG_CENTRAL_NERVOUS_SYSTEM":2.352814261,"DLD1_LARGE_INTESTINE":-2.217216209,"DU4475_BREAST":-2.110124965,"EFE184_ENDOMETRIUM":-3.719530776,"EFM19_BREAST":-3.103252836,"EFO21_OVARY":-3.581089602,"EFO27_OVARY":-2.328296802,"EJM_HAEMATOPOIETIC_AND_LYMPHOID_TISSUE":-3.65117339,"EKVX_LUNG":-2.218362242,"EM2_HAEMATOPOIETIC_AND_LYMPHOID_TISSUE":-2.966900022,"EN_ENDOMETRIUM":-2.582855572,"EOL1_HAEMATOPOIETIC_AND_LYMPHOID_TISSUE":-2.904919572,"EPLC272H_LUNG":-3.719704787,"ES2_OVARY":-3.409292548,"ESO26_OESOPHAGUS":-3.426633255,"ESS1_ENDOMETRIUM":-3.318024528,"EW8_BONE":-1.045375095,"EWS502_BONE":-3.450587568,"F36P_HAEMATOPOIETIC_AND_LYMPHOID_TISSUE":-2.963966607,"F5_CENTRAL_NERVOUS_SYSTEM":-1.40064039,"FADU_UPPER_AERODIGESTIVE_TRACT":-1.713797614,"FLO1_OESOPHAGUS":-2.505974809,"FU97_STOMACH":-1.899387644,"G292CLONEA141B1_BONE":4.692093643,"G402_SOFT_TISSUE":-1.030129595,"GAMG_CENTRAL_NERVOUS_SYSTEM":8.041880918,"GB1_CENTRAL_NERVOUS_SYSTEM":-2.292640179,"GCIY_STOMACH":-3.416493246,"GCT_SOFT_TISSUE":-3.41500599,"GI1_CENTRAL_NERVOUS_SYSTEM":9.983271663,"GSS_STOMACH":-2.477260269,"GSU_STOMACH":-0.874308871,"H103_UPPER_AERODIGESTIVE_TRACT":-2.156934792,"H4_CENTRAL_NERVOUS_SYSTEM":0.226441678,"HARA_LUNG":-3.151202798,"HB1119_HAEMATOPOIETIC_AND_LYMPHOID_TISSUE":-3.52144431,"HCC1143_BREAST":-3.297990414,"HCC1359_LUNG":3.620326095,"HCC1395_BREAST":-3.083412094,"HCC1419_BREAST":-2.920824759,"HCC1428_BREAST":-2.449164605,"HCC15_LUNG":-2.768666686,"HCC1806_BREAST":-3.541043421,"HCC1937_BREAST":-3.584544325,"HCC1954_BREAST":-2.520730152,"HCC202_BREAST":-2.963953465,"HCC2429_LUNG":-1.958102752,"HCC2935_LUNG":2.265879966,"HCC366_LUNG":-3.239345236,"HCC461_LUNG":-3.545309811,"HCC515_LUNG":-2.481010876,"HCC56_LARGE_INTESTINE":-2.407416606,"HCC827_LUNG":-2.55439833,"HCC95_LUNG":-3.409894049,"HDMYZ_HAEMATOPOIETIC_AND_LYMPHOID_TISSUE":0.206384391,"HEC151_ENDOMETRIUM":-0.708799762,"HEC1A_ENDOMETRIUM":-0.512374349,"HEC1B_ENDOMETRIUM":-3.715323922,"HEC251_ENDOMETRIUM":-1.547188897,"HEC265_ENDOMETRIUM":-2.796097879,"HEC50B_ENDOMETRIUM":-2.774528862,"HEC59_ENDOMETRIUM":-2.883492342,"HEC6_ENDOMETRIUM":-3.696989386,"HEL_HAEMATOPOIETIC_AND_LYMPHOID_TISSUE":-3.348346705,"HEL9217_HAEMATOPOIETIC_AND_LYMPHOID_TISSUE":-3.722182764,"HEYA8_OVARY":-1.559847163,"HGC27_STOMACH":-1.715965459,"HLF_LIVER":4.862418661,"HMC18_BREAST":-3.20103447,"HOP62_LUNG":1.20762824,"HS294T_SKIN":-3.411564462,"HS578T_BREAST":5.842049569,"HS683_CENTRAL_NERVOUS_SYSTEM":-1.823958762,"HS695T_SKIN":-3.131535872,"HS729_SOFT_TISSUE":-2.662122134,"HS746T_STOMACH":-1.457320729,"HS766T_PANCREAS":-3.01133953,"HS852T_SKIN":-2.844270039,"HS944T_SKIN":-3.658334208,"HSB2_HAEMATOPOIETIC_AND_LYMPHOID_TISSUE":-3.630630024,"HSC1_SKIN":-3.465961701,"HSC2_UPPER_AERODIGESTIVE_TRACT":5.210470651,"HSC3_UPPER_AERODIGESTIVE_TRACT":0.591384886,"HT1080_SOFT_TISSUE":-2.819541466,"HT115_LARGE_INTESTINE":-2.622567996,"HT1197_URINARY_TRACT":1.257433087,"HT1376_URINARY_TRACT":4.078252522,"HT144_SKIN":-2.419019338,"HT29_LARGE_INTESTINE":-2.061484582,"HT55_LARGE_INTESTINE":-2.523679858,"HUH1_LIVER":-3.047115123,"HUH6_LIVER":-0.341559226,"HUH7_LIVER":1.582305565,"HUNS1_HAEMATOPOIETIC_AND_LYMPHOID_TISSUE":-1.623777305,"HUPT3_PANCREAS":-0.95357899,"IALM_LUNG":-2.445677411,"IGR1_SKIN":-3.043843927,"IGR39_SKIN":-3.520084588,"IMR32_AUTONOMIC_GANGLIA":-2.287235304,"INA6_HAEMATOPOIETIC_AND_LYMPHOID_TISSUE":-2.101774862,"IPC298_SKIN":-3.092711228,"ISTMES1_PLEURA":0.194556905,"ISTMES2_PLEURA":2.137207025,"J82_URINARY_TRACT":-3.715585339,"JHH1_LIVER":-3.228851885,"JHH4_LIVER":-2.895342268,"JHH5_LIVER":-3.470422731,"JHH7_LIVER":-1.590409778,"JHOC5_OVARY":-2.979969724,"JHOM1_OVARY":2.755593466,"JHOS2_OVARY":2.794460755,"JHOS4_OVARY":-3.66110642,"JHUEM1_ENDOMETRIUM":-2.090854891,"JHUEM7_ENDOMETRIUM":-1.236760371,"JIMT1_BREAST":-3.35633484,"JJN3_HAEMATOPOIETIC_AND_LYMPHOID_TISSUE":-2.516968533,"JMSU1_URINARY_TRACT":-3.253264269,"JMURTK2_SOFT_TISSUE":-1.627300346,"JOPACA1_PANCREAS":-3.129178361,"JR_SOFT_TISSUE":-2.153310112,"K029AX_SKIN":-2.281621863,"KALS1_CENTRAL_NERVOUS_SYSTEM":-3.374497263,"KARPAS299_HAEMATOPOIETIC_AND_LYMPHOID_TISSUE":-3.207244194,"KARPAS422_HAEMATOPOIETIC_AND_LYMPHOID_TISSUE":-3.453589133,"KASUMI1_HAEMATOPOIETIC_AND_LYMPHOID_TISSUE":-3.681697399,"KE39_STOMACH":0.227341261,