{"scores":{"127399_SOFT_TISSUE":1.385832528,"143B_BONE":1.955605507,"2313287_STOMACH":1.675253408,"253J_URINARY_TRACT":2.030707881,"42MGBA_CENTRAL_NERVOUS_SYSTEM":-3.034811301,"5637_URINARY_TRACT":1.41126168,"59M_OVARY":1.584211576,"639V_URINARY_TRACT":1.306255988,"647V_URINARY_TRACT":-0.694311118,"697_HAEMATOPOIETIC_AND_LYMPHOID_TISSUE":1.932994212,"769P_KIDNEY":1.272022222,"786O_KIDNEY":2.021932055,"8305C_THYROID":1.866679868,"8MGBA_CENTRAL_NERVOUS_SYSTEM":-7.746210673,"A2058_SKIN":-7.162241374,"A2780_OVARY":1.34647284,"A3KAW_HAEMATOPOIETIC_AND_LYMPHOID_TISSUE":1.899260265,"A427_LUNG":2.021483806,"A431_SKIN":1.551112307,"A549_LUNG":0.911082258,"A673_BONE":1.900708596,"ABC1_LUNG":1.51126627,"ACCMESO1_PLEURA":2.0581061,"AGS_STOMACH":1.930180343,"AML193_HAEMATOPOIETIC_AND_LYMPHOID_TISSUE":0.368021423,"AMO1_HAEMATOPOIETIC_AND_LYMPHOID_TISSUE":1.902360397,"ASPC1_PANCREAS":1.880831364,"AU565_BREAST":2.059216358,"BC3C_URINARY_TRACT":1.977917807,"BFTC905_URINARY_TRACT":1.77165182,"BFTC909_KIDNEY":1.474788407,"BHY_UPPER_AERODIGESTIVE_TRACT":1.531389441,"BICR16_UPPER_AERODIGESTIVE_TRACT":1.731580132,"BICR22_UPPER_AERODIGESTIVE_TRACT":1.844430279,"BICR31_UPPER_AERODIGESTIVE_TRACT":2.05663415,"BICR56_UPPER_AERODIGESTIVE_TRACT":0.38446089,"BICR6_UPPER_AERODIGESTIVE_TRACT":2.043002224,"BICR78_UPPER_AERODIGESTIVE_TRACT":0.11058559,"BIN67_OVARY":2.024595034,"BL70_HAEMATOPOIETIC_AND_LYMPHOID_TISSUE":2.053709093,"BLUE1_HAEMATOPOIETIC_AND_LYMPHOID_TISSUE":2.060786722,"BT12_SOFT_TISSUE":1.251939006,"BT16_SOFT_TISSUE":-2.767343734,"BT549_BREAST":-2.301798396,"C2BBE1_LARGE_INTESTINE":1.986733946,"C32_SKIN":1.88995135,"C8166_HAEMATOPOIETIC_AND_LYMPHOID_TISSUE":2.056012792,"CADOES1_BONE":2.056443575,"CAKI1_KIDNEY":1.527296572,"CAKI2_KIDNEY":1.785641979,"CAL27_UPPER_AERODIGESTIVE_TRACT":1.576454437,"CAL29_URINARY_TRACT":1.978485895,"CAL33_UPPER_AERODIGESTIVE_TRACT":1.383938525,"CAL51_BREAST":1.811815117,"CAL78_BONE":-2.016437606,"CALU1_LUNG":0.848289886,"CALU6_LUNG":0.650286018,"CAMA1_BREAST":2.041926247,"CAOV3_OVARY":0.312638644,"CAS1_CENTRAL_NERVOUS_SYSTEM":1.916794327,"CASKI_CERVIX":-3.892722964,"CCFSTTG1_CENTRAL_NERVOUS_SYSTEM":2.022854419,"CCK81_LARGE_INTESTINE":2.040555701,"CCLFPEDS0001T_KIDNEY":0.998984072,"CCLFPEDS0003T_SOFT_TISSUE":1.718733896,"CFPAC1_PANCREAS":1.987762524,"CH157MN_CENTRAL_NERVOUS_SYSTEM":-0.268507541,"CHAGOK1_LUNG":1.987318876,"CHLA06ATRT_SOFT_TISSUE":1.78410326,"CHLA15_AUTONOMIC_GANGLIA":2.043586534,"CHLA266_SOFT_TISSUE":1.787872147,"CHP212_AUTONOMIC_GANGLIA":2.028407818,"CJM_SKIN":1.925143434,"CL40_LARGE_INTESTINE":0.935731087,"CME1_SOFT_TISSUE":-0.027780226,"CMLT1_HAEMATOPOIETIC_AND_LYMPHOID_TISSUE":1.040468097,"COGAR359_SOFT_TISSUE":1.192255143,"COGE352_BONE":1.725639314,"COGN278_AUTONOMIC_GANGLIA":0.991202455,"COGN305_AUTONOMIC_GANGLIA":1.74679213,"COLO201_LARGE_INTESTINE":1.913738826,"COLO678_LARGE_INTESTINE":0.604050026,"COLO679_SKIN":2.048637074,"COLO792_SKIN":0.460438417,"COLO800_SKIN":1.72669344,"CORL23_LUNG":-0.711558775,"CORL279_LUNG":-0.150866042,"CORL47_LUNG":0.745363133,"COV318_OVARY":0.759256618,"COV362_OVARY":1.075099925,"COV434_OVARY":2.031704737,"COV504_OVARY":2.0200343,"COV644_OVARY":1.545390672,"CW9019_SOFT_TISSUE":1.737818031,"D283MED_CENTRAL_NERVOUS_SYSTEM":0.599844297,"D341MED_CENTRAL_NERVOUS_SYSTEM":-0.615880755,"D425_CENTRAL_NERVOUS_SYSTEM":-0.871301053,"D458_CENTRAL_NERVOUS_SYSTEM":-1.175783688,"DANG_PANCREAS":1.970783003,"DAOY_CENTRAL_NERVOUS_SYSTEM":1.423515605,"DB_HAEMATOPOIETIC_AND_LYMPHOID_TISSUE":1.772380004,"DEL_HAEMATOPOIETIC_AND_LYMPHOID_TISSUE":1.491938929,"DETROIT562_UPPER_AERODIGESTIVE_TRACT":1.9834343,"DKMG_CENTRAL_NERVOUS_SYSTEM":-3.225838369,"DLD1_LARGE_INTESTINE":2.060779722,"DU4475_BREAST":-3.556302658,"EFE184_ENDOMETRIUM":-5.306501701,"EFM19_BREAST":0.229255848,"EFO21_OVARY":1.517720434,"EFO27_OVARY":1.460795335,"EJM_HAEMATOPOIETIC_AND_LYMPHOID_TISSUE":1.42032399,"EKVX_LUNG":2.014426864,"EM2_HAEMATOPOIETIC_AND_LYMPHOID_TISSUE":0.039266448,"EN_ENDOMETRIUM":1.924192972,"EOL1_HAEMATOPOIETIC_AND_LYMPHOID_TISSUE":2.026816586,"EPLC272H_LUNG":1.565690345,"ES2_OVARY":-3.767901284,"ESO26_OESOPHAGUS":1.943774651,"ESS1_ENDOMETRIUM":-8.819955715,"EW8_BONE":2.059573945,"EWS502_BONE":1.900817135,"F36P_HAEMATOPOIETIC_AND_LYMPHOID_TISSUE":1.383858473,"F5_CENTRAL_NERVOUS_SYSTEM":-0.357053926,"FADU_UPPER_AERODIGESTIVE_TRACT":1.887228453,"FLO1_OESOPHAGUS":0.955861948,"FU97_STOMACH":1.296089839,"G292CLONEA141B1_BONE":-1.46612183,"G402_SOFT_TISSUE":2.002527328,"GAMG_CENTRAL_NERVOUS_SYSTEM":1.868715577,"GB1_CENTRAL_NERVOUS_SYSTEM":1.82449273,"GCIY_STOMACH":-3.819486738,"GCT_SOFT_TISSUE":2.042925074,"GI1_CENTRAL_NERVOUS_SYSTEM":-10.17798638,"GSS_STOMACH":0.35294309,"GSU_STOMACH":1.618870429,"H103_UPPER_AERODIGESTIVE_TRACT":1.566582605,"H4_CENTRAL_NERVOUS_SYSTEM":0.938653361,"HARA_LUNG":1.858678525,"HB1119_HAEMATOPOIETIC_AND_LYMPHOID_TISSUE":1.756975601,"HCC1143_BREAST":1.65301678,"HCC1359_LUNG":2.06077712,"HCC1395_BREAST":2.046260487,"HCC1419_BREAST":1.533555296,"HCC1428_BREAST":1.797442853,"HCC15_LUNG":2.058162013,"HCC1806_BREAST":1.216413441,"HCC1937_BREAST":1.907574619,"HCC1954_BREAST":1.833440366,"HCC202_BREAST":0.162739357,"HCC2429_LUNG":1.524273437,"HCC2935_LUNG":1.959932418,"HCC366_LUNG":1.467855404,"HCC461_LUNG":0.959771793,"HCC515_LUNG":1.820481582,"HCC56_LARGE_INTESTINE":2.060586426,"HCC827_LUNG":0.135781926,"HCC95_LUNG":1.940852342,"HDMYZ_HAEMATOPOIETIC_AND_LYMPHOID_TISSUE":1.007891009,"HEC151_ENDOMETRIUM":1.338463985,"HEC1A_ENDOMETRIUM":1.850315944,"HEC1B_ENDOMETRIUM":1.817004564,"HEC251_ENDOMETRIUM":-0.905069494,"HEC265_ENDOMETRIUM":2.043633908,"HEC50B_ENDOMETRIUM":2.059281207,"HEC59_ENDOMETRIUM":1.877969959,"HEC6_ENDOMETRIUM":2.021843794,"HEL_HAEMATOPOIETIC_AND_LYMPHOID_TISSUE":2.025051098,"HEL9217_HAEMATOPOIETIC_AND_LYMPHOID_TISSUE":1.878212103,"HEYA8_OVARY":-3.979519811,"HGC27_STOMACH":1.435615887,"HLF_LIVER":2.046035161,"HMC18_BREAST":1.291083982,"HOP62_LUNG":1.948758151,"HS294T_SKIN":1.316617411,"HS578T_BREAST":1.883609907,"HS683_CENTRAL_NERVOUS_SYSTEM":1.421394282,"HS695T_SKIN":1.939686778,"HS729_SOFT_TISSUE":-8.189819861,"HS746T_STOMACH":2.060294837,"HS766T_PANCREAS":2.032632183,"HS852T_SKIN":1.903654472,"HS944T_SKIN":2.0213193,"HSB2_HAEMATOPOIETIC_AND_LYMPHOID_TISSUE":-0.301117805,"HSC1_SKIN":1.823231584,"HSC2_UPPER_AERODIGESTIVE_TRACT":1.935134981,"HSC3_UPPER_AERODIGESTIVE_TRACT":2.056319972,"HT1080_SOFT_TISSUE":-0.400011742,"HT115_LARGE_INTESTINE":0.834780488,"HT1197_URINARY_TRACT":1.37588217,"HT1376_URINARY_TRACT":-2.869976632,"HT144_SKIN":2.0607356,"HT29_LARGE_INTESTINE":1.955605243,"HT55_LARGE_INTESTINE":2.059838615,"HUH1_LIVER":1.876377283,"HUH6_LIVER":1.720940615,"HUH7_LIVER":2.05927232,"HUNS1_HAEMATOPOIETIC_AND_LYMPHOID_TISSUE":1.82696278,"HUPT3_PANCREAS":1.994468501,"IALM_LUNG":-4.611887341,"IGR1_SKIN":1.827279393,"IGR39_SKIN":1.425421972,"IMR32_AUTONOMIC_GANGLIA":1.482284968,"INA6_HAEMATOPOIETIC_AND_LYMPHOID_TISSUE":1.992549352,"IPC298_SKIN":2.059325881,"ISTMES1_PLEURA":1.464388536,"ISTMES2_PLEURA":1.038314498,"J82_URINARY_TRACT":2.048594876,"JHH1_LIVER":2.049146196,"JHH4_LIVER":1.947219405,"JHH5_LIVER":1.570862488,"JHH7_LIVER":1.985740712,"JHOC5_OVARY":0.108386243,"JHOM1_OVARY":1.728305089,"JHOS2_OVARY":1.77058577,"JHOS4_OVARY":1.719827145,"JHUEM1_ENDOMETRIUM":-1.186698249,"JHUEM7_ENDOMETRIUM":1.853361933,"JIMT1_BREAST":1.9904824,"JJN3_HAEMATOPOIETIC_AND_LYMPHOID_TISSUE":1.872668804,"JMSU1_URINARY_TRACT":-7.862998932,"JMURTK2_SOFT_TISSUE":1.536294584,"JOPACA1_PANCREAS":1.979539343,"JR_SOFT_TISSUE":2.060786722,"K029AX_SKIN":1.318207823,"KALS1_CENTRAL_NERVOUS_SYSTEM":-5.276503091,"KARPAS299_HAEMATOPOIETIC_AND_LYMPHOID_TISSUE":1.383950441,"KARPAS422_HAEMATOPOIETIC_AND_LYMPHOID_TISSUE":1.659414767,"KASUMI1_HAEMATOPOIETIC_AND_LYMPHOID_TISSUE":1.271223678,"KE39_STOMACH":1.433686788,"KE97_HAEMATOPOIETIC_AND_LYMPHOID_TISSUE":2.060786722,"KELLY_AUTONOMIC_GANGLIA":1.304729722,"KIJK_HAEMATOPOIETIC_AND_LYMPHOID_TISSUE":-1.466490951,"KLE_ENDOMETRIUM":1.911583922,"KM12_LARGE_INTESTINE":1.928876404,