{"scores":{"127399_SOFT_TISSUE":2.142233323,"143B_BONE":1.454969513,"2313287_STOMACH":2.10899941,"253J_URINARY_TRACT":1.183445582,"42MGBA_CENTRAL_NERVOUS_SYSTEM":2.237106991,"5637_URINARY_TRACT":1.536167676,"59M_OVARY":2.239312625,"639V_URINARY_TRACT":2.03576231,"647V_URINARY_TRACT":1.542378742,"697_HAEMATOPOIETIC_AND_LYMPHOID_TISSUE":0.80726686,"769P_KIDNEY":2.217709821,"786O_KIDNEY":2.020388401,"8305C_THYROID":2.071997011,"8MGBA_CENTRAL_NERVOUS_SYSTEM":2.240495942,"A2058_SKIN":2.192655933,"A2780_OVARY":2.129377379,"A3KAW_HAEMATOPOIETIC_AND_LYMPHOID_TISSUE":2.240371681,"A427_LUNG":1.915690006,"A431_SKIN":-4.380462744,"A549_LUNG":0.811616501,"A673_BONE":2.084801691,"ABC1_LUNG":2.081054891,"ACCMESO1_PLEURA":2.04822763,"AGS_STOMACH":1.998094893,"AML193_HAEMATOPOIETIC_AND_LYMPHOID_TISSUE":2.193611165,"AMO1_HAEMATOPOIETIC_AND_LYMPHOID_TISSUE":1.571659622,"ASPC1_PANCREAS":2.004793059,"AU565_BREAST":2.056470866,"BC3C_URINARY_TRACT":2.240624872,"BFTC905_URINARY_TRACT":1.686892235,"BFTC909_KIDNEY":1.773974017,"BHY_UPPER_AERODIGESTIVE_TRACT":0.293741672,"BICR16_UPPER_AERODIGESTIVE_TRACT":1.8965759,"BICR22_UPPER_AERODIGESTIVE_TRACT":-12.40670667,"BICR31_UPPER_AERODIGESTIVE_TRACT":2.005125867,"BICR56_UPPER_AERODIGESTIVE_TRACT":-10.76341266,"BICR6_UPPER_AERODIGESTIVE_TRACT":2.239796164,"BICR78_UPPER_AERODIGESTIVE_TRACT":-1.168077218,"BIN67_OVARY":0.602079985,"BL70_HAEMATOPOIETIC_AND_LYMPHOID_TISSUE":1.905302586,"BLUE1_HAEMATOPOIETIC_AND_LYMPHOID_TISSUE":1.085994072,"BT12_SOFT_TISSUE":2.240662667,"BT16_SOFT_TISSUE":2.240662667,"BT549_BREAST":1.44458498,"C2BBE1_LARGE_INTESTINE":2.126205391,"C32_SKIN":2.03100627,"C8166_HAEMATOPOIETIC_AND_LYMPHOID_TISSUE":1.92856691,"CADOES1_BONE":2.240662667,"CAKI1_KIDNEY":2.081335519,"CAKI2_KIDNEY":2.222681078,"CAL27_UPPER_AERODIGESTIVE_TRACT":-6.277248649,"CAL29_URINARY_TRACT":0.176371015,"CAL33_UPPER_AERODIGESTIVE_TRACT":-1.50182461,"CAL51_BREAST":1.826009236,"CAL78_BONE":1.161075821,"CALU1_LUNG":2.054582103,"CALU6_LUNG":1.399439265,"CAMA1_BREAST":2.188978591,"CAOV3_OVARY":1.864990622,"CAS1_CENTRAL_NERVOUS_SYSTEM":0.10467484,"CASKI_CERVIX":1.042469379,"CCFSTTG1_CENTRAL_NERVOUS_SYSTEM":1.9600091,"CCK81_LARGE_INTESTINE":2.030136386,"CCLFPEDS0001T_KIDNEY":2.040436537,"CCLFPEDS0003T_SOFT_TISSUE":2.238586565,"CFPAC1_PANCREAS":-2.870262664,"CH157MN_CENTRAL_NERVOUS_SYSTEM":1.090893401,"CHAGOK1_LUNG":2.220267792,"CHLA06ATRT_SOFT_TISSUE":2.044352576,"CHLA15_AUTONOMIC_GANGLIA":-5.326662765,"CHLA266_SOFT_TISSUE":1.458784057,"CHP212_AUTONOMIC_GANGLIA":-2.372691599,"CJM_SKIN":-0.016958275,"CL40_LARGE_INTESTINE":-4.352063472,"CME1_SOFT_TISSUE":1.325253156,"CMLT1_HAEMATOPOIETIC_AND_LYMPHOID_TISSUE":1.683947723,"COGAR359_SOFT_TISSUE":1.732793112,"COGE352_BONE":1.591819638,"COGN278_AUTONOMIC_GANGLIA":-2.870456093,"COGN305_AUTONOMIC_GANGLIA":2.219229946,"COLO201_LARGE_INTESTINE":2.21604654,"COLO678_LARGE_INTESTINE":2.240552751,"COLO679_SKIN":0.746026589,"COLO792_SKIN":2.12630836,"COLO800_SKIN":0.883998672,"CORL23_LUNG":1.087633246,"CORL279_LUNG":-2.139879902,"CORL47_LUNG":2.12965806,"COV318_OVARY":1.781416979,"COV362_OVARY":0.656496366,"COV434_OVARY":2.088450216,"COV504_OVARY":2.191541746,"COV644_OVARY":2.2379392,"CW9019_SOFT_TISSUE":1.774717329,"D283MED_CENTRAL_NERVOUS_SYSTEM":-1.851857577,"D341MED_CENTRAL_NERVOUS_SYSTEM":2.197662611,"D425_CENTRAL_NERVOUS_SYSTEM":1.325898741,"D458_CENTRAL_NERVOUS_SYSTEM":2.191076601,"DANG_PANCREAS":1.991810248,"DAOY_CENTRAL_NERVOUS_SYSTEM":2.239696914,"DB_HAEMATOPOIETIC_AND_LYMPHOID_TISSUE":1.317534617,"DEL_HAEMATOPOIETIC_AND_LYMPHOID_TISSUE":2.116753692,"DETROIT562_UPPER_AERODIGESTIVE_TRACT":-4.547968619,"DKMG_CENTRAL_NERVOUS_SYSTEM":2.235964525,"DLD1_LARGE_INTESTINE":1.604255948,"DU4475_BREAST":2.239065376,"EFE184_ENDOMETRIUM":1.65283476,"EFM19_BREAST":2.226175772,"EFO21_OVARY":2.043730253,"EFO27_OVARY":2.194200829,"EJM_HAEMATOPOIETIC_AND_LYMPHOID_TISSUE":2.087781439,"EKVX_LUNG":2.102044803,"EM2_HAEMATOPOIETIC_AND_LYMPHOID_TISSUE":2.240373155,"EN_ENDOMETRIUM":1.976534758,"EOL1_HAEMATOPOIETIC_AND_LYMPHOID_TISSUE":1.259768275,"EPLC272H_LUNG":1.75625125,"ES2_OVARY":2.219928937,"ESO26_OESOPHAGUS":2.22399325,"ESS1_ENDOMETRIUM":1.81703992,"EW8_BONE":2.240621957,"EWS502_BONE":1.870634646,"F36P_HAEMATOPOIETIC_AND_LYMPHOID_TISSUE":0.311537877,"F5_CENTRAL_NERVOUS_SYSTEM":1.968941234,"FADU_UPPER_AERODIGESTIVE_TRACT":1.910036845,"FLO1_OESOPHAGUS":2.154626479,"FU97_STOMACH":2.223837846,"G292CLONEA141B1_BONE":2.113975856,"G402_SOFT_TISSUE":2.014380572,"GAMG_CENTRAL_NERVOUS_SYSTEM":2.240662667,"GB1_CENTRAL_NERVOUS_SYSTEM":2.230354606,"GCIY_STOMACH":2.040412045,"GCT_SOFT_TISSUE":2.132415794,"GI1_CENTRAL_NERVOUS_SYSTEM":1.717309219,"GSS_STOMACH":1.4601214,"GSU_STOMACH":2.183283896,"H103_UPPER_AERODIGESTIVE_TRACT":-0.272350076,"H4_CENTRAL_NERVOUS_SYSTEM":2.045409291,"HARA_LUNG":1.676281287,"HB1119_HAEMATOPOIETIC_AND_LYMPHOID_TISSUE":0.838720917,"HCC1143_BREAST":2.223476317,"HCC1359_LUNG":1.558710537,"HCC1395_BREAST":2.209306956,"HCC1419_BREAST":1.095536199,"HCC1428_BREAST":2.227060862,"HCC15_LUNG":2.219189884,"HCC1806_BREAST":2.211764949,"HCC1937_BREAST":2.206871659,"HCC1954_BREAST":2.240662667,"HCC202_BREAST":1.696447871,"HCC2429_LUNG":2.115589823,"HCC2935_LUNG":2.161545287,"HCC366_LUNG":-9.408098272,"HCC461_LUNG":2.105600526,"HCC515_LUNG":2.12263008,"HCC56_LARGE_INTESTINE":2.182691619,"HCC827_LUNG":1.047598233,"HCC95_LUNG":2.240459193,"HDMYZ_HAEMATOPOIETIC_AND_LYMPHOID_TISSUE":2.240662667,"HEC151_ENDOMETRIUM":-0.035592053,"HEC1A_ENDOMETRIUM":2.240609502,"HEC1B_ENDOMETRIUM":2.004263922,"HEC251_ENDOMETRIUM":-0.030452526,"HEC265_ENDOMETRIUM":1.497919458,"HEC50B_ENDOMETRIUM":2.24064332,"HEC59_ENDOMETRIUM":2.238010164,"HEC6_ENDOMETRIUM":2.221191088,"HEL_HAEMATOPOIETIC_AND_LYMPHOID_TISSUE":2.186698491,"HEL9217_HAEMATOPOIETIC_AND_LYMPHOID_TISSUE":0.704931837,"HEYA8_OVARY":1.626312975,"HGC27_STOMACH":0.763098459,"HLF_LIVER":2.193187431,"HMC18_BREAST":1.829276737,"HOP62_LUNG":2.177631919,"HS294T_SKIN":2.220543207,"HS578T_BREAST":2.22077886,"HS683_CENTRAL_NERVOUS_SYSTEM":1.540684711,"HS695T_SKIN":1.899597722,"HS729_SOFT_TISSUE":1.095555103,"HS746T_STOMACH":2.04673449,"HS766T_PANCREAS":2.052557152,"HS852T_SKIN":1.697783732,"HS944T_SKIN":2.181332176,"HSB2_HAEMATOPOIETIC_AND_LYMPHOID_TISSUE":1.518083644,"HSC1_SKIN":2.16760996,"HSC2_UPPER_AERODIGESTIVE_TRACT":2.008343544,"HSC3_UPPER_AERODIGESTIVE_TRACT":2.116785463,"HT1080_SOFT_TISSUE":1.819146977,"HT115_LARGE_INTESTINE":1.863314122,"HT1197_URINARY_TRACT":-0.494568432,"HT1376_URINARY_TRACT":1.73201864,"HT144_SKIN":2.144861879,"HT29_LARGE_INTESTINE":2.107205259,"HT55_LARGE_INTESTINE":2.096519738,"HUH1_LIVER":2.239742909,"HUH6_LIVER":2.23983576,"HUH7_LIVER":0.871248923,"HUNS1_HAEMATOPOIETIC_AND_LYMPHOID_TISSUE":2.233740232,"HUPT3_PANCREAS":0.336081691,"IALM_LUNG":1.160992228,"IGR1_SKIN":1.873868944,"IGR39_SKIN":2.025394075,"IMR32_AUTONOMIC_GANGLIA":2.203648105,"INA6_HAEMATOPOIETIC_AND_LYMPHOID_TISSUE":0.495863144,"IPC298_SKIN":2.136115745,"ISTMES1_PLEURA":2.240498521,"ISTMES2_PLEURA":2.087916744,"J82_URINARY_TRACT":2.152803224,"JHH1_LIVER":2.212713904,"JHH4_LIVER":2.142530003,"JHH5_LIVER":2.159832607,"JHH7_LIVER":-0.465447122,"JHOC5_OVARY":2.240563073,"JHOM1_OVARY":2.16579678,"JHOS2_OVARY":2.107339284,"JHOS4_OVARY":2.236166804,"JHUEM1_ENDOMETRIUM":2.239073468,"JHUEM7_ENDOMETRIUM":2.110740184,"JIMT1_BREAST":2.221950373,"JJN3_HAEMATOPOIETIC_AND_LYMPHOID_TISSUE":2.136193093,"JMSU1_URINARY_TRACT":2.189170784,"JMURTK2_SOFT_TISSUE":0.020745322,"JOPACA1_PANCREAS":2.17991263,"JR_SOFT_TISSUE":1.733666154,"K029AX_SKIN":0.021278793,"KALS1_CENTRAL_NERVOUS_SYSTEM":1.313519404,"KARPAS299_HAEMATOPOIETIC_AND_LYMPHOID_TISSUE":2.223101469,"KARPAS422_HAEMATOPOIETIC_AND_LYMPHOID_TISSUE":2.071470343,"KASUMI1_HAEMATOPOIETIC_AND_LYMPHOID_TISSUE":2.056712036,"KE39_STOMACH":1.290540418,"KE97_HAEMATOPOIETIC_AND_LYMPHOID_TISSUE":2.240662667,"KELLY_AUTONOMIC_GANGLIA":0.484001435,"KIJK_HAEMATOPOIETIC_AND_LYMPHOID_TISSUE":2.131729833,"KLE_ENDOMETRIUM":1.808170761,"KM12_LARGE_INTESTINE":2.114643072,