{"scores":{"127399_SOFT_TISSUE":5.115137037,"143B_BONE":4.403083928,"2313287_STOMACH":-10.25026556,"253J_URINARY_TRACT":-15.00332544,"42MGBA_CENTRAL_NERVOUS_SYSTEM":-4.678550666,"5637_URINARY_TRACT":-19.77571146,"59M_OVARY":-7.390262612,"639V_URINARY_TRACT":5.351831251,"647V_URINARY_TRACT":-18.51529319,"697_HAEMATOPOIETIC_AND_LYMPHOID_TISSUE":-3.236813378,"769P_KIDNEY":5.566610204,"786O_KIDNEY":-6.099423101,"8305C_THYROID":1.700577111,"8MGBA_CENTRAL_NERVOUS_SYSTEM":-8.550896525,"A2058_SKIN":5.851057353,"A2780_OVARY":5.794131805,"A3KAW_HAEMATOPOIETIC_AND_LYMPHOID_TISSUE":-14.82447152,"A427_LUNG":3.195457806,"A431_SKIN":-13.59620652,"A549_LUNG":4.834409823,"A673_BONE":-15.26933354,"ABC1_LUNG":3.466245807,"ACCMESO1_PLEURA":0.112231777,"AGS_STOMACH":-16.40892071,"AML193_HAEMATOPOIETIC_AND_LYMPHOID_TISSUE":1.127800961,"AMO1_HAEMATOPOIETIC_AND_LYMPHOID_TISSUE":4.169977986,"ASPC1_PANCREAS":-10.1879277,"AU565_BREAST":4.937728827,"BC3C_URINARY_TRACT":5.914639734,"BFTC905_URINARY_TRACT":-17.90500847,"BFTC909_KIDNEY":-8.386649297,"BHY_UPPER_AERODIGESTIVE_TRACT":-11.56061241,"BICR16_UPPER_AERODIGESTIVE_TRACT":-9.129276584,"BICR22_UPPER_AERODIGESTIVE_TRACT":-2.129633306,"BICR31_UPPER_AERODIGESTIVE_TRACT":-20,"BICR56_UPPER_AERODIGESTIVE_TRACT":-19.37478769,"BICR6_UPPER_AERODIGESTIVE_TRACT":0.324693061,"BICR78_UPPER_AERODIGESTIVE_TRACT":-9.218863972,"BIN67_OVARY":4.681517475,"BL70_HAEMATOPOIETIC_AND_LYMPHOID_TISSUE":-8.789448883,"BLUE1_HAEMATOPOIETIC_AND_LYMPHOID_TISSUE":-8.333158281,"BT12_SOFT_TISSUE":-0.944967355,"BT16_SOFT_TISSUE":3.899952291,"BT549_BREAST":5.807779692,"C2BBE1_LARGE_INTESTINE":3.17022428,"C32_SKIN":1.832123422,"C8166_HAEMATOPOIETIC_AND_LYMPHOID_TISSUE":-1.99332385,"CADOES1_BONE":-5.172114339,"CAKI1_KIDNEY":-10.86937975,"CAKI2_KIDNEY":1.44166792,"CAL27_UPPER_AERODIGESTIVE_TRACT":-13.49648216,"CAL29_URINARY_TRACT":-5.425568328,"CAL33_UPPER_AERODIGESTIVE_TRACT":-18.46412499,"CAL51_BREAST":2.830602292,"CAL78_BONE":-1.50977262,"CALU1_LUNG":-17.21580128,"CALU6_LUNG":3.539691943,"CAMA1_BREAST":5.496272003,"CAOV3_OVARY":5.937652652,"CAS1_CENTRAL_NERVOUS_SYSTEM":1.753332941,"CASKI_CERVIX":-19.82272153,"CCFSTTG1_CENTRAL_NERVOUS_SYSTEM":3.996849737,"CCK81_LARGE_INTESTINE":-4.309190577,"CCLFPEDS0001T_KIDNEY":3.748302262,"CCLFPEDS0003T_SOFT_TISSUE":5.879930995,"CFPAC1_PANCREAS":-20,"CH157MN_CENTRAL_NERVOUS_SYSTEM":-14.07434563,"CHAGOK1_LUNG":5.778826965,"CHLA06ATRT_SOFT_TISSUE":4.487891407,"CHLA15_AUTONOMIC_GANGLIA":3.304589298,"CHLA266_SOFT_TISSUE":5.552900311,"CHP212_AUTONOMIC_GANGLIA":4.946746392,"CJM_SKIN":-4.056069478,"CL40_LARGE_INTESTINE":-13.02574358,"CME1_SOFT_TISSUE":5.143902486,"CMLT1_HAEMATOPOIETIC_AND_LYMPHOID_TISSUE":-3.112395945,"COGAR359_SOFT_TISSUE":4.947894993,"COGE352_BONE":4.096615373,"COGN278_AUTONOMIC_GANGLIA":4.09145436,"COGN305_AUTONOMIC_GANGLIA":2.260545058,"COLO201_LARGE_INTESTINE":-15.42281897,"COLO678_LARGE_INTESTINE":5.977020587,"COLO679_SKIN":4.15834877,"COLO792_SKIN":5.565163968,"COLO800_SKIN":5.388123961,"CORL23_LUNG":-20,"CORL279_LUNG":5.364914129,"CORL47_LUNG":3.152986891,"COV318_OVARY":-4.560005754,"COV362_OVARY":-0.373823667,"COV434_OVARY":3.740635612,"COV504_OVARY":-2.150029354,"COV644_OVARY":-19.41945566,"CW9019_SOFT_TISSUE":2.883135557,"D283MED_CENTRAL_NERVOUS_SYSTEM":2.128907669,"D341MED_CENTRAL_NERVOUS_SYSTEM":3.439877927,"D425_CENTRAL_NERVOUS_SYSTEM":-3.329981546,"D458_CENTRAL_NERVOUS_SYSTEM":-8.211925325,"DANG_PANCREAS":2.807873657,"DAOY_CENTRAL_NERVOUS_SYSTEM":4.594258287,"DB_HAEMATOPOIETIC_AND_LYMPHOID_TISSUE":-20,"DEL_HAEMATOPOIETIC_AND_LYMPHOID_TISSUE":4.995855218,"DETROIT562_UPPER_AERODIGESTIVE_TRACT":-2.865811264,"DKMG_CENTRAL_NERVOUS_SYSTEM":3.888714092,"DLD1_LARGE_INTESTINE":-2.249076212,"DU4475_BREAST":-1.680498379,"EFE184_ENDOMETRIUM":-20,"EFM19_BREAST":3.472326732,"EFO21_OVARY":0.024861055,"EFO27_OVARY":3.018171889,"EJM_HAEMATOPOIETIC_AND_LYMPHOID_TISSUE":-11.32606683,"EKVX_LUNG":3.52494033,"EM2_HAEMATOPOIETIC_AND_LYMPHOID_TISSUE":-4.842061818,"EN_ENDOMETRIUM":5.105307684,"EOL1_HAEMATOPOIETIC_AND_LYMPHOID_TISSUE":-11.53173856,"EPLC272H_LUNG":-16.07479903,"ES2_OVARY":-4.609610498,"ESO26_OESOPHAGUS":-11.76348304,"ESS1_ENDOMETRIUM":-13.68688759,"EW8_BONE":2.61130178,"EWS502_BONE":3.755796647,"F36P_HAEMATOPOIETIC_AND_LYMPHOID_TISSUE":-4.422694019,"F5_CENTRAL_NERVOUS_SYSTEM":5.72758824,"FADU_UPPER_AERODIGESTIVE_TRACT":3.517517589,"FLO1_OESOPHAGUS":4.245593881,"FU97_STOMACH":4.133495983,"G292CLONEA141B1_BONE":1.614598157,"G402_SOFT_TISSUE":-10.33823568,"GAMG_CENTRAL_NERVOUS_SYSTEM":5.256249642,"GB1_CENTRAL_NERVOUS_SYSTEM":4.028994698,"GCIY_STOMACH":-2.344063241,"GCT_SOFT_TISSUE":-20,"GI1_CENTRAL_NERVOUS_SYSTEM":1.121063147,"GSS_STOMACH":4.408978462,"GSU_STOMACH":-18.49789599,"H103_UPPER_AERODIGESTIVE_TRACT":-20,"H4_CENTRAL_NERVOUS_SYSTEM":4.377647296,"HARA_LUNG":0.747843724,"HB1119_HAEMATOPOIETIC_AND_LYMPHOID_TISSUE":-2.857584203,"HCC1143_BREAST":4.195200674,"HCC1359_LUNG":4.83559255,"HCC1395_BREAST":1.286445275,"HCC1419_BREAST":3.36059922,"HCC1428_BREAST":5.343231432,"HCC15_LUNG":5.79416417,"HCC1806_BREAST":-7.996989391,"HCC1937_BREAST":-6.413211356,"HCC1954_BREAST":1.263249461,"HCC202_BREAST":5.456381339,"HCC2429_LUNG":3.171066442,"HCC2935_LUNG":3.920523043,"HCC366_LUNG":5.167832487,"HCC461_LUNG":-11.80298131,"HCC515_LUNG":3.808150038,"HCC56_LARGE_INTESTINE":-10.41201529,"HCC827_LUNG":-7.675506178,"HCC95_LUNG":3.80181692,"HDMYZ_HAEMATOPOIETIC_AND_LYMPHOID_TISSUE":3.621908948,"HEC151_ENDOMETRIUM":5.026469451,"HEC1A_ENDOMETRIUM":-4.381216707,"HEC1B_ENDOMETRIUM":2.978879075,"HEC251_ENDOMETRIUM":-5.216581839,"HEC265_ENDOMETRIUM":-2.830778211,"HEC50B_ENDOMETRIUM":5.77835532,"HEC59_ENDOMETRIUM":4.534864906,"HEC6_ENDOMETRIUM":4.015149464,"HEL_HAEMATOPOIETIC_AND_LYMPHOID_TISSUE":-17.09646849,"HEL9217_HAEMATOPOIETIC_AND_LYMPHOID_TISSUE":-13.39533243,"HEYA8_OVARY":1.409199372,"HGC27_STOMACH":5.443977129,"HLF_LIVER":4.600995862,"HMC18_BREAST":3.540572867,"HOP62_LUNG":0.703041086,"HS294T_SKIN":3.760528958,"HS578T_BREAST":1.375762997,"HS683_CENTRAL_NERVOUS_SYSTEM":-9.510399098,"HS695T_SKIN":1.422266158,"HS729_SOFT_TISSUE":-3.32174776,"HS746T_STOMACH":5.774163405,"HS766T_PANCREAS":4.515817257,"HS852T_SKIN":4.454098684,"HS944T_SKIN":3.052001821,"HSB2_HAEMATOPOIETIC_AND_LYMPHOID_TISSUE":3.866522335,"HSC1_SKIN":-20,"HSC2_UPPER_AERODIGESTIVE_TRACT":-17.10922661,"HSC3_UPPER_AERODIGESTIVE_TRACT":-20,"HT1080_SOFT_TISSUE":-15.77244308,"HT115_LARGE_INTESTINE":-20,"HT1197_URINARY_TRACT":-8.438158634,"HT1376_URINARY_TRACT":-7.865687591,"HT144_SKIN":1.897178389,"HT29_LARGE_INTESTINE":-7.96400047,"HT55_LARGE_INTESTINE":-9.949811391,"HUH1_LIVER":-10.35031447,"HUH6_LIVER":3.35704957,"HUH7_LIVER":3.479576066,"HUNS1_HAEMATOPOIETIC_AND_LYMPHOID_TISSUE":4.627514311,"HUPT3_PANCREAS":-17.86675482,"IALM_LUNG":5.472339709,"IGR1_SKIN":5.402686232,"IGR39_SKIN":4.315303426,"IMR32_AUTONOMIC_GANGLIA":2.090559692,"INA6_HAEMATOPOIETIC_AND_LYMPHOID_TISSUE":-13.59847204,"IPC298_SKIN":2.418713947,"ISTMES1_PLEURA":2.895410003,"ISTMES2_PLEURA":5.400561288,"J82_URINARY_TRACT":-12.77802899,"JHH1_LIVER":4.960225509,"JHH4_LIVER":-20,"JHH5_LIVER":3.231393359,"JHH7_LIVER":-3.342138044,"JHOC5_OVARY":-4.003139355,"JHOM1_OVARY":-17.86752585,"JHOS2_OVARY":-15.11380657,"JHOS4_OVARY":-6.022611492,"JHUEM1_ENDOMETRIUM":0.207663654,"JHUEM7_ENDOMETRIUM":-8.508692164,"JIMT1_BREAST":-7.344458524,"JJN3_HAEMATOPOIETIC_AND_LYMPHOID_TISSUE":-9.926443898,"JMSU1_URINARY_TRACT":-4.870387931,"JMURTK2_SOFT_TISSUE":5.678386596,"JOPACA1_PANCREAS":-14.39207488,"JR_SOFT_TISSUE":5.44626487,"K029AX_SKIN":3.898768886,"KALS1_CENTRAL_NERVOUS_SYSTEM":5.396296843,"KARPAS299_HAEMATOPOIETIC_AND_LYMPHOID_TISSUE":5.239327942,"KARPAS422_HAEMATOPOIETIC_AND_LYMPHOID_TISSUE":-16.41152109,"KASUMI1_HAEMATOPOIETIC_AND_LYMPHOID_TISSUE":-3.018259255,"KE39_STOMACH":-4.92359956,"KE97_HAEMATOPOIETIC_AND_LYMPHOID_TISSUE":-8.398583694,"KELLY_AUTONOMIC_GANGLIA":4.22633715,"KIJK_HAEMATOPOIETIC_AND_LYMPHOID_TISSUE":4.853820111,"KLE_ENDOMETRIUM":3.80197526,"KM12_LARGE_INTESTINE":0.060982697,