{"scores":{"127399_SOFT_TISSUE":-2.43198051,"143B_BONE":3.334842618,"2313287_STOMACH":0.311665322,"253J_URINARY_TRACT":2.102419101,"42MGBA_CENTRAL_NERVOUS_SYSTEM":3.857879756,"5637_URINARY_TRACT":-11.25906375,"59M_OVARY":3.149731244,"639V_URINARY_TRACT":1.702872484,"647V_URINARY_TRACT":-6.404846743,"697_HAEMATOPOIETIC_AND_LYMPHOID_TISSUE":2.25267411,"769P_KIDNEY":-6.151590643,"786O_KIDNEY":1.937431962,"8305C_THYROID":3.978812452,"8MGBA_CENTRAL_NERVOUS_SYSTEM":3.180902439,"A2058_SKIN":2.977600247,"A2780_OVARY":2.585572488,"A3KAW_HAEMATOPOIETIC_AND_LYMPHOID_TISSUE":3.451819198,"A427_LUNG":4.04955916,"A431_SKIN":-3.027188241,"A549_LUNG":2.681651408,"A673_BONE":0.717090478,"ABC1_LUNG":3.468189984,"ACCMESO1_PLEURA":3.861785873,"AGS_STOMACH":0.85321776,"AML193_HAEMATOPOIETIC_AND_LYMPHOID_TISSUE":3.997207842,"AMO1_HAEMATOPOIETIC_AND_LYMPHOID_TISSUE":1.79003239,"ASPC1_PANCREAS":-1.113457073,"AU565_BREAST":3.065151932,"BC3C_URINARY_TRACT":-6.738084195,"BFTC905_URINARY_TRACT":3.633516869,"BFTC909_KIDNEY":1.258906553,"BHY_UPPER_AERODIGESTIVE_TRACT":-20,"BICR16_UPPER_AERODIGESTIVE_TRACT":-1.816852249,"BICR22_UPPER_AERODIGESTIVE_TRACT":-8.920205604,"BICR31_UPPER_AERODIGESTIVE_TRACT":-7.450073251,"BICR56_UPPER_AERODIGESTIVE_TRACT":-18.65564879,"BICR6_UPPER_AERODIGESTIVE_TRACT":-6.587876256,"BICR78_UPPER_AERODIGESTIVE_TRACT":-11.40556748,"BIN67_OVARY":2.651148118,"BL70_HAEMATOPOIETIC_AND_LYMPHOID_TISSUE":2.195798646,"BLUE1_HAEMATOPOIETIC_AND_LYMPHOID_TISSUE":3.38091332,"BT12_SOFT_TISSUE":3.656117284,"BT16_SOFT_TISSUE":2.887631144,"BT549_BREAST":3.784933919,"C2BBE1_LARGE_INTESTINE":-12.23968637,"C32_SKIN":3.755387336,"C8166_HAEMATOPOIETIC_AND_LYMPHOID_TISSUE":2.804874613,"CADOES1_BONE":1.991778745,"CAKI1_KIDNEY":-16.56802007,"CAKI2_KIDNEY":-6.151453432,"CAL27_UPPER_AERODIGESTIVE_TRACT":-12.29191096,"CAL29_URINARY_TRACT":-6.213209387,"CAL33_UPPER_AERODIGESTIVE_TRACT":-13.32652852,"CAL51_BREAST":1.884652036,"CAL78_BONE":3.819405271,"CALU1_LUNG":2.822112955,"CALU6_LUNG":3.322333458,"CAMA1_BREAST":3.954460634,"CAOV3_OVARY":-0.770752559,"CAS1_CENTRAL_NERVOUS_SYSTEM":3.114865146,"CASKI_CERVIX":0.895601721,"CCFSTTG1_CENTRAL_NERVOUS_SYSTEM":3.722758595,"CCK81_LARGE_INTESTINE":-8.055313566,"CCLFPEDS0001T_KIDNEY":2.660604448,"CCLFPEDS0003T_SOFT_TISSUE":2.723796057,"CFPAC1_PANCREAS":3.570758283,"CH157MN_CENTRAL_NERVOUS_SYSTEM":4.00593399,"CHAGOK1_LUNG":3.295722565,"CHLA06ATRT_SOFT_TISSUE":3.056853522,"CHLA15_AUTONOMIC_GANGLIA":1.222183176,"CHLA266_SOFT_TISSUE":2.831661287,"CHP212_AUTONOMIC_GANGLIA":4.039884364,"CJM_SKIN":4.007993224,"CL40_LARGE_INTESTINE":0.877834233,"CME1_SOFT_TISSUE":0.361282307,"CMLT1_HAEMATOPOIETIC_AND_LYMPHOID_TISSUE":3.946801481,"COGAR359_SOFT_TISSUE":3.311225713,"COGE352_BONE":3.728453255,"COGN278_AUTONOMIC_GANGLIA":3.801158406,"COGN305_AUTONOMIC_GANGLIA":0.689175624,"COLO201_LARGE_INTESTINE":3.489244712,"COLO678_LARGE_INTESTINE":-4.196465792,"COLO679_SKIN":1.983122585,"COLO792_SKIN":3.761278631,"COLO800_SKIN":2.459494261,"CORL23_LUNG":3.210264669,"CORL279_LUNG":3.562841696,"CORL47_LUNG":0.999391148,"COV318_OVARY":4.025123717,"COV362_OVARY":3.548889621,"COV434_OVARY":3.197354632,"COV504_OVARY":1.773997184,"COV644_OVARY":-18.37229609,"CW9019_SOFT_TISSUE":4.047309588,"D283MED_CENTRAL_NERVOUS_SYSTEM":3.627246657,"D341MED_CENTRAL_NERVOUS_SYSTEM":3.503267527,"D425_CENTRAL_NERVOUS_SYSTEM":3.505231363,"D458_CENTRAL_NERVOUS_SYSTEM":3.961628712,"DANG_PANCREAS":3.666086479,"DAOY_CENTRAL_NERVOUS_SYSTEM":3.716553655,"DB_HAEMATOPOIETIC_AND_LYMPHOID_TISSUE":4.049576876,"DEL_HAEMATOPOIETIC_AND_LYMPHOID_TISSUE":3.83930628,"DETROIT562_UPPER_AERODIGESTIVE_TRACT":-3.678522755,"DKMG_CENTRAL_NERVOUS_SYSTEM":2.618150917,"DLD1_LARGE_INTESTINE":-3.480667911,"DU4475_BREAST":3.898310964,"EFE184_ENDOMETRIUM":-4.285810686,"EFM19_BREAST":3.072451276,"EFO21_OVARY":3.969284439,"EFO27_OVARY":-15.7475968,"EJM_HAEMATOPOIETIC_AND_LYMPHOID_TISSUE":3.623291938,"EKVX_LUNG":-9.87916917,"EM2_HAEMATOPOIETIC_AND_LYMPHOID_TISSUE":2.630428768,"EN_ENDOMETRIUM":1.643288119,"EOL1_HAEMATOPOIETIC_AND_LYMPHOID_TISSUE":2.96084496,"EPLC272H_LUNG":1.55263863,"ES2_OVARY":3.642964475,"ESO26_OESOPHAGUS":-16.62268799,"ESS1_ENDOMETRIUM":2.717990689,"EW8_BONE":3.250369066,"EWS502_BONE":3.85878336,"F36P_HAEMATOPOIETIC_AND_LYMPHOID_TISSUE":2.772647605,"F5_CENTRAL_NERVOUS_SYSTEM":3.082940721,"FADU_UPPER_AERODIGESTIVE_TRACT":2.816191755,"FLO1_OESOPHAGUS":4.048608464,"FU97_STOMACH":4.021871953,"G292CLONEA141B1_BONE":3.994861254,"G402_SOFT_TISSUE":2.700256403,"GAMG_CENTRAL_NERVOUS_SYSTEM":3.850894842,"GB1_CENTRAL_NERVOUS_SYSTEM":3.41547064,"GCIY_STOMACH":-5.246177974,"GCT_SOFT_TISSUE":3.916377054,"GI1_CENTRAL_NERVOUS_SYSTEM":3.988779487,"GSS_STOMACH":3.27541947,"GSU_STOMACH":-5.428197643,"H103_UPPER_AERODIGESTIVE_TRACT":-7.838379623,"H4_CENTRAL_NERVOUS_SYSTEM":2.844114083,"HARA_LUNG":-2.9675625,"HB1119_HAEMATOPOIETIC_AND_LYMPHOID_TISSUE":1.682313544,"HCC1143_BREAST":1.087329419,"HCC1359_LUNG":4.050016756,"HCC1395_BREAST":3.707452985,"HCC1419_BREAST":3.636854993,"HCC1428_BREAST":4.041541954,"HCC15_LUNG":3.203165769,"HCC1806_BREAST":2.808923441,"HCC1937_BREAST":2.493092519,"HCC1954_BREAST":-3.838664392,"HCC202_BREAST":3.932709155,"HCC2429_LUNG":3.758233405,"HCC2935_LUNG":3.774504531,"HCC366_LUNG":-2.080801341,"HCC461_LUNG":0.91547678,"HCC515_LUNG":-1.723659942,"HCC56_LARGE_INTESTINE":-1.698642694,"HCC827_LUNG":-0.829126363,"HCC95_LUNG":3.195552839,"HDMYZ_HAEMATOPOIETIC_AND_LYMPHOID_TISSUE":3.936193475,"HEC151_ENDOMETRIUM":1.875710817,"HEC1A_ENDOMETRIUM":2.516754049,"HEC1B_ENDOMETRIUM":3.51739176,"HEC251_ENDOMETRIUM":3.970840864,"HEC265_ENDOMETRIUM":-2.776007619,"HEC50B_ENDOMETRIUM":-2.688613712,"HEC59_ENDOMETRIUM":3.869664021,"HEC6_ENDOMETRIUM":4.042460889,"HEL_HAEMATOPOIETIC_AND_LYMPHOID_TISSUE":3.817896912,"HEL9217_HAEMATOPOIETIC_AND_LYMPHOID_TISSUE":3.468857208,"HEYA8_OVARY":2.801342742,"HGC27_STOMACH":2.092901644,"HLF_LIVER":4.008445195,"HMC18_BREAST":3.532554546,"HOP62_LUNG":3.987410144,"HS294T_SKIN":2.587752882,"HS578T_BREAST":3.993317991,"HS683_CENTRAL_NERVOUS_SYSTEM":3.76847031,"HS695T_SKIN":2.490006294,"HS729_SOFT_TISSUE":3.376892546,"HS746T_STOMACH":2.91650074,"HS766T_PANCREAS":1.850079335,"HS852T_SKIN":2.32539533,"HS944T_SKIN":3.881831449,"HSB2_HAEMATOPOIETIC_AND_LYMPHOID_TISSUE":4.021057822,"HSC1_SKIN":3.972027767,"HSC2_UPPER_AERODIGESTIVE_TRACT":-6.841524611,"HSC3_UPPER_AERODIGESTIVE_TRACT":-6.208043943,"HT1080_SOFT_TISSUE":3.220535228,"HT115_LARGE_INTESTINE":-11.76326516,"HT1197_URINARY_TRACT":2.821263891,"HT1376_URINARY_TRACT":-20,"HT144_SKIN":3.953694628,"HT29_LARGE_INTESTINE":-3.982289928,"HT55_LARGE_INTESTINE":-7.154039004,"HUH1_LIVER":0.47076852,"HUH6_LIVER":3.718281175,"HUH7_LIVER":3.099851144,"HUNS1_HAEMATOPOIETIC_AND_LYMPHOID_TISSUE":2.738169555,"HUPT3_PANCREAS":-9.032219058,"IALM_LUNG":2.960558093,"IGR1_SKIN":3.991025207,"IGR39_SKIN":3.444701644,"IMR32_AUTONOMIC_GANGLIA":4.015410795,"INA6_HAEMATOPOIETIC_AND_LYMPHOID_TISSUE":4.049915342,"IPC298_SKIN":3.259706753,"ISTMES1_PLEURA":3.670353312,"ISTMES2_PLEURA":3.34334168,"J82_URINARY_TRACT":1.214383876,"JHH1_LIVER":-20,"JHH4_LIVER":0.861404408,"JHH5_LIVER":-3.787720282,"JHH7_LIVER":3.369098849,"JHOC5_OVARY":-3.064797729,"JHOM1_OVARY":3.407789252,"JHOS2_OVARY":3.489469159,"JHOS4_OVARY":3.614428761,"JHUEM1_ENDOMETRIUM":-1.559927988,"JHUEM7_ENDOMETRIUM":3.320096115,"JIMT1_BREAST":-1.976197228,"JJN3_HAEMATOPOIETIC_AND_LYMPHOID_TISSUE":3.152838786,"JMSU1_URINARY_TRACT":3.511692397,"JMURTK2_SOFT_TISSUE":2.611031028,"JOPACA1_PANCREAS":-9.184284567,"JR_SOFT_TISSUE":2.796083373,"K029AX_SKIN":2.330766049,"KALS1_CENTRAL_NERVOUS_SYSTEM":3.969244345,"KARPAS299_HAEMATOPOIETIC_AND_LYMPHOID_TISSUE":2.944827923,"KARPAS422_HAEMATOPOIETIC_AND_LYMPHOID_TISSUE":3.622936903,"KASUMI1_HAEMATOPOIETIC_AND_LYMPHOID_TISSUE":2.046231199,"KE39_STOMACH":-2.90146651,"KE97_HAEMATOPOIETIC_AND_LYMPHOID_TISSUE":2.590027763,"KELLY_AUTONOMIC_GANGLIA":3.488699775,"KIJK_HAEMATOPOIETIC_AND_LYMPHOID_TISSUE":3.228900962,"KLE_ENDOMETRIUM":4.015033947,"KM12_LARGE_INTESTINE":3.953096476,