{"scores":{"127399_SOFT_TISSUE":1.811976259,"143B_BONE":0.898345439,"2313287_STOMACH":1.760382546,"253J_URINARY_TRACT":-7.233547947,"42MGBA_CENTRAL_NERVOUS_SYSTEM":2.311741148,"5637_URINARY_TRACT":0.089494528,"59M_OVARY":0.486643893,"639V_URINARY_TRACT":1.349383904,"647V_URINARY_TRACT":-0.60920951,"697_HAEMATOPOIETIC_AND_LYMPHOID_TISSUE":-2.477662443,"769P_KIDNEY":1.614045124,"786O_KIDNEY":2.202765721,"8305C_THYROID":-5.260939378,"8MGBA_CENTRAL_NERVOUS_SYSTEM":2.20338002,"A2058_SKIN":-5.737921121,"A2780_OVARY":0.510591404,"A3KAW_HAEMATOPOIETIC_AND_LYMPHOID_TISSUE":2.11333833,"A427_LUNG":2.301686791,"A431_SKIN":1.639210209,"A549_LUNG":1.220803001,"A673_BONE":2.2409164,"ABC1_LUNG":1.439946231,"ACCMESO1_PLEURA":1.565248475,"AGS_STOMACH":2.155904808,"AML193_HAEMATOPOIETIC_AND_LYMPHOID_TISSUE":1.783598238,"AMO1_HAEMATOPOIETIC_AND_LYMPHOID_TISSUE":2.313181192,"ASPC1_PANCREAS":2.316917189,"AU565_BREAST":-0.077114409,"BC3C_URINARY_TRACT":2.285358351,"BFTC905_URINARY_TRACT":2.290724798,"BFTC909_KIDNEY":-10.72399841,"BHY_UPPER_AERODIGESTIVE_TRACT":0.891367837,"BICR16_UPPER_AERODIGESTIVE_TRACT":-2.278222264,"BICR22_UPPER_AERODIGESTIVE_TRACT":1.958840766,"BICR31_UPPER_AERODIGESTIVE_TRACT":1.626083974,"BICR56_UPPER_AERODIGESTIVE_TRACT":0.098735017,"BICR6_UPPER_AERODIGESTIVE_TRACT":0.919130723,"BICR78_UPPER_AERODIGESTIVE_TRACT":0.495784386,"BIN67_OVARY":2.28945885,"BL70_HAEMATOPOIETIC_AND_LYMPHOID_TISSUE":1.677582299,"BLUE1_HAEMATOPOIETIC_AND_LYMPHOID_TISSUE":2.100246442,"BT12_SOFT_TISSUE":2.312854744,"BT16_SOFT_TISSUE":2.314831905,"BT549_BREAST":-2.014170703,"C2BBE1_LARGE_INTESTINE":2.303796279,"C32_SKIN":-7.595241161,"C8166_HAEMATOPOIETIC_AND_LYMPHOID_TISSUE":0.387046096,"CADOES1_BONE":2.105202813,"CAKI1_KIDNEY":1.558442817,"CAKI2_KIDNEY":2.240982111,"CAL27_UPPER_AERODIGESTIVE_TRACT":0.722409048,"CAL29_URINARY_TRACT":1.402121406,"CAL33_UPPER_AERODIGESTIVE_TRACT":2.317165964,"CAL51_BREAST":1.607672617,"CAL78_BONE":2.252088291,"CALU1_LUNG":-0.573952852,"CALU6_LUNG":2.291156688,"CAMA1_BREAST":2.317980502,"CAOV3_OVARY":-4.788570143,"CAS1_CENTRAL_NERVOUS_SYSTEM":-0.01484582,"CASKI_CERVIX":0.278910881,"CCFSTTG1_CENTRAL_NERVOUS_SYSTEM":2.058742571,"CCK81_LARGE_INTESTINE":2.305042701,"CCLFPEDS0001T_KIDNEY":-8.113350404,"CCLFPEDS0003T_SOFT_TISSUE":0.87992527,"CFPAC1_PANCREAS":-0.154337802,"CH157MN_CENTRAL_NERVOUS_SYSTEM":-4.184300195,"CHAGOK1_LUNG":1.366136324,"CHLA06ATRT_SOFT_TISSUE":-2.645740237,"CHLA15_AUTONOMIC_GANGLIA":2.296689033,"CHLA266_SOFT_TISSUE":2.172996388,"CHP212_AUTONOMIC_GANGLIA":2.295413486,"CJM_SKIN":1.887810914,"CL40_LARGE_INTESTINE":1.190981165,"CME1_SOFT_TISSUE":2.316673044,"CMLT1_HAEMATOPOIETIC_AND_LYMPHOID_TISSUE":-0.849104715,"COGAR359_SOFT_TISSUE":2.168366902,"COGE352_BONE":2.165638294,"COGN278_AUTONOMIC_GANGLIA":-1.160450727,"COGN305_AUTONOMIC_GANGLIA":1.904014447,"COLO201_LARGE_INTESTINE":2.267972565,"COLO678_LARGE_INTESTINE":0.575567473,"COLO679_SKIN":1.360112221,"COLO792_SKIN":2.29257869,"COLO800_SKIN":-20,"CORL23_LUNG":-5.496353811,"CORL279_LUNG":0.319546255,"CORL47_LUNG":1.116804017,"COV318_OVARY":-5.35523542,"COV362_OVARY":-4.009566827,"COV434_OVARY":0.268959498,"COV504_OVARY":1.357367858,"COV644_OVARY":2.311500208,"CW9019_SOFT_TISSUE":2.259969487,"D283MED_CENTRAL_NERVOUS_SYSTEM":-1.047411962,"D341MED_CENTRAL_NERVOUS_SYSTEM":2.109225249,"D425_CENTRAL_NERVOUS_SYSTEM":1.8938107,"D458_CENTRAL_NERVOUS_SYSTEM":2.115978415,"DANG_PANCREAS":2.203344121,"DAOY_CENTRAL_NERVOUS_SYSTEM":2.309534902,"DB_HAEMATOPOIETIC_AND_LYMPHOID_TISSUE":0.348499495,"DEL_HAEMATOPOIETIC_AND_LYMPHOID_TISSUE":-0.374775446,"DETROIT562_UPPER_AERODIGESTIVE_TRACT":1.75930605,"DKMG_CENTRAL_NERVOUS_SYSTEM":-6.270335222,"DLD1_LARGE_INTESTINE":2.290001172,"DU4475_BREAST":0.068236487,"EFE184_ENDOMETRIUM":-2.771767288,"EFM19_BREAST":2.317317361,"EFO21_OVARY":1.031543253,"EFO27_OVARY":-1.206631229,"EJM_HAEMATOPOIETIC_AND_LYMPHOID_TISSUE":2.04396655,"EKVX_LUNG":1.095960185,"EM2_HAEMATOPOIETIC_AND_LYMPHOID_TISSUE":0.55775487,"EN_ENDOMETRIUM":2.311876028,"EOL1_HAEMATOPOIETIC_AND_LYMPHOID_TISSUE":1.863641564,"EPLC272H_LUNG":1.935203039,"ES2_OVARY":-14.00305855,"ESO26_OESOPHAGUS":2.281260461,"ESS1_ENDOMETRIUM":-4.929774543,"EW8_BONE":0.978838232,"EWS502_BONE":2.302842449,"F36P_HAEMATOPOIETIC_AND_LYMPHOID_TISSUE":1.939242843,"F5_CENTRAL_NERVOUS_SYSTEM":-4.969719139,"FADU_UPPER_AERODIGESTIVE_TRACT":0.239033863,"FLO1_OESOPHAGUS":2.271706241,"FU97_STOMACH":2.301882576,"G292CLONEA141B1_BONE":-5.847250571,"G402_SOFT_TISSUE":2.005253828,"GAMG_CENTRAL_NERVOUS_SYSTEM":-0.020743042,"GB1_CENTRAL_NERVOUS_SYSTEM":2.309474094,"GCIY_STOMACH":2.247264345,"GCT_SOFT_TISSUE":-2.152118958,"GI1_CENTRAL_NERVOUS_SYSTEM":1.045822974,"GSS_STOMACH":2.287715685,"GSU_STOMACH":2.296959311,"H103_UPPER_AERODIGESTIVE_TRACT":-3.412322646,"H4_CENTRAL_NERVOUS_SYSTEM":2.311337857,"HARA_LUNG":2.13020812,"HB1119_HAEMATOPOIETIC_AND_LYMPHOID_TISSUE":1.903686346,"HCC1143_BREAST":2.31022622,"HCC1359_LUNG":2.306037019,"HCC1395_BREAST":2.035590756,"HCC1419_BREAST":1.99001853,"HCC1428_BREAST":2.304761702,"HCC15_LUNG":1.047409957,"HCC1806_BREAST":1.9166858,"HCC1937_BREAST":2.285408886,"HCC1954_BREAST":2.099682805,"HCC202_BREAST":2.000950238,"HCC2429_LUNG":1.753745437,"HCC2935_LUNG":0.822380799,"HCC366_LUNG":2.248585737,"HCC461_LUNG":-11.91943421,"HCC515_LUNG":-4.569490956,"HCC56_LARGE_INTESTINE":2.140565897,"HCC827_LUNG":-0.077361771,"HCC95_LUNG":1.263132306,"HDMYZ_HAEMATOPOIETIC_AND_LYMPHOID_TISSUE":1.532715138,"HEC151_ENDOMETRIUM":2.217237446,"HEC1A_ENDOMETRIUM":2.300417049,"HEC1B_ENDOMETRIUM":0.827967063,"HEC251_ENDOMETRIUM":1.297974742,"HEC265_ENDOMETRIUM":-1.337959854,"HEC50B_ENDOMETRIUM":2.261336447,"HEC59_ENDOMETRIUM":1.930864565,"HEC6_ENDOMETRIUM":1.6276566,"HEL_HAEMATOPOIETIC_AND_LYMPHOID_TISSUE":2.272212551,"HEL9217_HAEMATOPOIETIC_AND_LYMPHOID_TISSUE":2.100359004,"HEYA8_OVARY":1.096413128,"HGC27_STOMACH":1.940603922,"HLF_LIVER":2.282042906,"HMC18_BREAST":1.880816734,"HOP62_LUNG":-2.077950395,"HS294T_SKIN":-12.85707914,"HS578T_BREAST":0.302451522,"HS683_CENTRAL_NERVOUS_SYSTEM":0.86912186,"HS695T_SKIN":1.789124705,"HS729_SOFT_TISSUE":-6.701487895,"HS746T_STOMACH":-6.322186579,"HS766T_PANCREAS":1.977151945,"HS852T_SKIN":-3.271618861,"HS944T_SKIN":-4.135764815,"HSB2_HAEMATOPOIETIC_AND_LYMPHOID_TISSUE":-1.548145046,"HSC1_SKIN":-0.947465233,"HSC2_UPPER_AERODIGESTIVE_TRACT":1.148489295,"HSC3_UPPER_AERODIGESTIVE_TRACT":-0.217310843,"HT1080_SOFT_TISSUE":1.776723624,"HT115_LARGE_INTESTINE":2.314603026,"HT1197_URINARY_TRACT":2.217505275,"HT1376_URINARY_TRACT":0.999847038,"HT144_SKIN":-13.95659016,"HT29_LARGE_INTESTINE":1.86283022,"HT55_LARGE_INTESTINE":2.295449651,"HUH1_LIVER":2.230888908,"HUH6_LIVER":1.700096861,"HUH7_LIVER":-13.92771515,"HUNS1_HAEMATOPOIETIC_AND_LYMPHOID_TISSUE":2.238798124,"HUPT3_PANCREAS":2.064053784,"IALM_LUNG":-10.97101883,"IGR1_SKIN":-1.777550817,"IGR39_SKIN":0.460496813,"IMR32_AUTONOMIC_GANGLIA":1.510485781,"INA6_HAEMATOPOIETIC_AND_LYMPHOID_TISSUE":0.024279721,"IPC298_SKIN":1.002948523,"ISTMES1_PLEURA":0.653362927,"ISTMES2_PLEURA":0.434073124,"J82_URINARY_TRACT":-0.388008506,"JHH1_LIVER":-9.753149887,"JHH4_LIVER":-1.372058532,"JHH5_LIVER":0.330231791,"JHH7_LIVER":2.261986913,"JHOC5_OVARY":-3.356504929,"JHOM1_OVARY":-2.888377776,"JHOS2_OVARY":2.293500733,"JHOS4_OVARY":2.184149951,"JHUEM1_ENDOMETRIUM":-1.367210214,"JHUEM7_ENDOMETRIUM":2.269836295,"JIMT1_BREAST":1.228216863,"JJN3_HAEMATOPOIETIC_AND_LYMPHOID_TISSUE":1.416061726,"JMSU1_URINARY_TRACT":1.170798942,"JMURTK2_SOFT_TISSUE":1.925765727,"JOPACA1_PANCREAS":2.068657012,"JR_SOFT_TISSUE":2.271843355,"K029AX_SKIN":-3.448921612,"KALS1_CENTRAL_NERVOUS_SYSTEM":0.9640099,"KARPAS299_HAEMATOPOIETIC_AND_LYMPHOID_TISSUE":-3.397918409,"KARPAS422_HAEMATOPOIETIC_AND_LYMPHOID_TISSUE":0.743057506,"KASUMI1_HAEMATOPOIETIC_AND_LYMPHOID_TISSUE":1.170493773,"KE39_STOMACH":2.317499642,"KE97_HAEMATOPOIETIC_AND_LYMPHOID_TISSUE":1.570655475,"KELLY_AUTONOMIC_GANGLIA":-6.377086958,"KIJK_HAEMATOPOIETIC_AND_LYMPHOID_TISSUE":-6.658288258,"KLE_ENDOMETRIUM":2.096796346,