{"scores":{"127399_SOFT_TISSUE":-0.805007005,"143B_BONE":0.121568404,"2313287_STOMACH":0.333330366,"253J_URINARY_TRACT":-0.2336807,"42MGBA_CENTRAL_NERVOUS_SYSTEM":-0.792503742,"5637_URINARY_TRACT":-1.03005451,"59M_OVARY":-0.556093212,"639V_URINARY_TRACT":0.780416101,"647V_URINARY_TRACT":-1.039274318,"697_HAEMATOPOIETIC_AND_LYMPHOID_TISSUE":-0.814452068,"769P_KIDNEY":-1.024563973,"786O_KIDNEY":-1.02167678,"8305C_THYROID":-0.941231045,"8MGBA_CENTRAL_NERVOUS_SYSTEM":-0.88136678,"A2058_SKIN":-1.038575535,"A2780_OVARY":0.126470884,"A3KAW_HAEMATOPOIETIC_AND_LYMPHOID_TISSUE":-0.986984915,"A427_LUNG":-0.236327422,"A431_SKIN":10.84052323,"A549_LUNG":-0.663518854,"A673_BONE":-0.296431766,"ABC1_LUNG":-0.800428521,"ACCMESO1_PLEURA":-1.039273126,"AGS_STOMACH":0.458151137,"AML193_HAEMATOPOIETIC_AND_LYMPHOID_TISSUE":-0.89820762,"AMO1_HAEMATOPOIETIC_AND_LYMPHOID_TISSUE":-0.9954211,"ASPC1_PANCREAS":-1.038643718,"AU565_BREAST":-0.792472649,"BC3C_URINARY_TRACT":-0.752821781,"BFTC905_URINARY_TRACT":-0.936916894,"BFTC909_KIDNEY":-1.021624305,"BHY_UPPER_AERODIGESTIVE_TRACT":2.301588506,"BICR16_UPPER_AERODIGESTIVE_TRACT":1.355619287,"BICR22_UPPER_AERODIGESTIVE_TRACT":0.021714795,"BICR31_UPPER_AERODIGESTIVE_TRACT":0.389017811,"BICR56_UPPER_AERODIGESTIVE_TRACT":-1.006126464,"BICR6_UPPER_AERODIGESTIVE_TRACT":-0.546949806,"BICR78_UPPER_AERODIGESTIVE_TRACT":-0.695781726,"BIN67_OVARY":0.115025699,"BL70_HAEMATOPOIETIC_AND_LYMPHOID_TISSUE":-0.977096224,"BLUE1_HAEMATOPOIETIC_AND_LYMPHOID_TISSUE":-1.033610034,"BT12_SOFT_TISSUE":-0.831001309,"BT16_SOFT_TISSUE":1.71200016,"BT549_BREAST":-1.036504215,"C2BBE1_LARGE_INTESTINE":-1.03180076,"C32_SKIN":-0.861826532,"C8166_HAEMATOPOIETIC_AND_LYMPHOID_TISSUE":-1.034656012,"CADOES1_BONE":2.045826018,"CAKI1_KIDNEY":-0.97524211,"CAKI2_KIDNEY":-0.961551411,"CAL27_UPPER_AERODIGESTIVE_TRACT":-0.734180323,"CAL29_URINARY_TRACT":-0.960553588,"CAL33_UPPER_AERODIGESTIVE_TRACT":-1.035900183,"CAL51_BREAST":-0.95381632,"CAL78_BONE":4.862607958,"CALU1_LUNG":-0.889532631,"CALU6_LUNG":3.719876361,"CAMA1_BREAST":-0.480224438,"CAOV3_OVARY":0.547895861,"CAS1_CENTRAL_NERVOUS_SYSTEM":0.972614475,"CASKI_CERVIX":-0.867096383,"CCFSTTG1_CENTRAL_NERVOUS_SYSTEM":-0.671818695,"CCK81_LARGE_INTESTINE":-0.838279312,"CCLFPEDS0001T_KIDNEY":-1.034670474,"CCLFPEDS0003T_SOFT_TISSUE":-0.951932462,"CFPAC1_PANCREAS":-0.9406083,"CH157MN_CENTRAL_NERVOUS_SYSTEM":-1.013350178,"CHAGOK1_LUNG":-0.973052852,"CHLA06ATRT_SOFT_TISSUE":-1.038220494,"CHLA15_AUTONOMIC_GANGLIA":0.6909839,"CHLA266_SOFT_TISSUE":-0.986738491,"CHP212_AUTONOMIC_GANGLIA":-0.825234263,"CJM_SKIN":-0.923584854,"CL40_LARGE_INTESTINE":-0.987020584,"CME1_SOFT_TISSUE":-0.209615568,"CMLT1_HAEMATOPOIETIC_AND_LYMPHOID_TISSUE":-1.017588085,"COGAR359_SOFT_TISSUE":1.192384301,"COGE352_BONE":-0.464249822,"COGN278_AUTONOMIC_GANGLIA":0.294475409,"COGN305_AUTONOMIC_GANGLIA":-0.860153214,"COLO201_LARGE_INTESTINE":-0.980642332,"COLO678_LARGE_INTESTINE":0.767822204,"COLO679_SKIN":-1.009145095,"COLO792_SKIN":2.731857709,"COLO800_SKIN":-0.869157699,"CORL23_LUNG":1.343720122,"CORL279_LUNG":0.385412873,"CORL47_LUNG":2.548638423,"COV318_OVARY":0.128995535,"COV362_OVARY":-0.976895413,"COV434_OVARY":-0.678136804,"COV504_OVARY":0.075490377,"COV644_OVARY":-0.587955236,"CW9019_SOFT_TISSUE":-0.997070453,"D283MED_CENTRAL_NERVOUS_SYSTEM":-0.81737543,"D341MED_CENTRAL_NERVOUS_SYSTEM":0.147518456,"D425_CENTRAL_NERVOUS_SYSTEM":-0.502565734,"D458_CENTRAL_NERVOUS_SYSTEM":-1.026179558,"DANG_PANCREAS":-0.975457922,"DAOY_CENTRAL_NERVOUS_SYSTEM":-0.747821881,"DB_HAEMATOPOIETIC_AND_LYMPHOID_TISSUE":-0.037162171,"DEL_HAEMATOPOIETIC_AND_LYMPHOID_TISSUE":-0.901741153,"DETROIT562_UPPER_AERODIGESTIVE_TRACT":0.883289291,"DKMG_CENTRAL_NERVOUS_SYSTEM":-0.365662523,"DLD1_LARGE_INTESTINE":1.120925903,"DU4475_BREAST":-0.189610807,"EFE184_ENDOMETRIUM":-1.012802527,"EFM19_BREAST":-0.52889835,"EFO21_OVARY":3.71265041,"EFO27_OVARY":-1.037472133,"EJM_HAEMATOPOIETIC_AND_LYMPHOID_TISSUE":0.16465575,"EKVX_LUNG":-1.030691729,"EM2_HAEMATOPOIETIC_AND_LYMPHOID_TISSUE":-0.518711947,"EN_ENDOMETRIUM":-0.453230016,"EOL1_HAEMATOPOIETIC_AND_LYMPHOID_TISSUE":-0.211507603,"EPLC272H_LUNG":-0.166642427,"ES2_OVARY":2.074570834,"ESO26_OESOPHAGUS":-1.015461825,"ESS1_ENDOMETRIUM":0.27333702,"EW8_BONE":-1.030534335,"EWS502_BONE":-1.035513337,"F36P_HAEMATOPOIETIC_AND_LYMPHOID_TISSUE":-1.007191341,"F5_CENTRAL_NERVOUS_SYSTEM":-0.555511836,"FADU_UPPER_AERODIGESTIVE_TRACT":-1.016755352,"FLO1_OESOPHAGUS":-0.515654308,"FU97_STOMACH":-1.032674984,"G292CLONEA141B1_BONE":1.378084926,"G402_SOFT_TISSUE":-0.950029857,"GAMG_CENTRAL_NERVOUS_SYSTEM":-0.802747125,"GB1_CENTRAL_NERVOUS_SYSTEM":-0.059024921,"GCIY_STOMACH":-1.010588288,"GCT_SOFT_TISSUE":-0.965988355,"GI1_CENTRAL_NERVOUS_SYSTEM":-0.938426387,"GSS_STOMACH":-0.965221042,"GSU_STOMACH":-0.799551541,"H103_UPPER_AERODIGESTIVE_TRACT":-0.592889041,"H4_CENTRAL_NERVOUS_SYSTEM":-0.822234235,"HARA_LUNG":-1.029052047,"HB1119_HAEMATOPOIETIC_AND_LYMPHOID_TISSUE":-0.088139356,"HCC1143_BREAST":-0.895902841,"HCC1359_LUNG":-0.338446695,"HCC1395_BREAST":-0.317853451,"HCC1419_BREAST":1.612827836,"HCC1428_BREAST":-0.319334459,"HCC15_LUNG":-0.975627291,"HCC1806_BREAST":1.660166152,"HCC1937_BREAST":-0.658560938,"HCC1954_BREAST":-0.162271063,"HCC202_BREAST":0.80141429,"HCC2429_LUNG":-0.822711497,"HCC2935_LUNG":-0.865891934,"HCC366_LUNG":-0.654996471,"HCC461_LUNG":-0.998394785,"HCC515_LUNG":-0.681470262,"HCC56_LARGE_INTESTINE":-0.771251715,"HCC827_LUNG":-0.658880855,"HCC95_LUNG":0.663924067,"HDMYZ_HAEMATOPOIETIC_AND_LYMPHOID_TISSUE":-0.945514625,"HEC151_ENDOMETRIUM":-0.859519559,"HEC1A_ENDOMETRIUM":1.147099448,"HEC1B_ENDOMETRIUM":6.197931065,"HEC251_ENDOMETRIUM":1.120588696,"HEC265_ENDOMETRIUM":-0.086776654,"HEC50B_ENDOMETRIUM":-0.523461794,"HEC59_ENDOMETRIUM":-0.577762395,"HEC6_ENDOMETRIUM":0.052388126,"HEL_HAEMATOPOIETIC_AND_LYMPHOID_TISSUE":-0.548357233,"HEL9217_HAEMATOPOIETIC_AND_LYMPHOID_TISSUE":-1.032597498,"HEYA8_OVARY":-0.775186095,"HGC27_STOMACH":-1.038247782,"HLF_LIVER":-0.216524642,"HMC18_BREAST":-1.028315,"HOP62_LUNG":-1.027656844,"HS294T_SKIN":-1.032963289,"HS578T_BREAST":-0.025377923,"HS683_CENTRAL_NERVOUS_SYSTEM":-0.74832093,"HS695T_SKIN":-1.03171618,"HS729_SOFT_TISSUE":4.444475658,"HS746T_STOMACH":-0.295422467,"HS766T_PANCREAS":-1.028419399,"HS852T_SKIN":-0.522347007,"HS944T_SKIN":-0.964164073,"HSB2_HAEMATOPOIETIC_AND_LYMPHOID_TISSUE":-0.358713944,"HSC1_SKIN":0.47347313,"HSC2_UPPER_AERODIGESTIVE_TRACT":-1.001191929,"HSC3_UPPER_AERODIGESTIVE_TRACT":-0.215144887,"HT1080_SOFT_TISSUE":-0.27267628,"HT115_LARGE_INTESTINE":-0.584158517,"HT1197_URINARY_TRACT":-0.418777363,"HT1376_URINARY_TRACT":-1.025931074,"HT144_SKIN":-0.774905881,"HT29_LARGE_INTESTINE":-0.805306032,"HT55_LARGE_INTESTINE":-0.999026382,"HUH1_LIVER":-0.960841381,"HUH6_LIVER":-0.810579554,"HUH7_LIVER":0.774745147,"HUNS1_HAEMATOPOIETIC_AND_LYMPHOID_TISSUE":-0.857069471,"HUPT3_PANCREAS":-1.011067958,"IALM_LUNG":0.527306801,"IGR1_SKIN":-0.988385352,"IGR39_SKIN":-0.842006106,"IMR32_AUTONOMIC_GANGLIA":3.446854002,"INA6_HAEMATOPOIETIC_AND_LYMPHOID_TISSUE":-0.931634347,"IPC298_SKIN":0.892533549,"ISTMES1_PLEURA":-0.516055854,"ISTMES2_PLEURA":-0.50649979,"J82_URINARY_TRACT":0.698516329,"JHH1_LIVER":-0.884797113,"JHH4_LIVER":-0.967195065,"JHH5_LIVER":-1.00954714,"JHH7_LIVER":-0.740656297,"JHOC5_OVARY":-1.032800526,"JHOM1_OVARY":-0.29559683,"JHOS2_OVARY":-0.107580871,"JHOS4_OVARY":2.532932723,"JHUEM1_ENDOMETRIUM":-0.954571527,"JHUEM7_ENDOMETRIUM":-0.436453898,"JIMT1_BREAST":-0.35366913,"JJN3_HAEMATOPOIETIC_AND_LYMPHOID_TISSUE":3.037419586,"JMSU1_URINARY_TRACT":8.323937348,"JMURTK2_SOFT_TISSUE":0.384370939,"JOPACA1_PANCREAS":-0.866636004,"JR_SOFT_TISSUE":-0.482509662,"K029AX_SKIN":-1.039280371,"KALS1_CENTRAL_NERVOUS_SYSTEM":-0.840196882,"KARPAS299_HAEMATOPOIETIC_AND_LYMPHOID_TISSUE":-1.022040185,"KARPAS422_HAEMATOPOIETIC_AND_LYMPHOID_TISSUE":-1.039280371,"KASUMI1_HAEMATOPOIETIC_AND_LYMPHOID_TISSUE":-0.620992385,"KE39_STOMACH":-0.163490253,"KE97_HAEMATOPOIETIC_AND_LYMPHOID_TISSUE":-1.039280371,