{"scores":{"127399_SOFT_TISSUE":-5.315308196,"143B_BONE":2.603885061,"2313287_STOMACH":3.993611748,"253J_URINARY_TRACT":3.067230563,"42MGBA_CENTRAL_NERVOUS_SYSTEM":3.12149388,"5637_URINARY_TRACT":-4.952111416,"59M_OVARY":-6.925935618,"639V_URINARY_TRACT":-6.221739816,"647V_URINARY_TRACT":3.116703907,"697_HAEMATOPOIETIC_AND_LYMPHOID_TISSUE":2.10759394,"769P_KIDNEY":-4.547336282,"786O_KIDNEY":-0.861775006,"8305C_THYROID":-2.880729376,"8MGBA_CENTRAL_NERVOUS_SYSTEM":3.967541897,"A2058_SKIN":-3.419282782,"A2780_OVARY":-7.459216611,"A3KAW_HAEMATOPOIETIC_AND_LYMPHOID_TISSUE":2.208600934,"A427_LUNG":1.341546476,"A431_SKIN":3.49390644,"A549_LUNG":-1.45815919,"A673_BONE":3.573651854,"ABC1_LUNG":2.890495229,"ACCMESO1_PLEURA":-2.110270025,"AGS_STOMACH":4.016233499,"AML193_HAEMATOPOIETIC_AND_LYMPHOID_TISSUE":3.70660902,"AMO1_HAEMATOPOIETIC_AND_LYMPHOID_TISSUE":3.50263441,"ASPC1_PANCREAS":1.879938624,"AU565_BREAST":2.230041655,"BC3C_URINARY_TRACT":-11.82562891,"BFTC905_URINARY_TRACT":3.542336134,"BFTC909_KIDNEY":3.961084578,"BHY_UPPER_AERODIGESTIVE_TRACT":3.211935615,"BICR16_UPPER_AERODIGESTIVE_TRACT":3.869090827,"BICR22_UPPER_AERODIGESTIVE_TRACT":3.879166552,"BICR31_UPPER_AERODIGESTIVE_TRACT":4.017349278,"BICR56_UPPER_AERODIGESTIVE_TRACT":2.940383164,"BICR6_UPPER_AERODIGESTIVE_TRACT":3.359300235,"BICR78_UPPER_AERODIGESTIVE_TRACT":3.116343124,"BIN67_OVARY":-1.703727186,"BL70_HAEMATOPOIETIC_AND_LYMPHOID_TISSUE":3.883624369,"BLUE1_HAEMATOPOIETIC_AND_LYMPHOID_TISSUE":3.77974907,"BT12_SOFT_TISSUE":3.56115455,"BT16_SOFT_TISSUE":-1.02045287,"BT549_BREAST":-7.857914579,"C2BBE1_LARGE_INTESTINE":3.865475486,"C32_SKIN":3.333323918,"C8166_HAEMATOPOIETIC_AND_LYMPHOID_TISSUE":-1.964977559,"CADOES1_BONE":-2.261652579,"CAKI1_KIDNEY":-13.08694254,"CAKI2_KIDNEY":-8.071022556,"CAL27_UPPER_AERODIGESTIVE_TRACT":3.473892058,"CAL29_URINARY_TRACT":2.644489676,"CAL33_UPPER_AERODIGESTIVE_TRACT":2.907900992,"CAL51_BREAST":-17.00474745,"CAL78_BONE":-3.543705757,"CALU1_LUNG":-19.06837018,"CALU6_LUNG":-3.870377371,"CAMA1_BREAST":2.844843622,"CAOV3_OVARY":3.640642485,"CAS1_CENTRAL_NERVOUS_SYSTEM":-0.905679018,"CASKI_CERVIX":3.983506586,"CCFSTTG1_CENTRAL_NERVOUS_SYSTEM":-8.000447786,"CCK81_LARGE_INTESTINE":2.648958804,"CCLFPEDS0001T_KIDNEY":1.127331907,"CCLFPEDS0003T_SOFT_TISSUE":-0.518942787,"CFPAC1_PANCREAS":3.896476253,"CH157MN_CENTRAL_NERVOUS_SYSTEM":-12.96577692,"CHAGOK1_LUNG":3.339070562,"CHLA06ATRT_SOFT_TISSUE":2.423194211,"CHLA15_AUTONOMIC_GANGLIA":2.727165938,"CHLA266_SOFT_TISSUE":-0.362134891,"CHP212_AUTONOMIC_GANGLIA":-0.177379203,"CJM_SKIN":-2.32276257,"CL40_LARGE_INTESTINE":-2.599815246,"CME1_SOFT_TISSUE":-20,"CMLT1_HAEMATOPOIETIC_AND_LYMPHOID_TISSUE":3.832687128,"COGAR359_SOFT_TISSUE":-0.000410278,"COGE352_BONE":3.662681531,"COGN278_AUTONOMIC_GANGLIA":1.76033485,"COGN305_AUTONOMIC_GANGLIA":2.522648312,"COLO201_LARGE_INTESTINE":3.357799444,"COLO678_LARGE_INTESTINE":3.837116992,"COLO679_SKIN":2.057179625,"COLO792_SKIN":1.567123412,"COLO800_SKIN":-1.905115292,"CORL23_LUNG":0.081284533,"CORL279_LUNG":1.980740377,"CORL47_LUNG":3.769700825,"COV318_OVARY":2.158569349,"COV362_OVARY":3.584126523,"COV434_OVARY":2.611484654,"COV504_OVARY":-11.24363825,"COV644_OVARY":3.666129842,"CW9019_SOFT_TISSUE":-12.37341017,"D283MED_CENTRAL_NERVOUS_SYSTEM":4.002706089,"D341MED_CENTRAL_NERVOUS_SYSTEM":1.866153623,"D425_CENTRAL_NERVOUS_SYSTEM":3.158049347,"D458_CENTRAL_NERVOUS_SYSTEM":2.463304971,"DANG_PANCREAS":3.351205311,"DAOY_CENTRAL_NERVOUS_SYSTEM":3.350594807,"DB_HAEMATOPOIETIC_AND_LYMPHOID_TISSUE":3.773828151,"DEL_HAEMATOPOIETIC_AND_LYMPHOID_TISSUE":3.405544816,"DETROIT562_UPPER_AERODIGESTIVE_TRACT":3.982808093,"DKMG_CENTRAL_NERVOUS_SYSTEM":-6.409266244,"DLD1_LARGE_INTESTINE":2.196556462,"DU4475_BREAST":3.514282191,"EFE184_ENDOMETRIUM":3.988284278,"EFM19_BREAST":-0.921308476,"EFO21_OVARY":3.255295679,"EFO27_OVARY":-10.39638802,"EJM_HAEMATOPOIETIC_AND_LYMPHOID_TISSUE":3.549864913,"EKVX_LUNG":-1.826817541,"EM2_HAEMATOPOIETIC_AND_LYMPHOID_TISSUE":2.769353143,"EN_ENDOMETRIUM":2.311689637,"EOL1_HAEMATOPOIETIC_AND_LYMPHOID_TISSUE":2.623910567,"EPLC272H_LUNG":3.926030733,"ES2_OVARY":2.324287333,"ESO26_OESOPHAGUS":2.57097434,"ESS1_ENDOMETRIUM":-8.025144703,"EW8_BONE":4.012391406,"EWS502_BONE":4.016355798,"F36P_HAEMATOPOIETIC_AND_LYMPHOID_TISSUE":1.59727245,"F5_CENTRAL_NERVOUS_SYSTEM":-20,"FADU_UPPER_AERODIGESTIVE_TRACT":1.657544596,"FLO1_OESOPHAGUS":-10.85810875,"FU97_STOMACH":0.37696002,"G292CLONEA141B1_BONE":-5.431016339,"G402_SOFT_TISSUE":-2.88236655,"GAMG_CENTRAL_NERVOUS_SYSTEM":-0.8808135,"GB1_CENTRAL_NERVOUS_SYSTEM":-1.881473022,"GCIY_STOMACH":1.549833738,"GCT_SOFT_TISSUE":3.112076409,"GI1_CENTRAL_NERVOUS_SYSTEM":2.807726213,"GSS_STOMACH":3.184048121,"GSU_STOMACH":3.268387517,"H103_UPPER_AERODIGESTIVE_TRACT":3.582000849,"H4_CENTRAL_NERVOUS_SYSTEM":3.279716274,"HARA_LUNG":3.426305468,"HB1119_HAEMATOPOIETIC_AND_LYMPHOID_TISSUE":3.250815962,"HCC1143_BREAST":3.393287435,"HCC1359_LUNG":1.017882793,"HCC1395_BREAST":0.924505897,"HCC1419_BREAST":3.130408523,"HCC1428_BREAST":3.381413211,"HCC15_LUNG":0.781974031,"HCC1806_BREAST":2.849514569,"HCC1937_BREAST":3.690312569,"HCC1954_BREAST":-5.827210377,"HCC202_BREAST":4.017315919,"HCC2429_LUNG":2.420009761,"HCC2935_LUNG":-13.34647252,"HCC366_LUNG":-3.917511617,"HCC461_LUNG":-15.59708744,"HCC515_LUNG":-2.568249025,"HCC56_LARGE_INTESTINE":2.843656468,"HCC827_LUNG":3.878743131,"HCC95_LUNG":2.911386436,"HDMYZ_HAEMATOPOIETIC_AND_LYMPHOID_TISSUE":2.20214836,"HEC151_ENDOMETRIUM":2.658527524,"HEC1A_ENDOMETRIUM":-2.406578292,"HEC1B_ENDOMETRIUM":-4.354029399,"HEC251_ENDOMETRIUM":1.774321193,"HEC265_ENDOMETRIUM":-1.064405989,"HEC50B_ENDOMETRIUM":-0.616062389,"HEC59_ENDOMETRIUM":-5.535492142,"HEC6_ENDOMETRIUM":3.255280753,"HEL_HAEMATOPOIETIC_AND_LYMPHOID_TISSUE":0.075546224,"HEL9217_HAEMATOPOIETIC_AND_LYMPHOID_TISSUE":1.736928123,"HEYA8_OVARY":-20,"HGC27_STOMACH":0.440365868,"HLF_LIVER":-8.751535273,"HMC18_BREAST":-1.956838771,"HOP62_LUNG":-17.1631847,"HS294T_SKIN":4.004562887,"HS578T_BREAST":2.368261348,"HS683_CENTRAL_NERVOUS_SYSTEM":-9.951969577,"HS695T_SKIN":3.630280511,"HS729_SOFT_TISSUE":-6.454840251,"HS746T_STOMACH":-8.116304348,"HS766T_PANCREAS":-10.35115148,"HS852T_SKIN":-7.228019429,"HS944T_SKIN":-2.457843688,"HSB2_HAEMATOPOIETIC_AND_LYMPHOID_TISSUE":-9.466607412,"HSC1_SKIN":4.011001109,"HSC2_UPPER_AERODIGESTIVE_TRACT":-2.310570739,"HSC3_UPPER_AERODIGESTIVE_TRACT":3.374816959,"HT1080_SOFT_TISSUE":2.437490124,"HT115_LARGE_INTESTINE":2.978416107,"HT1197_URINARY_TRACT":2.868075028,"HT1376_URINARY_TRACT":2.567072913,"HT144_SKIN":-0.119467105,"HT29_LARGE_INTESTINE":3.880211473,"HT55_LARGE_INTESTINE":2.798259787,"HUH1_LIVER":3.325937569,"HUH6_LIVER":-7.642539083,"HUH7_LIVER":3.081343157,"HUNS1_HAEMATOPOIETIC_AND_LYMPHOID_TISSUE":-0.361665643,"HUPT3_PANCREAS":3.756693113,"IALM_LUNG":-2.705975314,"IGR1_SKIN":1.952752096,"IGR39_SKIN":-6.607294828,"IMR32_AUTONOMIC_GANGLIA":2.086947816,"INA6_HAEMATOPOIETIC_AND_LYMPHOID_TISSUE":2.651916466,"IPC298_SKIN":-5.659331218,"ISTMES1_PLEURA":0.578443037,"ISTMES2_PLEURA":-8.892605833,"J82_URINARY_TRACT":2.68055205,"JHH1_LIVER":3.631081943,"JHH4_LIVER":-7.935347638,"JHH5_LIVER":3.283264742,"JHH7_LIVER":3.415177459,"JHOC5_OVARY":-4.080713495,"JHOM1_OVARY":1.100056801,"JHOS2_OVARY":0.019745789,"JHOS4_OVARY":4.005328736,"JHUEM1_ENDOMETRIUM":-1.251125125,"JHUEM7_ENDOMETRIUM":1.836585321,"JIMT1_BREAST":3.667178922,"JJN3_HAEMATOPOIETIC_AND_LYMPHOID_TISSUE":2.389461487,"JMSU1_URINARY_TRACT":2.308360294,"JMURTK2_SOFT_TISSUE":0.952328854,"JOPACA1_PANCREAS":3.758313744,"JR_SOFT_TISSUE":2.810044884,"K029AX_SKIN":3.605166228,"KALS1_CENTRAL_NERVOUS_SYSTEM":2.218984683,"KARPAS299_HAEMATOPOIETIC_AND_LYMPHOID_TISSUE":3.354486335,"KARPAS422_HAEMATOPOIETIC_AND_LYMPHOID_TISSUE":2.213915736,"KASUMI1_HAEMATOPOIETIC_AND_LYMPHOID_TISSUE":3.982724128,"KE39_STOMACH":3.825772854,"KE97_HAEMATOPOIETIC_AND_LYMPHOID_TISSUE":-1.100721398,"KELLY_AUTONOMIC_GANGLIA":3.071935728,"KIJK_HAEMATOPOIETIC_AND_LYMPHOID_TISSUE":3.345083841,"KLE_ENDOMETRIUM":1.615069739,