{"scores":{"127399_SOFT_TISSUE":-1.40215868,"143B_BONE":-1.141615395,"2313287_STOMACH":0.575734024,"253J_URINARY_TRACT":-1.947238807,"42MGBA_CENTRAL_NERVOUS_SYSTEM":-1.591393723,"5637_URINARY_TRACT":-2.238742753,"59M_OVARY":-1.76800917,"639V_URINARY_TRACT":1.925126841,"647V_URINARY_TRACT":-2.002695164,"697_HAEMATOPOIETIC_AND_LYMPHOID_TISSUE":-1.731593066,"769P_KIDNEY":0.400449226,"786O_KIDNEY":-2.113473073,"8305C_THYROID":-1.911163201,"8MGBA_CENTRAL_NERVOUS_SYSTEM":-2.243424152,"A2058_SKIN":-2.082250901,"A2780_OVARY":-2.1762356,"A3KAW_HAEMATOPOIETIC_AND_LYMPHOID_TISSUE":-0.971458883,"A427_LUNG":-2.012430715,"A431_SKIN":-2.244422799,"A549_LUNG":-1.996126298,"A673_BONE":-1.296920003,"ABC1_LUNG":-1.458967593,"ACCMESO1_PLEURA":-1.855049298,"AGS_STOMACH":-1.587368248,"AML193_HAEMATOPOIETIC_AND_LYMPHOID_TISSUE":-1.794117461,"AMO1_HAEMATOPOIETIC_AND_LYMPHOID_TISSUE":-0.639500009,"ASPC1_PANCREAS":-0.043721457,"AU565_BREAST":-2.183258416,"BC3C_URINARY_TRACT":-2.069345012,"BFTC905_URINARY_TRACT":-2.25157134,"BFTC909_KIDNEY":-1.771517039,"BHY_UPPER_AERODIGESTIVE_TRACT":-1.567464339,"BICR16_UPPER_AERODIGESTIVE_TRACT":-0.128457069,"BICR22_UPPER_AERODIGESTIVE_TRACT":-2.241980123,"BICR31_UPPER_AERODIGESTIVE_TRACT":-2.029093616,"BICR56_UPPER_AERODIGESTIVE_TRACT":-2.235644459,"BICR6_UPPER_AERODIGESTIVE_TRACT":-1.721788651,"BICR78_UPPER_AERODIGESTIVE_TRACT":-2.244085136,"BIN67_OVARY":-0.080700226,"BL70_HAEMATOPOIETIC_AND_LYMPHOID_TISSUE":-0.835213528,"BLUE1_HAEMATOPOIETIC_AND_LYMPHOID_TISSUE":-1.882086818,"BT12_SOFT_TISSUE":8.405147601,"BT16_SOFT_TISSUE":5.972823116,"BT549_BREAST":-2.161962717,"C2BBE1_LARGE_INTESTINE":-1.442664392,"C32_SKIN":-2.254653985,"C8166_HAEMATOPOIETIC_AND_LYMPHOID_TISSUE":-2.050699959,"CADOES1_BONE":-1.606122206,"CAKI1_KIDNEY":-1.486964711,"CAKI2_KIDNEY":-2.147421055,"CAL27_UPPER_AERODIGESTIVE_TRACT":-2.147898757,"CAL29_URINARY_TRACT":-1.490854299,"CAL33_UPPER_AERODIGESTIVE_TRACT":-2.057457676,"CAL51_BREAST":-0.018921268,"CAL78_BONE":-2.10778276,"CALU1_LUNG":0.022146086,"CALU6_LUNG":-2.120602899,"CAMA1_BREAST":2.438698156,"CAOV3_OVARY":-1.428065708,"CAS1_CENTRAL_NERVOUS_SYSTEM":-1.614294651,"CASKI_CERVIX":-2.256985369,"CCFSTTG1_CENTRAL_NERVOUS_SYSTEM":1.559880357,"CCK81_LARGE_INTESTINE":1.666600197,"CCLFPEDS0001T_KIDNEY":-1.576193188,"CCLFPEDS0003T_SOFT_TISSUE":-1.694299531,"CFPAC1_PANCREAS":-1.955978927,"CH157MN_CENTRAL_NERVOUS_SYSTEM":-2.108001704,"CHAGOK1_LUNG":2.835072957,"CHLA06ATRT_SOFT_TISSUE":-1.002649147,"CHLA15_AUTONOMIC_GANGLIA":-0.775264265,"CHLA266_SOFT_TISSUE":-0.043375453,"CHP212_AUTONOMIC_GANGLIA":-2.258617153,"CJM_SKIN":-2.174664255,"CL40_LARGE_INTESTINE":-2.08793744,"CME1_SOFT_TISSUE":-1.953751913,"CMLT1_HAEMATOPOIETIC_AND_LYMPHOID_TISSUE":-1.904353151,"COGAR359_SOFT_TISSUE":5.00421005,"COGE352_BONE":5.15181362,"COGN278_AUTONOMIC_GANGLIA":-1.806899882,"COGN305_AUTONOMIC_GANGLIA":-2.216058323,"COLO201_LARGE_INTESTINE":-1.232490902,"COLO678_LARGE_INTESTINE":-0.81296316,"COLO679_SKIN":-2.228716776,"COLO792_SKIN":-1.389089097,"COLO800_SKIN":-2.234588799,"CORL23_LUNG":-1.785997038,"CORL279_LUNG":-1.086272212,"CORL47_LUNG":3.443180481,"COV318_OVARY":-0.702628227,"COV362_OVARY":-0.823004496,"COV434_OVARY":-1.080622425,"COV504_OVARY":-1.614889758,"COV644_OVARY":4.496515521,"CW9019_SOFT_TISSUE":-1.423096241,"D283MED_CENTRAL_NERVOUS_SYSTEM":-2.153393348,"D341MED_CENTRAL_NERVOUS_SYSTEM":-1.495640128,"D425_CENTRAL_NERVOUS_SYSTEM":-1.740087238,"D458_CENTRAL_NERVOUS_SYSTEM":-2.252296613,"DANG_PANCREAS":-2.219429567,"DAOY_CENTRAL_NERVOUS_SYSTEM":-2.19435453,"DB_HAEMATOPOIETIC_AND_LYMPHOID_TISSUE":-0.543981343,"DEL_HAEMATOPOIETIC_AND_LYMPHOID_TISSUE":-1.771285082,"DETROIT562_UPPER_AERODIGESTIVE_TRACT":1.374136248,"DKMG_CENTRAL_NERVOUS_SYSTEM":-2.219687433,"DLD1_LARGE_INTESTINE":-1.797203301,"DU4475_BREAST":2.302321275,"EFE184_ENDOMETRIUM":-1.81592385,"EFM19_BREAST":-1.453123896,"EFO21_OVARY":-0.543316979,"EFO27_OVARY":-1.811293782,"EJM_HAEMATOPOIETIC_AND_LYMPHOID_TISSUE":-1.230592079,"EKVX_LUNG":0.422678631,"EM2_HAEMATOPOIETIC_AND_LYMPHOID_TISSUE":-1.781838596,"EN_ENDOMETRIUM":-0.24168858,"EOL1_HAEMATOPOIETIC_AND_LYMPHOID_TISSUE":-1.445553251,"EPLC272H_LUNG":-2.250963821,"ES2_OVARY":-2.25296731,"ESO26_OESOPHAGUS":4.514523995,"ESS1_ENDOMETRIUM":-1.905143644,"EW8_BONE":-2.167996324,"EWS502_BONE":-2.173026014,"F36P_HAEMATOPOIETIC_AND_LYMPHOID_TISSUE":-2.025125323,"F5_CENTRAL_NERVOUS_SYSTEM":-2.207388132,"FADU_UPPER_AERODIGESTIVE_TRACT":-1.826049658,"FLO1_OESOPHAGUS":0.814950726,"FU97_STOMACH":-0.2866523,"G292CLONEA141B1_BONE":-0.476097334,"G402_SOFT_TISSUE":0.564939461,"GAMG_CENTRAL_NERVOUS_SYSTEM":-2.048799292,"GB1_CENTRAL_NERVOUS_SYSTEM":-1.984808585,"GCIY_STOMACH":-0.525551843,"GCT_SOFT_TISSUE":-2.258659569,"GI1_CENTRAL_NERVOUS_SYSTEM":-1.623636755,"GSS_STOMACH":1.723291793,"GSU_STOMACH":0.423426999,"H103_UPPER_AERODIGESTIVE_TRACT":-2.074358509,"H4_CENTRAL_NERVOUS_SYSTEM":-2.224291605,"HARA_LUNG":-2.233711489,"HB1119_HAEMATOPOIETIC_AND_LYMPHOID_TISSUE":-2.051119965,"HCC1143_BREAST":-1.917426063,"HCC1359_LUNG":-1.042121499,"HCC1395_BREAST":-2.157959307,"HCC1419_BREAST":-1.689295965,"HCC1428_BREAST":-2.197649978,"HCC15_LUNG":-1.344326816,"HCC1806_BREAST":-1.617778421,"HCC1937_BREAST":1.115998191,"HCC1954_BREAST":-2.253617908,"HCC202_BREAST":-2.041956671,"HCC2429_LUNG":-2.217639132,"HCC2935_LUNG":-2.237397344,"HCC366_LUNG":-0.637777459,"HCC461_LUNG":-1.188900986,"HCC515_LUNG":-1.644323864,"HCC56_LARGE_INTESTINE":-2.25161938,"HCC827_LUNG":-2.199852066,"HCC95_LUNG":-2.205476634,"HDMYZ_HAEMATOPOIETIC_AND_LYMPHOID_TISSUE":2.152733925,"HEC151_ENDOMETRIUM":-0.773471461,"HEC1A_ENDOMETRIUM":-1.720076757,"HEC1B_ENDOMETRIUM":0.669851934,"HEC251_ENDOMETRIUM":0.55527344,"HEC265_ENDOMETRIUM":-1.199028469,"HEC50B_ENDOMETRIUM":1.816014033,"HEC59_ENDOMETRIUM":2.92443983,"HEC6_ENDOMETRIUM":-0.536082034,"HEL_HAEMATOPOIETIC_AND_LYMPHOID_TISSUE":-1.361174175,"HEL9217_HAEMATOPOIETIC_AND_LYMPHOID_TISSUE":0.575395603,"HEYA8_OVARY":-2.192085745,"HGC27_STOMACH":0.001374516,"HLF_LIVER":-1.911498737,"HMC18_BREAST":3.512309252,"HOP62_LUNG":-1.788894666,"HS294T_SKIN":-2.245679381,"HS578T_BREAST":-0.675670892,"HS683_CENTRAL_NERVOUS_SYSTEM":-2.208603946,"HS695T_SKIN":-1.223639109,"HS729_SOFT_TISSUE":-0.580381212,"HS746T_STOMACH":-1.368678759,"HS766T_PANCREAS":-1.522094516,"HS852T_SKIN":-1.487432504,"HS944T_SKIN":-2.098873702,"HSB2_HAEMATOPOIETIC_AND_LYMPHOID_TISSUE":1.81316237,"HSC1_SKIN":-2.257220535,"HSC2_UPPER_AERODIGESTIVE_TRACT":-1.580557868,"HSC3_UPPER_AERODIGESTIVE_TRACT":-1.916537103,"HT1080_SOFT_TISSUE":-2.084611087,"HT115_LARGE_INTESTINE":-1.568642426,"HT1197_URINARY_TRACT":-1.985188794,"HT1376_URINARY_TRACT":-1.373092601,"HT144_SKIN":-1.194632741,"HT29_LARGE_INTESTINE":-2.230374588,"HT55_LARGE_INTESTINE":2.627278965,"HUH1_LIVER":-2.212478583,"HUH6_LIVER":-1.37408268,"HUH7_LIVER":-1.449039085,"HUNS1_HAEMATOPOIETIC_AND_LYMPHOID_TISSUE":3.199078161,"HUPT3_PANCREAS":1.893974821,"IALM_LUNG":-0.94093922,"IGR1_SKIN":-1.466763781,"IGR39_SKIN":-0.080199182,"IMR32_AUTONOMIC_GANGLIA":0.978757737,"INA6_HAEMATOPOIETIC_AND_LYMPHOID_TISSUE":-2.240745378,"IPC298_SKIN":-2.096016837,"ISTMES1_PLEURA":-1.471403803,"ISTMES2_PLEURA":-2.191954291,"J82_URINARY_TRACT":-2.158929066,"JHH1_LIVER":3.487378054,"JHH4_LIVER":-2.174573733,"JHH5_LIVER":0.6219148,"JHH7_LIVER":-1.006202598,"JHOC5_OVARY":-1.911941779,"JHOM1_OVARY":-1.72513807,"JHOS2_OVARY":-2.255612421,"JHOS4_OVARY":1.772206222,"JHUEM1_ENDOMETRIUM":-1.619345837,"JHUEM7_ENDOMETRIUM":-2.165438559,"JIMT1_BREAST":-2.173797326,"JJN3_HAEMATOPOIETIC_AND_LYMPHOID_TISSUE":2.591250858,"JMSU1_URINARY_TRACT":-1.710890626,"JMURTK2_SOFT_TISSUE":-2.049254355,"JOPACA1_PANCREAS":-2.007027355,"JR_SOFT_TISSUE":-1.775352566,"K029AX_SKIN":-0.318145285,"KALS1_CENTRAL_NERVOUS_SYSTEM":-2.245318447,"KARPAS299_HAEMATOPOIETIC_AND_LYMPHOID_TISSUE":-1.436286999,"KARPAS422_HAEMATOPOIETIC_AND_LYMPHOID_TISSUE":-1.890054923,"KASUMI1_HAEMATOPOIETIC_AND_LYMPHOID_TISSUE":-1.410994139,"KE39_STOMACH":-1.734937907,"KE97_HAEMATOPOIETIC_AND_LYMPHOID_TISSUE":6.892585043,