{"scores":{"127399_SOFT_TISSUE":4.325978385,"143B_BONE":4.372583861,"2313287_STOMACH":4.323178101,"253J_URINARY_TRACT":3.934532313,"42MGBA_CENTRAL_NERVOUS_SYSTEM":4.377788931,"5637_URINARY_TRACT":4.233119176,"59M_OVARY":4.420603932,"639V_URINARY_TRACT":4.088140704,"647V_URINARY_TRACT":3.984699342,"697_HAEMATOPOIETIC_AND_LYMPHOID_TISSUE":3.693388861,"769P_KIDNEY":4.109104874,"786O_KIDNEY":4.426564033,"8305C_THYROID":3.907685486,"8MGBA_CENTRAL_NERVOUS_SYSTEM":4.430154414,"A2058_SKIN":4.431751134,"A2780_OVARY":4.391941794,"A3KAW_HAEMATOPOIETIC_AND_LYMPHOID_TISSUE":2.198579456,"A427_LUNG":2.127115422,"A431_SKIN":4.230299546,"A549_LUNG":4.437838507,"A673_BONE":2.932505778,"ABC1_LUNG":4.033701643,"ACCMESO1_PLEURA":3.499315727,"AGS_STOMACH":3.906780747,"AML193_HAEMATOPOIETIC_AND_LYMPHOID_TISSUE":3.788003719,"AMO1_HAEMATOPOIETIC_AND_LYMPHOID_TISSUE":3.337654063,"ASPC1_PANCREAS":4.428859641,"AU565_BREAST":3.895729346,"BC3C_URINARY_TRACT":4.247282601,"BFTC905_URINARY_TRACT":4.406969608,"BFTC909_KIDNEY":4.401136318,"BHY_UPPER_AERODIGESTIVE_TRACT":4.425241673,"BICR16_UPPER_AERODIGESTIVE_TRACT":4.388694987,"BICR22_UPPER_AERODIGESTIVE_TRACT":4.368433996,"BICR31_UPPER_AERODIGESTIVE_TRACT":4.103983461,"BICR56_UPPER_AERODIGESTIVE_TRACT":4.437914983,"BICR6_UPPER_AERODIGESTIVE_TRACT":4.310916303,"BICR78_UPPER_AERODIGESTIVE_TRACT":4.045811574,"BIN67_OVARY":4.399869921,"BL70_HAEMATOPOIETIC_AND_LYMPHOID_TISSUE":4.437914987,"BLUE1_HAEMATOPOIETIC_AND_LYMPHOID_TISSUE":3.40099599,"BT12_SOFT_TISSUE":3.873318463,"BT16_SOFT_TISSUE":2.938747341,"BT549_BREAST":4.257206588,"C2BBE1_LARGE_INTESTINE":4.359853887,"C32_SKIN":4.3981541,"C8166_HAEMATOPOIETIC_AND_LYMPHOID_TISSUE":4.35507529,"CADOES1_BONE":2.536222514,"CAKI1_KIDNEY":3.436890478,"CAKI2_KIDNEY":4.002448001,"CAL27_UPPER_AERODIGESTIVE_TRACT":3.008907976,"CAL29_URINARY_TRACT":1.989317722,"CAL33_UPPER_AERODIGESTIVE_TRACT":3.9124457,"CAL51_BREAST":3.759902949,"CAL78_BONE":4.281878173,"CALU1_LUNG":2.966117672,"CALU6_LUNG":4.290142556,"CAMA1_BREAST":-20,"CAOV3_OVARY":4.437914987,"CAS1_CENTRAL_NERVOUS_SYSTEM":3.773390317,"CASKI_CERVIX":3.878287982,"CCFSTTG1_CENTRAL_NERVOUS_SYSTEM":4.311934074,"CCK81_LARGE_INTESTINE":4.437914987,"CCLFPEDS0001T_KIDNEY":4.349854827,"CCLFPEDS0003T_SOFT_TISSUE":4.288422797,"CFPAC1_PANCREAS":4.203289219,"CH157MN_CENTRAL_NERVOUS_SYSTEM":4.020902682,"CHAGOK1_LUNG":3.146466102,"CHLA06ATRT_SOFT_TISSUE":4.290326402,"CHLA15_AUTONOMIC_GANGLIA":4.035460073,"CHLA266_SOFT_TISSUE":4.077124076,"CHP212_AUTONOMIC_GANGLIA":4.243372543,"CJM_SKIN":2.758558194,"CL40_LARGE_INTESTINE":-0.229908974,"CME1_SOFT_TISSUE":3.064717463,"CMLT1_HAEMATOPOIETIC_AND_LYMPHOID_TISSUE":4.075950945,"COGAR359_SOFT_TISSUE":2.774846376,"COGE352_BONE":3.757560119,"COGN278_AUTONOMIC_GANGLIA":4.307535122,"COGN305_AUTONOMIC_GANGLIA":3.857171646,"COLO201_LARGE_INTESTINE":4.415471579,"COLO678_LARGE_INTESTINE":3.764884314,"COLO679_SKIN":4.413077425,"COLO792_SKIN":4.437039975,"COLO800_SKIN":4.11720322,"CORL23_LUNG":2.270562239,"CORL279_LUNG":2.543356056,"CORL47_LUNG":4.419147701,"COV318_OVARY":4.131621928,"COV362_OVARY":4.326694571,"COV434_OVARY":4.399258915,"COV504_OVARY":3.989836041,"COV644_OVARY":3.988096466,"CW9019_SOFT_TISSUE":4.417548313,"D283MED_CENTRAL_NERVOUS_SYSTEM":3.890704613,"D341MED_CENTRAL_NERVOUS_SYSTEM":3.524810106,"D425_CENTRAL_NERVOUS_SYSTEM":4.365989151,"D458_CENTRAL_NERVOUS_SYSTEM":4.106435539,"DANG_PANCREAS":4.377181118,"DAOY_CENTRAL_NERVOUS_SYSTEM":4.280806231,"DB_HAEMATOPOIETIC_AND_LYMPHOID_TISSUE":3.907997991,"DEL_HAEMATOPOIETIC_AND_LYMPHOID_TISSUE":4.425512034,"DETROIT562_UPPER_AERODIGESTIVE_TRACT":4.096272776,"DKMG_CENTRAL_NERVOUS_SYSTEM":3.584767563,"DLD1_LARGE_INTESTINE":4.435180908,"DU4475_BREAST":3.492647312,"EFE184_ENDOMETRIUM":4.069189301,"EFM19_BREAST":-20,"EFO21_OVARY":4.05997267,"EFO27_OVARY":4.295751351,"EJM_HAEMATOPOIETIC_AND_LYMPHOID_TISSUE":4.412073806,"EKVX_LUNG":4.217711574,"EM2_HAEMATOPOIETIC_AND_LYMPHOID_TISSUE":4.386625137,"EN_ENDOMETRIUM":4.002919831,"EOL1_HAEMATOPOIETIC_AND_LYMPHOID_TISSUE":3.959505057,"EPLC272H_LUNG":4.388040151,"ES2_OVARY":4.416784935,"ESO26_OESOPHAGUS":4.093256513,"ESS1_ENDOMETRIUM":3.591828298,"EW8_BONE":3.973368849,"EWS502_BONE":4.417656282,"F36P_HAEMATOPOIETIC_AND_LYMPHOID_TISSUE":4.182218116,"F5_CENTRAL_NERVOUS_SYSTEM":4.258581105,"FADU_UPPER_AERODIGESTIVE_TRACT":4.217080392,"FLO1_OESOPHAGUS":4.211545336,"FU97_STOMACH":4.30928706,"G292CLONEA141B1_BONE":4.388049529,"G402_SOFT_TISSUE":-0.418885417,"GAMG_CENTRAL_NERVOUS_SYSTEM":4.415605931,"GB1_CENTRAL_NERVOUS_SYSTEM":3.757684781,"GCIY_STOMACH":4.242711169,"GCT_SOFT_TISSUE":4.402540245,"GI1_CENTRAL_NERVOUS_SYSTEM":4.417394057,"GSS_STOMACH":3.65596219,"GSU_STOMACH":1.910920468,"H103_UPPER_AERODIGESTIVE_TRACT":3.50652423,"H4_CENTRAL_NERVOUS_SYSTEM":-0.129226163,"HARA_LUNG":3.995566669,"HB1119_HAEMATOPOIETIC_AND_LYMPHOID_TISSUE":4.399140306,"HCC1143_BREAST":4.437147495,"HCC1359_LUNG":4.434594835,"HCC1395_BREAST":4.22371127,"HCC1419_BREAST":-20,"HCC1428_BREAST":-20,"HCC15_LUNG":4.406416707,"HCC1806_BREAST":4.067412166,"HCC1937_BREAST":4.339793675,"HCC1954_BREAST":3.958192208,"HCC202_BREAST":4.352565014,"HCC2429_LUNG":1.719259291,"HCC2935_LUNG":2.894687466,"HCC366_LUNG":4.437860331,"HCC461_LUNG":4.249721686,"HCC515_LUNG":3.615404247,"HCC56_LARGE_INTESTINE":4.377134747,"HCC827_LUNG":3.208403395,"HCC95_LUNG":4.321073162,"HDMYZ_HAEMATOPOIETIC_AND_LYMPHOID_TISSUE":2.260868827,"HEC151_ENDOMETRIUM":-0.310871656,"HEC1A_ENDOMETRIUM":4.042312478,"HEC1B_ENDOMETRIUM":4.18608294,"HEC251_ENDOMETRIUM":0.345364669,"HEC265_ENDOMETRIUM":4.220928064,"HEC50B_ENDOMETRIUM":3.56820217,"HEC59_ENDOMETRIUM":3.071283017,"HEC6_ENDOMETRIUM":4.093399429,"HEL_HAEMATOPOIETIC_AND_LYMPHOID_TISSUE":3.192986488,"HEL9217_HAEMATOPOIETIC_AND_LYMPHOID_TISSUE":3.400224764,"HEYA8_OVARY":4.415117363,"HGC27_STOMACH":3.644842651,"HLF_LIVER":4.361668377,"HMC18_BREAST":4.435478062,"HOP62_LUNG":4.185427004,"HS294T_SKIN":4.193104813,"HS578T_BREAST":4.298313819,"HS683_CENTRAL_NERVOUS_SYSTEM":4.309143255,"HS695T_SKIN":4.286708381,"HS729_SOFT_TISSUE":4.294051946,"HS746T_STOMACH":3.379595116,"HS766T_PANCREAS":4.219473426,"HS852T_SKIN":4.253220222,"HS944T_SKIN":4.398803679,"HSB2_HAEMATOPOIETIC_AND_LYMPHOID_TISSUE":0.821916482,"HSC1_SKIN":3.773230724,"HSC2_UPPER_AERODIGESTIVE_TRACT":3.885910931,"HSC3_UPPER_AERODIGESTIVE_TRACT":3.949392547,"HT1080_SOFT_TISSUE":4.148883257,"HT115_LARGE_INTESTINE":3.860098461,"HT1197_URINARY_TRACT":2.801659202,"HT1376_URINARY_TRACT":4.425696021,"HT144_SKIN":3.833319847,"HT29_LARGE_INTESTINE":4.075717934,"HT55_LARGE_INTESTINE":4.437570554,"HUH1_LIVER":3.899896247,"HUH6_LIVER":4.314962127,"HUH7_LIVER":4.377248405,"HUNS1_HAEMATOPOIETIC_AND_LYMPHOID_TISSUE":3.461679432,"HUPT3_PANCREAS":3.465063394,"IALM_LUNG":2.171217803,"IGR1_SKIN":4.437842617,"IGR39_SKIN":4.436619361,"IMR32_AUTONOMIC_GANGLIA":4.393866705,"INA6_HAEMATOPOIETIC_AND_LYMPHOID_TISSUE":2.253822079,"IPC298_SKIN":3.903539823,"ISTMES1_PLEURA":4.106812839,"ISTMES2_PLEURA":3.334583484,"J82_URINARY_TRACT":4.192154147,"JHH1_LIVER":4.168294505,"JHH4_LIVER":4.253583731,"JHH5_LIVER":4.39789279,"JHH7_LIVER":3.268061607,"JHOC5_OVARY":4.38624497,"JHOM1_OVARY":4.405152476,"JHOS2_OVARY":4.315225865,"JHOS4_OVARY":4.420710862,"JHUEM1_ENDOMETRIUM":3.91111302,"JHUEM7_ENDOMETRIUM":4.42577785,"JIMT1_BREAST":4.408958752,"JJN3_HAEMATOPOIETIC_AND_LYMPHOID_TISSUE":3.343549766,"JMSU1_URINARY_TRACT":4.387899412,"JMURTK2_SOFT_TISSUE":4.060591325,"JOPACA1_PANCREAS":3.652202819,"JR_SOFT_TISSUE":3.388070341,"K029AX_SKIN":3.88538401,"KALS1_CENTRAL_NERVOUS_SYSTEM":4.343300671,"KARPAS299_HAEMATOPOIETIC_AND_LYMPHOID_TISSUE":4.281699366,"KARPAS422_HAEMATOPOIETIC_AND_LYMPHOID_TISSUE":1.712236821,"KASUMI1_HAEMATOPOIETIC_AND_LYMPHOID_TISSUE":4.387852457,"KE39_STOMACH":4.153382311,"KE97_HAEMATOPOIETIC_AND_LYMPHOID_TISSUE":3.997547684,"KELLY_AUTONOMIC_GANGLIA":4.266811074,"KIJK_HAEMATOPOIETIC_AND_LYMPHOID_TISSUE":4.36450732,"KLE_ENDOMETRIUM":3.228484343,"KM12_LARGE_INTESTINE":4.371948618,"KMBC2_URINARY_TRACT":4.437309765,