{"scores":{"127399_SOFT_TISSUE":2.489177151,"143B_BONE":2.596947107,"2313287_STOMACH":2.587539502,"253J_URINARY_TRACT":2.670026228,"42MGBA_CENTRAL_NERVOUS_SYSTEM":2.622701936,"5637_URINARY_TRACT":2.669925663,"59M_OVARY":2.683167771,"639V_URINARY_TRACT":2.607728629,"647V_URINARY_TRACT":2.433561378,"697_HAEMATOPOIETIC_AND_LYMPHOID_TISSUE":2.364427754,"769P_KIDNEY":2.416018889,"786O_KIDNEY":2.352209068,"8305C_THYROID":2.581412011,"8MGBA_CENTRAL_NERVOUS_SYSTEM":2.663463388,"A2058_SKIN":2.664261781,"A2780_OVARY":2.675117997,"A3KAW_HAEMATOPOIETIC_AND_LYMPHOID_TISSUE":2.670791441,"A427_LUNG":1.606544067,"A431_SKIN":2.10312743,"A549_LUNG":2.411997032,"A673_BONE":2.379468461,"ABC1_LUNG":2.287383814,"ACCMESO1_PLEURA":1.590210796,"AGS_STOMACH":2.646979925,"AML193_HAEMATOPOIETIC_AND_LYMPHOID_TISSUE":1.496457609,"AMO1_HAEMATOPOIETIC_AND_LYMPHOID_TISSUE":2.688694911,"ASPC1_PANCREAS":2.676267678,"AU565_BREAST":2.358676093,"BC3C_URINARY_TRACT":2.317899545,"BFTC905_URINARY_TRACT":0.283136556,"BFTC909_KIDNEY":2.202902022,"BHY_UPPER_AERODIGESTIVE_TRACT":0.086733244,"BICR16_UPPER_AERODIGESTIVE_TRACT":1.724046012,"BICR22_UPPER_AERODIGESTIVE_TRACT":0.891074944,"BICR31_UPPER_AERODIGESTIVE_TRACT":1.903118187,"BICR56_UPPER_AERODIGESTIVE_TRACT":2.690600753,"BICR6_UPPER_AERODIGESTIVE_TRACT":2.338963866,"BICR78_UPPER_AERODIGESTIVE_TRACT":2.627364137,"BIN67_OVARY":1.611943992,"BL70_HAEMATOPOIETIC_AND_LYMPHOID_TISSUE":2.515708343,"BLUE1_HAEMATOPOIETIC_AND_LYMPHOID_TISSUE":2.668418845,"BT12_SOFT_TISSUE":-20,"BT16_SOFT_TISSUE":1.895765801,"BT549_BREAST":2.656816585,"C2BBE1_LARGE_INTESTINE":2.266479196,"C32_SKIN":2.066372263,"C8166_HAEMATOPOIETIC_AND_LYMPHOID_TISSUE":2.527191306,"CADOES1_BONE":2.141760565,"CAKI1_KIDNEY":2.472511368,"CAKI2_KIDNEY":-5.67090822,"CAL27_UPPER_AERODIGESTIVE_TRACT":2.684789193,"CAL29_URINARY_TRACT":2.688300301,"CAL33_UPPER_AERODIGESTIVE_TRACT":2.508093941,"CAL51_BREAST":2.572933715,"CAL78_BONE":2.675515434,"CALU1_LUNG":2.572768696,"CALU6_LUNG":2.565129246,"CAMA1_BREAST":-0.962327872,"CAOV3_OVARY":0.591224825,"CAS1_CENTRAL_NERVOUS_SYSTEM":2.686469252,"CASKI_CERVIX":2.533941401,"CCFSTTG1_CENTRAL_NERVOUS_SYSTEM":2.453740313,"CCK81_LARGE_INTESTINE":2.668550831,"CCLFPEDS0001T_KIDNEY":1.262137622,"CCLFPEDS0003T_SOFT_TISSUE":1.547960827,"CFPAC1_PANCREAS":1.142680713,"CH157MN_CENTRAL_NERVOUS_SYSTEM":1.851352324,"CHAGOK1_LUNG":2.677936059,"CHLA06ATRT_SOFT_TISSUE":1.943352764,"CHLA15_AUTONOMIC_GANGLIA":2.660176735,"CHLA266_SOFT_TISSUE":2.514967449,"CHP212_AUTONOMIC_GANGLIA":2.61863797,"CJM_SKIN":0.835392748,"CL40_LARGE_INTESTINE":0.661568401,"CME1_SOFT_TISSUE":2.453897642,"CMLT1_HAEMATOPOIETIC_AND_LYMPHOID_TISSUE":2.439610583,"COGAR359_SOFT_TISSUE":2.612292383,"COGE352_BONE":2.57305046,"COGN278_AUTONOMIC_GANGLIA":2.39098174,"COGN305_AUTONOMIC_GANGLIA":2.54554706,"COLO201_LARGE_INTESTINE":1.448865798,"COLO678_LARGE_INTESTINE":2.281715737,"COLO679_SKIN":2.66158663,"COLO792_SKIN":2.551297926,"COLO800_SKIN":1.600136671,"CORL23_LUNG":-0.9741698,"CORL279_LUNG":2.691112218,"CORL47_LUNG":1.632033305,"COV318_OVARY":2.592800683,"COV362_OVARY":2.680088679,"COV434_OVARY":2.581639979,"COV504_OVARY":2.661428455,"COV644_OVARY":2.499738895,"CW9019_SOFT_TISSUE":2.672227525,"D283MED_CENTRAL_NERVOUS_SYSTEM":1.351614649,"D341MED_CENTRAL_NERVOUS_SYSTEM":2.617941335,"D425_CENTRAL_NERVOUS_SYSTEM":2.403480896,"D458_CENTRAL_NERVOUS_SYSTEM":2.680434462,"DANG_PANCREAS":1.443295617,"DAOY_CENTRAL_NERVOUS_SYSTEM":2.628599416,"DB_HAEMATOPOIETIC_AND_LYMPHOID_TISSUE":1.581910277,"DEL_HAEMATOPOIETIC_AND_LYMPHOID_TISSUE":2.307105491,"DETROIT562_UPPER_AERODIGESTIVE_TRACT":0.266442216,"DKMG_CENTRAL_NERVOUS_SYSTEM":2.413922918,"DLD1_LARGE_INTESTINE":2.689058989,"DU4475_BREAST":1.873099893,"EFE184_ENDOMETRIUM":2.054625,"EFM19_BREAST":0.694814861,"EFO21_OVARY":-7.577162877,"EFO27_OVARY":2.625489526,"EJM_HAEMATOPOIETIC_AND_LYMPHOID_TISSUE":-20,"EKVX_LUNG":2.668597973,"EM2_HAEMATOPOIETIC_AND_LYMPHOID_TISSUE":2.423439869,"EN_ENDOMETRIUM":2.633329367,"EOL1_HAEMATOPOIETIC_AND_LYMPHOID_TISSUE":2.626348667,"EPLC272H_LUNG":2.199934395,"ES2_OVARY":0.619821281,"ESO26_OESOPHAGUS":-1.9918691,"ESS1_ENDOMETRIUM":2.627117956,"EW8_BONE":2.480352738,"EWS502_BONE":2.68416542,"F36P_HAEMATOPOIETIC_AND_LYMPHOID_TISSUE":2.682382238,"F5_CENTRAL_NERVOUS_SYSTEM":2.505807999,"FADU_UPPER_AERODIGESTIVE_TRACT":-3.403524595,"FLO1_OESOPHAGUS":2.506338822,"FU97_STOMACH":2.471032133,"G292CLONEA141B1_BONE":2.139150507,"G402_SOFT_TISSUE":2.63320829,"GAMG_CENTRAL_NERVOUS_SYSTEM":2.689605741,"GB1_CENTRAL_NERVOUS_SYSTEM":1.874525746,"GCIY_STOMACH":2.225071705,"GCT_SOFT_TISSUE":2.685675683,"GI1_CENTRAL_NERVOUS_SYSTEM":2.156624912,"GSS_STOMACH":2.669452168,"GSU_STOMACH":1.493990125,"H103_UPPER_AERODIGESTIVE_TRACT":1.85574808,"H4_CENTRAL_NERVOUS_SYSTEM":2.454301705,"HARA_LUNG":0.328745416,"HB1119_HAEMATOPOIETIC_AND_LYMPHOID_TISSUE":2.12141745,"HCC1143_BREAST":0.989137108,"HCC1359_LUNG":1.347459326,"HCC1395_BREAST":2.688498986,"HCC1419_BREAST":0.584451119,"HCC1428_BREAST":1.894119924,"HCC15_LUNG":1.833651751,"HCC1806_BREAST":2.372541493,"HCC1937_BREAST":2.486717497,"HCC1954_BREAST":0.206138677,"HCC202_BREAST":2.655994571,"HCC2429_LUNG":2.357486935,"HCC2935_LUNG":2.473013832,"HCC366_LUNG":-2.183957373,"HCC461_LUNG":2.610655659,"HCC515_LUNG":2.632980751,"HCC56_LARGE_INTESTINE":1.249836785,"HCC827_LUNG":1.745290845,"HCC95_LUNG":2.691112218,"HDMYZ_HAEMATOPOIETIC_AND_LYMPHOID_TISSUE":2.539880461,"HEC151_ENDOMETRIUM":1.867213251,"HEC1A_ENDOMETRIUM":2.481985502,"HEC1B_ENDOMETRIUM":2.589969617,"HEC251_ENDOMETRIUM":1.721960411,"HEC265_ENDOMETRIUM":2.592453012,"HEC50B_ENDOMETRIUM":2.435710638,"HEC59_ENDOMETRIUM":2.627060141,"HEC6_ENDOMETRIUM":2.480050444,"HEL_HAEMATOPOIETIC_AND_LYMPHOID_TISSUE":1.395263333,"HEL9217_HAEMATOPOIETIC_AND_LYMPHOID_TISSUE":1.044613288,"HEYA8_OVARY":2.109835956,"HGC27_STOMACH":2.664687224,"HLF_LIVER":1.947818792,"HMC18_BREAST":2.68841329,"HOP62_LUNG":1.750538809,"HS294T_SKIN":2.673302266,"HS578T_BREAST":2.206210571,"HS683_CENTRAL_NERVOUS_SYSTEM":2.614634898,"HS695T_SKIN":2.641253357,"HS729_SOFT_TISSUE":2.354751525,"HS746T_STOMACH":2.502418252,"HS766T_PANCREAS":1.229375186,"HS852T_SKIN":2.334479943,"HS944T_SKIN":2.65945112,"HSB2_HAEMATOPOIETIC_AND_LYMPHOID_TISSUE":-20,"HSC1_SKIN":0.789403598,"HSC2_UPPER_AERODIGESTIVE_TRACT":2.642815124,"HSC3_UPPER_AERODIGESTIVE_TRACT":-5.26551475,"HT1080_SOFT_TISSUE":2.665758641,"HT115_LARGE_INTESTINE":2.135386153,"HT1197_URINARY_TRACT":0.640081372,"HT1376_URINARY_TRACT":2.676541418,"HT144_SKIN":2.63885315,"HT29_LARGE_INTESTINE":2.482148205,"HT55_LARGE_INTESTINE":2.044591434,"HUH1_LIVER":2.503734288,"HUH6_LIVER":1.785857996,"HUH7_LIVER":0.94862015,"HUNS1_HAEMATOPOIETIC_AND_LYMPHOID_TISSUE":2.664750705,"HUPT3_PANCREAS":2.511157868,"IALM_LUNG":2.011899885,"IGR1_SKIN":2.68783496,"IGR39_SKIN":2.377807869,"IMR32_AUTONOMIC_GANGLIA":1.340128471,"INA6_HAEMATOPOIETIC_AND_LYMPHOID_TISSUE":-0.124081297,"IPC298_SKIN":1.762953261,"ISTMES1_PLEURA":2.680229281,"ISTMES2_PLEURA":2.554643997,"J82_URINARY_TRACT":2.470976846,"JHH1_LIVER":2.67774849,"JHH4_LIVER":2.666049076,"JHH5_LIVER":-1.029598203,"JHH7_LIVER":-0.002512753,"JHOC5_OVARY":2.583481197,"JHOM1_OVARY":1.940240417,"JHOS2_OVARY":1.965763937,"JHOS4_OVARY":1.574643803,"JHUEM1_ENDOMETRIUM":2.659086194,"JHUEM7_ENDOMETRIUM":2.689269034,"JIMT1_BREAST":2.616027251,"JJN3_HAEMATOPOIETIC_AND_LYMPHOID_TISSUE":2.681379122,"JMSU1_URINARY_TRACT":2.658839763,"JMURTK2_SOFT_TISSUE":2.20486055,"JOPACA1_PANCREAS":1.639459445,"JR_SOFT_TISSUE":2.301974108,"K029AX_SKIN":1.34807735,"KALS1_CENTRAL_NERVOUS_SYSTEM":2.528363926,"KARPAS299_HAEMATOPOIETIC_AND_LYMPHOID_TISSUE":-7.167834501,"KARPAS422_HAEMATOPOIETIC_AND_LYMPHOID_TISSUE":2.690976149,"KASUMI1_HAEMATOPOIETIC_AND_LYMPHOID_TISSUE":2.691112218,"KE39_STOMACH":2.672493553,"KE97_HAEMATOPOIETIC_AND_LYMPHOID_TISSUE":-6.06571967,"KELLY_AUTONOMIC_GANGLIA":1.990223682,"KIJK_HAEMATOPOIETIC_AND_LYMPHOID_TISSUE":-0.351261632,"KLE_ENDOMETRIUM":2.593459682,"KM12_LARGE_INTESTINE":2.663502597,"KMBC2_URINARY_TRACT":0.151029872,