{"scores":{"127399_SOFT_TISSUE":2.326885586,"143B_BONE":3.539419829,"2313287_STOMACH":-3.385884996,"253J_URINARY_TRACT":2.478440683,"42MGBA_CENTRAL_NERVOUS_SYSTEM":3.416022522,"5637_URINARY_TRACT":3.500232712,"59M_OVARY":1.066917958,"639V_URINARY_TRACT":3.474159884,"647V_URINARY_TRACT":3.119798249,"697_HAEMATOPOIETIC_AND_LYMPHOID_TISSUE":1.51457817,"769P_KIDNEY":3.007392847,"786O_KIDNEY":3.428600557,"8305C_THYROID":3.688242133,"8MGBA_CENTRAL_NERVOUS_SYSTEM":3.619288015,"A2058_SKIN":3.567090734,"A2780_OVARY":3.700857698,"A3KAW_HAEMATOPOIETIC_AND_LYMPHOID_TISSUE":3.700623755,"A427_LUNG":3.692235643,"A431_SKIN":3.558722612,"A549_LUNG":-9.347115091,"A673_BONE":2.95286054,"ABC1_LUNG":3.545267609,"ACCMESO1_PLEURA":-0.197298464,"AGS_STOMACH":2.935976767,"AML193_HAEMATOPOIETIC_AND_LYMPHOID_TISSUE":3.280430551,"AMO1_HAEMATOPOIETIC_AND_LYMPHOID_TISSUE":2.81790247,"ASPC1_PANCREAS":-20,"AU565_BREAST":-3.730714314,"BC3C_URINARY_TRACT":-4.108225809,"BFTC905_URINARY_TRACT":3.288368963,"BFTC909_KIDNEY":3.639185691,"BHY_UPPER_AERODIGESTIVE_TRACT":3.461440258,"BICR16_UPPER_AERODIGESTIVE_TRACT":2.510247145,"BICR22_UPPER_AERODIGESTIVE_TRACT":3.499104547,"BICR31_UPPER_AERODIGESTIVE_TRACT":2.736018177,"BICR56_UPPER_AERODIGESTIVE_TRACT":3.657301206,"BICR6_UPPER_AERODIGESTIVE_TRACT":3.485200375,"BICR78_UPPER_AERODIGESTIVE_TRACT":3.473610039,"BIN67_OVARY":3.636865097,"BL70_HAEMATOPOIETIC_AND_LYMPHOID_TISSUE":3.625525579,"BLUE1_HAEMATOPOIETIC_AND_LYMPHOID_TISSUE":3.253613714,"BT12_SOFT_TISSUE":2.960216547,"BT16_SOFT_TISSUE":3.700849856,"BT549_BREAST":3.698829686,"C2BBE1_LARGE_INTESTINE":0.256909689,"C32_SKIN":3.663909758,"C8166_HAEMATOPOIETIC_AND_LYMPHOID_TISSUE":3.487284649,"CADOES1_BONE":3.6975641,"CAKI1_KIDNEY":2.672232296,"CAKI2_KIDNEY":3.412919582,"CAL27_UPPER_AERODIGESTIVE_TRACT":2.92371945,"CAL29_URINARY_TRACT":3.687538576,"CAL33_UPPER_AERODIGESTIVE_TRACT":2.300158331,"CAL51_BREAST":3.077670729,"CAL78_BONE":3.643907698,"CALU1_LUNG":1.715486096,"CALU6_LUNG":2.625791849,"CAMA1_BREAST":3.603268357,"CAOV3_OVARY":3.564698871,"CAS1_CENTRAL_NERVOUS_SYSTEM":3.36064112,"CASKI_CERVIX":3.089409566,"CCFSTTG1_CENTRAL_NERVOUS_SYSTEM":3.231198918,"CCK81_LARGE_INTESTINE":3.623278622,"CCLFPEDS0001T_KIDNEY":-2.48427517,"CCLFPEDS0003T_SOFT_TISSUE":3.262428428,"CFPAC1_PANCREAS":3.648513974,"CH157MN_CENTRAL_NERVOUS_SYSTEM":3.036750222,"CHAGOK1_LUNG":3.537603245,"CHLA06ATRT_SOFT_TISSUE":3.056932785,"CHLA15_AUTONOMIC_GANGLIA":3.331757235,"CHLA266_SOFT_TISSUE":0.164531478,"CHP212_AUTONOMIC_GANGLIA":3.696808793,"CJM_SKIN":3.698856725,"CL40_LARGE_INTESTINE":-20,"CME1_SOFT_TISSUE":3.613140378,"CMLT1_HAEMATOPOIETIC_AND_LYMPHOID_TISSUE":-7.716219827,"COGAR359_SOFT_TISSUE":3.700505868,"COGE352_BONE":3.601491159,"COGN278_AUTONOMIC_GANGLIA":3.695789149,"COGN305_AUTONOMIC_GANGLIA":2.448412727,"COLO201_LARGE_INTESTINE":1.72054506,"COLO678_LARGE_INTESTINE":2.597576038,"COLO679_SKIN":3.677380683,"COLO792_SKIN":3.318340108,"COLO800_SKIN":3.42105463,"CORL23_LUNG":3.544705839,"CORL279_LUNG":3.56290474,"CORL47_LUNG":3.467709462,"COV318_OVARY":3.67895101,"COV362_OVARY":3.679469068,"COV434_OVARY":3.571200611,"COV504_OVARY":2.518599245,"COV644_OVARY":1.739747762,"CW9019_SOFT_TISSUE":3.692395153,"D283MED_CENTRAL_NERVOUS_SYSTEM":2.421456139,"D341MED_CENTRAL_NERVOUS_SYSTEM":3.695834123,"D425_CENTRAL_NERVOUS_SYSTEM":3.48779814,"D458_CENTRAL_NERVOUS_SYSTEM":3.613713805,"DANG_PANCREAS":3.46156777,"DAOY_CENTRAL_NERVOUS_SYSTEM":2.874981382,"DB_HAEMATOPOIETIC_AND_LYMPHOID_TISSUE":3.677766752,"DEL_HAEMATOPOIETIC_AND_LYMPHOID_TISSUE":3.644232565,"DETROIT562_UPPER_AERODIGESTIVE_TRACT":3.684227482,"DKMG_CENTRAL_NERVOUS_SYSTEM":1.363033624,"DLD1_LARGE_INTESTINE":3.595066242,"DU4475_BREAST":3.530827854,"EFE184_ENDOMETRIUM":3.66038413,"EFM19_BREAST":2.006693672,"EFO21_OVARY":3.700317824,"EFO27_OVARY":3.699340407,"EJM_HAEMATOPOIETIC_AND_LYMPHOID_TISSUE":3.414935894,"EKVX_LUNG":2.259295261,"EM2_HAEMATOPOIETIC_AND_LYMPHOID_TISSUE":3.276499269,"EN_ENDOMETRIUM":3.573444199,"EOL1_HAEMATOPOIETIC_AND_LYMPHOID_TISSUE":3.69999761,"EPLC272H_LUNG":-3.761678666,"ES2_OVARY":3.68582576,"ESO26_OESOPHAGUS":1.349202324,"ESS1_ENDOMETRIUM":2.190355482,"EW8_BONE":2.661778024,"EWS502_BONE":3.653134359,"F36P_HAEMATOPOIETIC_AND_LYMPHOID_TISSUE":3.691804761,"F5_CENTRAL_NERVOUS_SYSTEM":3.017374779,"FADU_UPPER_AERODIGESTIVE_TRACT":2.775398278,"FLO1_OESOPHAGUS":3.289562342,"FU97_STOMACH":-2.019817603,"G292CLONEA141B1_BONE":3.691110792,"G402_SOFT_TISSUE":3.602233763,"GAMG_CENTRAL_NERVOUS_SYSTEM":3.520976816,"GB1_CENTRAL_NERVOUS_SYSTEM":2.482794628,"GCIY_STOMACH":-2.94625916,"GCT_SOFT_TISSUE":3.671971256,"GI1_CENTRAL_NERVOUS_SYSTEM":3.589443789,"GSS_STOMACH":3.409110432,"GSU_STOMACH":-19.36911368,"H103_UPPER_AERODIGESTIVE_TRACT":2.987546747,"H4_CENTRAL_NERVOUS_SYSTEM":3.693596799,"HARA_LUNG":1.240194652,"HB1119_HAEMATOPOIETIC_AND_LYMPHOID_TISSUE":3.671183613,"HCC1143_BREAST":1.755134422,"HCC1359_LUNG":3.698600382,"HCC1395_BREAST":3.700138097,"HCC1419_BREAST":2.078684961,"HCC1428_BREAST":3.698253862,"HCC15_LUNG":-10.10128185,"HCC1806_BREAST":3.665443216,"HCC1937_BREAST":3.691322339,"HCC1954_BREAST":3.684935496,"HCC202_BREAST":2.745303433,"HCC2429_LUNG":3.625349716,"HCC2935_LUNG":3.68456706,"HCC366_LUNG":2.440310062,"HCC461_LUNG":3.535455747,"HCC515_LUNG":2.805706859,"HCC56_LARGE_INTESTINE":-2.990659282,"HCC827_LUNG":3.667242652,"HCC95_LUNG":1.021211122,"HDMYZ_HAEMATOPOIETIC_AND_LYMPHOID_TISSUE":3.64371227,"HEC151_ENDOMETRIUM":3.6501213,"HEC1A_ENDOMETRIUM":2.511121459,"HEC1B_ENDOMETRIUM":3.679663513,"HEC251_ENDOMETRIUM":0.605717743,"HEC265_ENDOMETRIUM":3.527966991,"HEC50B_ENDOMETRIUM":3.389685591,"HEC59_ENDOMETRIUM":3.674376918,"HEC6_ENDOMETRIUM":3.433309826,"HEL_HAEMATOPOIETIC_AND_LYMPHOID_TISSUE":3.542321911,"HEL9217_HAEMATOPOIETIC_AND_LYMPHOID_TISSUE":3.64015391,"HEYA8_OVARY":3.642744373,"HGC27_STOMACH":3.692415237,"HLF_LIVER":3.543983906,"HMC18_BREAST":3.569736407,"HOP62_LUNG":3.53362742,"HS294T_SKIN":3.431196089,"HS578T_BREAST":3.699509491,"HS683_CENTRAL_NERVOUS_SYSTEM":3.573481382,"HS695T_SKIN":3.497976538,"HS729_SOFT_TISSUE":3.499854264,"HS746T_STOMACH":3.519725495,"HS766T_PANCREAS":2.713642914,"HS852T_SKIN":3.685425388,"HS944T_SKIN":3.700453513,"HSB2_HAEMATOPOIETIC_AND_LYMPHOID_TISSUE":3.418338222,"HSC1_SKIN":2.344180781,"HSC2_UPPER_AERODIGESTIVE_TRACT":2.798565622,"HSC3_UPPER_AERODIGESTIVE_TRACT":3.430065725,"HT1080_SOFT_TISSUE":3.520509815,"HT115_LARGE_INTESTINE":2.29953288,"HT1197_URINARY_TRACT":-3.723467754,"HT1376_URINARY_TRACT":2.237811285,"HT144_SKIN":-0.775556687,"HT29_LARGE_INTESTINE":0.627364784,"HT55_LARGE_INTESTINE":-3.436641213,"HUH1_LIVER":2.04369825,"HUH6_LIVER":3.011057038,"HUH7_LIVER":3.554449886,"HUNS1_HAEMATOPOIETIC_AND_LYMPHOID_TISSUE":2.88908488,"HUPT3_PANCREAS":2.851666028,"IALM_LUNG":2.789602956,"IGR1_SKIN":3.262610747,"IGR39_SKIN":3.296499218,"IMR32_AUTONOMIC_GANGLIA":2.163921014,"INA6_HAEMATOPOIETIC_AND_LYMPHOID_TISSUE":3.382059822,"IPC298_SKIN":3.616133059,"ISTMES1_PLEURA":3.676085804,"ISTMES2_PLEURA":3.684909335,"J82_URINARY_TRACT":2.501268933,"JHH1_LIVER":3.369117422,"JHH4_LIVER":2.553606176,"JHH5_LIVER":3.544836918,"JHH7_LIVER":2.663254167,"JHOC5_OVARY":3.668698125,"JHOM1_OVARY":3.353416657,"JHOS2_OVARY":3.490926099,"JHOS4_OVARY":3.690680915,"JHUEM1_ENDOMETRIUM":-14.61025222,"JHUEM7_ENDOMETRIUM":3.362881801,"JIMT1_BREAST":3.598463413,"JJN3_HAEMATOPOIETIC_AND_LYMPHOID_TISSUE":3.526309321,"JMSU1_URINARY_TRACT":3.649089512,"JMURTK2_SOFT_TISSUE":3.680950335,"JOPACA1_PANCREAS":3.33973578,"JR_SOFT_TISSUE":3.554998627,"K029AX_SKIN":-0.72115482,"KALS1_CENTRAL_NERVOUS_SYSTEM":2.993987063,"KARPAS299_HAEMATOPOIETIC_AND_LYMPHOID_TISSUE":3.627422788,"KARPAS422_HAEMATOPOIETIC_AND_LYMPHOID_TISSUE":3.646726305,"KASUMI1_HAEMATOPOIETIC_AND_LYMPHOID_TISSUE":2.697545226,"KE39_STOMACH":-0.901553813,"KE97_HAEMATOPOIETIC_AND_LYMPHOID_TISSUE":2.650409046,"KELLY_AUTONOMIC_GANGLIA":3.50566965,"KIJK_HAEMATOPOIETIC_AND_LYMPHOID_TISSUE":3.567648031,"KLE_ENDOMETRIUM":-2.595491895,"KM12_LARGE_INTESTINE":2.074192786,"KMBC2_URINARY_TRACT":2.781828416,