{"scores":{"127399_SOFT_TISSUE":0.186855471,"143B_BONE":3.858863709,"2313287_STOMACH":-0.542665116,"253J_URINARY_TRACT":0.033423635,"42MGBA_CENTRAL_NERVOUS_SYSTEM":1.73783986,"5637_URINARY_TRACT":2.59254727,"59M_OVARY":-8.283658588,"639V_URINARY_TRACT":2.956815259,"647V_URINARY_TRACT":-3.783001541,"697_HAEMATOPOIETIC_AND_LYMPHOID_TISSUE":-9.519303158,"769P_KIDNEY":2.3556967,"786O_KIDNEY":-2.587351768,"8305C_THYROID":1.191823398,"8MGBA_CENTRAL_NERVOUS_SYSTEM":3.094143995,"A2058_SKIN":3.38721299,"A2780_OVARY":3.717406639,"A3KAW_HAEMATOPOIETIC_AND_LYMPHOID_TISSUE":2.120030112,"A427_LUNG":-5.652516562,"A431_SKIN":3.605060441,"A549_LUNG":3.586969185,"A673_BONE":3.909056751,"ABC1_LUNG":3.855390686,"ACCMESO1_PLEURA":0.548875765,"AGS_STOMACH":2.39698944,"AML193_HAEMATOPOIETIC_AND_LYMPHOID_TISSUE":-1.25956981,"AMO1_HAEMATOPOIETIC_AND_LYMPHOID_TISSUE":-6.324324003,"ASPC1_PANCREAS":3.002523995,"AU565_BREAST":0.518157635,"BC3C_URINARY_TRACT":3.314625719,"BFTC905_URINARY_TRACT":3.323325735,"BFTC909_KIDNEY":1.844561208,"BHY_UPPER_AERODIGESTIVE_TRACT":-9.172146286,"BICR16_UPPER_AERODIGESTIVE_TRACT":-0.446613096,"BICR22_UPPER_AERODIGESTIVE_TRACT":2.361824973,"BICR31_UPPER_AERODIGESTIVE_TRACT":-0.219157023,"BICR56_UPPER_AERODIGESTIVE_TRACT":3.96378069,"BICR6_UPPER_AERODIGESTIVE_TRACT":1.103952456,"BICR78_UPPER_AERODIGESTIVE_TRACT":1.137104244,"BIN67_OVARY":2.60730224,"BL70_HAEMATOPOIETIC_AND_LYMPHOID_TISSUE":2.508039386,"BLUE1_HAEMATOPOIETIC_AND_LYMPHOID_TISSUE":2.48077093,"BT12_SOFT_TISSUE":3.892260374,"BT16_SOFT_TISSUE":3.320174495,"BT549_BREAST":1.162416233,"C2BBE1_LARGE_INTESTINE":-9.45799649,"C32_SKIN":-7.015793678,"C8166_HAEMATOPOIETIC_AND_LYMPHOID_TISSUE":2.026144351,"CADOES1_BONE":-0.36263151,"CAKI1_KIDNEY":2.964690247,"CAKI2_KIDNEY":0.990636583,"CAL27_UPPER_AERODIGESTIVE_TRACT":-1.552617679,"CAL29_URINARY_TRACT":-5.001578102,"CAL33_UPPER_AERODIGESTIVE_TRACT":3.431639782,"CAL51_BREAST":-1.131616126,"CAL78_BONE":2.07688368,"CALU1_LUNG":3.779991168,"CALU6_LUNG":2.982100996,"CAMA1_BREAST":3.846117956,"CAOV3_OVARY":-8.887712329,"CAS1_CENTRAL_NERVOUS_SYSTEM":1.639730344,"CASKI_CERVIX":1.214285998,"CCFSTTG1_CENTRAL_NERVOUS_SYSTEM":3.218560999,"CCK81_LARGE_INTESTINE":0.624484993,"CCLFPEDS0001T_KIDNEY":2.412277035,"CCLFPEDS0003T_SOFT_TISSUE":2.994449333,"CFPAC1_PANCREAS":-2.977024685,"CH157MN_CENTRAL_NERVOUS_SYSTEM":-2.050559637,"CHAGOK1_LUNG":1.159501455,"CHLA06ATRT_SOFT_TISSUE":3.98404407,"CHLA15_AUTONOMIC_GANGLIA":-0.330631894,"CHLA266_SOFT_TISSUE":-1.053568241,"CHP212_AUTONOMIC_GANGLIA":3.500908689,"CJM_SKIN":3.231337604,"CL40_LARGE_INTESTINE":4.077335254,"CME1_SOFT_TISSUE":4.102579955,"CMLT1_HAEMATOPOIETIC_AND_LYMPHOID_TISSUE":2.551374878,"COGAR359_SOFT_TISSUE":2.789186061,"COGE352_BONE":2.474782771,"COGN278_AUTONOMIC_GANGLIA":2.096822217,"COGN305_AUTONOMIC_GANGLIA":1.882653246,"COLO201_LARGE_INTESTINE":1.441697253,"COLO678_LARGE_INTESTINE":3.175104703,"COLO679_SKIN":1.750602778,"COLO792_SKIN":2.815254917,"COLO800_SKIN":0.279404243,"CORL23_LUNG":4.232691809,"CORL279_LUNG":-10.58530611,"CORL47_LUNG":-2.933234189,"COV318_OVARY":3.468866553,"COV362_OVARY":2.323936681,"COV434_OVARY":1.074870133,"COV504_OVARY":0.616671856,"COV644_OVARY":-4.491729443,"CW9019_SOFT_TISSUE":-3.282944788,"D283MED_CENTRAL_NERVOUS_SYSTEM":1.038474644,"D341MED_CENTRAL_NERVOUS_SYSTEM":3.472092068,"D425_CENTRAL_NERVOUS_SYSTEM":0.153252806,"D458_CENTRAL_NERVOUS_SYSTEM":-3.120347818,"DANG_PANCREAS":0.059097968,"DAOY_CENTRAL_NERVOUS_SYSTEM":3.157155091,"DB_HAEMATOPOIETIC_AND_LYMPHOID_TISSUE":-3.079506351,"DEL_HAEMATOPOIETIC_AND_LYMPHOID_TISSUE":4.052744672,"DETROIT562_UPPER_AERODIGESTIVE_TRACT":-0.333236023,"DKMG_CENTRAL_NERVOUS_SYSTEM":0.364453554,"DLD1_LARGE_INTESTINE":-2.180270685,"DU4475_BREAST":-6.933066701,"EFE184_ENDOMETRIUM":-2.203242092,"EFM19_BREAST":-1.015953581,"EFO21_OVARY":3.274766876,"EFO27_OVARY":1.152666742,"EJM_HAEMATOPOIETIC_AND_LYMPHOID_TISSUE":-5.97882018,"EKVX_LUNG":3.133447595,"EM2_HAEMATOPOIETIC_AND_LYMPHOID_TISSUE":-3.42064833,"EN_ENDOMETRIUM":3.002824409,"EOL1_HAEMATOPOIETIC_AND_LYMPHOID_TISSUE":-1.593317716,"EPLC272H_LUNG":3.33026705,"ES2_OVARY":4.155029624,"ESO26_OESOPHAGUS":-14.84717617,"ESS1_ENDOMETRIUM":2.849296615,"EW8_BONE":0.612749442,"EWS502_BONE":-16.18249619,"F36P_HAEMATOPOIETIC_AND_LYMPHOID_TISSUE":-6.228456106,"F5_CENTRAL_NERVOUS_SYSTEM":3.268625285,"FADU_UPPER_AERODIGESTIVE_TRACT":3.136593864,"FLO1_OESOPHAGUS":3.003170026,"FU97_STOMACH":-5.472087033,"G292CLONEA141B1_BONE":2.717158223,"G402_SOFT_TISSUE":4.162061917,"GAMG_CENTRAL_NERVOUS_SYSTEM":2.632182742,"GB1_CENTRAL_NERVOUS_SYSTEM":3.97122294,"GCIY_STOMACH":1.813083812,"GCT_SOFT_TISSUE":3.427484647,"GI1_CENTRAL_NERVOUS_SYSTEM":2.837148617,"GSS_STOMACH":1.012417067,"GSU_STOMACH":3.254517847,"H103_UPPER_AERODIGESTIVE_TRACT":3.029287143,"H4_CENTRAL_NERVOUS_SYSTEM":1.932461019,"HARA_LUNG":-5.074085824,"HB1119_HAEMATOPOIETIC_AND_LYMPHOID_TISSUE":-10.44778135,"HCC1143_BREAST":-3.73862384,"HCC1359_LUNG":2.978874372,"HCC1395_BREAST":1.50149102,"HCC1419_BREAST":2.730990236,"HCC1428_BREAST":-3.656478886,"HCC15_LUNG":0.517812569,"HCC1806_BREAST":-10.9128534,"HCC1937_BREAST":3.000865019,"HCC1954_BREAST":2.740615173,"HCC202_BREAST":-0.082150202,"HCC2429_LUNG":3.641711403,"HCC2935_LUNG":3.806279144,"HCC366_LUNG":3.341015833,"HCC461_LUNG":3.004779773,"HCC515_LUNG":4.093882637,"HCC56_LARGE_INTESTINE":2.537383664,"HCC827_LUNG":2.898748279,"HCC95_LUNG":-8.086915674,"HDMYZ_HAEMATOPOIETIC_AND_LYMPHOID_TISSUE":1.377083405,"HEC151_ENDOMETRIUM":-0.391751987,"HEC1A_ENDOMETRIUM":4.226868191,"HEC1B_ENDOMETRIUM":1.352844328,"HEC251_ENDOMETRIUM":3.349983143,"HEC265_ENDOMETRIUM":-1.934575967,"HEC50B_ENDOMETRIUM":4.169281661,"HEC59_ENDOMETRIUM":3.839921458,"HEC6_ENDOMETRIUM":0.970168999,"HEL_HAEMATOPOIETIC_AND_LYMPHOID_TISSUE":-0.944597773,"HEL9217_HAEMATOPOIETIC_AND_LYMPHOID_TISSUE":0.039294537,"HEYA8_OVARY":2.653237524,"HGC27_STOMACH":-1.875058368,"HLF_LIVER":4.135163961,"HMC18_BREAST":3.060394159,"HOP62_LUNG":3.550900896,"HS294T_SKIN":2.658995493,"HS578T_BREAST":3.151996765,"HS683_CENTRAL_NERVOUS_SYSTEM":2.136124262,"HS695T_SKIN":1.363798102,"HS729_SOFT_TISSUE":3.384451753,"HS746T_STOMACH":0.504716408,"HS766T_PANCREAS":4.234107864,"HS852T_SKIN":4.042408211,"HS944T_SKIN":2.779517808,"HSB2_HAEMATOPOIETIC_AND_LYMPHOID_TISSUE":3.973978046,"HSC1_SKIN":2.2872006,"HSC2_UPPER_AERODIGESTIVE_TRACT":2.59608676,"HSC3_UPPER_AERODIGESTIVE_TRACT":2.49484836,"HT1080_SOFT_TISSUE":3.853620316,"HT115_LARGE_INTESTINE":2.626744035,"HT1197_URINARY_TRACT":1.220427387,"HT1376_URINARY_TRACT":1.886152068,"HT144_SKIN":4.083968747,"HT29_LARGE_INTESTINE":-1.095961935,"HT55_LARGE_INTESTINE":-2.810017075,"HUH1_LIVER":1.834063961,"HUH6_LIVER":1.760289446,"HUH7_LIVER":2.171251733,"HUNS1_HAEMATOPOIETIC_AND_LYMPHOID_TISSUE":-9.612430533,"HUPT3_PANCREAS":4.231140854,"IALM_LUNG":3.355179439,"IGR1_SKIN":-6.417504393,"IGR39_SKIN":2.342481494,"IMR32_AUTONOMIC_GANGLIA":0.286567276,"INA6_HAEMATOPOIETIC_AND_LYMPHOID_TISSUE":2.330903082,"IPC298_SKIN":-9.704065518,"ISTMES1_PLEURA":3.234442501,"ISTMES2_PLEURA":3.509979604,"J82_URINARY_TRACT":2.749627815,"JHH1_LIVER":0.043360365,"JHH4_LIVER":2.797006819,"JHH5_LIVER":-4.565738891,"JHH7_LIVER":3.554801851,"JHOC5_OVARY":0.965475578,"JHOM1_OVARY":1.893905929,"JHOS2_OVARY":1.750933827,"JHOS4_OVARY":-4.775978643,"JHUEM1_ENDOMETRIUM":-1.941841818,"JHUEM7_ENDOMETRIUM":3.798510871,"JIMT1_BREAST":1.415543507,"JJN3_HAEMATOPOIETIC_AND_LYMPHOID_TISSUE":-3.94917226,"JMSU1_URINARY_TRACT":-2.004217113,"JMURTK2_SOFT_TISSUE":3.162904501,"JOPACA1_PANCREAS":-14.00787269,"JR_SOFT_TISSUE":-2.61322079,"K029AX_SKIN":2.184172399,"KALS1_CENTRAL_NERVOUS_SYSTEM":2.733417103,"KARPAS299_HAEMATOPOIETIC_AND_LYMPHOID_TISSUE":2.041944674,"KARPAS422_HAEMATOPOIETIC_AND_LYMPHOID_TISSUE":-0.335232877,"KASUMI1_HAEMATOPOIETIC_AND_LYMPHOID_TISSUE":0.48595071,"KE39_STOMACH":0.823768569,"KE97_HAEMATOPOIETIC_AND_LYMPHOID_TISSUE":-8.266238851,"KELLY_AUTONOMIC_GANGLIA":-6.429291591,"KIJK_HAEMATOPOIETIC_AND_LYMPHOID_TISSUE":1.227739153,"KLE_ENDOMETRIUM":0.694424724,