{"scores":{"127399_SOFT_TISSUE":-6.674630846,"143B_BONE":0.923061745,"2313287_STOMACH":4.974935765,"253J_URINARY_TRACT":-8.743004728,"42MGBA_CENTRAL_NERVOUS_SYSTEM":1.022807465,"5637_URINARY_TRACT":6.383556696,"59M_OVARY":-5.636522204,"639V_URINARY_TRACT":2.731772276,"647V_URINARY_TRACT":6.196148531,"697_HAEMATOPOIETIC_AND_LYMPHOID_TISSUE":3.119582504,"769P_KIDNEY":-4.992921185,"786O_KIDNEY":-7.17949485,"8305C_THYROID":-4.257146058,"8MGBA_CENTRAL_NERVOUS_SYSTEM":2.804853733,"A2058_SKIN":-5.768929282,"A2780_OVARY":-9.310564403,"A3KAW_HAEMATOPOIETIC_AND_LYMPHOID_TISSUE":4.693008206,"A427_LUNG":2.516302898,"A431_SKIN":5.835083418,"A549_LUNG":-0.83890171,"A673_BONE":-0.262939262,"ABC1_LUNG":0.15565738,"ACCMESO1_PLEURA":2.636794894,"AGS_STOMACH":4.887005725,"AML193_HAEMATOPOIETIC_AND_LYMPHOID_TISSUE":6.1725633,"AMO1_HAEMATOPOIETIC_AND_LYMPHOID_TISSUE":6.761872784,"ASPC1_PANCREAS":4.3578762,"AU565_BREAST":-1.050045233,"BC3C_URINARY_TRACT":4.625805387,"BFTC905_URINARY_TRACT":4.306844587,"BFTC909_KIDNEY":-5.018825017,"BHY_UPPER_AERODIGESTIVE_TRACT":8.540889206,"BICR16_UPPER_AERODIGESTIVE_TRACT":4.438197951,"BICR22_UPPER_AERODIGESTIVE_TRACT":6.817065491,"BICR31_UPPER_AERODIGESTIVE_TRACT":4.786807692,"BICR56_UPPER_AERODIGESTIVE_TRACT":5.912159133,"BICR6_UPPER_AERODIGESTIVE_TRACT":7.777663929,"BICR78_UPPER_AERODIGESTIVE_TRACT":1.298161984,"BIN67_OVARY":-1.259496789,"BL70_HAEMATOPOIETIC_AND_LYMPHOID_TISSUE":6.431427663,"BLUE1_HAEMATOPOIETIC_AND_LYMPHOID_TISSUE":5.77041396,"BT12_SOFT_TISSUE":8.241750429,"BT16_SOFT_TISSUE":-5.240645127,"BT549_BREAST":-7.496557928,"C2BBE1_LARGE_INTESTINE":5.909123172,"C32_SKIN":-0.641928737,"C8166_HAEMATOPOIETIC_AND_LYMPHOID_TISSUE":9.420387026,"CADOES1_BONE":10.91069622,"CAKI1_KIDNEY":-7.133365339,"CAKI2_KIDNEY":-1.837070404,"CAL27_UPPER_AERODIGESTIVE_TRACT":4.931718017,"CAL29_URINARY_TRACT":1.733079977,"CAL33_UPPER_AERODIGESTIVE_TRACT":5.562945568,"CAL51_BREAST":-7.259813107,"CAL78_BONE":-2.58977905,"CALU1_LUNG":-3.57709356,"CALU6_LUNG":5.398854177,"CAMA1_BREAST":0.055090411,"CAOV3_OVARY":-4.337008472,"CAS1_CENTRAL_NERVOUS_SYSTEM":-3.149006077,"CASKI_CERVIX":6.016089213,"CCFSTTG1_CENTRAL_NERVOUS_SYSTEM":-3.410576918,"CCK81_LARGE_INTESTINE":3.006809216,"CCLFPEDS0001T_KIDNEY":3.481865075,"CCLFPEDS0003T_SOFT_TISSUE":-0.71368671,"CFPAC1_PANCREAS":3.427366612,"CH157MN_CENTRAL_NERVOUS_SYSTEM":-2.116186685,"CHAGOK1_LUNG":3.700365023,"CHLA06ATRT_SOFT_TISSUE":7.673841317,"CHLA15_AUTONOMIC_GANGLIA":4.447104522,"CHLA266_SOFT_TISSUE":-4.357013679,"CHP212_AUTONOMIC_GANGLIA":-4.393060614,"CJM_SKIN":1.004220444,"CL40_LARGE_INTESTINE":5.24182442,"CME1_SOFT_TISSUE":-14.700678,"CMLT1_HAEMATOPOIETIC_AND_LYMPHOID_TISSUE":4.990051794,"COGAR359_SOFT_TISSUE":4.827456154,"COGE352_BONE":6.920608814,"COGN278_AUTONOMIC_GANGLIA":2.048609615,"COGN305_AUTONOMIC_GANGLIA":4.339746294,"COLO201_LARGE_INTESTINE":6.429833134,"COLO678_LARGE_INTESTINE":6.372618743,"COLO679_SKIN":-0.986755345,"COLO792_SKIN":-7.111664086,"COLO800_SKIN":-8.464080963,"CORL23_LUNG":-2.763048176,"CORL279_LUNG":6.59002756,"CORL47_LUNG":4.285551657,"COV318_OVARY":-7.104885217,"COV362_OVARY":2.835668156,"COV434_OVARY":1.542143193,"COV504_OVARY":-2.489789486,"COV644_OVARY":3.551205608,"CW9019_SOFT_TISSUE":-1.895320193,"D283MED_CENTRAL_NERVOUS_SYSTEM":4.577733413,"D341MED_CENTRAL_NERVOUS_SYSTEM":5.1833724,"D425_CENTRAL_NERVOUS_SYSTEM":-0.187760054,"D458_CENTRAL_NERVOUS_SYSTEM":4.06129591,"DANG_PANCREAS":5.463114406,"DAOY_CENTRAL_NERVOUS_SYSTEM":2.910027721,"DB_HAEMATOPOIETIC_AND_LYMPHOID_TISSUE":9.649890262,"DEL_HAEMATOPOIETIC_AND_LYMPHOID_TISSUE":6.623456464,"DETROIT562_UPPER_AERODIGESTIVE_TRACT":9.500576492,"DKMG_CENTRAL_NERVOUS_SYSTEM":-3.559423896,"DLD1_LARGE_INTESTINE":2.098390343,"DU4475_BREAST":10.14451069,"EFE184_ENDOMETRIUM":8.629672504,"EFM19_BREAST":0.066872282,"EFO21_OVARY":-4.917218973,"EFO27_OVARY":2.053972542,"EJM_HAEMATOPOIETIC_AND_LYMPHOID_TISSUE":8.63848405,"EKVX_LUNG":0.770449672,"EM2_HAEMATOPOIETIC_AND_LYMPHOID_TISSUE":8.062046053,"EN_ENDOMETRIUM":-6.96830442,"EOL1_HAEMATOPOIETIC_AND_LYMPHOID_TISSUE":3.188427951,"EPLC272H_LUNG":6.741376104,"ES2_OVARY":5.96782754,"ESO26_OESOPHAGUS":6.454818091,"ESS1_ENDOMETRIUM":-0.772752747,"EW8_BONE":3.035654395,"EWS502_BONE":5.553800718,"F36P_HAEMATOPOIETIC_AND_LYMPHOID_TISSUE":5.47356302,"F5_CENTRAL_NERVOUS_SYSTEM":-11.30989481,"FADU_UPPER_AERODIGESTIVE_TRACT":5.892162226,"FLO1_OESOPHAGUS":-9.281538495,"FU97_STOMACH":-3.268030474,"G292CLONEA141B1_BONE":3.092185739,"G402_SOFT_TISSUE":-0.656094621,"GAMG_CENTRAL_NERVOUS_SYSTEM":-6.538780404,"GB1_CENTRAL_NERVOUS_SYSTEM":-0.340275984,"GCIY_STOMACH":0.725007377,"GCT_SOFT_TISSUE":4.786296458,"GI1_CENTRAL_NERVOUS_SYSTEM":-3.543324159,"GSS_STOMACH":7.230980776,"GSU_STOMACH":5.985131515,"H103_UPPER_AERODIGESTIVE_TRACT":5.648033153,"H4_CENTRAL_NERVOUS_SYSTEM":-13.46000214,"HARA_LUNG":3.947686044,"HB1119_HAEMATOPOIETIC_AND_LYMPHOID_TISSUE":4.333245551,"HCC1143_BREAST":5.068007392,"HCC1359_LUNG":-4.33861867,"HCC1395_BREAST":0.151104486,"HCC1419_BREAST":7.301100959,"HCC1428_BREAST":5.977646968,"HCC15_LUNG":4.526872403,"HCC1806_BREAST":7.033657736,"HCC1937_BREAST":6.15896951,"HCC1954_BREAST":3.603652285,"HCC202_BREAST":3.054493135,"HCC2429_LUNG":2.43767486,"HCC2935_LUNG":-6.72943663,"HCC366_LUNG":-4.295874489,"HCC461_LUNG":-4.299416056,"HCC515_LUNG":-2.608031129,"HCC56_LARGE_INTESTINE":4.440115298,"HCC827_LUNG":3.308986575,"HCC95_LUNG":2.88390912,"HDMYZ_HAEMATOPOIETIC_AND_LYMPHOID_TISSUE":1.222580944,"HEC151_ENDOMETRIUM":0.85552166,"HEC1A_ENDOMETRIUM":-4.865697466,"HEC1B_ENDOMETRIUM":-3.79750885,"HEC251_ENDOMETRIUM":1.669562868,"HEC265_ENDOMETRIUM":6.067948157,"HEC50B_ENDOMETRIUM":2.338644513,"HEC59_ENDOMETRIUM":-1.91615246,"HEC6_ENDOMETRIUM":6.631108748,"HEL_HAEMATOPOIETIC_AND_LYMPHOID_TISSUE":8.240906061,"HEL9217_HAEMATOPOIETIC_AND_LYMPHOID_TISSUE":4.645385772,"HEYA8_OVARY":-2.64390477,"HGC27_STOMACH":5.167918262,"HLF_LIVER":-6.68799612,"HMC18_BREAST":3.973135566,"HOP62_LUNG":-6.750195842,"HS294T_SKIN":-3.546451223,"HS578T_BREAST":-2.200206129,"HS683_CENTRAL_NERVOUS_SYSTEM":-5.09280537,"HS695T_SKIN":-4.68570079,"HS729_SOFT_TISSUE":-5.296096257,"HS746T_STOMACH":2.504224066,"HS766T_PANCREAS":5.065392037,"HS852T_SKIN":-4.830296099,"HS944T_SKIN":-6.355823976,"HSB2_HAEMATOPOIETIC_AND_LYMPHOID_TISSUE":1.389115257,"HSC1_SKIN":5.897083338,"HSC2_UPPER_AERODIGESTIVE_TRACT":8.947626061,"HSC3_UPPER_AERODIGESTIVE_TRACT":7.855125986,"HT1080_SOFT_TISSUE":-5.819669911,"HT115_LARGE_INTESTINE":3.739784773,"HT1197_URINARY_TRACT":-5.483135614,"HT1376_URINARY_TRACT":3.215545519,"HT144_SKIN":1.21511326,"HT29_LARGE_INTESTINE":5.586829304,"HT55_LARGE_INTESTINE":6.829926415,"HUH1_LIVER":5.078893181,"HUH6_LIVER":1.813334486,"HUH7_LIVER":2.599636212,"HUNS1_HAEMATOPOIETIC_AND_LYMPHOID_TISSUE":1.509010901,"HUPT3_PANCREAS":-2.042740629,"IALM_LUNG":2.103588137,"IGR1_SKIN":-2.205109609,"IGR39_SKIN":-8.612672595,"IMR32_AUTONOMIC_GANGLIA":2.638688957,"INA6_HAEMATOPOIETIC_AND_LYMPHOID_TISSUE":5.117284171,"IPC298_SKIN":-5.342291409,"ISTMES1_PLEURA":0.64199163,"ISTMES2_PLEURA":-6.26020948,"J82_URINARY_TRACT":-2.856516061,"JHH1_LIVER":-2.975609864,"JHH4_LIVER":2.301201938,"JHH5_LIVER":5.222739591,"JHH7_LIVER":2.547448237,"JHOC5_OVARY":-5.069639491,"JHOM1_OVARY":1.450794732,"JHOS2_OVARY":-3.891908883,"JHOS4_OVARY":-2.794998171,"JHUEM1_ENDOMETRIUM":-10.77938791,"JHUEM7_ENDOMETRIUM":-5.537833608,"JIMT1_BREAST":2.596914564,"JJN3_HAEMATOPOIETIC_AND_LYMPHOID_TISSUE":7.547322692,"JMSU1_URINARY_TRACT":6.270764162,"JMURTK2_SOFT_TISSUE":-3.079459548,"JOPACA1_PANCREAS":5.497046703,"JR_SOFT_TISSUE":-1.654750211,"K029AX_SKIN":-5.910978756,"KALS1_CENTRAL_NERVOUS_SYSTEM":1.544979649,"KARPAS299_HAEMATOPOIETIC_AND_LYMPHOID_TISSUE":6.976620897,"KARPAS422_HAEMATOPOIETIC_AND_LYMPHOID_TISSUE":5.024580514,"KASUMI1_HAEMATOPOIETIC_AND_LYMPHOID_TISSUE":8.564573721,"KE39_STOMACH":5.352524399,"KE97_HAEMATOPOIETIC_AND_LYMPHOID_TISSUE":-5.845665252,"KELLY_AUTONOMIC_GANGLIA":-3.175645212,"KIJK_HAEMATOPOIETIC_AND_LYMPHOID_TISSUE":6.012574525,