{"scores":{"127399_SOFT_TISSUE":1.919077368,"143B_BONE":0.864587519,"2313287_STOMACH":1.426389677,"253J_URINARY_TRACT":1.91946642,"42MGBA_CENTRAL_NERVOUS_SYSTEM":1.920927204,"5637_URINARY_TRACT":1.885795856,"59M_OVARY":1.878622598,"639V_URINARY_TRACT":1.771816051,"647V_URINARY_TRACT":1.829752798,"697_HAEMATOPOIETIC_AND_LYMPHOID_TISSUE":1.824222844,"769P_KIDNEY":1.87747782,"786O_KIDNEY":1.695494904,"8305C_THYROID":1.609699901,"8MGBA_CENTRAL_NERVOUS_SYSTEM":0.536223868,"A2058_SKIN":1.772745115,"A2780_OVARY":1.728616544,"A3KAW_HAEMATOPOIETIC_AND_LYMPHOID_TISSUE":1.182558922,"A427_LUNG":1.220005052,"A431_SKIN":1.000802533,"A549_LUNG":1.809478698,"A673_BONE":-0.457420897,"ABC1_LUNG":1.768501982,"ACCMESO1_PLEURA":-0.536382847,"AGS_STOMACH":1.917888687,"AML193_HAEMATOPOIETIC_AND_LYMPHOID_TISSUE":0.512905558,"AMO1_HAEMATOPOIETIC_AND_LYMPHOID_TISSUE":1.872230599,"ASPC1_PANCREAS":-0.691377751,"AU565_BREAST":1.726407011,"BC3C_URINARY_TRACT":0.618487739,"BFTC905_URINARY_TRACT":-1.24782581,"BFTC909_KIDNEY":1.680544542,"BHY_UPPER_AERODIGESTIVE_TRACT":-5.016816525,"BICR16_UPPER_AERODIGESTIVE_TRACT":1.79839844,"BICR22_UPPER_AERODIGESTIVE_TRACT":-2.459738523,"BICR31_UPPER_AERODIGESTIVE_TRACT":-1.17228594,"BICR56_UPPER_AERODIGESTIVE_TRACT":1.529577367,"BICR6_UPPER_AERODIGESTIVE_TRACT":1.483115045,"BICR78_UPPER_AERODIGESTIVE_TRACT":1.705947544,"BIN67_OVARY":1.167392291,"BL70_HAEMATOPOIETIC_AND_LYMPHOID_TISSUE":1.915191449,"BLUE1_HAEMATOPOIETIC_AND_LYMPHOID_TISSUE":1.91221982,"BT12_SOFT_TISSUE":-20,"BT16_SOFT_TISSUE":1.79441293,"BT549_BREAST":1.89518191,"C2BBE1_LARGE_INTESTINE":1.551266322,"C32_SKIN":1.579095373,"C8166_HAEMATOPOIETIC_AND_LYMPHOID_TISSUE":1.807415343,"CADOES1_BONE":0.443192961,"CAKI1_KIDNEY":0.992802986,"CAKI2_KIDNEY":1.702930547,"CAL27_UPPER_AERODIGESTIVE_TRACT":0.193286232,"CAL29_URINARY_TRACT":1.818940688,"CAL33_UPPER_AERODIGESTIVE_TRACT":1.537055808,"CAL51_BREAST":1.738553419,"CAL78_BONE":1.622208796,"CALU1_LUNG":1.919949326,"CALU6_LUNG":1.071280504,"CAMA1_BREAST":-1.530941853,"CAOV3_OVARY":-0.454167683,"CAS1_CENTRAL_NERVOUS_SYSTEM":1.82576191,"CASKI_CERVIX":1.726427384,"CCFSTTG1_CENTRAL_NERVOUS_SYSTEM":1.884689441,"CCK81_LARGE_INTESTINE":1.091326647,"CCLFPEDS0001T_KIDNEY":1.92063918,"CCLFPEDS0003T_SOFT_TISSUE":0.858873141,"CFPAC1_PANCREAS":0.340628909,"CH157MN_CENTRAL_NERVOUS_SYSTEM":1.908367726,"CHAGOK1_LUNG":1.917694642,"CHLA06ATRT_SOFT_TISSUE":0.77521077,"CHLA15_AUTONOMIC_GANGLIA":1.843912774,"CHLA266_SOFT_TISSUE":1.722336623,"CHP212_AUTONOMIC_GANGLIA":0.610371704,"CJM_SKIN":0.24519855,"CL40_LARGE_INTESTINE":1.913060656,"CME1_SOFT_TISSUE":-1.12240924,"CMLT1_HAEMATOPOIETIC_AND_LYMPHOID_TISSUE":-11.1439143,"COGAR359_SOFT_TISSUE":1.717088089,"COGE352_BONE":1.670683272,"COGN278_AUTONOMIC_GANGLIA":1.782012317,"COGN305_AUTONOMIC_GANGLIA":1.549499163,"COLO201_LARGE_INTESTINE":1.865889858,"COLO678_LARGE_INTESTINE":1.137726327,"COLO679_SKIN":1.919844229,"COLO792_SKIN":1.295858081,"COLO800_SKIN":1.473170977,"CORL23_LUNG":0.976418546,"CORL279_LUNG":1.913526402,"CORL47_LUNG":1.478492819,"COV318_OVARY":1.74231133,"COV362_OVARY":0.440915201,"COV434_OVARY":1.910565657,"COV504_OVARY":1.915520548,"COV644_OVARY":1.820101187,"CW9019_SOFT_TISSUE":1.907594563,"D283MED_CENTRAL_NERVOUS_SYSTEM":1.857880457,"D341MED_CENTRAL_NERVOUS_SYSTEM":1.840519498,"D425_CENTRAL_NERVOUS_SYSTEM":1.91804668,"D458_CENTRAL_NERVOUS_SYSTEM":1.767079417,"DANG_PANCREAS":1.88735069,"DAOY_CENTRAL_NERVOUS_SYSTEM":1.902394043,"DB_HAEMATOPOIETIC_AND_LYMPHOID_TISSUE":1.920927204,"DEL_HAEMATOPOIETIC_AND_LYMPHOID_TISSUE":1.498686413,"DETROIT562_UPPER_AERODIGESTIVE_TRACT":1.870018983,"DKMG_CENTRAL_NERVOUS_SYSTEM":-2.238690313,"DLD1_LARGE_INTESTINE":1.079723082,"DU4475_BREAST":1.703041803,"EFE184_ENDOMETRIUM":1.920927204,"EFM19_BREAST":1.2736579,"EFO21_OVARY":1.315671564,"EFO27_OVARY":1.87130122,"EJM_HAEMATOPOIETIC_AND_LYMPHOID_TISSUE":0.97319313,"EKVX_LUNG":1.033469792,"EM2_HAEMATOPOIETIC_AND_LYMPHOID_TISSUE":1.920927204,"EN_ENDOMETRIUM":0.979887445,"EOL1_HAEMATOPOIETIC_AND_LYMPHOID_TISSUE":1.912505639,"EPLC272H_LUNG":-3.874766632,"ES2_OVARY":1.258532584,"ESO26_OESOPHAGUS":1.915495647,"ESS1_ENDOMETRIUM":1.590225849,"EW8_BONE":-0.46150657,"EWS502_BONE":1.74310101,"F36P_HAEMATOPOIETIC_AND_LYMPHOID_TISSUE":1.838204918,"F5_CENTRAL_NERVOUS_SYSTEM":1.567154922,"FADU_UPPER_AERODIGESTIVE_TRACT":-0.221792338,"FLO1_OESOPHAGUS":1.663931058,"FU97_STOMACH":-2.772102395,"G292CLONEA141B1_BONE":1.38078226,"G402_SOFT_TISSUE":1.856521445,"GAMG_CENTRAL_NERVOUS_SYSTEM":1.920679594,"GB1_CENTRAL_NERVOUS_SYSTEM":0.661675384,"GCIY_STOMACH":1.445865755,"GCT_SOFT_TISSUE":1.723402777,"GI1_CENTRAL_NERVOUS_SYSTEM":0.154021655,"GSS_STOMACH":1.591502974,"GSU_STOMACH":1.918799448,"H103_UPPER_AERODIGESTIVE_TRACT":0.252985697,"H4_CENTRAL_NERVOUS_SYSTEM":1.12977323,"HARA_LUNG":1.884069784,"HB1119_HAEMATOPOIETIC_AND_LYMPHOID_TISSUE":1.70217976,"HCC1143_BREAST":0.883845934,"HCC1359_LUNG":0.770142047,"HCC1395_BREAST":1.916472382,"HCC1419_BREAST":1.870739332,"HCC1428_BREAST":1.877072208,"HCC15_LUNG":1.886878103,"HCC1806_BREAST":1.739691903,"HCC1937_BREAST":1.644045562,"HCC1954_BREAST":0.506089519,"HCC202_BREAST":1.765941172,"HCC2429_LUNG":1.886511243,"HCC2935_LUNG":0.89962781,"HCC366_LUNG":0.796619014,"HCC461_LUNG":0.776291621,"HCC515_LUNG":1.822881071,"HCC56_LARGE_INTESTINE":1.188950187,"HCC827_LUNG":0.766770472,"HCC95_LUNG":1.810561066,"HDMYZ_HAEMATOPOIETIC_AND_LYMPHOID_TISSUE":-0.60272193,"HEC151_ENDOMETRIUM":1.288937807,"HEC1A_ENDOMETRIUM":0.286397692,"HEC1B_ENDOMETRIUM":1.356116223,"HEC251_ENDOMETRIUM":1.022267462,"HEC265_ENDOMETRIUM":1.646053425,"HEC50B_ENDOMETRIUM":0.252232797,"HEC59_ENDOMETRIUM":1.78356588,"HEC6_ENDOMETRIUM":-0.034772686,"HEL_HAEMATOPOIETIC_AND_LYMPHOID_TISSUE":0.604473328,"HEL9217_HAEMATOPOIETIC_AND_LYMPHOID_TISSUE":0.909214391,"HEYA8_OVARY":1.849295352,"HGC27_STOMACH":1.880677114,"HLF_LIVER":1.782919766,"HMC18_BREAST":1.718997043,"HOP62_LUNG":1.641534676,"HS294T_SKIN":1.920069352,"HS578T_BREAST":1.89323197,"HS683_CENTRAL_NERVOUS_SYSTEM":0.931276233,"HS695T_SKIN":1.920837547,"HS729_SOFT_TISSUE":1.91799947,"HS746T_STOMACH":-0.032485561,"HS766T_PANCREAS":1.66396925,"HS852T_SKIN":-1.016775976,"HS944T_SKIN":1.908297154,"HSB2_HAEMATOPOIETIC_AND_LYMPHOID_TISSUE":-8.680986827,"HSC1_SKIN":1.909752348,"HSC2_UPPER_AERODIGESTIVE_TRACT":1.81188204,"HSC3_UPPER_AERODIGESTIVE_TRACT":1.909961974,"HT1080_SOFT_TISSUE":1.542109269,"HT115_LARGE_INTESTINE":1.399740914,"HT1197_URINARY_TRACT":1.455772205,"HT1376_URINARY_TRACT":1.283444783,"HT144_SKIN":1.628411776,"HT29_LARGE_INTESTINE":1.129314726,"HT55_LARGE_INTESTINE":1.004392111,"HUH1_LIVER":1.859182436,"HUH6_LIVER":1.920690953,"HUH7_LIVER":-1.709464878,"HUNS1_HAEMATOPOIETIC_AND_LYMPHOID_TISSUE":1.641845565,"HUPT3_PANCREAS":0.549015169,"IALM_LUNG":1.199541626,"IGR1_SKIN":0.979684938,"IGR39_SKIN":1.732788562,"IMR32_AUTONOMIC_GANGLIA":1.638982512,"INA6_HAEMATOPOIETIC_AND_LYMPHOID_TISSUE":-0.327853362,"IPC298_SKIN":1.00466559,"ISTMES1_PLEURA":0.310339817,"ISTMES2_PLEURA":1.911451155,"J82_URINARY_TRACT":0.376050252,"JHH1_LIVER":1.152555137,"JHH4_LIVER":1.068499746,"JHH5_LIVER":1.27415519,"JHH7_LIVER":-8.588549962,"JHOC5_OVARY":1.915077718,"JHOM1_OVARY":-1.234397257,"JHOS2_OVARY":1.919549065,"JHOS4_OVARY":1.838238889,"JHUEM1_ENDOMETRIUM":1.631040602,"JHUEM7_ENDOMETRIUM":1.827947378,"JIMT1_BREAST":1.890235033,"JJN3_HAEMATOPOIETIC_AND_LYMPHOID_TISSUE":1.331532072,"JMSU1_URINARY_TRACT":1.885183858,"JMURTK2_SOFT_TISSUE":1.917997478,"JOPACA1_PANCREAS":1.224384338,"JR_SOFT_TISSUE":1.873672397,"K029AX_SKIN":1.001734342,"KALS1_CENTRAL_NERVOUS_SYSTEM":1.465396091,"KARPAS299_HAEMATOPOIETIC_AND_LYMPHOID_TISSUE":1.62838449,"KARPAS422_HAEMATOPOIETIC_AND_LYMPHOID_TISSUE":-1.659339663,"KASUMI1_HAEMATOPOIETIC_AND_LYMPHOID_TISSUE":1.073648415,"KE39_STOMACH":1.801682825,"KE97_HAEMATOPOIETIC_AND_LYMPHOID_TISSUE":1.920927204,"KELLY_AUTONOMIC_GANGLIA":1.360954363,"KIJK_HAEMATOPOIETIC_AND_LYMPHOID_TISSUE":1.904743163,"KLE_ENDOMETRIUM":0.563336261,"KM12_LARGE_INTESTINE":1.594656813,