{"scores":{"127399_SOFT_TISSUE":3.581023499,"143B_BONE":3.610941986,"2313287_STOMACH":2.966552409,"253J_URINARY_TRACT":3.262081741,"42MGBA_CENTRAL_NERVOUS_SYSTEM":-7.23071965,"5637_URINARY_TRACT":3.331907154,"59M_OVARY":-17.56493783,"639V_URINARY_TRACT":-7.723769682,"647V_URINARY_TRACT":1.371194551,"697_HAEMATOPOIETIC_AND_LYMPHOID_TISSUE":3.588050634,"769P_KIDNEY":3.60753915,"786O_KIDNEY":3.269998569,"8305C_THYROID":3.516650243,"8MGBA_CENTRAL_NERVOUS_SYSTEM":3.261296116,"A2058_SKIN":3.353910889,"A2780_OVARY":-16.51178899,"A3KAW_HAEMATOPOIETIC_AND_LYMPHOID_TISSUE":3.622207969,"A427_LUNG":-10.32002156,"A431_SKIN":3.577813664,"A549_LUNG":3.559610151,"A673_BONE":2.727068404,"ABC1_LUNG":3.604777672,"ACCMESO1_PLEURA":-7.009648465,"AGS_STOMACH":3.492861177,"AML193_HAEMATOPOIETIC_AND_LYMPHOID_TISSUE":1.260877871,"AMO1_HAEMATOPOIETIC_AND_LYMPHOID_TISSUE":3.510632765,"ASPC1_PANCREAS":3.227849704,"AU565_BREAST":3.190343623,"BC3C_URINARY_TRACT":3.579345043,"BFTC905_URINARY_TRACT":3.14573653,"BFTC909_KIDNEY":-7.876802382,"BHY_UPPER_AERODIGESTIVE_TRACT":3.618651894,"BICR16_UPPER_AERODIGESTIVE_TRACT":0.273342288,"BICR22_UPPER_AERODIGESTIVE_TRACT":2.024118373,"BICR31_UPPER_AERODIGESTIVE_TRACT":3.289730003,"BICR56_UPPER_AERODIGESTIVE_TRACT":3.542554379,"BICR6_UPPER_AERODIGESTIVE_TRACT":3.38767828,"BICR78_UPPER_AERODIGESTIVE_TRACT":1.712154991,"BIN67_OVARY":-10.2865511,"BL70_HAEMATOPOIETIC_AND_LYMPHOID_TISSUE":2.74072116,"BLUE1_HAEMATOPOIETIC_AND_LYMPHOID_TISSUE":3.502731801,"BT12_SOFT_TISSUE":3.445557515,"BT16_SOFT_TISSUE":0.949641657,"BT549_BREAST":-4.535122905,"C2BBE1_LARGE_INTESTINE":3.51612591,"C32_SKIN":3.566706731,"C8166_HAEMATOPOIETIC_AND_LYMPHOID_TISSUE":3.245553285,"CADOES1_BONE":3.408683157,"CAKI1_KIDNEY":2.765319409,"CAKI2_KIDNEY":3.020534573,"CAL27_UPPER_AERODIGESTIVE_TRACT":3.499934746,"CAL29_URINARY_TRACT":3.174729066,"CAL33_UPPER_AERODIGESTIVE_TRACT":3.619152608,"CAL51_BREAST":3.611685196,"CAL78_BONE":1.99354203,"CALU1_LUNG":3.39673362,"CALU6_LUNG":3.622494084,"CAMA1_BREAST":3.513792057,"CAOV3_OVARY":2.214540205,"CAS1_CENTRAL_NERVOUS_SYSTEM":-4.139439358,"CASKI_CERVIX":3.492022669,"CCFSTTG1_CENTRAL_NERVOUS_SYSTEM":1.997829258,"CCK81_LARGE_INTESTINE":3.581529377,"CCLFPEDS0001T_KIDNEY":3.591390747,"CCLFPEDS0003T_SOFT_TISSUE":3.610002692,"CFPAC1_PANCREAS":3.43780766,"CH157MN_CENTRAL_NERVOUS_SYSTEM":1.509302331,"CHAGOK1_LUNG":3.612771613,"CHLA06ATRT_SOFT_TISSUE":3.53117361,"CHLA15_AUTONOMIC_GANGLIA":3.389039542,"CHLA266_SOFT_TISSUE":2.749369532,"CHP212_AUTONOMIC_GANGLIA":3.611579182,"CJM_SKIN":3.064692493,"CL40_LARGE_INTESTINE":3.239082857,"CME1_SOFT_TISSUE":2.809446642,"CMLT1_HAEMATOPOIETIC_AND_LYMPHOID_TISSUE":3.295144171,"COGAR359_SOFT_TISSUE":3.622954367,"COGE352_BONE":3.62289627,"COGN278_AUTONOMIC_GANGLIA":3.095591711,"COGN305_AUTONOMIC_GANGLIA":0.758048769,"COLO201_LARGE_INTESTINE":3.546788105,"COLO678_LARGE_INTESTINE":3.588316146,"COLO679_SKIN":3.460760779,"COLO792_SKIN":3.267132844,"COLO800_SKIN":3.428534753,"CORL23_LUNG":3.035377012,"CORL279_LUNG":-0.894850726,"CORL47_LUNG":1.695969039,"COV318_OVARY":3.578585801,"COV362_OVARY":3.582304867,"COV434_OVARY":2.64448987,"COV504_OVARY":-3.893015764,"COV644_OVARY":3.619597727,"CW9019_SOFT_TISSUE":3.614140315,"D283MED_CENTRAL_NERVOUS_SYSTEM":2.538517886,"D341MED_CENTRAL_NERVOUS_SYSTEM":3.609364324,"D425_CENTRAL_NERVOUS_SYSTEM":3.588711941,"D458_CENTRAL_NERVOUS_SYSTEM":3.422815633,"DANG_PANCREAS":3.257430793,"DAOY_CENTRAL_NERVOUS_SYSTEM":-1.907319956,"DB_HAEMATOPOIETIC_AND_LYMPHOID_TISSUE":3.580031027,"DEL_HAEMATOPOIETIC_AND_LYMPHOID_TISSUE":2.590920942,"DETROIT562_UPPER_AERODIGESTIVE_TRACT":3.622519523,"DKMG_CENTRAL_NERVOUS_SYSTEM":3.236149962,"DLD1_LARGE_INTESTINE":3.602490112,"DU4475_BREAST":2.09989062,"EFE184_ENDOMETRIUM":2.931248524,"EFM19_BREAST":3.426136582,"EFO21_OVARY":3.437832234,"EFO27_OVARY":3.543713671,"EJM_HAEMATOPOIETIC_AND_LYMPHOID_TISSUE":3.581457301,"EKVX_LUNG":2.662446824,"EM2_HAEMATOPOIETIC_AND_LYMPHOID_TISSUE":3.611236692,"EN_ENDOMETRIUM":2.504862553,"EOL1_HAEMATOPOIETIC_AND_LYMPHOID_TISSUE":3.167781476,"EPLC272H_LUNG":3.160572938,"ES2_OVARY":3.533579542,"ESO26_OESOPHAGUS":3.203445299,"ESS1_ENDOMETRIUM":-6.828437094,"EW8_BONE":3.047769206,"EWS502_BONE":3.466943128,"F36P_HAEMATOPOIETIC_AND_LYMPHOID_TISSUE":2.850752734,"F5_CENTRAL_NERVOUS_SYSTEM":3.370833187,"FADU_UPPER_AERODIGESTIVE_TRACT":3.294986828,"FLO1_OESOPHAGUS":2.503417042,"FU97_STOMACH":3.622896408,"G292CLONEA141B1_BONE":-20,"G402_SOFT_TISSUE":-9.129951493,"GAMG_CENTRAL_NERVOUS_SYSTEM":-20,"GB1_CENTRAL_NERVOUS_SYSTEM":0.72139406,"GCIY_STOMACH":3.384267255,"GCT_SOFT_TISSUE":3.620668754,"GI1_CENTRAL_NERVOUS_SYSTEM":3.613524844,"GSS_STOMACH":2.988038187,"GSU_STOMACH":3.245836223,"H103_UPPER_AERODIGESTIVE_TRACT":2.237210178,"H4_CENTRAL_NERVOUS_SYSTEM":0.703936,"HARA_LUNG":3.06184834,"HB1119_HAEMATOPOIETIC_AND_LYMPHOID_TISSUE":3.355685742,"HCC1143_BREAST":-0.818006008,"HCC1359_LUNG":-20,"HCC1395_BREAST":-1.331062664,"HCC1419_BREAST":3.425247068,"HCC1428_BREAST":2.406257006,"HCC15_LUNG":3.622190566,"HCC1806_BREAST":3.521383524,"HCC1937_BREAST":3.620897314,"HCC1954_BREAST":3.022197098,"HCC202_BREAST":3.616701255,"HCC2429_LUNG":0.215320667,"HCC2935_LUNG":-20,"HCC366_LUNG":2.927363607,"HCC461_LUNG":3.618721769,"HCC515_LUNG":1.946015224,"HCC56_LARGE_INTESTINE":3.482166875,"HCC827_LUNG":3.351714237,"HCC95_LUNG":-2.727655157,"HDMYZ_HAEMATOPOIETIC_AND_LYMPHOID_TISSUE":3.495217174,"HEC151_ENDOMETRIUM":3.570818292,"HEC1A_ENDOMETRIUM":3.613327247,"HEC1B_ENDOMETRIUM":3.568589433,"HEC251_ENDOMETRIUM":3.561427521,"HEC265_ENDOMETRIUM":3.589194925,"HEC50B_ENDOMETRIUM":3.41117318,"HEC59_ENDOMETRIUM":3.543004142,"HEC6_ENDOMETRIUM":2.229317687,"HEL_HAEMATOPOIETIC_AND_LYMPHOID_TISSUE":3.103207631,"HEL9217_HAEMATOPOIETIC_AND_LYMPHOID_TISSUE":1.092324608,"HEYA8_OVARY":3.601965132,"HGC27_STOMACH":3.186076408,"HLF_LIVER":-20,"HMC18_BREAST":3.610161154,"HOP62_LUNG":0.588401671,"HS294T_SKIN":3.238183781,"HS578T_BREAST":-1.355298973,"HS683_CENTRAL_NERVOUS_SYSTEM":-2.493396299,"HS695T_SKIN":3.478306697,"HS729_SOFT_TISSUE":-20,"HS746T_STOMACH":3.301869835,"HS766T_PANCREAS":3.585178549,"HS852T_SKIN":3.521093712,"HS944T_SKIN":3.537183795,"HSB2_HAEMATOPOIETIC_AND_LYMPHOID_TISSUE":2.088332057,"HSC1_SKIN":3.474333914,"HSC2_UPPER_AERODIGESTIVE_TRACT":3.609712869,"HSC3_UPPER_AERODIGESTIVE_TRACT":3.584628683,"HT1080_SOFT_TISSUE":3.039238932,"HT115_LARGE_INTESTINE":1.82344137,"HT1197_URINARY_TRACT":3.300614475,"HT1376_URINARY_TRACT":3.479260647,"HT144_SKIN":2.743714129,"HT29_LARGE_INTESTINE":3.590279062,"HT55_LARGE_INTESTINE":3.62143961,"HUH1_LIVER":3.103155488,"HUH6_LIVER":0.973246493,"HUH7_LIVER":3.2837805,"HUNS1_HAEMATOPOIETIC_AND_LYMPHOID_TISSUE":3.605569094,"HUPT3_PANCREAS":3.511721242,"IALM_LUNG":2.405051754,"IGR1_SKIN":1.72745207,"IGR39_SKIN":3.261837082,"IMR32_AUTONOMIC_GANGLIA":2.640196956,"INA6_HAEMATOPOIETIC_AND_LYMPHOID_TISSUE":2.401355078,"IPC298_SKIN":3.15162874,"ISTMES1_PLEURA":-10.18364517,"ISTMES2_PLEURA":-10.89163682,"J82_URINARY_TRACT":-11.51666054,"JHH1_LIVER":3.538191896,"JHH4_LIVER":0.908146958,"JHH5_LIVER":3.600529994,"JHH7_LIVER":2.818467565,"JHOC5_OVARY":2.886805496,"JHOM1_OVARY":0.115668904,"JHOS2_OVARY":3.036181769,"JHOS4_OVARY":3.503393725,"JHUEM1_ENDOMETRIUM":3.172236997,"JHUEM7_ENDOMETRIUM":3.306967726,"JIMT1_BREAST":3.622261149,"JJN3_HAEMATOPOIETIC_AND_LYMPHOID_TISSUE":3.0624248,"JMSU1_URINARY_TRACT":-20,"JMURTK2_SOFT_TISSUE":-20,"JOPACA1_PANCREAS":3.582782366,"JR_SOFT_TISSUE":3.597130114,"K029AX_SKIN":2.410133661,"KALS1_CENTRAL_NERVOUS_SYSTEM":2.273306577,"KARPAS299_HAEMATOPOIETIC_AND_LYMPHOID_TISSUE":3.622901098,"KARPAS422_HAEMATOPOIETIC_AND_LYMPHOID_TISSUE":2.976685839,"KASUMI1_HAEMATOPOIETIC_AND_LYMPHOID_TISSUE":3.59403271,"KE39_STOMACH":2.632699539,"KE97_HAEMATOPOIETIC_AND_LYMPHOID_TISSUE":1.65708866,"KELLY_AUTONOMIC_GANGLIA":3.611047842,"KIJK_HAEMATOPOIETIC_AND_LYMPHOID_TISSUE":3.248920981,"KLE_ENDOMETRIUM":3.431160308,"KM12_LARGE_INTESTINE":1.748441596,"KMBC2_URINARY_TRACT":3.600398197,