{"scores":{"127399_SOFT_TISSUE":3.326187314,"143B_BONE":3.250420453,"2313287_STOMACH":2.360772427,"253J_URINARY_TRACT":3.040969571,"42MGBA_CENTRAL_NERVOUS_SYSTEM":1.232766664,"5637_URINARY_TRACT":2.858503937,"59M_OVARY":2.902927888,"639V_URINARY_TRACT":2.413268643,"647V_URINARY_TRACT":3.318737343,"697_HAEMATOPOIETIC_AND_LYMPHOID_TISSUE":3.322691253,"769P_KIDNEY":1.065326782,"786O_KIDNEY":3.292627633,"8305C_THYROID":-8.198189194,"8MGBA_CENTRAL_NERVOUS_SYSTEM":2.513812742,"A2058_SKIN":3.326138605,"A2780_OVARY":3.307091455,"A3KAW_HAEMATOPOIETIC_AND_LYMPHOID_TISSUE":3.154064452,"A427_LUNG":2.672503335,"A431_SKIN":2.970013511,"A549_LUNG":3.151617324,"A673_BONE":-18.73355687,"ABC1_LUNG":2.547595629,"ACCMESO1_PLEURA":3.253764874,"AGS_STOMACH":2.814603165,"AML193_HAEMATOPOIETIC_AND_LYMPHOID_TISSUE":3.021008532,"AMO1_HAEMATOPOIETIC_AND_LYMPHOID_TISSUE":3.108985207,"ASPC1_PANCREAS":3.297698531,"AU565_BREAST":3.256017195,"BC3C_URINARY_TRACT":2.493815675,"BFTC905_URINARY_TRACT":3.256585038,"BFTC909_KIDNEY":3.313342211,"BHY_UPPER_AERODIGESTIVE_TRACT":3.258949822,"BICR16_UPPER_AERODIGESTIVE_TRACT":2.165919974,"BICR22_UPPER_AERODIGESTIVE_TRACT":2.08039189,"BICR31_UPPER_AERODIGESTIVE_TRACT":2.656726688,"BICR56_UPPER_AERODIGESTIVE_TRACT":3.326119721,"BICR6_UPPER_AERODIGESTIVE_TRACT":3.312979768,"BICR78_UPPER_AERODIGESTIVE_TRACT":1.148737052,"BIN67_OVARY":2.353971862,"BL70_HAEMATOPOIETIC_AND_LYMPHOID_TISSUE":3.281496554,"BLUE1_HAEMATOPOIETIC_AND_LYMPHOID_TISSUE":-3.84711813,"BT12_SOFT_TISSUE":2.845426241,"BT16_SOFT_TISSUE":2.011096841,"BT549_BREAST":3.074742711,"C2BBE1_LARGE_INTESTINE":3.08591006,"C32_SKIN":3.092496372,"C8166_HAEMATOPOIETIC_AND_LYMPHOID_TISSUE":2.786400865,"CADOES1_BONE":-4.576761376,"CAKI1_KIDNEY":3.043103671,"CAKI2_KIDNEY":3.277172689,"CAL27_UPPER_AERODIGESTIVE_TRACT":2.982612444,"CAL29_URINARY_TRACT":3.308909395,"CAL33_UPPER_AERODIGESTIVE_TRACT":3.323376437,"CAL51_BREAST":3.053755307,"CAL78_BONE":2.303398545,"CALU1_LUNG":2.467013148,"CALU6_LUNG":3.213400177,"CAMA1_BREAST":3.284135205,"CAOV3_OVARY":2.92836498,"CAS1_CENTRAL_NERVOUS_SYSTEM":3.150426268,"CASKI_CERVIX":3.187060902,"CCFSTTG1_CENTRAL_NERVOUS_SYSTEM":2.79632322,"CCK81_LARGE_INTESTINE":3.114744689,"CCLFPEDS0001T_KIDNEY":3.230940739,"CCLFPEDS0003T_SOFT_TISSUE":0.855875985,"CFPAC1_PANCREAS":3.263270323,"CH157MN_CENTRAL_NERVOUS_SYSTEM":3.326339484,"CHAGOK1_LUNG":2.537977618,"CHLA06ATRT_SOFT_TISSUE":3.319258925,"CHLA15_AUTONOMIC_GANGLIA":3.288435573,"CHLA266_SOFT_TISSUE":3.262386201,"CHP212_AUTONOMIC_GANGLIA":3.182704066,"CJM_SKIN":0.278470685,"CL40_LARGE_INTESTINE":0.008318539,"CME1_SOFT_TISSUE":3.25979513,"CMLT1_HAEMATOPOIETIC_AND_LYMPHOID_TISSUE":3.173648116,"COGAR359_SOFT_TISSUE":3.280419168,"COGE352_BONE":3.159988211,"COGN278_AUTONOMIC_GANGLIA":2.080594584,"COGN305_AUTONOMIC_GANGLIA":3.090531643,"COLO201_LARGE_INTESTINE":3.230102982,"COLO678_LARGE_INTESTINE":-1.648955193,"COLO679_SKIN":3.321391455,"COLO792_SKIN":3.064910407,"COLO800_SKIN":2.739643493,"CORL23_LUNG":-7.481392609,"CORL279_LUNG":3.192185372,"CORL47_LUNG":2.591625907,"COV318_OVARY":3.312961752,"COV362_OVARY":3.311375192,"COV434_OVARY":3.248612598,"COV504_OVARY":3.3260449,"COV644_OVARY":3.139187881,"CW9019_SOFT_TISSUE":3.282107707,"D283MED_CENTRAL_NERVOUS_SYSTEM":2.90779445,"D341MED_CENTRAL_NERVOUS_SYSTEM":3.128495681,"D425_CENTRAL_NERVOUS_SYSTEM":2.92087151,"D458_CENTRAL_NERVOUS_SYSTEM":3.181501893,"DANG_PANCREAS":2.362917897,"DAOY_CENTRAL_NERVOUS_SYSTEM":2.354639086,"DB_HAEMATOPOIETIC_AND_LYMPHOID_TISSUE":1.485839246,"DEL_HAEMATOPOIETIC_AND_LYMPHOID_TISSUE":3.022082489,"DETROIT562_UPPER_AERODIGESTIVE_TRACT":2.995604152,"DKMG_CENTRAL_NERVOUS_SYSTEM":3.326339484,"DLD1_LARGE_INTESTINE":3.255287238,"DU4475_BREAST":1.889171383,"EFE184_ENDOMETRIUM":2.727877592,"EFM19_BREAST":0.422809251,"EFO21_OVARY":3.034935287,"EFO27_OVARY":3.232334357,"EJM_HAEMATOPOIETIC_AND_LYMPHOID_TISSUE":2.881858434,"EKVX_LUNG":3.205720771,"EM2_HAEMATOPOIETIC_AND_LYMPHOID_TISSUE":0.575666141,"EN_ENDOMETRIUM":3.255235151,"EOL1_HAEMATOPOIETIC_AND_LYMPHOID_TISSUE":-20,"EPLC272H_LUNG":3.206295015,"ES2_OVARY":0.350899682,"ESO26_OESOPHAGUS":2.393934003,"ESS1_ENDOMETRIUM":0.888680372,"EW8_BONE":-20,"EWS502_BONE":-20,"F36P_HAEMATOPOIETIC_AND_LYMPHOID_TISSUE":2.150984338,"F5_CENTRAL_NERVOUS_SYSTEM":3.235533142,"FADU_UPPER_AERODIGESTIVE_TRACT":1.24131064,"FLO1_OESOPHAGUS":3.251481803,"FU97_STOMACH":-16.93472116,"G292CLONEA141B1_BONE":3.225510314,"G402_SOFT_TISSUE":3.214654518,"GAMG_CENTRAL_NERVOUS_SYSTEM":3.280951203,"GB1_CENTRAL_NERVOUS_SYSTEM":2.942879067,"GCIY_STOMACH":2.593224746,"GCT_SOFT_TISSUE":3.298471848,"GI1_CENTRAL_NERVOUS_SYSTEM":2.829767952,"GSS_STOMACH":1.944139598,"GSU_STOMACH":3.257661765,"H103_UPPER_AERODIGESTIVE_TRACT":3.197338925,"H4_CENTRAL_NERVOUS_SYSTEM":3.269452999,"HARA_LUNG":2.260894262,"HB1119_HAEMATOPOIETIC_AND_LYMPHOID_TISSUE":2.658466828,"HCC1143_BREAST":1.30792256,"HCC1359_LUNG":3.285290405,"HCC1395_BREAST":3.325002171,"HCC1419_BREAST":3.197826005,"HCC1428_BREAST":3.069605921,"HCC15_LUNG":3.199268507,"HCC1806_BREAST":3.13561455,"HCC1937_BREAST":3.196799491,"HCC1954_BREAST":3.216271486,"HCC202_BREAST":3.143811286,"HCC2429_LUNG":3.307859917,"HCC2935_LUNG":3.165027031,"HCC366_LUNG":2.565536173,"HCC461_LUNG":3.285687397,"HCC515_LUNG":2.732643928,"HCC56_LARGE_INTESTINE":3.194795959,"HCC827_LUNG":3.081584214,"HCC95_LUNG":3.138867906,"HDMYZ_HAEMATOPOIETIC_AND_LYMPHOID_TISSUE":3.326339484,"HEC151_ENDOMETRIUM":3.173042348,"HEC1A_ENDOMETRIUM":3.214240063,"HEC1B_ENDOMETRIUM":3.087360678,"HEC251_ENDOMETRIUM":3.326315186,"HEC265_ENDOMETRIUM":3.303133681,"HEC50B_ENDOMETRIUM":1.800323869,"HEC59_ENDOMETRIUM":1.264229277,"HEC6_ENDOMETRIUM":1.740775044,"HEL_HAEMATOPOIETIC_AND_LYMPHOID_TISSUE":-14.13676482,"HEL9217_HAEMATOPOIETIC_AND_LYMPHOID_TISSUE":-20,"HEYA8_OVARY":3.25603544,"HGC27_STOMACH":0.879448879,"HLF_LIVER":2.525009427,"HMC18_BREAST":3.00527055,"HOP62_LUNG":3.326168879,"HS294T_SKIN":3.188699776,"HS578T_BREAST":3.324836719,"HS683_CENTRAL_NERVOUS_SYSTEM":2.214226698,"HS695T_SKIN":3.204936803,"HS729_SOFT_TISSUE":1.983013427,"HS746T_STOMACH":3.081131246,"HS766T_PANCREAS":-7.884455968,"HS852T_SKIN":3.326103871,"HS944T_SKIN":1.182709658,"HSB2_HAEMATOPOIETIC_AND_LYMPHOID_TISSUE":0.479709098,"HSC1_SKIN":3.152520048,"HSC2_UPPER_AERODIGESTIVE_TRACT":3.132185409,"HSC3_UPPER_AERODIGESTIVE_TRACT":3.321344757,"HT1080_SOFT_TISSUE":1.742998413,"HT115_LARGE_INTESTINE":2.102951457,"HT1197_URINARY_TRACT":3.203503817,"HT1376_URINARY_TRACT":3.259403427,"HT144_SKIN":2.581778181,"HT29_LARGE_INTESTINE":2.401475297,"HT55_LARGE_INTESTINE":2.834521218,"HUH1_LIVER":3.254476258,"HUH6_LIVER":3.180880214,"HUH7_LIVER":3.309291438,"HUNS1_HAEMATOPOIETIC_AND_LYMPHOID_TISSUE":0.609313864,"HUPT3_PANCREAS":3.315196955,"IALM_LUNG":3.326339484,"IGR1_SKIN":3.305900068,"IGR39_SKIN":2.621351258,"IMR32_AUTONOMIC_GANGLIA":3.307197658,"INA6_HAEMATOPOIETIC_AND_LYMPHOID_TISSUE":1.172352199,"IPC298_SKIN":3.13481756,"ISTMES1_PLEURA":3.290232091,"ISTMES2_PLEURA":1.315398354,"J82_URINARY_TRACT":2.914199894,"JHH1_LIVER":3.011685696,"JHH4_LIVER":2.827428524,"JHH5_LIVER":3.244090219,"JHH7_LIVER":2.901046625,"JHOC5_OVARY":3.324634072,"JHOM1_OVARY":2.981224879,"JHOS2_OVARY":0.630562982,"JHOS4_OVARY":3.323021249,"JHUEM1_ENDOMETRIUM":3.326339484,"JHUEM7_ENDOMETRIUM":2.764684153,"JIMT1_BREAST":3.297484249,"JJN3_HAEMATOPOIETIC_AND_LYMPHOID_TISSUE":-3.893747011,"JMSU1_URINARY_TRACT":3.27491723,"JMURTK2_SOFT_TISSUE":3.25171651,"JOPACA1_PANCREAS":3.199031312,"JR_SOFT_TISSUE":3.293564918,"K029AX_SKIN":2.7499156,"KALS1_CENTRAL_NERVOUS_SYSTEM":3.308057412,"KARPAS299_HAEMATOPOIETIC_AND_LYMPHOID_TISSUE":3.074853613,"KARPAS422_HAEMATOPOIETIC_AND_LYMPHOID_TISSUE":2.951862639,"KASUMI1_HAEMATOPOIETIC_AND_LYMPHOID_TISSUE":3.175129714,"KE39_STOMACH":1.826899166,"KE97_HAEMATOPOIETIC_AND_LYMPHOID_TISSUE":1.798660085,"KELLY_AUTONOMIC_GANGLIA":3.324922611,"KIJK_HAEMATOPOIETIC_AND_LYMPHOID_TISSUE":2.803517433,"KLE_ENDOMETRIUM":1.879141632,"KM12_LARGE_INTESTINE":3.015305539,"KMBC2_URINARY_TRACT":2.902534006,