{"scores":{"127399_SOFT_TISSUE":3.862546056,"143B_BONE":3.815053465,"2313287_STOMACH":3.901271453,"253J_URINARY_TRACT":2.987303093,"42MGBA_CENTRAL_NERVOUS_SYSTEM":3.712369519,"5637_URINARY_TRACT":1.097882185,"59M_OVARY":3.570327154,"639V_URINARY_TRACT":3.892802587,"647V_URINARY_TRACT":3.886169077,"697_HAEMATOPOIETIC_AND_LYMPHOID_TISSUE":3.940031496,"769P_KIDNEY":3.577921655,"786O_KIDNEY":3.602286651,"8305C_THYROID":3.91380327,"8MGBA_CENTRAL_NERVOUS_SYSTEM":3.072297788,"A2058_SKIN":3.66622695,"A2780_OVARY":3.941798895,"A3KAW_HAEMATOPOIETIC_AND_LYMPHOID_TISSUE":3.375284045,"A427_LUNG":3.46420896,"A431_SKIN":3.36618754,"A549_LUNG":3.95398048,"A673_BONE":3.023600148,"ABC1_LUNG":3.839055878,"ACCMESO1_PLEURA":3.616384023,"AGS_STOMACH":3.956396924,"AML193_HAEMATOPOIETIC_AND_LYMPHOID_TISSUE":3.34892176,"AMO1_HAEMATOPOIETIC_AND_LYMPHOID_TISSUE":3.932585152,"ASPC1_PANCREAS":3.158793989,"AU565_BREAST":3.873134459,"BC3C_URINARY_TRACT":3.587084782,"BFTC905_URINARY_TRACT":3.930759928,"BFTC909_KIDNEY":3.655146622,"BHY_UPPER_AERODIGESTIVE_TRACT":3.500290626,"BICR16_UPPER_AERODIGESTIVE_TRACT":2.67707803,"BICR22_UPPER_AERODIGESTIVE_TRACT":3.943087422,"BICR31_UPPER_AERODIGESTIVE_TRACT":3.883236654,"BICR56_UPPER_AERODIGESTIVE_TRACT":3.952853542,"BICR6_UPPER_AERODIGESTIVE_TRACT":2.766561004,"BICR78_UPPER_AERODIGESTIVE_TRACT":3.645941375,"BIN67_OVARY":3.865213564,"BL70_HAEMATOPOIETIC_AND_LYMPHOID_TISSUE":1.679205372,"BLUE1_HAEMATOPOIETIC_AND_LYMPHOID_TISSUE":3.75767894,"BT12_SOFT_TISSUE":3.399652491,"BT16_SOFT_TISSUE":3.935783874,"BT549_BREAST":2.896598649,"C2BBE1_LARGE_INTESTINE":3.699247163,"C32_SKIN":2.479089373,"C8166_HAEMATOPOIETIC_AND_LYMPHOID_TISSUE":3.78198903,"CADOES1_BONE":3.759572407,"CAKI1_KIDNEY":3.889830365,"CAKI2_KIDNEY":3.630646532,"CAL27_UPPER_AERODIGESTIVE_TRACT":3.898628733,"CAL29_URINARY_TRACT":3.913868784,"CAL33_UPPER_AERODIGESTIVE_TRACT":2.818849593,"CAL51_BREAST":3.655522259,"CAL78_BONE":3.946799402,"CALU1_LUNG":3.77611314,"CALU6_LUNG":3.556507634,"CAMA1_BREAST":3.573906115,"CAOV3_OVARY":3.790303179,"CAS1_CENTRAL_NERVOUS_SYSTEM":3.905088798,"CASKI_CERVIX":-1.924491838,"CCFSTTG1_CENTRAL_NERVOUS_SYSTEM":3.64480234,"CCK81_LARGE_INTESTINE":1.713433264,"CCLFPEDS0001T_KIDNEY":3.955595179,"CCLFPEDS0003T_SOFT_TISSUE":2.57894214,"CFPAC1_PANCREAS":3.535749456,"CH157MN_CENTRAL_NERVOUS_SYSTEM":3.873984745,"CHAGOK1_LUNG":2.460599261,"CHLA06ATRT_SOFT_TISSUE":3.899091709,"CHLA15_AUTONOMIC_GANGLIA":3.858688347,"CHLA266_SOFT_TISSUE":3.435094693,"CHP212_AUTONOMIC_GANGLIA":3.264754121,"CJM_SKIN":3.90069577,"CL40_LARGE_INTESTINE":2.764122062,"CME1_SOFT_TISSUE":2.168558461,"CMLT1_HAEMATOPOIETIC_AND_LYMPHOID_TISSUE":1.305771226,"COGAR359_SOFT_TISSUE":3.929944393,"COGE352_BONE":3.955429907,"COGN278_AUTONOMIC_GANGLIA":3.862416151,"COGN305_AUTONOMIC_GANGLIA":3.486219996,"COLO201_LARGE_INTESTINE":3.868446981,"COLO678_LARGE_INTESTINE":3.949845088,"COLO679_SKIN":3.449884635,"COLO792_SKIN":3.864593586,"COLO800_SKIN":3.643024779,"CORL23_LUNG":3.401495184,"CORL279_LUNG":3.955291832,"CORL47_LUNG":2.885618604,"COV318_OVARY":3.730584726,"COV362_OVARY":3.932933032,"COV434_OVARY":3.672919452,"COV504_OVARY":3.796294704,"COV644_OVARY":3.906116183,"CW9019_SOFT_TISSUE":3.933710228,"D283MED_CENTRAL_NERVOUS_SYSTEM":3.955093441,"D341MED_CENTRAL_NERVOUS_SYSTEM":3.831674219,"D425_CENTRAL_NERVOUS_SYSTEM":1.541442577,"D458_CENTRAL_NERVOUS_SYSTEM":3.670991274,"DANG_PANCREAS":3.53667691,"DAOY_CENTRAL_NERVOUS_SYSTEM":3.945421951,"DB_HAEMATOPOIETIC_AND_LYMPHOID_TISSUE":3.93500074,"DEL_HAEMATOPOIETIC_AND_LYMPHOID_TISSUE":3.929212137,"DETROIT562_UPPER_AERODIGESTIVE_TRACT":3.941055175,"DKMG_CENTRAL_NERVOUS_SYSTEM":3.724130254,"DLD1_LARGE_INTESTINE":3.525091863,"DU4475_BREAST":-1.132640574,"EFE184_ENDOMETRIUM":-7.237859383,"EFM19_BREAST":3.185046769,"EFO21_OVARY":3.802939068,"EFO27_OVARY":3.891327511,"EJM_HAEMATOPOIETIC_AND_LYMPHOID_TISSUE":3.95441658,"EKVX_LUNG":3.944945338,"EM2_HAEMATOPOIETIC_AND_LYMPHOID_TISSUE":3.687601851,"EN_ENDOMETRIUM":3.951125368,"EOL1_HAEMATOPOIETIC_AND_LYMPHOID_TISSUE":3.825205544,"EPLC272H_LUNG":3.64865599,"ES2_OVARY":3.957034712,"ESO26_OESOPHAGUS":3.768077528,"ESS1_ENDOMETRIUM":3.925660715,"EW8_BONE":3.957227014,"EWS502_BONE":3.626878234,"F36P_HAEMATOPOIETIC_AND_LYMPHOID_TISSUE":3.955210574,"F5_CENTRAL_NERVOUS_SYSTEM":3.868223773,"FADU_UPPER_AERODIGESTIVE_TRACT":3.857822353,"FLO1_OESOPHAGUS":3.421070179,"FU97_STOMACH":3.803448516,"G292CLONEA141B1_BONE":3.775940668,"G402_SOFT_TISSUE":3.861657019,"GAMG_CENTRAL_NERVOUS_SYSTEM":3.802885601,"GB1_CENTRAL_NERVOUS_SYSTEM":3.945867388,"GCIY_STOMACH":3.557823927,"GCT_SOFT_TISSUE":3.952872702,"GI1_CENTRAL_NERVOUS_SYSTEM":3.934333315,"GSS_STOMACH":3.814140713,"GSU_STOMACH":2.713899127,"H103_UPPER_AERODIGESTIVE_TRACT":2.894410606,"H4_CENTRAL_NERVOUS_SYSTEM":3.884945424,"HARA_LUNG":3.249514396,"HB1119_HAEMATOPOIETIC_AND_LYMPHOID_TISSUE":-20,"HCC1143_BREAST":2.692412134,"HCC1359_LUNG":3.914288235,"HCC1395_BREAST":3.90561679,"HCC1419_BREAST":3.915322702,"HCC1428_BREAST":3.95720825,"HCC15_LUNG":3.557467981,"HCC1806_BREAST":3.808510953,"HCC1937_BREAST":3.946652079,"HCC1954_BREAST":3.820463408,"HCC202_BREAST":3.601400698,"HCC2429_LUNG":3.118521197,"HCC2935_LUNG":3.602247312,"HCC366_LUNG":2.531096265,"HCC461_LUNG":3.953038301,"HCC515_LUNG":3.864815189,"HCC56_LARGE_INTESTINE":2.973993853,"HCC827_LUNG":3.761824238,"HCC95_LUNG":3.720120544,"HDMYZ_HAEMATOPOIETIC_AND_LYMPHOID_TISSUE":3.009441937,"HEC151_ENDOMETRIUM":3.185659911,"HEC1A_ENDOMETRIUM":3.933564923,"HEC1B_ENDOMETRIUM":3.947636648,"HEC251_ENDOMETRIUM":3.2942795,"HEC265_ENDOMETRIUM":3.935752583,"HEC50B_ENDOMETRIUM":3.795341092,"HEC59_ENDOMETRIUM":3.706880588,"HEC6_ENDOMETRIUM":2.476688123,"HEL_HAEMATOPOIETIC_AND_LYMPHOID_TISSUE":3.50550968,"HEL9217_HAEMATOPOIETIC_AND_LYMPHOID_TISSUE":3.819585472,"HEYA8_OVARY":3.637680877,"HGC27_STOMACH":3.686713683,"HLF_LIVER":3.928420302,"HMC18_BREAST":3.933518028,"HOP62_LUNG":3.846152322,"HS294T_SKIN":2.142752849,"HS578T_BREAST":3.689405646,"HS683_CENTRAL_NERVOUS_SYSTEM":3.553578196,"HS695T_SKIN":3.812104892,"HS729_SOFT_TISSUE":3.94105446,"HS746T_STOMACH":3.445786846,"HS766T_PANCREAS":3.297007217,"HS852T_SKIN":3.337180015,"HS944T_SKIN":3.93872017,"HSB2_HAEMATOPOIETIC_AND_LYMPHOID_TISSUE":2.302071656,"HSC1_SKIN":3.94690377,"HSC2_UPPER_AERODIGESTIVE_TRACT":3.81511008,"HSC3_UPPER_AERODIGESTIVE_TRACT":3.395995927,"HT1080_SOFT_TISSUE":2.515109112,"HT115_LARGE_INTESTINE":1.799226955,"HT1197_URINARY_TRACT":3.369165772,"HT1376_URINARY_TRACT":3.773202799,"HT144_SKIN":3.898990074,"HT29_LARGE_INTESTINE":3.734100005,"HT55_LARGE_INTESTINE":3.90879923,"HUH1_LIVER":1.266402288,"HUH6_LIVER":3.802127044,"HUH7_LIVER":3.847537254,"HUNS1_HAEMATOPOIETIC_AND_LYMPHOID_TISSUE":3.956169683,"HUPT3_PANCREAS":3.954989713,"IALM_LUNG":0.213750553,"IGR1_SKIN":2.954211911,"IGR39_SKIN":3.877506968,"IMR32_AUTONOMIC_GANGLIA":3.572666796,"INA6_HAEMATOPOIETIC_AND_LYMPHOID_TISSUE":3.927630196,"IPC298_SKIN":3.947486866,"ISTMES1_PLEURA":3.709200906,"ISTMES2_PLEURA":3.948220564,"J82_URINARY_TRACT":3.919049558,"JHH1_LIVER":3.937859197,"JHH4_LIVER":3.241063359,"JHH5_LIVER":3.8493917,"JHH7_LIVER":1.260254307,"JHOC5_OVARY":3.943370733,"JHOM1_OVARY":3.955390813,"JHOS2_OVARY":3.8259197,"JHOS4_OVARY":3.91841494,"JHUEM1_ENDOMETRIUM":1.773419232,"JHUEM7_ENDOMETRIUM":3.932548465,"JIMT1_BREAST":3.936948253,"JJN3_HAEMATOPOIETIC_AND_LYMPHOID_TISSUE":2.496191463,"JMSU1_URINARY_TRACT":3.918665478,"JMURTK2_SOFT_TISSUE":2.379736143,"JOPACA1_PANCREAS":3.875867287,"JR_SOFT_TISSUE":3.118592296,"K029AX_SKIN":3.957447076,"KALS1_CENTRAL_NERVOUS_SYSTEM":3.951235301,"KARPAS299_HAEMATOPOIETIC_AND_LYMPHOID_TISSUE":3.720436639,"KARPAS422_HAEMATOPOIETIC_AND_LYMPHOID_TISSUE":3.659859219,"KASUMI1_HAEMATOPOIETIC_AND_LYMPHOID_TISSUE":3.957447076,"KE39_STOMACH":3.95044838,"KE97_HAEMATOPOIETIC_AND_LYMPHOID_TISSUE":3.935149429,"KELLY_AUTONOMIC_GANGLIA":3.700306058,"KIJK_HAEMATOPOIETIC_AND_LYMPHOID_TISSUE":3.25714343,"KLE_ENDOMETRIUM":3.952890114,"KM12_LARGE_INTESTINE":3.92777541,"KMBC2_URINARY_TRACT":3.883369735,