{"scores":{"127399_SOFT_TISSUE":2.918129073,"143B_BONE":2.546531867,"2313287_STOMACH":-0.512898651,"253J_URINARY_TRACT":2.922867115,"42MGBA_CENTRAL_NERVOUS_SYSTEM":2.79915943,"5637_URINARY_TRACT":2.913061267,"59M_OVARY":2.508868235,"639V_URINARY_TRACT":2.692209621,"647V_URINARY_TRACT":2.91298224,"697_HAEMATOPOIETIC_AND_LYMPHOID_TISSUE":2.778509706,"769P_KIDNEY":-1.562544562,"786O_KIDNEY":2.832638352,"8305C_THYROID":2.434285476,"8MGBA_CENTRAL_NERVOUS_SYSTEM":2.725764541,"A2058_SKIN":2.923289788,"A2780_OVARY":2.425384697,"A3KAW_HAEMATOPOIETIC_AND_LYMPHOID_TISSUE":-18.00556823,"A427_LUNG":1.869344598,"A431_SKIN":2.443745186,"A549_LUNG":2.905508159,"A673_BONE":2.915407214,"ABC1_LUNG":2.915899655,"ACCMESO1_PLEURA":2.908001217,"AGS_STOMACH":2.922232204,"AML193_HAEMATOPOIETIC_AND_LYMPHOID_TISSUE":2.915413594,"AMO1_HAEMATOPOIETIC_AND_LYMPHOID_TISSUE":-14.75257716,"ASPC1_PANCREAS":2.755416253,"AU565_BREAST":1.677475085,"BC3C_URINARY_TRACT":2.504320517,"BFTC905_URINARY_TRACT":2.795411466,"BFTC909_KIDNEY":1.965583879,"BHY_UPPER_AERODIGESTIVE_TRACT":-0.040335718,"BICR16_UPPER_AERODIGESTIVE_TRACT":2.441902473,"BICR22_UPPER_AERODIGESTIVE_TRACT":2.827550365,"BICR31_UPPER_AERODIGESTIVE_TRACT":2.912142997,"BICR56_UPPER_AERODIGESTIVE_TRACT":2.824126765,"BICR6_UPPER_AERODIGESTIVE_TRACT":2.919080599,"BICR78_UPPER_AERODIGESTIVE_TRACT":2.631229269,"BIN67_OVARY":1.467010132,"BL70_HAEMATOPOIETIC_AND_LYMPHOID_TISSUE":-20,"BLUE1_HAEMATOPOIETIC_AND_LYMPHOID_TISSUE":0.815378079,"BT12_SOFT_TISSUE":2.896015394,"BT16_SOFT_TISSUE":1.85202389,"BT549_BREAST":2.490246268,"C2BBE1_LARGE_INTESTINE":2.823395488,"C32_SKIN":2.908627364,"C8166_HAEMATOPOIETIC_AND_LYMPHOID_TISSUE":0.413121933,"CADOES1_BONE":2.585969897,"CAKI1_KIDNEY":2.097480601,"CAKI2_KIDNEY":2.158513727,"CAL27_UPPER_AERODIGESTIVE_TRACT":2.238729602,"CAL29_URINARY_TRACT":2.733223872,"CAL33_UPPER_AERODIGESTIVE_TRACT":2.577650138,"CAL51_BREAST":2.776650919,"CAL78_BONE":0.092436573,"CALU1_LUNG":2.879170545,"CALU6_LUNG":2.233910221,"CAMA1_BREAST":2.808334472,"CAOV3_OVARY":2.907156773,"CAS1_CENTRAL_NERVOUS_SYSTEM":2.923444888,"CASKI_CERVIX":2.161627218,"CCFSTTG1_CENTRAL_NERVOUS_SYSTEM":2.525243004,"CCK81_LARGE_INTESTINE":0.269900819,"CCLFPEDS0001T_KIDNEY":2.605231683,"CCLFPEDS0003T_SOFT_TISSUE":2.575285657,"CFPAC1_PANCREAS":2.815855665,"CH157MN_CENTRAL_NERVOUS_SYSTEM":0.829464301,"CHAGOK1_LUNG":2.274737342,"CHLA06ATRT_SOFT_TISSUE":2.240598052,"CHLA15_AUTONOMIC_GANGLIA":2.917418444,"CHLA266_SOFT_TISSUE":2.418963113,"CHP212_AUTONOMIC_GANGLIA":2.872158443,"CJM_SKIN":2.869687146,"CL40_LARGE_INTESTINE":-1.984819292,"CME1_SOFT_TISSUE":1.215111677,"CMLT1_HAEMATOPOIETIC_AND_LYMPHOID_TISSUE":2.708396777,"COGAR359_SOFT_TISSUE":-0.132539699,"COGE352_BONE":2.907258006,"COGN278_AUTONOMIC_GANGLIA":0.796215035,"COGN305_AUTONOMIC_GANGLIA":-0.953100838,"COLO201_LARGE_INTESTINE":2.727521335,"COLO678_LARGE_INTESTINE":2.92195377,"COLO679_SKIN":1.27283898,"COLO792_SKIN":2.698616791,"COLO800_SKIN":2.854183585,"CORL23_LUNG":2.311407871,"CORL279_LUNG":1.297354949,"CORL47_LUNG":2.499199069,"COV318_OVARY":2.912627746,"COV362_OVARY":2.524509586,"COV434_OVARY":2.923480369,"COV504_OVARY":2.332942753,"COV644_OVARY":2.29601614,"CW9019_SOFT_TISSUE":2.727020616,"D283MED_CENTRAL_NERVOUS_SYSTEM":2.196704917,"D341MED_CENTRAL_NERVOUS_SYSTEM":2.334074313,"D425_CENTRAL_NERVOUS_SYSTEM":-3.769712417,"D458_CENTRAL_NERVOUS_SYSTEM":2.587326294,"DANG_PANCREAS":2.883826228,"DAOY_CENTRAL_NERVOUS_SYSTEM":2.906255112,"DB_HAEMATOPOIETIC_AND_LYMPHOID_TISSUE":-20,"DEL_HAEMATOPOIETIC_AND_LYMPHOID_TISSUE":-2.111107626,"DETROIT562_UPPER_AERODIGESTIVE_TRACT":2.923362133,"DKMG_CENTRAL_NERVOUS_SYSTEM":2.32679175,"DLD1_LARGE_INTESTINE":2.894638628,"DU4475_BREAST":-17.308512,"EFE184_ENDOMETRIUM":-12.76824073,"EFM19_BREAST":1.016327969,"EFO21_OVARY":2.20045399,"EFO27_OVARY":2.212960411,"EJM_HAEMATOPOIETIC_AND_LYMPHOID_TISSUE":-6.263735334,"EKVX_LUNG":-18.57948873,"EM2_HAEMATOPOIETIC_AND_LYMPHOID_TISSUE":2.077193617,"EN_ENDOMETRIUM":2.458594875,"EOL1_HAEMATOPOIETIC_AND_LYMPHOID_TISSUE":2.911341884,"EPLC272H_LUNG":2.919507848,"ES2_OVARY":2.885989603,"ESO26_OESOPHAGUS":2.923113841,"ESS1_ENDOMETRIUM":2.812004951,"EW8_BONE":2.83202507,"EWS502_BONE":2.604429589,"F36P_HAEMATOPOIETIC_AND_LYMPHOID_TISSUE":-14.68213886,"F5_CENTRAL_NERVOUS_SYSTEM":2.806769704,"FADU_UPPER_AERODIGESTIVE_TRACT":1.659546453,"FLO1_OESOPHAGUS":1.729848802,"FU97_STOMACH":2.799184963,"G292CLONEA141B1_BONE":2.817876497,"G402_SOFT_TISSUE":1.096613141,"GAMG_CENTRAL_NERVOUS_SYSTEM":2.923033247,"GB1_CENTRAL_NERVOUS_SYSTEM":2.828991951,"GCIY_STOMACH":-7.660011751,"GCT_SOFT_TISSUE":2.827510158,"GI1_CENTRAL_NERVOUS_SYSTEM":2.82562217,"GSS_STOMACH":2.75801506,"GSU_STOMACH":0.910043091,"H103_UPPER_AERODIGESTIVE_TRACT":2.884098615,"H4_CENTRAL_NERVOUS_SYSTEM":2.612220731,"HARA_LUNG":2.495324019,"HB1119_HAEMATOPOIETIC_AND_LYMPHOID_TISSUE":2.787782528,"HCC1143_BREAST":0.497024714,"HCC1359_LUNG":2.801495532,"HCC1395_BREAST":2.472312957,"HCC1419_BREAST":-5.131514834,"HCC1428_BREAST":0.270932937,"HCC15_LUNG":1.543720517,"HCC1806_BREAST":1.953691882,"HCC1937_BREAST":2.833576849,"HCC1954_BREAST":2.724284677,"HCC202_BREAST":1.895408399,"HCC2429_LUNG":2.762294467,"HCC2935_LUNG":2.789365407,"HCC366_LUNG":2.558395111,"HCC461_LUNG":2.449665452,"HCC515_LUNG":2.921905338,"HCC56_LARGE_INTESTINE":1.590613786,"HCC827_LUNG":2.913292615,"HCC95_LUNG":2.313086645,"HDMYZ_HAEMATOPOIETIC_AND_LYMPHOID_TISSUE":1.947015021,"HEC151_ENDOMETRIUM":2.815568238,"HEC1A_ENDOMETRIUM":-4.503430583,"HEC1B_ENDOMETRIUM":2.88576163,"HEC251_ENDOMETRIUM":2.531770405,"HEC265_ENDOMETRIUM":1.448215897,"HEC50B_ENDOMETRIUM":2.668891542,"HEC59_ENDOMETRIUM":-3.381014147,"HEC6_ENDOMETRIUM":2.885963191,"HEL_HAEMATOPOIETIC_AND_LYMPHOID_TISSUE":-5.173294997,"HEL9217_HAEMATOPOIETIC_AND_LYMPHOID_TISSUE":0.591954774,"HEYA8_OVARY":2.437366698,"HGC27_STOMACH":2.908055993,"HLF_LIVER":2.186780697,"HMC18_BREAST":2.897450136,"HOP62_LUNG":2.080113364,"HS294T_SKIN":2.662431551,"HS578T_BREAST":2.721556167,"HS683_CENTRAL_NERVOUS_SYSTEM":2.884996108,"HS695T_SKIN":2.63433083,"HS729_SOFT_TISSUE":2.353139867,"HS746T_STOMACH":2.71202741,"HS766T_PANCREAS":2.73515684,"HS852T_SKIN":2.760069864,"HS944T_SKIN":2.869750463,"HSB2_HAEMATOPOIETIC_AND_LYMPHOID_TISSUE":0.138835017,"HSC1_SKIN":2.763799009,"HSC2_UPPER_AERODIGESTIVE_TRACT":1.399654788,"HSC3_UPPER_AERODIGESTIVE_TRACT":2.607479386,"HT1080_SOFT_TISSUE":2.920018822,"HT115_LARGE_INTESTINE":2.660650101,"HT1197_URINARY_TRACT":0.500875717,"HT1376_URINARY_TRACT":1.844876339,"HT144_SKIN":1.397075178,"HT29_LARGE_INTESTINE":2.922876549,"HT55_LARGE_INTESTINE":2.506698277,"HUH1_LIVER":2.853071356,"HUH6_LIVER":2.829320427,"HUH7_LIVER":2.916396572,"HUNS1_HAEMATOPOIETIC_AND_LYMPHOID_TISSUE":-2.28645324,"HUPT3_PANCREAS":-2.374848887,"IALM_LUNG":1.784378561,"IGR1_SKIN":2.526520719,"IGR39_SKIN":1.943510067,"IMR32_AUTONOMIC_GANGLIA":1.246515483,"INA6_HAEMATOPOIETIC_AND_LYMPHOID_TISSUE":-19.57731212,"IPC298_SKIN":2.819273349,"ISTMES1_PLEURA":2.418018944,"ISTMES2_PLEURA":2.922682653,"J82_URINARY_TRACT":-1.10237283,"JHH1_LIVER":2.906596631,"JHH4_LIVER":2.877368487,"JHH5_LIVER":2.45003606,"JHH7_LIVER":2.583087359,"JHOC5_OVARY":2.662397861,"JHOM1_OVARY":2.908017166,"JHOS2_OVARY":-0.936552206,"JHOS4_OVARY":2.557375589,"JHUEM1_ENDOMETRIUM":1.815837904,"JHUEM7_ENDOMETRIUM":2.856776435,"JIMT1_BREAST":2.769964564,"JJN3_HAEMATOPOIETIC_AND_LYMPHOID_TISSUE":-0.36398395,"JMSU1_URINARY_TRACT":2.607750255,"JMURTK2_SOFT_TISSUE":2.920085598,"JOPACA1_PANCREAS":2.419142771,"JR_SOFT_TISSUE":2.615186085,"K029AX_SKIN":1.159770519,"KALS1_CENTRAL_NERVOUS_SYSTEM":2.919775228,"KARPAS299_HAEMATOPOIETIC_AND_LYMPHOID_TISSUE":2.564138352,"KARPAS422_HAEMATOPOIETIC_AND_LYMPHOID_TISSUE":1.999275374,"KASUMI1_HAEMATOPOIETIC_AND_LYMPHOID_TISSUE":2.802670282,"KE39_STOMACH":1.918662937,"KE97_HAEMATOPOIETIC_AND_LYMPHOID_TISSUE":2.922664467,"KELLY_AUTONOMIC_GANGLIA":1.924927886,"KIJK_HAEMATOPOIETIC_AND_LYMPHOID_TISSUE":2.215274468,"KLE_ENDOMETRIUM":2.355310054,"KM12_LARGE_INTESTINE":2.053202651,