{"scores":{"127399_SOFT_TISSUE":1.481933814,"143B_BONE":2.537434014,"2313287_STOMACH":2.614307202,"253J_URINARY_TRACT":-2.98916056,"42MGBA_CENTRAL_NERVOUS_SYSTEM":0.593210735,"5637_URINARY_TRACT":2.002429869,"59M_OVARY":1.619225324,"639V_URINARY_TRACT":-0.275755053,"647V_URINARY_TRACT":-1.572501888,"697_HAEMATOPOIETIC_AND_LYMPHOID_TISSUE":1.739450492,"769P_KIDNEY":0.255077026,"786O_KIDNEY":1.067356461,"8305C_THYROID":2.330545973,"8MGBA_CENTRAL_NERVOUS_SYSTEM":2.655329999,"A2058_SKIN":1.074086453,"A2780_OVARY":1.199725475,"A3KAW_HAEMATOPOIETIC_AND_LYMPHOID_TISSUE":2.183421646,"A427_LUNG":-0.519066789,"A431_SKIN":-0.122741438,"A549_LUNG":-2.471787976,"A673_BONE":2.030370761,"ABC1_LUNG":-3.612480825,"ACCMESO1_PLEURA":1.320776432,"AGS_STOMACH":0.140634143,"AML193_HAEMATOPOIETIC_AND_LYMPHOID_TISSUE":2.71301669,"AMO1_HAEMATOPOIETIC_AND_LYMPHOID_TISSUE":2.697031772,"ASPC1_PANCREAS":-2.72588883,"AU565_BREAST":-0.463529652,"BC3C_URINARY_TRACT":-1.99397817,"BFTC905_URINARY_TRACT":2.407775702,"BFTC909_KIDNEY":0.803559157,"BHY_UPPER_AERODIGESTIVE_TRACT":1.270131079,"BICR16_UPPER_AERODIGESTIVE_TRACT":2.719243799,"BICR22_UPPER_AERODIGESTIVE_TRACT":-7.613999213,"BICR31_UPPER_AERODIGESTIVE_TRACT":2.302876079,"BICR56_UPPER_AERODIGESTIVE_TRACT":-0.495289253,"BICR6_UPPER_AERODIGESTIVE_TRACT":2.205303808,"BICR78_UPPER_AERODIGESTIVE_TRACT":-0.898317032,"BIN67_OVARY":0.746612938,"BL70_HAEMATOPOIETIC_AND_LYMPHOID_TISSUE":1.969983142,"BLUE1_HAEMATOPOIETIC_AND_LYMPHOID_TISSUE":2.491630542,"BT12_SOFT_TISSUE":1.777137691,"BT16_SOFT_TISSUE":-2.832005443,"BT549_BREAST":-1.97430871,"C2BBE1_LARGE_INTESTINE":1.803905334,"C32_SKIN":2.627786684,"C8166_HAEMATOPOIETIC_AND_LYMPHOID_TISSUE":2.489703106,"CADOES1_BONE":1.805065033,"CAKI1_KIDNEY":2.434495363,"CAKI2_KIDNEY":1.608853627,"CAL27_UPPER_AERODIGESTIVE_TRACT":-1.250760713,"CAL29_URINARY_TRACT":0.897624414,"CAL33_UPPER_AERODIGESTIVE_TRACT":0.969473049,"CAL51_BREAST":1.22569006,"CAL78_BONE":1.476579417,"CALU1_LUNG":0.057018144,"CALU6_LUNG":2.592491816,"CAMA1_BREAST":1.313920899,"CAOV3_OVARY":2.623881417,"CAS1_CENTRAL_NERVOUS_SYSTEM":1.325998284,"CASKI_CERVIX":1.51694233,"CCFSTTG1_CENTRAL_NERVOUS_SYSTEM":0.984749009,"CCK81_LARGE_INTESTINE":1.180642006,"CCLFPEDS0001T_KIDNEY":1.842645375,"CCLFPEDS0003T_SOFT_TISSUE":-1.434169608,"CFPAC1_PANCREAS":2.219343096,"CH157MN_CENTRAL_NERVOUS_SYSTEM":1.161958689,"CHAGOK1_LUNG":2.171587272,"CHLA06ATRT_SOFT_TISSUE":1.797694333,"CHLA15_AUTONOMIC_GANGLIA":2.388429941,"CHLA266_SOFT_TISSUE":0.800409552,"CHP212_AUTONOMIC_GANGLIA":2.666497938,"CJM_SKIN":1.415639573,"CL40_LARGE_INTESTINE":2.344207401,"CME1_SOFT_TISSUE":-5.795411486,"CMLT1_HAEMATOPOIETIC_AND_LYMPHOID_TISSUE":-0.660428162,"COGAR359_SOFT_TISSUE":2.710935906,"COGE352_BONE":2.131964066,"COGN278_AUTONOMIC_GANGLIA":2.492591413,"COGN305_AUTONOMIC_GANGLIA":2.168312987,"COLO201_LARGE_INTESTINE":2.635352998,"COLO678_LARGE_INTESTINE":0.873710981,"COLO679_SKIN":2.704290865,"COLO792_SKIN":1.738512133,"COLO800_SKIN":2.596377377,"CORL23_LUNG":0.537773681,"CORL279_LUNG":0.027668691,"CORL47_LUNG":2.304379197,"COV318_OVARY":1.72117624,"COV362_OVARY":1.505590376,"COV434_OVARY":1.55634843,"COV504_OVARY":0.327085282,"COV644_OVARY":2.208346922,"CW9019_SOFT_TISSUE":-1.502831852,"D283MED_CENTRAL_NERVOUS_SYSTEM":2.587827459,"D341MED_CENTRAL_NERVOUS_SYSTEM":2.438478276,"D425_CENTRAL_NERVOUS_SYSTEM":-1.005472953,"D458_CENTRAL_NERVOUS_SYSTEM":2.312886941,"DANG_PANCREAS":1.559528402,"DAOY_CENTRAL_NERVOUS_SYSTEM":2.534548835,"DB_HAEMATOPOIETIC_AND_LYMPHOID_TISSUE":2.403541312,"DEL_HAEMATOPOIETIC_AND_LYMPHOID_TISSUE":2.596470622,"DETROIT562_UPPER_AERODIGESTIVE_TRACT":1.376758972,"DKMG_CENTRAL_NERVOUS_SYSTEM":-6.567801019,"DLD1_LARGE_INTESTINE":1.416152615,"DU4475_BREAST":2.049774276,"EFE184_ENDOMETRIUM":2.564071303,"EFM19_BREAST":0.865897831,"EFO21_OVARY":1.679508281,"EFO27_OVARY":0.894461303,"EJM_HAEMATOPOIETIC_AND_LYMPHOID_TISSUE":2.524095934,"EKVX_LUNG":1.811229907,"EM2_HAEMATOPOIETIC_AND_LYMPHOID_TISSUE":-1.131941167,"EN_ENDOMETRIUM":2.025565656,"EOL1_HAEMATOPOIETIC_AND_LYMPHOID_TISSUE":1.050538826,"EPLC272H_LUNG":-1.390361211,"ES2_OVARY":2.291589397,"ESO26_OESOPHAGUS":1.295017635,"ESS1_ENDOMETRIUM":-0.499405937,"EW8_BONE":2.42926476,"EWS502_BONE":0.160418623,"F36P_HAEMATOPOIETIC_AND_LYMPHOID_TISSUE":2.608876689,"F5_CENTRAL_NERVOUS_SYSTEM":1.152053429,"FADU_UPPER_AERODIGESTIVE_TRACT":0.225482855,"FLO1_OESOPHAGUS":-1.984096715,"FU97_STOMACH":-2.430202494,"G292CLONEA141B1_BONE":2.256790035,"G402_SOFT_TISSUE":1.300557954,"GAMG_CENTRAL_NERVOUS_SYSTEM":-1.762529399,"GB1_CENTRAL_NERVOUS_SYSTEM":2.026172236,"GCIY_STOMACH":1.337808258,"GCT_SOFT_TISSUE":-0.109975226,"GI1_CENTRAL_NERVOUS_SYSTEM":1.005214852,"GSS_STOMACH":1.949719263,"GSU_STOMACH":1.893756769,"H103_UPPER_AERODIGESTIVE_TRACT":2.135683942,"H4_CENTRAL_NERVOUS_SYSTEM":-2.085348176,"HARA_LUNG":2.125905067,"HB1119_HAEMATOPOIETIC_AND_LYMPHOID_TISSUE":1.864163056,"HCC1143_BREAST":0.586954557,"HCC1359_LUNG":2.615702438,"HCC1395_BREAST":0.609415502,"HCC1419_BREAST":1.5009803,"HCC1428_BREAST":2.484504057,"HCC15_LUNG":2.665380748,"HCC1806_BREAST":2.716757272,"HCC1937_BREAST":2.110589005,"HCC1954_BREAST":1.989890029,"HCC202_BREAST":0.609462946,"HCC2429_LUNG":0.924167311,"HCC2935_LUNG":2.504670438,"HCC366_LUNG":0.487221933,"HCC461_LUNG":1.102014411,"HCC515_LUNG":1.006655175,"HCC56_LARGE_INTESTINE":2.027795272,"HCC827_LUNG":2.203429065,"HCC95_LUNG":0.05753218,"HDMYZ_HAEMATOPOIETIC_AND_LYMPHOID_TISSUE":1.577789085,"HEC151_ENDOMETRIUM":2.191558612,"HEC1A_ENDOMETRIUM":2.446771727,"HEC1B_ENDOMETRIUM":2.622743218,"HEC251_ENDOMETRIUM":0.944209825,"HEC265_ENDOMETRIUM":0.674356451,"HEC50B_ENDOMETRIUM":2.710290415,"HEC59_ENDOMETRIUM":1.50037019,"HEC6_ENDOMETRIUM":0.66525124,"HEL_HAEMATOPOIETIC_AND_LYMPHOID_TISSUE":1.956087439,"HEL9217_HAEMATOPOIETIC_AND_LYMPHOID_TISSUE":2.684084735,"HEYA8_OVARY":2.261763485,"HGC27_STOMACH":-0.874665347,"HLF_LIVER":1.568965438,"HMC18_BREAST":2.057615741,"HOP62_LUNG":0.68735336,"HS294T_SKIN":2.324405462,"HS578T_BREAST":2.096767382,"HS683_CENTRAL_NERVOUS_SYSTEM":-4.408296287,"HS695T_SKIN":1.390955531,"HS729_SOFT_TISSUE":0.288240573,"HS746T_STOMACH":0.043103487,"HS766T_PANCREAS":-0.793500569,"HS852T_SKIN":-6.327376016,"HS944T_SKIN":1.429223765,"HSB2_HAEMATOPOIETIC_AND_LYMPHOID_TISSUE":2.041098316,"HSC1_SKIN":-0.681696087,"HSC2_UPPER_AERODIGESTIVE_TRACT":2.450635419,"HSC3_UPPER_AERODIGESTIVE_TRACT":2.520527586,"HT1080_SOFT_TISSUE":2.043440349,"HT115_LARGE_INTESTINE":1.628706181,"HT1197_URINARY_TRACT":1.117589657,"HT1376_URINARY_TRACT":2.561284269,"HT144_SKIN":0.080674373,"HT29_LARGE_INTESTINE":1.137807328,"HT55_LARGE_INTESTINE":1.826119238,"HUH1_LIVER":1.199135868,"HUH6_LIVER":1.620779772,"HUH7_LIVER":-6.782600898,"HUNS1_HAEMATOPOIETIC_AND_LYMPHOID_TISSUE":2.228556156,"HUPT3_PANCREAS":1.944380536,"IALM_LUNG":2.712840327,"IGR1_SKIN":2.046373236,"IGR39_SKIN":2.446757018,"IMR32_AUTONOMIC_GANGLIA":2.595882952,"INA6_HAEMATOPOIETIC_AND_LYMPHOID_TISSUE":0.449900025,"IPC298_SKIN":1.425986152,"ISTMES1_PLEURA":2.482660636,"ISTMES2_PLEURA":-4.37823016,"J82_URINARY_TRACT":2.714456863,"JHH1_LIVER":-4.097771609,"JHH4_LIVER":1.909890897,"JHH5_LIVER":1.851171626,"JHH7_LIVER":1.83109907,"JHOC5_OVARY":-1.117604595,"JHOM1_OVARY":-5.450510023,"JHOS2_OVARY":2.28312937,"JHOS4_OVARY":1.940645842,"JHUEM1_ENDOMETRIUM":1.589520158,"JHUEM7_ENDOMETRIUM":1.790382615,"JIMT1_BREAST":2.535788247,"JJN3_HAEMATOPOIETIC_AND_LYMPHOID_TISSUE":1.095847928,"JMSU1_URINARY_TRACT":2.0250772,"JMURTK2_SOFT_TISSUE":1.095997365,"JOPACA1_PANCREAS":0.823483191,"JR_SOFT_TISSUE":0.049415892,"K029AX_SKIN":-2.279954543,"KALS1_CENTRAL_NERVOUS_SYSTEM":2.134613656,"KARPAS299_HAEMATOPOIETIC_AND_LYMPHOID_TISSUE":2.618335886,"KARPAS422_HAEMATOPOIETIC_AND_LYMPHOID_TISSUE":2.551060129,"KASUMI1_HAEMATOPOIETIC_AND_LYMPHOID_TISSUE":0.270800212,"KE39_STOMACH":-0.610316316,"KE97_HAEMATOPOIETIC_AND_LYMPHOID_TISSUE":-0.159129835,"KELLY_AUTONOMIC_GANGLIA":1.476944315,"KIJK_HAEMATOPOIETIC_AND_LYMPHOID_TISSUE":2.309749494,"KLE_ENDOMETRIUM":1.948536749,