{"scores":{"127399_SOFT_TISSUE":-1.117230468,"143B_BONE":3.13177341,"2313287_STOMACH":2.570810982,"253J_URINARY_TRACT":3.002273547,"42MGBA_CENTRAL_NERVOUS_SYSTEM":2.291903792,"5637_URINARY_TRACT":2.95493075,"59M_OVARY":3.133092937,"639V_URINARY_TRACT":2.1953177,"647V_URINARY_TRACT":3.095072933,"697_HAEMATOPOIETIC_AND_LYMPHOID_TISSUE":3.035197085,"769P_KIDNEY":2.861051128,"786O_KIDNEY":3.04564091,"8305C_THYROID":3.181649538,"8MGBA_CENTRAL_NERVOUS_SYSTEM":3.004268611,"A2058_SKIN":3.009999145,"A2780_OVARY":2.882850545,"A3KAW_HAEMATOPOIETIC_AND_LYMPHOID_TISSUE":2.621622572,"A427_LUNG":2.497852943,"A431_SKIN":3.096297747,"A549_LUNG":2.899802448,"A673_BONE":2.902431341,"ABC1_LUNG":3.19974458,"ACCMESO1_PLEURA":2.989481694,"AGS_STOMACH":3.022332126,"AML193_HAEMATOPOIETIC_AND_LYMPHOID_TISSUE":3.096129152,"AMO1_HAEMATOPOIETIC_AND_LYMPHOID_TISSUE":3.200983456,"ASPC1_PANCREAS":3.121007591,"AU565_BREAST":3.177070403,"BC3C_URINARY_TRACT":1.815990573,"BFTC905_URINARY_TRACT":2.17420614,"BFTC909_KIDNEY":3.081785115,"BHY_UPPER_AERODIGESTIVE_TRACT":2.425034411,"BICR16_UPPER_AERODIGESTIVE_TRACT":3.110192496,"BICR22_UPPER_AERODIGESTIVE_TRACT":2.685763964,"BICR31_UPPER_AERODIGESTIVE_TRACT":3.180165037,"BICR56_UPPER_AERODIGESTIVE_TRACT":3.133040914,"BICR6_UPPER_AERODIGESTIVE_TRACT":3.128490527,"BICR78_UPPER_AERODIGESTIVE_TRACT":2.712805562,"BIN67_OVARY":3.047375182,"BL70_HAEMATOPOIETIC_AND_LYMPHOID_TISSUE":0.003926152,"BLUE1_HAEMATOPOIETIC_AND_LYMPHOID_TISSUE":1.269377554,"BT12_SOFT_TISSUE":3.197103195,"BT16_SOFT_TISSUE":-0.028013822,"BT549_BREAST":2.91694087,"C2BBE1_LARGE_INTESTINE":2.502298868,"C32_SKIN":3.012080239,"C8166_HAEMATOPOIETIC_AND_LYMPHOID_TISSUE":2.659649594,"CADOES1_BONE":-0.449252418,"CAKI1_KIDNEY":2.346106269,"CAKI2_KIDNEY":1.903938447,"CAL27_UPPER_AERODIGESTIVE_TRACT":3.050816246,"CAL29_URINARY_TRACT":1.610672089,"CAL33_UPPER_AERODIGESTIVE_TRACT":0.516864466,"CAL51_BREAST":2.526589119,"CAL78_BONE":2.526081007,"CALU1_LUNG":3.033638769,"CALU6_LUNG":-0.589867967,"CAMA1_BREAST":2.305118084,"CAOV3_OVARY":2.972431913,"CAS1_CENTRAL_NERVOUS_SYSTEM":3.070629634,"CASKI_CERVIX":2.902247035,"CCFSTTG1_CENTRAL_NERVOUS_SYSTEM":-20,"CCK81_LARGE_INTESTINE":2.810449387,"CCLFPEDS0001T_KIDNEY":2.205280339,"CCLFPEDS0003T_SOFT_TISSUE":3.1895749,"CFPAC1_PANCREAS":2.936054162,"CH157MN_CENTRAL_NERVOUS_SYSTEM":2.633225692,"CHAGOK1_LUNG":2.971251229,"CHLA06ATRT_SOFT_TISSUE":2.949087345,"CHLA15_AUTONOMIC_GANGLIA":3.192553878,"CHLA266_SOFT_TISSUE":3.188739304,"CHP212_AUTONOMIC_GANGLIA":-9.68313879,"CJM_SKIN":2.618234186,"CL40_LARGE_INTESTINE":-5.625069953,"CME1_SOFT_TISSUE":1.57089704,"CMLT1_HAEMATOPOIETIC_AND_LYMPHOID_TISSUE":2.77316257,"COGAR359_SOFT_TISSUE":3.171812576,"COGE352_BONE":3.082533218,"COGN278_AUTONOMIC_GANGLIA":2.141042455,"COGN305_AUTONOMIC_GANGLIA":3.091619981,"COLO201_LARGE_INTESTINE":2.778485569,"COLO678_LARGE_INTESTINE":2.92052396,"COLO679_SKIN":2.917884026,"COLO792_SKIN":3.039485589,"COLO800_SKIN":1.804359127,"CORL23_LUNG":-0.522735333,"CORL279_LUNG":-3.639609593,"CORL47_LUNG":1.944577946,"COV318_OVARY":2.060643459,"COV362_OVARY":-0.075825455,"COV434_OVARY":3.188123361,"COV504_OVARY":2.817820958,"COV644_OVARY":3.200826876,"CW9019_SOFT_TISSUE":2.959218097,"D283MED_CENTRAL_NERVOUS_SYSTEM":1.200780181,"D341MED_CENTRAL_NERVOUS_SYSTEM":3.132683171,"D425_CENTRAL_NERVOUS_SYSTEM":2.858991259,"D458_CENTRAL_NERVOUS_SYSTEM":3.195637393,"DANG_PANCREAS":3.18374874,"DAOY_CENTRAL_NERVOUS_SYSTEM":3.15338082,"DB_HAEMATOPOIETIC_AND_LYMPHOID_TISSUE":1.488467563,"DEL_HAEMATOPOIETIC_AND_LYMPHOID_TISSUE":3.199581306,"DETROIT562_UPPER_AERODIGESTIVE_TRACT":2.944940011,"DKMG_CENTRAL_NERVOUS_SYSTEM":2.723072801,"DLD1_LARGE_INTESTINE":3.187135262,"DU4475_BREAST":3.200983456,"EFE184_ENDOMETRIUM":2.734974442,"EFM19_BREAST":2.37723657,"EFO21_OVARY":3.141234657,"EFO27_OVARY":3.195849166,"EJM_HAEMATOPOIETIC_AND_LYMPHOID_TISSUE":3.14310231,"EKVX_LUNG":3.181400641,"EM2_HAEMATOPOIETIC_AND_LYMPHOID_TISSUE":2.404796663,"EN_ENDOMETRIUM":3.112915307,"EOL1_HAEMATOPOIETIC_AND_LYMPHOID_TISSUE":3.160763147,"EPLC272H_LUNG":2.707286826,"ES2_OVARY":3.180418443,"ESO26_OESOPHAGUS":2.962597706,"ESS1_ENDOMETRIUM":3.117965898,"EW8_BONE":2.682670382,"EWS502_BONE":3.136190908,"F36P_HAEMATOPOIETIC_AND_LYMPHOID_TISSUE":3.093822858,"F5_CENTRAL_NERVOUS_SYSTEM":3.200509048,"FADU_UPPER_AERODIGESTIVE_TRACT":1.660317416,"FLO1_OESOPHAGUS":2.95536219,"FU97_STOMACH":3.194201661,"G292CLONEA141B1_BONE":2.972746972,"G402_SOFT_TISSUE":2.48536053,"GAMG_CENTRAL_NERVOUS_SYSTEM":1.282062348,"GB1_CENTRAL_NERVOUS_SYSTEM":2.566739544,"GCIY_STOMACH":2.987889579,"GCT_SOFT_TISSUE":1.68091312,"GI1_CENTRAL_NERVOUS_SYSTEM":2.680427094,"GSS_STOMACH":3.000472036,"GSU_STOMACH":2.924150652,"H103_UPPER_AERODIGESTIVE_TRACT":2.637360374,"H4_CENTRAL_NERVOUS_SYSTEM":-20,"HARA_LUNG":3.146253625,"HB1119_HAEMATOPOIETIC_AND_LYMPHOID_TISSUE":3.179899608,"HCC1143_BREAST":2.786619057,"HCC1359_LUNG":3.181043115,"HCC1395_BREAST":3.171933078,"HCC1419_BREAST":3.092528336,"HCC1428_BREAST":1.497225355,"HCC15_LUNG":0.716232972,"HCC1806_BREAST":3.166196649,"HCC1937_BREAST":3.194478374,"HCC1954_BREAST":2.969679603,"HCC202_BREAST":3.198643014,"HCC2429_LUNG":3.166894285,"HCC2935_LUNG":3.200941881,"HCC366_LUNG":3.184318163,"HCC461_LUNG":3.084847198,"HCC515_LUNG":2.060069547,"HCC56_LARGE_INTESTINE":3.150439709,"HCC827_LUNG":3.114059059,"HCC95_LUNG":2.578897952,"HDMYZ_HAEMATOPOIETIC_AND_LYMPHOID_TISSUE":2.880268092,"HEC151_ENDOMETRIUM":3.044789184,"HEC1A_ENDOMETRIUM":1.039774673,"HEC1B_ENDOMETRIUM":3.189876248,"HEC251_ENDOMETRIUM":2.751185891,"HEC265_ENDOMETRIUM":2.899793987,"HEC50B_ENDOMETRIUM":3.14743185,"HEC59_ENDOMETRIUM":2.871855445,"HEC6_ENDOMETRIUM":2.944324126,"HEL_HAEMATOPOIETIC_AND_LYMPHOID_TISSUE":2.889451307,"HEL9217_HAEMATOPOIETIC_AND_LYMPHOID_TISSUE":3.122483788,"HEYA8_OVARY":3.192113948,"HGC27_STOMACH":2.810637082,"HLF_LIVER":3.198843191,"HMC18_BREAST":3.183474835,"HOP62_LUNG":-3.666064289,"HS294T_SKIN":3.173676478,"HS578T_BREAST":3.200464557,"HS683_CENTRAL_NERVOUS_SYSTEM":-2.420673444,"HS695T_SKIN":3.169057153,"HS729_SOFT_TISSUE":3.17601431,"HS746T_STOMACH":1.074070776,"HS766T_PANCREAS":2.713685449,"HS852T_SKIN":3.195765357,"HS944T_SKIN":1.489846903,"HSB2_HAEMATOPOIETIC_AND_LYMPHOID_TISSUE":3.200983456,"HSC1_SKIN":3.136769861,"HSC2_UPPER_AERODIGESTIVE_TRACT":3.121631679,"HSC3_UPPER_AERODIGESTIVE_TRACT":2.351257014,"HT1080_SOFT_TISSUE":2.409195372,"HT115_LARGE_INTESTINE":3.185288705,"HT1197_URINARY_TRACT":1.770143648,"HT1376_URINARY_TRACT":3.118772608,"HT144_SKIN":2.210619452,"HT29_LARGE_INTESTINE":3.178809569,"HT55_LARGE_INTESTINE":2.905272553,"HUH1_LIVER":3.199338113,"HUH6_LIVER":3.185135073,"HUH7_LIVER":2.673181008,"HUNS1_HAEMATOPOIETIC_AND_LYMPHOID_TISSUE":3.192700933,"HUPT3_PANCREAS":2.447296122,"IALM_LUNG":1.7346559,"IGR1_SKIN":3.20060168,"IGR39_SKIN":2.998062007,"IMR32_AUTONOMIC_GANGLIA":2.600662902,"INA6_HAEMATOPOIETIC_AND_LYMPHOID_TISSUE":3.088366245,"IPC298_SKIN":3.040452327,"ISTMES1_PLEURA":2.497956668,"ISTMES2_PLEURA":3.187914343,"J82_URINARY_TRACT":1.730541846,"JHH1_LIVER":1.644520519,"JHH4_LIVER":3.163103432,"JHH5_LIVER":3.192397025,"JHH7_LIVER":3.188993789,"JHOC5_OVARY":3.200977952,"JHOM1_OVARY":2.118456682,"JHOS2_OVARY":3.199374473,"JHOS4_OVARY":3.16827259,"JHUEM1_ENDOMETRIUM":2.626819813,"JHUEM7_ENDOMETRIUM":2.637326014,"JIMT1_BREAST":3.109784067,"JJN3_HAEMATOPOIETIC_AND_LYMPHOID_TISSUE":3.042475147,"JMSU1_URINARY_TRACT":2.89541028,"JMURTK2_SOFT_TISSUE":3.171248503,"JOPACA1_PANCREAS":2.927668255,"JR_SOFT_TISSUE":3.194333044,"K029AX_SKIN":2.52108334,"KALS1_CENTRAL_NERVOUS_SYSTEM":2.355541581,"KARPAS299_HAEMATOPOIETIC_AND_LYMPHOID_TISSUE":3.200021464,"KARPAS422_HAEMATOPOIETIC_AND_LYMPHOID_TISSUE":3.099662645,"KASUMI1_HAEMATOPOIETIC_AND_LYMPHOID_TISSUE":3.163192765,"KE39_STOMACH":2.457545818,"KE97_HAEMATOPOIETIC_AND_LYMPHOID_TISSUE":2.54764064,"KELLY_AUTONOMIC_GANGLIA":3.181281216,"KIJK_HAEMATOPOIETIC_AND_LYMPHOID_TISSUE":2.663928448,"KLE_ENDOMETRIUM":3.165664095,"KM12_LARGE_INTESTINE":3.091987743,"KMBC2_URINARY_TRACT":2.06922574,