{"scores":{"127399_SOFT_TISSUE":-2.516949551,"143B_BONE":1.774173484,"2313287_STOMACH":-11.64242717,"253J_URINARY_TRACT":1.605889995,"42MGBA_CENTRAL_NERVOUS_SYSTEM":-19.06463984,"5637_URINARY_TRACT":1.653513166,"59M_OVARY":-1.553173919,"639V_URINARY_TRACT":-0.735118741,"647V_URINARY_TRACT":1.677398719,"697_HAEMATOPOIETIC_AND_LYMPHOID_TISSUE":1.116749289,"769P_KIDNEY":1.408946977,"786O_KIDNEY":1.805935443,"8305C_THYROID":1.810047031,"8MGBA_CENTRAL_NERVOUS_SYSTEM":0.246052726,"A2058_SKIN":1.734045047,"A2780_OVARY":-5.831300266,"A3KAW_HAEMATOPOIETIC_AND_LYMPHOID_TISSUE":0.863083715,"A427_LUNG":-6.911353229,"A431_SKIN":1.113218198,"A549_LUNG":1.74900258,"A673_BONE":0.29463365,"ABC1_LUNG":1.423163767,"ACCMESO1_PLEURA":-5.414774317,"AGS_STOMACH":1.742333498,"AML193_HAEMATOPOIETIC_AND_LYMPHOID_TISSUE":1.528266812,"AMO1_HAEMATOPOIETIC_AND_LYMPHOID_TISSUE":1.827518053,"ASPC1_PANCREAS":1.850053689,"AU565_BREAST":1.784089801,"BC3C_URINARY_TRACT":1.683469998,"BFTC905_URINARY_TRACT":1.81191922,"BFTC909_KIDNEY":0.983881869,"BHY_UPPER_AERODIGESTIVE_TRACT":1.42840052,"BICR16_UPPER_AERODIGESTIVE_TRACT":-2.433315455,"BICR22_UPPER_AERODIGESTIVE_TRACT":1.83132514,"BICR31_UPPER_AERODIGESTIVE_TRACT":1.678266321,"BICR56_UPPER_AERODIGESTIVE_TRACT":1.535767237,"BICR6_UPPER_AERODIGESTIVE_TRACT":1.662277685,"BICR78_UPPER_AERODIGESTIVE_TRACT":1.848963683,"BIN67_OVARY":-0.218146943,"BL70_HAEMATOPOIETIC_AND_LYMPHOID_TISSUE":1.837475987,"BLUE1_HAEMATOPOIETIC_AND_LYMPHOID_TISSUE":1.866369926,"BT12_SOFT_TISSUE":-1.162828517,"BT16_SOFT_TISSUE":1.193607813,"BT549_BREAST":-5.763504859,"C2BBE1_LARGE_INTESTINE":1.239422816,"C32_SKIN":0.471152416,"C8166_HAEMATOPOIETIC_AND_LYMPHOID_TISSUE":1.837081865,"CADOES1_BONE":-2.109266216,"CAKI1_KIDNEY":-0.62631983,"CAKI2_KIDNEY":0.276753263,"CAL27_UPPER_AERODIGESTIVE_TRACT":-6.016326646,"CAL29_URINARY_TRACT":1.070256106,"CAL33_UPPER_AERODIGESTIVE_TRACT":1.508593564,"CAL51_BREAST":1.347434472,"CAL78_BONE":-0.03533716,"CALU1_LUNG":1.169676014,"CALU6_LUNG":1.748469495,"CAMA1_BREAST":0.652304799,"CAOV3_OVARY":0.925409696,"CAS1_CENTRAL_NERVOUS_SYSTEM":-3.898743513,"CASKI_CERVIX":1.125720385,"CCFSTTG1_CENTRAL_NERVOUS_SYSTEM":1.470102081,"CCK81_LARGE_INTESTINE":-1.414139834,"CCLFPEDS0001T_KIDNEY":1.779453262,"CCLFPEDS0003T_SOFT_TISSUE":0.988750262,"CFPAC1_PANCREAS":1.682523074,"CH157MN_CENTRAL_NERVOUS_SYSTEM":1.817090872,"CHAGOK1_LUNG":1.763266823,"CHLA06ATRT_SOFT_TISSUE":1.410006235,"CHLA15_AUTONOMIC_GANGLIA":0.29496512,"CHLA266_SOFT_TISSUE":-8.154585052,"CHP212_AUTONOMIC_GANGLIA":1.844920907,"CJM_SKIN":1.79605227,"CL40_LARGE_INTESTINE":1.504084456,"CME1_SOFT_TISSUE":1.843067409,"CMLT1_HAEMATOPOIETIC_AND_LYMPHOID_TISSUE":1.866369926,"COGAR359_SOFT_TISSUE":-1.272719755,"COGE352_BONE":1.195407604,"COGN278_AUTONOMIC_GANGLIA":1.621871897,"COGN305_AUTONOMIC_GANGLIA":-1.202169602,"COLO201_LARGE_INTESTINE":0.874615726,"COLO678_LARGE_INTESTINE":1.739077246,"COLO679_SKIN":-0.539749745,"COLO792_SKIN":1.664332206,"COLO800_SKIN":1.775823151,"CORL23_LUNG":1.471301726,"CORL279_LUNG":0.351308902,"CORL47_LUNG":-2.999476201,"COV318_OVARY":1.290588003,"COV362_OVARY":-1.632748409,"COV434_OVARY":0.464400521,"COV504_OVARY":1.707111283,"COV644_OVARY":1.204919588,"CW9019_SOFT_TISSUE":-7.467966228,"D283MED_CENTRAL_NERVOUS_SYSTEM":1.865405048,"D341MED_CENTRAL_NERVOUS_SYSTEM":1.865782047,"D425_CENTRAL_NERVOUS_SYSTEM":1.84321759,"D458_CENTRAL_NERVOUS_SYSTEM":1.769440513,"DANG_PANCREAS":1.84862675,"DAOY_CENTRAL_NERVOUS_SYSTEM":0.260917925,"DB_HAEMATOPOIETIC_AND_LYMPHOID_TISSUE":1.804637685,"DEL_HAEMATOPOIETIC_AND_LYMPHOID_TISSUE":1.600104084,"DETROIT562_UPPER_AERODIGESTIVE_TRACT":1.75203155,"DKMG_CENTRAL_NERVOUS_SYSTEM":1.846973619,"DLD1_LARGE_INTESTINE":1.672233784,"DU4475_BREAST":1.482899147,"EFE184_ENDOMETRIUM":-0.753761323,"EFM19_BREAST":1.0510648,"EFO21_OVARY":1.36897219,"EFO27_OVARY":1.630647342,"EJM_HAEMATOPOIETIC_AND_LYMPHOID_TISSUE":1.614825846,"EKVX_LUNG":1.106798076,"EM2_HAEMATOPOIETIC_AND_LYMPHOID_TISSUE":1.714452738,"EN_ENDOMETRIUM":1.657213354,"EOL1_HAEMATOPOIETIC_AND_LYMPHOID_TISSUE":1.863139624,"EPLC272H_LUNG":-19.4523522,"ES2_OVARY":1.850882714,"ESO26_OESOPHAGUS":0.87060429,"ESS1_ENDOMETRIUM":1.402258075,"EW8_BONE":-0.942133316,"EWS502_BONE":1.500729509,"F36P_HAEMATOPOIETIC_AND_LYMPHOID_TISSUE":1.298935991,"F5_CENTRAL_NERVOUS_SYSTEM":0.739106451,"FADU_UPPER_AERODIGESTIVE_TRACT":1.838248216,"FLO1_OESOPHAGUS":1.855517173,"FU97_STOMACH":-4.997431849,"G292CLONEA141B1_BONE":-8.21451193,"G402_SOFT_TISSUE":-5.563019503,"GAMG_CENTRAL_NERVOUS_SYSTEM":-0.472195391,"GB1_CENTRAL_NERVOUS_SYSTEM":-6.026306676,"GCIY_STOMACH":1.763373133,"GCT_SOFT_TISSUE":1.577578248,"GI1_CENTRAL_NERVOUS_SYSTEM":1.861301118,"GSS_STOMACH":-4.9028942,"GSU_STOMACH":1.831457551,"H103_UPPER_AERODIGESTIVE_TRACT":1.834333871,"H4_CENTRAL_NERVOUS_SYSTEM":1.666731097,"HARA_LUNG":1.790710224,"HB1119_HAEMATOPOIETIC_AND_LYMPHOID_TISSUE":1.777895499,"HCC1143_BREAST":1.220490749,"HCC1359_LUNG":-5.482715723,"HCC1395_BREAST":1.626775443,"HCC1419_BREAST":1.725925234,"HCC1428_BREAST":-0.633323532,"HCC15_LUNG":1.008072915,"HCC1806_BREAST":1.795326532,"HCC1937_BREAST":1.116628505,"HCC1954_BREAST":1.367535645,"HCC202_BREAST":1.552019784,"HCC2429_LUNG":-1.443989896,"HCC2935_LUNG":-6.200779502,"HCC366_LUNG":1.781727353,"HCC461_LUNG":1.812275869,"HCC515_LUNG":0.495248271,"HCC56_LARGE_INTESTINE":1.394965744,"HCC827_LUNG":1.551568567,"HCC95_LUNG":1.5539206,"HDMYZ_HAEMATOPOIETIC_AND_LYMPHOID_TISSUE":1.137083889,"HEC151_ENDOMETRIUM":1.858867357,"HEC1A_ENDOMETRIUM":0.091771234,"HEC1B_ENDOMETRIUM":1.699917465,"HEC251_ENDOMETRIUM":1.748385689,"HEC265_ENDOMETRIUM":0.277977074,"HEC50B_ENDOMETRIUM":1.850833774,"HEC59_ENDOMETRIUM":1.286179788,"HEC6_ENDOMETRIUM":-1.918085786,"HEL_HAEMATOPOIETIC_AND_LYMPHOID_TISSUE":0.262803468,"HEL9217_HAEMATOPOIETIC_AND_LYMPHOID_TISSUE":1.814095625,"HEYA8_OVARY":1.713773921,"HGC27_STOMACH":-6.163068135,"HLF_LIVER":0.957091238,"HMC18_BREAST":1.847439325,"HOP62_LUNG":1.611743095,"HS294T_SKIN":1.866274827,"HS578T_BREAST":0.726951819,"HS683_CENTRAL_NERVOUS_SYSTEM":-2.692302304,"HS695T_SKIN":0.424486411,"HS729_SOFT_TISSUE":-2.399441009,"HS746T_STOMACH":0.752287107,"HS766T_PANCREAS":1.616592894,"HS852T_SKIN":1.524103384,"HS944T_SKIN":1.847360827,"HSB2_HAEMATOPOIETIC_AND_LYMPHOID_TISSUE":1.239785908,"HSC1_SKIN":1.779027834,"HSC2_UPPER_AERODIGESTIVE_TRACT":1.86440769,"HSC3_UPPER_AERODIGESTIVE_TRACT":1.706149271,"HT1080_SOFT_TISSUE":1.566560522,"HT115_LARGE_INTESTINE":1.815123524,"HT1197_URINARY_TRACT":1.433585976,"HT1376_URINARY_TRACT":0.987484154,"HT144_SKIN":1.143397586,"HT29_LARGE_INTESTINE":1.621499983,"HT55_LARGE_INTESTINE":1.78642387,"HUH1_LIVER":-0.110716532,"HUH6_LIVER":-7.691323955,"HUH7_LIVER":-7.872808231,"HUNS1_HAEMATOPOIETIC_AND_LYMPHOID_TISSUE":0.16546679,"HUPT3_PANCREAS":1.796282101,"IALM_LUNG":0.036505091,"IGR1_SKIN":0.284268303,"IGR39_SKIN":1.686200839,"IMR32_AUTONOMIC_GANGLIA":1.672886291,"INA6_HAEMATOPOIETIC_AND_LYMPHOID_TISSUE":0.752591464,"IPC298_SKIN":1.647713543,"ISTMES1_PLEURA":-7.634403897,"ISTMES2_PLEURA":-10.92539263,"J82_URINARY_TRACT":-5.699055687,"JHH1_LIVER":1.699006976,"JHH4_LIVER":-0.048526569,"JHH5_LIVER":1.592979258,"JHH7_LIVER":-20,"JHOC5_OVARY":1.19297964,"JHOM1_OVARY":1.262262421,"JHOS2_OVARY":1.633644306,"JHOS4_OVARY":1.573832758,"JHUEM1_ENDOMETRIUM":1.619503616,"JHUEM7_ENDOMETRIUM":1.857778403,"JIMT1_BREAST":1.856431016,"JJN3_HAEMATOPOIETIC_AND_LYMPHOID_TISSUE":1.731978728,"JMSU1_URINARY_TRACT":-11.03686966,"JMURTK2_SOFT_TISSUE":-20,"JOPACA1_PANCREAS":0.496465267,"JR_SOFT_TISSUE":-20,"K029AX_SKIN":1.866369926,"KALS1_CENTRAL_NERVOUS_SYSTEM":-3.073908378,"KARPAS299_HAEMATOPOIETIC_AND_LYMPHOID_TISSUE":1.782191785,"KARPAS422_HAEMATOPOIETIC_AND_LYMPHOID_TISSUE":0.786471994,"KASUMI1_HAEMATOPOIETIC_AND_LYMPHOID_TISSUE":1.772478413,"KE39_STOMACH":1.862192628,"KE97_HAEMATOPOIETIC_AND_LYMPHOID_TISSUE":-14.12384306,"KELLY_AUTONOMIC_GANGLIA":-5.164529505,"KIJK_HAEMATOPOIETIC_AND_LYMPHOID_TISSUE":1.612518963,"KLE_ENDOMETRIUM":-0.926098917,"KM12_LARGE_INTESTINE":1.658431231,