{"scores":{"127399_SOFT_TISSUE":1.820358297,"143B_BONE":1.884732669,"2313287_STOMACH":1.834736533,"253J_URINARY_TRACT":1.599392175,"42MGBA_CENTRAL_NERVOUS_SYSTEM":0.812373659,"5637_URINARY_TRACT":-1.652608222,"59M_OVARY":1.283005105,"639V_URINARY_TRACT":1.419682394,"647V_URINARY_TRACT":0.441788604,"697_HAEMATOPOIETIC_AND_LYMPHOID_TISSUE":1.463172879,"769P_KIDNEY":1.846698504,"786O_KIDNEY":1.703742752,"8305C_THYROID":1.520574857,"8MGBA_CENTRAL_NERVOUS_SYSTEM":0.929574555,"A2058_SKIN":1.899299978,"A2780_OVARY":1.917311669,"A3KAW_HAEMATOPOIETIC_AND_LYMPHOID_TISSUE":-5.532189821,"A427_LUNG":0.262137143,"A431_SKIN":1.895610182,"A549_LUNG":1.736829777,"A673_BONE":-1.190463365,"ABC1_LUNG":1.919624245,"ACCMESO1_PLEURA":1.675783101,"AGS_STOMACH":1.482204506,"AML193_HAEMATOPOIETIC_AND_LYMPHOID_TISSUE":-16.54287299,"AMO1_HAEMATOPOIETIC_AND_LYMPHOID_TISSUE":-16.84517602,"ASPC1_PANCREAS":1.216754153,"AU565_BREAST":1.918050892,"BC3C_URINARY_TRACT":1.848827967,"BFTC905_URINARY_TRACT":1.428765072,"BFTC909_KIDNEY":1.275643576,"BHY_UPPER_AERODIGESTIVE_TRACT":-0.89386709,"BICR16_UPPER_AERODIGESTIVE_TRACT":1.865922089,"BICR22_UPPER_AERODIGESTIVE_TRACT":1.735536339,"BICR31_UPPER_AERODIGESTIVE_TRACT":1.913465316,"BICR56_UPPER_AERODIGESTIVE_TRACT":1.872701626,"BICR6_UPPER_AERODIGESTIVE_TRACT":1.770554949,"BICR78_UPPER_AERODIGESTIVE_TRACT":1.919856568,"BIN67_OVARY":1.284051192,"BL70_HAEMATOPOIETIC_AND_LYMPHOID_TISSUE":1.298872641,"BLUE1_HAEMATOPOIETIC_AND_LYMPHOID_TISSUE":0.700435429,"BT12_SOFT_TISSUE":1.818050524,"BT16_SOFT_TISSUE":1.864781067,"BT549_BREAST":1.400564985,"C2BBE1_LARGE_INTESTINE":1.897026305,"C32_SKIN":1.577331112,"C8166_HAEMATOPOIETIC_AND_LYMPHOID_TISSUE":1.805543451,"CADOES1_BONE":1.565467634,"CAKI1_KIDNEY":1.878119688,"CAKI2_KIDNEY":1.019794367,"CAL27_UPPER_AERODIGESTIVE_TRACT":1.783623257,"CAL29_URINARY_TRACT":0.972077133,"CAL33_UPPER_AERODIGESTIVE_TRACT":0.683363801,"CAL51_BREAST":1.730666566,"CAL78_BONE":1.45172216,"CALU1_LUNG":1.067168272,"CALU6_LUNG":0.746860387,"CAMA1_BREAST":1.347050278,"CAOV3_OVARY":1.813175533,"CAS1_CENTRAL_NERVOUS_SYSTEM":0.238812424,"CASKI_CERVIX":1.195025534,"CCFSTTG1_CENTRAL_NERVOUS_SYSTEM":1.919634358,"CCK81_LARGE_INTESTINE":1.360271445,"CCLFPEDS0001T_KIDNEY":-3.617510322,"CCLFPEDS0003T_SOFT_TISSUE":1.081680718,"CFPAC1_PANCREAS":1.48304696,"CH157MN_CENTRAL_NERVOUS_SYSTEM":1.299238445,"CHAGOK1_LUNG":1.751806278,"CHLA06ATRT_SOFT_TISSUE":1.599407098,"CHLA15_AUTONOMIC_GANGLIA":-3.433989286,"CHLA266_SOFT_TISSUE":1.666377395,"CHP212_AUTONOMIC_GANGLIA":-0.969051616,"CJM_SKIN":-1.239465057,"CL40_LARGE_INTESTINE":0.056521046,"CME1_SOFT_TISSUE":1.797141545,"CMLT1_HAEMATOPOIETIC_AND_LYMPHOID_TISSUE":1.852964289,"COGAR359_SOFT_TISSUE":1.384210654,"COGE352_BONE":1.676014509,"COGN278_AUTONOMIC_GANGLIA":-0.238464169,"COGN305_AUTONOMIC_GANGLIA":-8.557004533,"COLO201_LARGE_INTESTINE":1.043517598,"COLO678_LARGE_INTESTINE":1.602793877,"COLO679_SKIN":1.892522744,"COLO792_SKIN":0.473434778,"COLO800_SKIN":0.030447974,"CORL23_LUNG":-0.864143713,"CORL279_LUNG":1.494671734,"CORL47_LUNG":0.576463334,"COV318_OVARY":1.865398514,"COV362_OVARY":1.781798732,"COV434_OVARY":1.83787891,"COV504_OVARY":1.270701697,"COV644_OVARY":1.786160866,"CW9019_SOFT_TISSUE":0.63318671,"D283MED_CENTRAL_NERVOUS_SYSTEM":1.514652599,"D341MED_CENTRAL_NERVOUS_SYSTEM":-0.058676444,"D425_CENTRAL_NERVOUS_SYSTEM":-8.561220237,"D458_CENTRAL_NERVOUS_SYSTEM":-3.912069054,"DANG_PANCREAS":1.906529336,"DAOY_CENTRAL_NERVOUS_SYSTEM":1.891440604,"DB_HAEMATOPOIETIC_AND_LYMPHOID_TISSUE":1.666872092,"DEL_HAEMATOPOIETIC_AND_LYMPHOID_TISSUE":1.833711431,"DETROIT562_UPPER_AERODIGESTIVE_TRACT":1.889350161,"DKMG_CENTRAL_NERVOUS_SYSTEM":-1.565578617,"DLD1_LARGE_INTESTINE":1.871490552,"DU4475_BREAST":1.571785146,"EFE184_ENDOMETRIUM":1.9149092,"EFM19_BREAST":1.830032998,"EFO21_OVARY":1.294450489,"EFO27_OVARY":1.174450199,"EJM_HAEMATOPOIETIC_AND_LYMPHOID_TISSUE":-5.858399364,"EKVX_LUNG":1.400860735,"EM2_HAEMATOPOIETIC_AND_LYMPHOID_TISSUE":-1.72167279,"EN_ENDOMETRIUM":1.154272146,"EOL1_HAEMATOPOIETIC_AND_LYMPHOID_TISSUE":1.048321007,"EPLC272H_LUNG":-0.996858913,"ES2_OVARY":1.867623203,"ESO26_OESOPHAGUS":1.866471863,"ESS1_ENDOMETRIUM":1.75659236,"EW8_BONE":0.275344025,"EWS502_BONE":-4.121186423,"F36P_HAEMATOPOIETIC_AND_LYMPHOID_TISSUE":-0.404694269,"F5_CENTRAL_NERVOUS_SYSTEM":1.902148307,"FADU_UPPER_AERODIGESTIVE_TRACT":1.651207417,"FLO1_OESOPHAGUS":1.032828273,"FU97_STOMACH":1.918806528,"G292CLONEA141B1_BONE":1.06544135,"G402_SOFT_TISSUE":1.859172507,"GAMG_CENTRAL_NERVOUS_SYSTEM":-4.071715549,"GB1_CENTRAL_NERVOUS_SYSTEM":1.906515631,"GCIY_STOMACH":1.797933395,"GCT_SOFT_TISSUE":1.140712765,"GI1_CENTRAL_NERVOUS_SYSTEM":-0.806708839,"GSS_STOMACH":-0.608118375,"GSU_STOMACH":1.310358454,"H103_UPPER_AERODIGESTIVE_TRACT":0.761636566,"H4_CENTRAL_NERVOUS_SYSTEM":-1.040499148,"HARA_LUNG":1.919647609,"HB1119_HAEMATOPOIETIC_AND_LYMPHOID_TISSUE":1.099898178,"HCC1143_BREAST":1.919672607,"HCC1359_LUNG":1.555273387,"HCC1395_BREAST":1.88830659,"HCC1419_BREAST":1.395778221,"HCC1428_BREAST":1.919841852,"HCC15_LUNG":1.246725106,"HCC1806_BREAST":1.880181832,"HCC1937_BREAST":1.905016063,"HCC1954_BREAST":1.889053234,"HCC202_BREAST":1.912845148,"HCC2429_LUNG":1.534374535,"HCC2935_LUNG":1.779826345,"HCC366_LUNG":0.196247266,"HCC461_LUNG":1.88695561,"HCC515_LUNG":1.195061626,"HCC56_LARGE_INTESTINE":-2.738079715,"HCC827_LUNG":1.919856568,"HCC95_LUNG":-2.035698157,"HDMYZ_HAEMATOPOIETIC_AND_LYMPHOID_TISSUE":1.42696966,"HEC151_ENDOMETRIUM":1.587556049,"HEC1A_ENDOMETRIUM":1.919361859,"HEC1B_ENDOMETRIUM":1.907753048,"HEC251_ENDOMETRIUM":1.910318849,"HEC265_ENDOMETRIUM":1.719716414,"HEC50B_ENDOMETRIUM":1.91586365,"HEC59_ENDOMETRIUM":1.438620637,"HEC6_ENDOMETRIUM":1.919786366,"HEL_HAEMATOPOIETIC_AND_LYMPHOID_TISSUE":1.226843459,"HEL9217_HAEMATOPOIETIC_AND_LYMPHOID_TISSUE":1.742475983,"HEYA8_OVARY":1.704297547,"HGC27_STOMACH":1.577187263,"HLF_LIVER":1.522863179,"HMC18_BREAST":1.594623311,"HOP62_LUNG":0.628149096,"HS294T_SKIN":1.699288549,"HS578T_BREAST":1.817959506,"HS683_CENTRAL_NERVOUS_SYSTEM":-0.170530581,"HS695T_SKIN":1.90142342,"HS729_SOFT_TISSUE":1.002193616,"HS746T_STOMACH":1.123391247,"HS766T_PANCREAS":1.887662215,"HS852T_SKIN":-3.156870379,"HS944T_SKIN":0.998444885,"HSB2_HAEMATOPOIETIC_AND_LYMPHOID_TISSUE":1.540194526,"HSC1_SKIN":1.847158049,"HSC2_UPPER_AERODIGESTIVE_TRACT":1.907797437,"HSC3_UPPER_AERODIGESTIVE_TRACT":0.704797769,"HT1080_SOFT_TISSUE":1.478506595,"HT115_LARGE_INTESTINE":1.713979611,"HT1197_URINARY_TRACT":1.909563301,"HT1376_URINARY_TRACT":0.49436807,"HT144_SKIN":1.798895204,"HT29_LARGE_INTESTINE":-0.986370173,"HT55_LARGE_INTESTINE":-0.426216652,"HUH1_LIVER":1.919107042,"HUH6_LIVER":-0.343905817,"HUH7_LIVER":1.645492058,"HUNS1_HAEMATOPOIETIC_AND_LYMPHOID_TISSUE":1.896585239,"HUPT3_PANCREAS":1.806731681,"IALM_LUNG":1.697019549,"IGR1_SKIN":1.587950679,"IGR39_SKIN":1.915368832,"IMR32_AUTONOMIC_GANGLIA":0.752964818,"INA6_HAEMATOPOIETIC_AND_LYMPHOID_TISSUE":-3.756840049,"IPC298_SKIN":-2.209516422,"ISTMES1_PLEURA":1.31493067,"ISTMES2_PLEURA":1.75727483,"J82_URINARY_TRACT":0.960858274,"JHH1_LIVER":1.876675102,"JHH4_LIVER":1.834427808,"JHH5_LIVER":0.466082421,"JHH7_LIVER":0.977508333,"JHOC5_OVARY":1.752545902,"JHOM1_OVARY":1.861029582,"JHOS2_OVARY":1.804629511,"JHOS4_OVARY":1.892512255,"JHUEM1_ENDOMETRIUM":1.87246538,"JHUEM7_ENDOMETRIUM":1.501913537,"JIMT1_BREAST":1.881114803,"JJN3_HAEMATOPOIETIC_AND_LYMPHOID_TISSUE":-2.578192681,"JMSU1_URINARY_TRACT":0.788946395,"JMURTK2_SOFT_TISSUE":0.92194813,"JOPACA1_PANCREAS":0.105466391,"JR_SOFT_TISSUE":-2.576746349,"K029AX_SKIN":1.918350429,"KALS1_CENTRAL_NERVOUS_SYSTEM":1.892325394,"KARPAS299_HAEMATOPOIETIC_AND_LYMPHOID_TISSUE":1.90326688,"KARPAS422_HAEMATOPOIETIC_AND_LYMPHOID_TISSUE":1.667437876,"KASUMI1_HAEMATOPOIETIC_AND_LYMPHOID_TISSUE":0.401970176,"KE39_STOMACH":-2.720001803,"KE97_HAEMATOPOIETIC_AND_LYMPHOID_TISSUE":1.620614279,"KELLY_AUTONOMIC_GANGLIA":-1.843256836,"KIJK_HAEMATOPOIETIC_AND_LYMPHOID_TISSUE":1.72991704,"KLE_ENDOMETRIUM":1.500546671,