{"scores":{"127399_SOFT_TISSUE":0.185504405,"143B_BONE":4.1312794,"2313287_STOMACH":1.231686306,"253J_URINARY_TRACT":-3.034037035,"42MGBA_CENTRAL_NERVOUS_SYSTEM":4.360581032,"5637_URINARY_TRACT":2.047901743,"59M_OVARY":2.423033085,"639V_URINARY_TRACT":3.392325545,"647V_URINARY_TRACT":0.398182243,"697_HAEMATOPOIETIC_AND_LYMPHOID_TISSUE":-1.871554642,"769P_KIDNEY":-8.985947816,"786O_KIDNEY":-4.673920898,"8305C_THYROID":2.206155576,"8MGBA_CENTRAL_NERVOUS_SYSTEM":3.720878065,"A2058_SKIN":0.940613785,"A2780_OVARY":0.275631017,"A3KAW_HAEMATOPOIETIC_AND_LYMPHOID_TISSUE":4.159084372,"A427_LUNG":3.761204531,"A431_SKIN":-0.606332522,"A549_LUNG":1.460960504,"A673_BONE":2.20068472,"ABC1_LUNG":-1.635240089,"ACCMESO1_PLEURA":-1.08423504,"AGS_STOMACH":2.629804778,"AML193_HAEMATOPOIETIC_AND_LYMPHOID_TISSUE":1.519574122,"AMO1_HAEMATOPOIETIC_AND_LYMPHOID_TISSUE":-6.520928056,"ASPC1_PANCREAS":1.564103255,"AU565_BREAST":-2.321285102,"BC3C_URINARY_TRACT":-0.057544942,"BFTC905_URINARY_TRACT":1.380299038,"BFTC909_KIDNEY":-8.311332197,"BHY_UPPER_AERODIGESTIVE_TRACT":-0.68015882,"BICR16_UPPER_AERODIGESTIVE_TRACT":-0.970534111,"BICR22_UPPER_AERODIGESTIVE_TRACT":3.088683746,"BICR31_UPPER_AERODIGESTIVE_TRACT":3.495613581,"BICR56_UPPER_AERODIGESTIVE_TRACT":2.667311756,"BICR6_UPPER_AERODIGESTIVE_TRACT":0.156491266,"BICR78_UPPER_AERODIGESTIVE_TRACT":-3.786005625,"BIN67_OVARY":-5.362832555,"BL70_HAEMATOPOIETIC_AND_LYMPHOID_TISSUE":3.189258946,"BLUE1_HAEMATOPOIETIC_AND_LYMPHOID_TISSUE":0.282880775,"BT12_SOFT_TISSUE":1.216268327,"BT16_SOFT_TISSUE":-1.728259088,"BT549_BREAST":0.369249532,"C2BBE1_LARGE_INTESTINE":-1.238314852,"C32_SKIN":3.297167104,"C8166_HAEMATOPOIETIC_AND_LYMPHOID_TISSUE":-6.78488284,"CADOES1_BONE":-0.870142747,"CAKI1_KIDNEY":-1.10887377,"CAKI2_KIDNEY":-3.148086666,"CAL27_UPPER_AERODIGESTIVE_TRACT":-0.532660565,"CAL29_URINARY_TRACT":0.191801078,"CAL33_UPPER_AERODIGESTIVE_TRACT":-3.19624214,"CAL51_BREAST":-3.970929575,"CAL78_BONE":2.965024974,"CALU1_LUNG":2.140382533,"CALU6_LUNG":0.750585772,"CAMA1_BREAST":2.403920691,"CAOV3_OVARY":3.896311269,"CAS1_CENTRAL_NERVOUS_SYSTEM":-0.317965028,"CASKI_CERVIX":2.819236056,"CCFSTTG1_CENTRAL_NERVOUS_SYSTEM":1.877259014,"CCK81_LARGE_INTESTINE":3.099914455,"CCLFPEDS0001T_KIDNEY":0.70750283,"CCLFPEDS0003T_SOFT_TISSUE":-2.190666686,"CFPAC1_PANCREAS":-0.357162475,"CH157MN_CENTRAL_NERVOUS_SYSTEM":3.948992864,"CHAGOK1_LUNG":3.375977582,"CHLA06ATRT_SOFT_TISSUE":1.812291956,"CHLA15_AUTONOMIC_GANGLIA":2.640918651,"CHLA266_SOFT_TISSUE":2.91141335,"CHP212_AUTONOMIC_GANGLIA":0.940910854,"CJM_SKIN":2.507215946,"CL40_LARGE_INTESTINE":0.555240113,"CME1_SOFT_TISSUE":-9.741875605,"CMLT1_HAEMATOPOIETIC_AND_LYMPHOID_TISSUE":0.992288535,"COGAR359_SOFT_TISSUE":3.740287745,"COGE352_BONE":-1.097196934,"COGN278_AUTONOMIC_GANGLIA":0.940294958,"COGN305_AUTONOMIC_GANGLIA":-0.193371907,"COLO201_LARGE_INTESTINE":0.906060607,"COLO678_LARGE_INTESTINE":1.352671921,"COLO679_SKIN":3.424111814,"COLO792_SKIN":3.062695878,"COLO800_SKIN":-0.817653911,"CORL23_LUNG":4.335493603,"CORL279_LUNG":1.692784914,"CORL47_LUNG":2.805380382,"COV318_OVARY":2.989141386,"COV362_OVARY":-1.547769092,"COV434_OVARY":1.016042678,"COV504_OVARY":-1.993135501,"COV644_OVARY":-0.259513678,"CW9019_SOFT_TISSUE":-2.804642383,"D283MED_CENTRAL_NERVOUS_SYSTEM":-2.522292996,"D341MED_CENTRAL_NERVOUS_SYSTEM":2.646468154,"D425_CENTRAL_NERVOUS_SYSTEM":-1.682982955,"D458_CENTRAL_NERVOUS_SYSTEM":-4.660228326,"DANG_PANCREAS":2.626295433,"DAOY_CENTRAL_NERVOUS_SYSTEM":2.010787926,"DB_HAEMATOPOIETIC_AND_LYMPHOID_TISSUE":2.340600001,"DEL_HAEMATOPOIETIC_AND_LYMPHOID_TISSUE":-2.624666459,"DETROIT562_UPPER_AERODIGESTIVE_TRACT":-0.468463044,"DKMG_CENTRAL_NERVOUS_SYSTEM":-0.690152154,"DLD1_LARGE_INTESTINE":3.103546776,"DU4475_BREAST":3.028410836,"EFE184_ENDOMETRIUM":1.509408055,"EFM19_BREAST":0.934883842,"EFO21_OVARY":2.519264962,"EFO27_OVARY":3.259502859,"EJM_HAEMATOPOIETIC_AND_LYMPHOID_TISSUE":-2.092946181,"EKVX_LUNG":2.730164558,"EM2_HAEMATOPOIETIC_AND_LYMPHOID_TISSUE":-3.850023778,"EN_ENDOMETRIUM":-4.874584304,"EOL1_HAEMATOPOIETIC_AND_LYMPHOID_TISSUE":1.335577364,"EPLC272H_LUNG":0.354124705,"ES2_OVARY":3.82098212,"ESO26_OESOPHAGUS":2.837167313,"ESS1_ENDOMETRIUM":2.159976356,"EW8_BONE":1.949404033,"EWS502_BONE":-1.874959434,"F36P_HAEMATOPOIETIC_AND_LYMPHOID_TISSUE":2.363821421,"F5_CENTRAL_NERVOUS_SYSTEM":3.467369877,"FADU_UPPER_AERODIGESTIVE_TRACT":4.0282142,"FLO1_OESOPHAGUS":-1.494748,"FU97_STOMACH":1.799930899,"G292CLONEA141B1_BONE":2.40141718,"G402_SOFT_TISSUE":4.576760347,"GAMG_CENTRAL_NERVOUS_SYSTEM":-0.484079213,"GB1_CENTRAL_NERVOUS_SYSTEM":3.376924586,"GCIY_STOMACH":3.576457687,"GCT_SOFT_TISSUE":3.075169712,"GI1_CENTRAL_NERVOUS_SYSTEM":2.388857581,"GSS_STOMACH":2.524498921,"GSU_STOMACH":3.419501059,"H103_UPPER_AERODIGESTIVE_TRACT":3.743620819,"H4_CENTRAL_NERVOUS_SYSTEM":1.195749769,"HARA_LUNG":-4.180708432,"HB1119_HAEMATOPOIETIC_AND_LYMPHOID_TISSUE":-2.805111275,"HCC1143_BREAST":2.923146855,"HCC1359_LUNG":2.159784874,"HCC1395_BREAST":1.976439538,"HCC1419_BREAST":1.024679094,"HCC1428_BREAST":2.526876998,"HCC15_LUNG":-2.011400997,"HCC1806_BREAST":-4.326045048,"HCC1937_BREAST":1.502078801,"HCC1954_BREAST":2.897242005,"HCC202_BREAST":2.448155701,"HCC2429_LUNG":1.890418276,"HCC2935_LUNG":2.841705118,"HCC366_LUNG":3.222713132,"HCC461_LUNG":2.973913419,"HCC515_LUNG":2.086067015,"HCC56_LARGE_INTESTINE":-0.58868382,"HCC827_LUNG":2.378461773,"HCC95_LUNG":-10.10560407,"HDMYZ_HAEMATOPOIETIC_AND_LYMPHOID_TISSUE":0.27825116,"HEC151_ENDOMETRIUM":4.568676246,"HEC1A_ENDOMETRIUM":-2.706451012,"HEC1B_ENDOMETRIUM":-0.263265735,"HEC251_ENDOMETRIUM":4.121992291,"HEC265_ENDOMETRIUM":4.33687427,"HEC50B_ENDOMETRIUM":2.372073094,"HEC59_ENDOMETRIUM":2.832022943,"HEC6_ENDOMETRIUM":2.049551168,"HEL_HAEMATOPOIETIC_AND_LYMPHOID_TISSUE":4.419029157,"HEL9217_HAEMATOPOIETIC_AND_LYMPHOID_TISSUE":3.717015406,"HEYA8_OVARY":3.178207553,"HGC27_STOMACH":-5.169744547,"HLF_LIVER":3.075834515,"HMC18_BREAST":0.778677985,"HOP62_LUNG":4.077021561,"HS294T_SKIN":-0.740501466,"HS578T_BREAST":0.422671414,"HS683_CENTRAL_NERVOUS_SYSTEM":3.35006667,"HS695T_SKIN":2.987127758,"HS729_SOFT_TISSUE":-1.555213653,"HS746T_STOMACH":2.451040151,"HS766T_PANCREAS":-0.500547487,"HS852T_SKIN":3.316633364,"HS944T_SKIN":0.484461161,"HSB2_HAEMATOPOIETIC_AND_LYMPHOID_TISSUE":4.537729451,"HSC1_SKIN":-3.419142846,"HSC2_UPPER_AERODIGESTIVE_TRACT":3.032626812,"HSC3_UPPER_AERODIGESTIVE_TRACT":2.652998276,"HT1080_SOFT_TISSUE":2.867272059,"HT115_LARGE_INTESTINE":-2.907925312,"HT1197_URINARY_TRACT":2.871410517,"HT1376_URINARY_TRACT":0.031378005,"HT144_SKIN":-1.564929775,"HT29_LARGE_INTESTINE":0.328279677,"HT55_LARGE_INTESTINE":2.005937264,"HUH1_LIVER":1.15023498,"HUH6_LIVER":-6.880348469,"HUH7_LIVER":-0.008940759,"HUNS1_HAEMATOPOIETIC_AND_LYMPHOID_TISSUE":0.935152314,"HUPT3_PANCREAS":2.02438452,"IALM_LUNG":3.466390398,"IGR1_SKIN":-8.05786893,"IGR39_SKIN":0.819040485,"IMR32_AUTONOMIC_GANGLIA":3.786063857,"INA6_HAEMATOPOIETIC_AND_LYMPHOID_TISSUE":-6.589147324,"IPC298_SKIN":4.271984566,"ISTMES1_PLEURA":3.902262469,"ISTMES2_PLEURA":-3.298925069,"J82_URINARY_TRACT":3.52320417,"JHH1_LIVER":1.967163529,"JHH4_LIVER":2.721632569,"JHH5_LIVER":1.747853011,"JHH7_LIVER":3.837102735,"JHOC5_OVARY":1.541759669,"JHOM1_OVARY":0.80190014,"JHOS2_OVARY":3.098770853,"JHOS4_OVARY":2.529066192,"JHUEM1_ENDOMETRIUM":0.15070069,"JHUEM7_ENDOMETRIUM":3.812930573,"JIMT1_BREAST":-2.810481631,"JJN3_HAEMATOPOIETIC_AND_LYMPHOID_TISSUE":1.334469118,"JMSU1_URINARY_TRACT":-7.712885659,"JMURTK2_SOFT_TISSUE":1.743233661,"JOPACA1_PANCREAS":1.29529822,"JR_SOFT_TISSUE":-1.88573787,"K029AX_SKIN":0.45058836,"KALS1_CENTRAL_NERVOUS_SYSTEM":-1.44041583,"KARPAS299_HAEMATOPOIETIC_AND_LYMPHOID_TISSUE":2.021384149,"KARPAS422_HAEMATOPOIETIC_AND_LYMPHOID_TISSUE":1.756977753,"KASUMI1_HAEMATOPOIETIC_AND_LYMPHOID_TISSUE":2.202407271,"KE39_STOMACH":3.494579954,"KE97_HAEMATOPOIETIC_AND_LYMPHOID_TISSUE":-9.44331012,"KELLY_AUTONOMIC_GANGLIA":3.860455843,"KIJK_HAEMATOPOIETIC_AND_LYMPHOID_TISSUE":-0.754428813,"KLE_ENDOMETRIUM":1.184840583,