{"scores":{"127399_SOFT_TISSUE":2.74850703,"143B_BONE":3.038852148,"2313287_STOMACH":3.232352881,"253J_URINARY_TRACT":3.821561974,"42MGBA_CENTRAL_NERVOUS_SYSTEM":3.838454922,"5637_URINARY_TRACT":3.5531741,"59M_OVARY":3.526263061,"639V_URINARY_TRACT":3.807719524,"647V_URINARY_TRACT":3.867673385,"697_HAEMATOPOIETIC_AND_LYMPHOID_TISSUE":3.707711368,"769P_KIDNEY":3.835605219,"786O_KIDNEY":3.484773384,"8305C_THYROID":3.761276892,"8MGBA_CENTRAL_NERVOUS_SYSTEM":3.614456236,"A2058_SKIN":3.376238596,"A2780_OVARY":3.740851992,"A3KAW_HAEMATOPOIETIC_AND_LYMPHOID_TISSUE":3.173489239,"A427_LUNG":2.956463285,"A431_SKIN":3.68325276,"A549_LUNG":3.126470429,"A673_BONE":3.501789925,"ABC1_LUNG":3.74745488,"ACCMESO1_PLEURA":3.616429267,"AGS_STOMACH":3.710845958,"AML193_HAEMATOPOIETIC_AND_LYMPHOID_TISSUE":3.862108994,"AMO1_HAEMATOPOIETIC_AND_LYMPHOID_TISSUE":-20,"ASPC1_PANCREAS":3.664256595,"AU565_BREAST":3.836228055,"BC3C_URINARY_TRACT":3.319047296,"BFTC905_URINARY_TRACT":3.784696952,"BFTC909_KIDNEY":3.8679383,"BHY_UPPER_AERODIGESTIVE_TRACT":3.406940012,"BICR16_UPPER_AERODIGESTIVE_TRACT":3.868085633,"BICR22_UPPER_AERODIGESTIVE_TRACT":3.769128203,"BICR31_UPPER_AERODIGESTIVE_TRACT":3.527489478,"BICR56_UPPER_AERODIGESTIVE_TRACT":3.768494521,"BICR6_UPPER_AERODIGESTIVE_TRACT":3.670619182,"BICR78_UPPER_AERODIGESTIVE_TRACT":-0.28563232,"BIN67_OVARY":3.845831386,"BL70_HAEMATOPOIETIC_AND_LYMPHOID_TISSUE":3.380316839,"BLUE1_HAEMATOPOIETIC_AND_LYMPHOID_TISSUE":3.169026007,"BT12_SOFT_TISSUE":1.855957399,"BT16_SOFT_TISSUE":3.698830648,"BT549_BREAST":3.754824327,"C2BBE1_LARGE_INTESTINE":2.813985615,"C32_SKIN":3.772187568,"C8166_HAEMATOPOIETIC_AND_LYMPHOID_TISSUE":3.763386548,"CADOES1_BONE":3.868085633,"CAKI1_KIDNEY":1.208518195,"CAKI2_KIDNEY":2.876153719,"CAL27_UPPER_AERODIGESTIVE_TRACT":3.855977684,"CAL29_URINARY_TRACT":3.184021348,"CAL33_UPPER_AERODIGESTIVE_TRACT":3.670606973,"CAL51_BREAST":3.315607701,"CAL78_BONE":3.116587302,"CALU1_LUNG":3.858180792,"CALU6_LUNG":3.591162356,"CAMA1_BREAST":3.867621264,"CAOV3_OVARY":3.863662727,"CAS1_CENTRAL_NERVOUS_SYSTEM":3.85153147,"CASKI_CERVIX":3.064071328,"CCFSTTG1_CENTRAL_NERVOUS_SYSTEM":0.497348902,"CCK81_LARGE_INTESTINE":2.888055182,"CCLFPEDS0001T_KIDNEY":3.751621404,"CCLFPEDS0003T_SOFT_TISSUE":3.341682493,"CFPAC1_PANCREAS":3.7640728,"CH157MN_CENTRAL_NERVOUS_SYSTEM":3.846915685,"CHAGOK1_LUNG":3.360168886,"CHLA06ATRT_SOFT_TISSUE":3.824522315,"CHLA15_AUTONOMIC_GANGLIA":3.380395766,"CHLA266_SOFT_TISSUE":3.836906085,"CHP212_AUTONOMIC_GANGLIA":3.395698705,"CJM_SKIN":3.185836047,"CL40_LARGE_INTESTINE":3.779621723,"CME1_SOFT_TISSUE":1.99961748,"CMLT1_HAEMATOPOIETIC_AND_LYMPHOID_TISSUE":3.358558335,"COGAR359_SOFT_TISSUE":3.867951861,"COGE352_BONE":3.094421001,"COGN278_AUTONOMIC_GANGLIA":3.852799965,"COGN305_AUTONOMIC_GANGLIA":3.225448048,"COLO201_LARGE_INTESTINE":3.097937028,"COLO678_LARGE_INTESTINE":3.719410005,"COLO679_SKIN":1.685349299,"COLO792_SKIN":1.411613179,"COLO800_SKIN":3.714602003,"CORL23_LUNG":3.866305213,"CORL279_LUNG":2.755149907,"CORL47_LUNG":3.861032203,"COV318_OVARY":2.933096165,"COV362_OVARY":3.823193677,"COV434_OVARY":3.464638831,"COV504_OVARY":3.546350572,"COV644_OVARY":2.754997917,"CW9019_SOFT_TISSUE":3.85599336,"D283MED_CENTRAL_NERVOUS_SYSTEM":-0.33138827,"D341MED_CENTRAL_NERVOUS_SYSTEM":3.346281346,"D425_CENTRAL_NERVOUS_SYSTEM":3.851751374,"D458_CENTRAL_NERVOUS_SYSTEM":3.846165107,"DANG_PANCREAS":3.849373977,"DAOY_CENTRAL_NERVOUS_SYSTEM":3.758593863,"DB_HAEMATOPOIETIC_AND_LYMPHOID_TISSUE":3.801090539,"DEL_HAEMATOPOIETIC_AND_LYMPHOID_TISSUE":3.582946903,"DETROIT562_UPPER_AERODIGESTIVE_TRACT":3.867370202,"DKMG_CENTRAL_NERVOUS_SYSTEM":3.618118819,"DLD1_LARGE_INTESTINE":2.915662858,"DU4475_BREAST":3.864712934,"EFE184_ENDOMETRIUM":3.587774725,"EFM19_BREAST":3.853281466,"EFO21_OVARY":3.858010407,"EFO27_OVARY":3.699039014,"EJM_HAEMATOPOIETIC_AND_LYMPHOID_TISSUE":-18.09827862,"EKVX_LUNG":3.301443896,"EM2_HAEMATOPOIETIC_AND_LYMPHOID_TISSUE":3.615675168,"EN_ENDOMETRIUM":2.789818927,"EOL1_HAEMATOPOIETIC_AND_LYMPHOID_TISSUE":3.637040807,"EPLC272H_LUNG":3.835152879,"ES2_OVARY":3.863098346,"ESO26_OESOPHAGUS":3.860777404,"ESS1_ENDOMETRIUM":3.757411328,"EW8_BONE":2.794968677,"EWS502_BONE":3.606171176,"F36P_HAEMATOPOIETIC_AND_LYMPHOID_TISSUE":3.795092789,"F5_CENTRAL_NERVOUS_SYSTEM":3.868085633,"FADU_UPPER_AERODIGESTIVE_TRACT":3.867709398,"FLO1_OESOPHAGUS":3.56752373,"FU97_STOMACH":3.810725175,"G292CLONEA141B1_BONE":1.759338846,"G402_SOFT_TISSUE":3.863379914,"GAMG_CENTRAL_NERVOUS_SYSTEM":3.643673337,"GB1_CENTRAL_NERVOUS_SYSTEM":3.538536852,"GCIY_STOMACH":3.476091928,"GCT_SOFT_TISSUE":3.696109415,"GI1_CENTRAL_NERVOUS_SYSTEM":3.833864572,"GSS_STOMACH":3.058273316,"GSU_STOMACH":3.601969575,"H103_UPPER_AERODIGESTIVE_TRACT":3.867466658,"H4_CENTRAL_NERVOUS_SYSTEM":3.535765,"HARA_LUNG":3.750930938,"HB1119_HAEMATOPOIETIC_AND_LYMPHOID_TISSUE":3.538477196,"HCC1143_BREAST":3.718658319,"HCC1359_LUNG":3.801674004,"HCC1395_BREAST":3.837635454,"HCC1419_BREAST":2.81572054,"HCC1428_BREAST":3.864645776,"HCC15_LUNG":3.860730258,"HCC1806_BREAST":3.653253031,"HCC1937_BREAST":3.8547996,"HCC1954_BREAST":3.055989286,"HCC202_BREAST":2.533326882,"HCC2429_LUNG":1.851443775,"HCC2935_LUNG":2.040911963,"HCC366_LUNG":3.866603775,"HCC461_LUNG":3.868051704,"HCC515_LUNG":2.121108796,"HCC56_LARGE_INTESTINE":3.485471202,"HCC827_LUNG":3.478940635,"HCC95_LUNG":2.696448561,"HDMYZ_HAEMATOPOIETIC_AND_LYMPHOID_TISSUE":3.643271812,"HEC151_ENDOMETRIUM":-5.152033986,"HEC1A_ENDOMETRIUM":3.523319937,"HEC1B_ENDOMETRIUM":3.737241952,"HEC251_ENDOMETRIUM":3.867235094,"HEC265_ENDOMETRIUM":3.798012523,"HEC50B_ENDOMETRIUM":1.725892243,"HEC59_ENDOMETRIUM":2.791261389,"HEC6_ENDOMETRIUM":3.370139419,"HEL_HAEMATOPOIETIC_AND_LYMPHOID_TISSUE":-2.988564812,"HEL9217_HAEMATOPOIETIC_AND_LYMPHOID_TISSUE":-2.020265938,"HEYA8_OVARY":3.867481678,"HGC27_STOMACH":3.859196481,"HLF_LIVER":3.759883543,"HMC18_BREAST":3.822155127,"HOP62_LUNG":3.858508625,"HS294T_SKIN":3.8272759,"HS578T_BREAST":2.736846349,"HS683_CENTRAL_NERVOUS_SYSTEM":3.866312935,"HS695T_SKIN":3.856793912,"HS729_SOFT_TISSUE":2.627862012,"HS746T_STOMACH":3.044956071,"HS766T_PANCREAS":3.831611949,"HS852T_SKIN":3.01017604,"HS944T_SKIN":3.674877545,"HSB2_HAEMATOPOIETIC_AND_LYMPHOID_TISSUE":0.291709836,"HSC1_SKIN":3.770379038,"HSC2_UPPER_AERODIGESTIVE_TRACT":3.864821138,"HSC3_UPPER_AERODIGESTIVE_TRACT":3.815253337,"HT1080_SOFT_TISSUE":3.693591423,"HT115_LARGE_INTESTINE":3.70566406,"HT1197_URINARY_TRACT":0.195194668,"HT1376_URINARY_TRACT":-4.924379602,"HT144_SKIN":3.84706475,"HT29_LARGE_INTESTINE":2.861972182,"HT55_LARGE_INTESTINE":3.849331019,"HUH1_LIVER":3.441326368,"HUH6_LIVER":3.868068543,"HUH7_LIVER":3.300858561,"HUNS1_HAEMATOPOIETIC_AND_LYMPHOID_TISSUE":2.093533639,"HUPT3_PANCREAS":-2.422989582,"IALM_LUNG":3.865964571,"IGR1_SKIN":3.537128963,"IGR39_SKIN":2.611960688,"IMR32_AUTONOMIC_GANGLIA":3.734295264,"INA6_HAEMATOPOIETIC_AND_LYMPHOID_TISSUE":-20,"IPC298_SKIN":3.790282796,"ISTMES1_PLEURA":2.384293245,"ISTMES2_PLEURA":3.576015229,"J82_URINARY_TRACT":2.188537069,"JHH1_LIVER":3.805915732,"JHH4_LIVER":3.723958248,"JHH5_LIVER":3.61965742,"JHH7_LIVER":3.534044193,"JHOC5_OVARY":3.810519195,"JHOM1_OVARY":3.084051355,"JHOS2_OVARY":3.858063514,"JHOS4_OVARY":3.652592488,"JHUEM1_ENDOMETRIUM":3.861522855,"JHUEM7_ENDOMETRIUM":3.846547543,"JIMT1_BREAST":3.574317634,"JJN3_HAEMATOPOIETIC_AND_LYMPHOID_TISSUE":3.849895482,"JMSU1_URINARY_TRACT":3.605207094,"JMURTK2_SOFT_TISSUE":3.675151433,"JOPACA1_PANCREAS":3.810447456,"JR_SOFT_TISSUE":3.510609305,"K029AX_SKIN":3.868085633,"KALS1_CENTRAL_NERVOUS_SYSTEM":3.847873268,"KARPAS299_HAEMATOPOIETIC_AND_LYMPHOID_TISSUE":3.812112937,"KARPAS422_HAEMATOPOIETIC_AND_LYMPHOID_TISSUE":3.078029242,"KASUMI1_HAEMATOPOIETIC_AND_LYMPHOID_TISSUE":3.771822001,"KE39_STOMACH":3.819323335,"KE97_HAEMATOPOIETIC_AND_LYMPHOID_TISSUE":3.860739041,"KELLY_AUTONOMIC_GANGLIA":3.773321969,"KIJK_HAEMATOPOIETIC_AND_LYMPHOID_TISSUE":3.543708422,"KLE_ENDOMETRIUM":2.755780496,"KM12_LARGE_INTESTINE":3.568271415,"KMBC2_URINARY_TRACT":3.861596382,