{"scores":{"127399_SOFT_TISSUE":2.678998686,"143B_BONE":1.649291326,"2313287_STOMACH":-20,"253J_URINARY_TRACT":2.138029738,"42MGBA_CENTRAL_NERVOUS_SYSTEM":2.574464729,"5637_URINARY_TRACT":1.039775786,"59M_OVARY":2.676280813,"639V_URINARY_TRACT":2.661037327,"647V_URINARY_TRACT":1.897787764,"697_HAEMATOPOIETIC_AND_LYMPHOID_TISSUE":0.577870484,"769P_KIDNEY":2.177239559,"786O_KIDNEY":2.663958638,"8305C_THYROID":2.624505699,"8MGBA_CENTRAL_NERVOUS_SYSTEM":2.355560951,"A2058_SKIN":2.678421327,"A2780_OVARY":2.507501091,"A3KAW_HAEMATOPOIETIC_AND_LYMPHOID_TISSUE":2.339102355,"A427_LUNG":2.306639992,"A431_SKIN":2.355048559,"A549_LUNG":2.535024143,"A673_BONE":2.570163276,"ABC1_LUNG":2.65126187,"ACCMESO1_PLEURA":2.559780146,"AGS_STOMACH":2.612050816,"AML193_HAEMATOPOIETIC_AND_LYMPHOID_TISSUE":1.954011527,"AMO1_HAEMATOPOIETIC_AND_LYMPHOID_TISSUE":2.641529381,"ASPC1_PANCREAS":-20,"AU565_BREAST":2.649262675,"BC3C_URINARY_TRACT":1.524169866,"BFTC905_URINARY_TRACT":2.137446903,"BFTC909_KIDNEY":2.310920066,"BHY_UPPER_AERODIGESTIVE_TRACT":2.672684244,"BICR16_UPPER_AERODIGESTIVE_TRACT":-2.203469295,"BICR22_UPPER_AERODIGESTIVE_TRACT":2.290448027,"BICR31_UPPER_AERODIGESTIVE_TRACT":0.343327453,"BICR56_UPPER_AERODIGESTIVE_TRACT":2.676750001,"BICR6_UPPER_AERODIGESTIVE_TRACT":2.584400937,"BICR78_UPPER_AERODIGESTIVE_TRACT":2.61275353,"BIN67_OVARY":2.419681937,"BL70_HAEMATOPOIETIC_AND_LYMPHOID_TISSUE":2.677584242,"BLUE1_HAEMATOPOIETIC_AND_LYMPHOID_TISSUE":2.66097086,"BT12_SOFT_TISSUE":2.161868874,"BT16_SOFT_TISSUE":-0.776179512,"BT549_BREAST":2.304359227,"C2BBE1_LARGE_INTESTINE":0.392238038,"C32_SKIN":0.557139301,"C8166_HAEMATOPOIETIC_AND_LYMPHOID_TISSUE":1.653842592,"CADOES1_BONE":1.828995312,"CAKI1_KIDNEY":2.340066155,"CAKI2_KIDNEY":1.435113838,"CAL27_UPPER_AERODIGESTIVE_TRACT":2.672191868,"CAL29_URINARY_TRACT":2.375456507,"CAL33_UPPER_AERODIGESTIVE_TRACT":2.527636329,"CAL51_BREAST":2.373253613,"CAL78_BONE":2.355499053,"CALU1_LUNG":2.67834716,"CALU6_LUNG":2.667173392,"CAMA1_BREAST":2.677432487,"CAOV3_OVARY":2.563889402,"CAS1_CENTRAL_NERVOUS_SYSTEM":2.656063167,"CASKI_CERVIX":-1.176729168,"CCFSTTG1_CENTRAL_NERVOUS_SYSTEM":2.497085465,"CCK81_LARGE_INTESTINE":2.678998686,"CCLFPEDS0001T_KIDNEY":2.591327099,"CCLFPEDS0003T_SOFT_TISSUE":-5.849253379,"CFPAC1_PANCREAS":2.555608527,"CH157MN_CENTRAL_NERVOUS_SYSTEM":2.500211721,"CHAGOK1_LUNG":2.668210363,"CHLA06ATRT_SOFT_TISSUE":1.291001306,"CHLA15_AUTONOMIC_GANGLIA":2.324797051,"CHLA266_SOFT_TISSUE":2.48741381,"CHP212_AUTONOMIC_GANGLIA":2.678998686,"CJM_SKIN":2.67836784,"CL40_LARGE_INTESTINE":0.334047096,"CME1_SOFT_TISSUE":1.839072452,"CMLT1_HAEMATOPOIETIC_AND_LYMPHOID_TISSUE":2.303192876,"COGAR359_SOFT_TISSUE":2.620900346,"COGE352_BONE":1.918386697,"COGN278_AUTONOMIC_GANGLIA":2.275984732,"COGN305_AUTONOMIC_GANGLIA":2.147652895,"COLO201_LARGE_INTESTINE":1.264107686,"COLO678_LARGE_INTESTINE":2.084408237,"COLO679_SKIN":2.663339741,"COLO792_SKIN":2.656712668,"COLO800_SKIN":2.236401114,"CORL23_LUNG":1.865703689,"CORL279_LUNG":2.572797009,"CORL47_LUNG":0.859468138,"COV318_OVARY":-0.259571495,"COV362_OVARY":2.404147545,"COV434_OVARY":2.619630786,"COV504_OVARY":2.659561969,"COV644_OVARY":2.677956563,"CW9019_SOFT_TISSUE":2.644001368,"D283MED_CENTRAL_NERVOUS_SYSTEM":0.533424376,"D341MED_CENTRAL_NERVOUS_SYSTEM":2.668974735,"D425_CENTRAL_NERVOUS_SYSTEM":1.964818192,"D458_CENTRAL_NERVOUS_SYSTEM":2.549653972,"DANG_PANCREAS":2.476115531,"DAOY_CENTRAL_NERVOUS_SYSTEM":2.011713428,"DB_HAEMATOPOIETIC_AND_LYMPHOID_TISSUE":2.677203097,"DEL_HAEMATOPOIETIC_AND_LYMPHOID_TISSUE":2.339795604,"DETROIT562_UPPER_AERODIGESTIVE_TRACT":2.677537852,"DKMG_CENTRAL_NERVOUS_SYSTEM":2.521447583,"DLD1_LARGE_INTESTINE":2.566725993,"DU4475_BREAST":1.780120333,"EFE184_ENDOMETRIUM":-5.606936366,"EFM19_BREAST":2.677877443,"EFO21_OVARY":1.778749442,"EFO27_OVARY":2.674950327,"EJM_HAEMATOPOIETIC_AND_LYMPHOID_TISSUE":2.451272099,"EKVX_LUNG":2.57331674,"EM2_HAEMATOPOIETIC_AND_LYMPHOID_TISSUE":2.19110608,"EN_ENDOMETRIUM":2.000269394,"EOL1_HAEMATOPOIETIC_AND_LYMPHOID_TISSUE":2.634710712,"EPLC272H_LUNG":2.480060688,"ES2_OVARY":1.996302024,"ESO26_OESOPHAGUS":0.945866604,"ESS1_ENDOMETRIUM":2.64388243,"EW8_BONE":-5.753020916,"EWS502_BONE":2.447041868,"F36P_HAEMATOPOIETIC_AND_LYMPHOID_TISSUE":2.571819892,"F5_CENTRAL_NERVOUS_SYSTEM":2.539414981,"FADU_UPPER_AERODIGESTIVE_TRACT":2.653357226,"FLO1_OESOPHAGUS":1.672806058,"FU97_STOMACH":2.453829161,"G292CLONEA141B1_BONE":2.393931934,"G402_SOFT_TISSUE":1.93448537,"GAMG_CENTRAL_NERVOUS_SYSTEM":2.67440206,"GB1_CENTRAL_NERVOUS_SYSTEM":2.656855914,"GCIY_STOMACH":2.609060549,"GCT_SOFT_TISSUE":2.664051968,"GI1_CENTRAL_NERVOUS_SYSTEM":2.38673628,"GSS_STOMACH":1.975222837,"GSU_STOMACH":-9.166197313,"H103_UPPER_AERODIGESTIVE_TRACT":2.657507865,"H4_CENTRAL_NERVOUS_SYSTEM":1.84872992,"HARA_LUNG":2.414285572,"HB1119_HAEMATOPOIETIC_AND_LYMPHOID_TISSUE":2.641819253,"HCC1143_BREAST":2.678591113,"HCC1359_LUNG":2.617286842,"HCC1395_BREAST":2.661474172,"HCC1419_BREAST":2.553415611,"HCC1428_BREAST":1.298930119,"HCC15_LUNG":2.216225392,"HCC1806_BREAST":2.608082361,"HCC1937_BREAST":2.678994989,"HCC1954_BREAST":2.347595696,"HCC202_BREAST":2.66476198,"HCC2429_LUNG":2.405163079,"HCC2935_LUNG":-2.774655029,"HCC366_LUNG":2.077082217,"HCC461_LUNG":2.609720662,"HCC515_LUNG":2.646766845,"HCC56_LARGE_INTESTINE":-4.993009449,"HCC827_LUNG":2.651314996,"HCC95_LUNG":2.577572057,"HDMYZ_HAEMATOPOIETIC_AND_LYMPHOID_TISSUE":0.698426286,"HEC151_ENDOMETRIUM":1.269784089,"HEC1A_ENDOMETRIUM":-1.723533966,"HEC1B_ENDOMETRIUM":2.674137367,"HEC251_ENDOMETRIUM":2.518577936,"HEC265_ENDOMETRIUM":2.678682027,"HEC50B_ENDOMETRIUM":2.633278977,"HEC59_ENDOMETRIUM":2.476064984,"HEC6_ENDOMETRIUM":2.678842002,"HEL_HAEMATOPOIETIC_AND_LYMPHOID_TISSUE":2.677683811,"HEL9217_HAEMATOPOIETIC_AND_LYMPHOID_TISSUE":2.671814211,"HEYA8_OVARY":2.241328087,"HGC27_STOMACH":2.66214305,"HLF_LIVER":1.925371006,"HMC18_BREAST":2.634206027,"HOP62_LUNG":2.678623833,"HS294T_SKIN":2.633737692,"HS578T_BREAST":2.672006555,"HS683_CENTRAL_NERVOUS_SYSTEM":2.672913361,"HS695T_SKIN":1.947371338,"HS729_SOFT_TISSUE":2.628000828,"HS746T_STOMACH":2.377950773,"HS766T_PANCREAS":2.438246105,"HS852T_SKIN":1.086333586,"HS944T_SKIN":2.678061087,"HSB2_HAEMATOPOIETIC_AND_LYMPHOID_TISSUE":2.426765284,"HSC1_SKIN":-1.070611498,"HSC2_UPPER_AERODIGESTIVE_TRACT":2.568156825,"HSC3_UPPER_AERODIGESTIVE_TRACT":2.527599152,"HT1080_SOFT_TISSUE":2.667665923,"HT115_LARGE_INTESTINE":-20,"HT1197_URINARY_TRACT":2.235639098,"HT1376_URINARY_TRACT":2.650139205,"HT144_SKIN":2.527211914,"HT29_LARGE_INTESTINE":2.531070809,"HT55_LARGE_INTESTINE":1.496867749,"HUH1_LIVER":-20,"HUH6_LIVER":-8.230930855,"HUH7_LIVER":2.678998686,"HUNS1_HAEMATOPOIETIC_AND_LYMPHOID_TISSUE":0.971492081,"HUPT3_PANCREAS":2.419400766,"IALM_LUNG":2.42270015,"IGR1_SKIN":2.63273116,"IGR39_SKIN":2.650102612,"IMR32_AUTONOMIC_GANGLIA":2.564917225,"INA6_HAEMATOPOIETIC_AND_LYMPHOID_TISSUE":2.678998686,"IPC298_SKIN":1.797929319,"ISTMES1_PLEURA":2.629973922,"ISTMES2_PLEURA":2.550639902,"J82_URINARY_TRACT":-0.700371881,"JHH1_LIVER":2.668075802,"JHH4_LIVER":2.655696158,"JHH5_LIVER":-8.246791695,"JHH7_LIVER":-3.140382632,"JHOC5_OVARY":2.125691419,"JHOM1_OVARY":2.532317064,"JHOS2_OVARY":2.66868386,"JHOS4_OVARY":2.493677952,"JHUEM1_ENDOMETRIUM":-1.18437341,"JHUEM7_ENDOMETRIUM":1.844561341,"JIMT1_BREAST":2.578378597,"JJN3_HAEMATOPOIETIC_AND_LYMPHOID_TISSUE":2.039969932,"JMSU1_URINARY_TRACT":2.668446765,"JMURTK2_SOFT_TISSUE":1.659582852,"JOPACA1_PANCREAS":2.347974764,"JR_SOFT_TISSUE":2.009815108,"K029AX_SKIN":2.313429225,"KALS1_CENTRAL_NERVOUS_SYSTEM":2.672481704,"KARPAS299_HAEMATOPOIETIC_AND_LYMPHOID_TISSUE":2.272371198,"KARPAS422_HAEMATOPOIETIC_AND_LYMPHOID_TISSUE":1.958661411,"KASUMI1_HAEMATOPOIETIC_AND_LYMPHOID_TISSUE":1.096836692,"KE39_STOMACH":-20,"KE97_HAEMATOPOIETIC_AND_LYMPHOID_TISSUE":-0.870132737,"KELLY_AUTONOMIC_GANGLIA":2.509016099,"KIJK_HAEMATOPOIETIC_AND_LYMPHOID_TISSUE":2.67757605,"KLE_ENDOMETRIUM":2.041030819,"KM12_LARGE_INTESTINE":1.729979327,"KMBC2_URINARY_TRACT":2.642836409,