{"scores":{"127399_SOFT_TISSUE":3.317039474,"143B_BONE":2.8653035,"2313287_STOMACH":3.302548758,"253J_URINARY_TRACT":2.57234299,"42MGBA_CENTRAL_NERVOUS_SYSTEM":3.316538689,"5637_URINARY_TRACT":3.253821025,"59M_OVARY":3.157092652,"639V_URINARY_TRACT":3.304505273,"647V_URINARY_TRACT":3.260150752,"697_HAEMATOPOIETIC_AND_LYMPHOID_TISSUE":3.025620002,"769P_KIDNEY":2.882157509,"786O_KIDNEY":3.22918476,"8305C_THYROID":3.232714511,"8MGBA_CENTRAL_NERVOUS_SYSTEM":3.317039474,"A2058_SKIN":3.289215741,"A2780_OVARY":3.31695005,"A3KAW_HAEMATOPOIETIC_AND_LYMPHOID_TISSUE":2.335975596,"A427_LUNG":1.929376494,"A431_SKIN":2.394780482,"A549_LUNG":3.317025054,"A673_BONE":2.468248976,"ABC1_LUNG":3.22624594,"ACCMESO1_PLEURA":3.146006776,"AGS_STOMACH":0.610866738,"AML193_HAEMATOPOIETIC_AND_LYMPHOID_TISSUE":2.754608778,"AMO1_HAEMATOPOIETIC_AND_LYMPHOID_TISSUE":2.442725195,"ASPC1_PANCREAS":1.878487325,"AU565_BREAST":3.283841476,"BC3C_URINARY_TRACT":1.557849423,"BFTC905_URINARY_TRACT":3.062304909,"BFTC909_KIDNEY":1.805574625,"BHY_UPPER_AERODIGESTIVE_TRACT":2.453731298,"BICR16_UPPER_AERODIGESTIVE_TRACT":2.176835616,"BICR22_UPPER_AERODIGESTIVE_TRACT":3.317031111,"BICR31_UPPER_AERODIGESTIVE_TRACT":2.394616241,"BICR56_UPPER_AERODIGESTIVE_TRACT":3.222921044,"BICR6_UPPER_AERODIGESTIVE_TRACT":3.220043121,"BICR78_UPPER_AERODIGESTIVE_TRACT":3.316895361,"BIN67_OVARY":0.16792036,"BL70_HAEMATOPOIETIC_AND_LYMPHOID_TISSUE":3.317039474,"BLUE1_HAEMATOPOIETIC_AND_LYMPHOID_TISSUE":3.290807828,"BT12_SOFT_TISSUE":3.273478592,"BT16_SOFT_TISSUE":-3.198354171,"BT549_BREAST":3.205905892,"C2BBE1_LARGE_INTESTINE":3.278070975,"C32_SKIN":0.543297309,"C8166_HAEMATOPOIETIC_AND_LYMPHOID_TISSUE":2.393286138,"CADOES1_BONE":3.038597033,"CAKI1_KIDNEY":3.302871582,"CAKI2_KIDNEY":0.896161333,"CAL27_UPPER_AERODIGESTIVE_TRACT":3.252478651,"CAL29_URINARY_TRACT":2.626526064,"CAL33_UPPER_AERODIGESTIVE_TRACT":3.261401924,"CAL51_BREAST":3.290142575,"CAL78_BONE":1.303966737,"CALU1_LUNG":3.28411519,"CALU6_LUNG":3.27423804,"CAMA1_BREAST":1.730360508,"CAOV3_OVARY":3.092149016,"CAS1_CENTRAL_NERVOUS_SYSTEM":3.247425786,"CASKI_CERVIX":3.316500119,"CCFSTTG1_CENTRAL_NERVOUS_SYSTEM":2.513731578,"CCK81_LARGE_INTESTINE":3.190502499,"CCLFPEDS0001T_KIDNEY":3.295508329,"CCLFPEDS0003T_SOFT_TISSUE":2.439961341,"CFPAC1_PANCREAS":3.311740601,"CH157MN_CENTRAL_NERVOUS_SYSTEM":3.209276993,"CHAGOK1_LUNG":2.827338214,"CHLA06ATRT_SOFT_TISSUE":3.159134164,"CHLA15_AUTONOMIC_GANGLIA":3.162891206,"CHLA266_SOFT_TISSUE":2.879914714,"CHP212_AUTONOMIC_GANGLIA":3.272961437,"CJM_SKIN":-11.31587284,"CL40_LARGE_INTESTINE":3.028271928,"CME1_SOFT_TISSUE":3.071530784,"CMLT1_HAEMATOPOIETIC_AND_LYMPHOID_TISSUE":3.310827547,"COGAR359_SOFT_TISSUE":2.806993855,"COGE352_BONE":3.279747019,"COGN278_AUTONOMIC_GANGLIA":3.051226411,"COGN305_AUTONOMIC_GANGLIA":2.577967033,"COLO201_LARGE_INTESTINE":0.267859771,"COLO678_LARGE_INTESTINE":3.304936335,"COLO679_SKIN":2.293958309,"COLO792_SKIN":3.300409307,"COLO800_SKIN":1.485520771,"CORL23_LUNG":2.345378236,"CORL279_LUNG":-1.692668046,"CORL47_LUNG":1.814305033,"COV318_OVARY":3.06343231,"COV362_OVARY":3.212033954,"COV434_OVARY":3.154365423,"COV504_OVARY":2.535830059,"COV644_OVARY":2.335802821,"CW9019_SOFT_TISSUE":3.286956284,"D283MED_CENTRAL_NERVOUS_SYSTEM":2.798471334,"D341MED_CENTRAL_NERVOUS_SYSTEM":3.143688727,"D425_CENTRAL_NERVOUS_SYSTEM":3.114833911,"D458_CENTRAL_NERVOUS_SYSTEM":3.312519474,"DANG_PANCREAS":3.310662871,"DAOY_CENTRAL_NERVOUS_SYSTEM":3.313428128,"DB_HAEMATOPOIETIC_AND_LYMPHOID_TISSUE":2.945915155,"DEL_HAEMATOPOIETIC_AND_LYMPHOID_TISSUE":3.112044938,"DETROIT562_UPPER_AERODIGESTIVE_TRACT":2.678348789,"DKMG_CENTRAL_NERVOUS_SYSTEM":3.087676382,"DLD1_LARGE_INTESTINE":3.050485088,"DU4475_BREAST":2.846098338,"EFE184_ENDOMETRIUM":2.798923728,"EFM19_BREAST":3.282745032,"EFO21_OVARY":3.193597242,"EFO27_OVARY":3.317038155,"EJM_HAEMATOPOIETIC_AND_LYMPHOID_TISSUE":2.948606026,"EKVX_LUNG":3.245976913,"EM2_HAEMATOPOIETIC_AND_LYMPHOID_TISSUE":1.213304934,"EN_ENDOMETRIUM":2.287457018,"EOL1_HAEMATOPOIETIC_AND_LYMPHOID_TISSUE":3.301958724,"EPLC272H_LUNG":3.155941525,"ES2_OVARY":2.932210963,"ESO26_OESOPHAGUS":2.044351304,"ESS1_ENDOMETRIUM":3.093261135,"EW8_BONE":2.771699631,"EWS502_BONE":3.316363676,"F36P_HAEMATOPOIETIC_AND_LYMPHOID_TISSUE":3.116552101,"F5_CENTRAL_NERVOUS_SYSTEM":3.217460547,"FADU_UPPER_AERODIGESTIVE_TRACT":3.314443168,"FLO1_OESOPHAGUS":1.455948823,"FU97_STOMACH":2.017060373,"G292CLONEA141B1_BONE":3.131339884,"G402_SOFT_TISSUE":1.764955342,"GAMG_CENTRAL_NERVOUS_SYSTEM":3.316996479,"GB1_CENTRAL_NERVOUS_SYSTEM":3.316034541,"GCIY_STOMACH":1.293734869,"GCT_SOFT_TISSUE":3.078347,"GI1_CENTRAL_NERVOUS_SYSTEM":3.190755098,"GSS_STOMACH":1.476956138,"GSU_STOMACH":2.468152926,"H103_UPPER_AERODIGESTIVE_TRACT":3.316969498,"H4_CENTRAL_NERVOUS_SYSTEM":1.63689284,"HARA_LUNG":2.263678814,"HB1119_HAEMATOPOIETIC_AND_LYMPHOID_TISSUE":3.316816973,"HCC1143_BREAST":2.892394136,"HCC1359_LUNG":2.287590535,"HCC1395_BREAST":3.275610034,"HCC1419_BREAST":1.750861833,"HCC1428_BREAST":3.296269337,"HCC15_LUNG":2.7164308,"HCC1806_BREAST":2.816865747,"HCC1937_BREAST":3.317029467,"HCC1954_BREAST":3.306215531,"HCC202_BREAST":3.298523357,"HCC2429_LUNG":2.584139113,"HCC2935_LUNG":2.950350375,"HCC366_LUNG":2.656091148,"HCC461_LUNG":3.120995214,"HCC515_LUNG":2.972521126,"HCC56_LARGE_INTESTINE":2.18211335,"HCC827_LUNG":2.903241203,"HCC95_LUNG":3.182952128,"HDMYZ_HAEMATOPOIETIC_AND_LYMPHOID_TISSUE":2.978240667,"HEC151_ENDOMETRIUM":3.313297297,"HEC1A_ENDOMETRIUM":1.62431059,"HEC1B_ENDOMETRIUM":3.196467752,"HEC251_ENDOMETRIUM":1.468631861,"HEC265_ENDOMETRIUM":3.264517149,"HEC50B_ENDOMETRIUM":3.28064253,"HEC59_ENDOMETRIUM":0.014528129,"HEC6_ENDOMETRIUM":2.367013865,"HEL_HAEMATOPOIETIC_AND_LYMPHOID_TISSUE":1.638475333,"HEL9217_HAEMATOPOIETIC_AND_LYMPHOID_TISSUE":3.12971226,"HEYA8_OVARY":3.299653611,"HGC27_STOMACH":2.860981562,"HLF_LIVER":2.889634283,"HMC18_BREAST":3.316280377,"HOP62_LUNG":3.239041169,"HS294T_SKIN":2.747387827,"HS578T_BREAST":-5.605812054,"HS683_CENTRAL_NERVOUS_SYSTEM":2.731129808,"HS695T_SKIN":3.01345537,"HS729_SOFT_TISSUE":3.296124138,"HS746T_STOMACH":3.21764062,"HS766T_PANCREAS":2.708568082,"HS852T_SKIN":3.285289215,"HS944T_SKIN":2.999042846,"HSB2_HAEMATOPOIETIC_AND_LYMPHOID_TISSUE":-6.813175078,"HSC1_SKIN":3.264120408,"HSC2_UPPER_AERODIGESTIVE_TRACT":3.272729895,"HSC3_UPPER_AERODIGESTIVE_TRACT":2.885782015,"HT1080_SOFT_TISSUE":2.86679137,"HT115_LARGE_INTESTINE":2.83524442,"HT1197_URINARY_TRACT":3.175513877,"HT1376_URINARY_TRACT":3.285218073,"HT144_SKIN":3.027574355,"HT29_LARGE_INTESTINE":1.345454544,"HT55_LARGE_INTESTINE":3.316902383,"HUH1_LIVER":2.990954175,"HUH6_LIVER":2.195458156,"HUH7_LIVER":3.3142863,"HUNS1_HAEMATOPOIETIC_AND_LYMPHOID_TISSUE":2.645701107,"HUPT3_PANCREAS":2.757614125,"IALM_LUNG":2.69604474,"IGR1_SKIN":3.08787302,"IGR39_SKIN":3.293942375,"IMR32_AUTONOMIC_GANGLIA":2.247756018,"INA6_HAEMATOPOIETIC_AND_LYMPHOID_TISSUE":3.312704227,"IPC298_SKIN":3.217273217,"ISTMES1_PLEURA":3.246821801,"ISTMES2_PLEURA":3.065106984,"J82_URINARY_TRACT":1.620213906,"JHH1_LIVER":3.310298636,"JHH4_LIVER":1.853924487,"JHH5_LIVER":2.531232936,"JHH7_LIVER":3.189994602,"JHOC5_OVARY":3.124805333,"JHOM1_OVARY":3.244956452,"JHOS2_OVARY":3.308783088,"JHOS4_OVARY":3.220641177,"JHUEM1_ENDOMETRIUM":2.464776258,"JHUEM7_ENDOMETRIUM":1.490481272,"JIMT1_BREAST":3.301465923,"JJN3_HAEMATOPOIETIC_AND_LYMPHOID_TISSUE":3.298424537,"JMSU1_URINARY_TRACT":3.30914049,"JMURTK2_SOFT_TISSUE":3.069562347,"JOPACA1_PANCREAS":3.252186374,"JR_SOFT_TISSUE":1.64594223,"K029AX_SKIN":0.188474497,"KALS1_CENTRAL_NERVOUS_SYSTEM":3.029203277,"KARPAS299_HAEMATOPOIETIC_AND_LYMPHOID_TISSUE":3.317033944,"KARPAS422_HAEMATOPOIETIC_AND_LYMPHOID_TISSUE":3.24268125,"KASUMI1_HAEMATOPOIETIC_AND_LYMPHOID_TISSUE":2.968687176,"KE39_STOMACH":3.270834244,"KE97_HAEMATOPOIETIC_AND_LYMPHOID_TISSUE":2.174022276,"KELLY_AUTONOMIC_GANGLIA":3.273749833,"KIJK_HAEMATOPOIETIC_AND_LYMPHOID_TISSUE":2.753877514,"KLE_ENDOMETRIUM":3.206003717,"KM12_LARGE_INTESTINE":2.942986385,"KMBC2_URINARY_TRACT":2.729010903,