{"scores":{"127399_SOFT_TISSUE":2.674637115,"143B_BONE":3.694233149,"2313287_STOMACH":0.901575932,"253J_URINARY_TRACT":-5.922219411,"42MGBA_CENTRAL_NERVOUS_SYSTEM":-0.3660903,"5637_URINARY_TRACT":2.949066424,"59M_OVARY":-3.596311564,"639V_URINARY_TRACT":1.549049359,"647V_URINARY_TRACT":0.262363134,"697_HAEMATOPOIETIC_AND_LYMPHOID_TISSUE":2.914752133,"769P_KIDNEY":0.995422027,"786O_KIDNEY":-2.988578825,"8305C_THYROID":1.167255093,"8MGBA_CENTRAL_NERVOUS_SYSTEM":1.444129675,"A2058_SKIN":-3.9229919,"A2780_OVARY":-1.206532259,"A3KAW_HAEMATOPOIETIC_AND_LYMPHOID_TISSUE":2.965217957,"A427_LUNG":2.439632669,"A431_SKIN":2.661319627,"A549_LUNG":0.090981653,"A673_BONE":-0.032302279,"ABC1_LUNG":3.8749597,"ACCMESO1_PLEURA":-5.165149291,"AGS_STOMACH":4.48374922,"AML193_HAEMATOPOIETIC_AND_LYMPHOID_TISSUE":0.049409454,"AMO1_HAEMATOPOIETIC_AND_LYMPHOID_TISSUE":1.538246817,"ASPC1_PANCREAS":1.505374119,"AU565_BREAST":1.062560776,"BC3C_URINARY_TRACT":-0.400500879,"BFTC905_URINARY_TRACT":-2.837797442,"BFTC909_KIDNEY":-10.41876594,"BHY_UPPER_AERODIGESTIVE_TRACT":0.758476173,"BICR16_UPPER_AERODIGESTIVE_TRACT":2.802394181,"BICR22_UPPER_AERODIGESTIVE_TRACT":-1.637230716,"BICR31_UPPER_AERODIGESTIVE_TRACT":2.199487324,"BICR56_UPPER_AERODIGESTIVE_TRACT":1.545460707,"BICR6_UPPER_AERODIGESTIVE_TRACT":-4.028026905,"BICR78_UPPER_AERODIGESTIVE_TRACT":1.528206455,"BIN67_OVARY":3.233224468,"BL70_HAEMATOPOIETIC_AND_LYMPHOID_TISSUE":-0.588651714,"BLUE1_HAEMATOPOIETIC_AND_LYMPHOID_TISSUE":2.270989079,"BT12_SOFT_TISSUE":2.330859478,"BT16_SOFT_TISSUE":3.84751117,"BT549_BREAST":-9.056231664,"C2BBE1_LARGE_INTESTINE":3.236364591,"C32_SKIN":-2.367094592,"C8166_HAEMATOPOIETIC_AND_LYMPHOID_TISSUE":1.066381367,"CADOES1_BONE":0.400395989,"CAKI1_KIDNEY":-1.018328139,"CAKI2_KIDNEY":2.856992268,"CAL27_UPPER_AERODIGESTIVE_TRACT":-0.614341201,"CAL29_URINARY_TRACT":2.74878704,"CAL33_UPPER_AERODIGESTIVE_TRACT":-4.653792441,"CAL51_BREAST":4.322340973,"CAL78_BONE":2.536539807,"CALU1_LUNG":1.651337039,"CALU6_LUNG":3.147350205,"CAMA1_BREAST":-12.61795892,"CAOV3_OVARY":-7.883737197,"CAS1_CENTRAL_NERVOUS_SYSTEM":2.584554529,"CASKI_CERVIX":3.500111941,"CCFSTTG1_CENTRAL_NERVOUS_SYSTEM":0.641982717,"CCK81_LARGE_INTESTINE":3.511350936,"CCLFPEDS0001T_KIDNEY":2.081521318,"CCLFPEDS0003T_SOFT_TISSUE":-1.83830673,"CFPAC1_PANCREAS":-2.067516974,"CH157MN_CENTRAL_NERVOUS_SYSTEM":-9.412184725,"CHAGOK1_LUNG":3.413697692,"CHLA06ATRT_SOFT_TISSUE":-4.771120578,"CHLA15_AUTONOMIC_GANGLIA":4.050328985,"CHLA266_SOFT_TISSUE":0.995491144,"CHP212_AUTONOMIC_GANGLIA":3.463871967,"CJM_SKIN":2.558881682,"CL40_LARGE_INTESTINE":2.508213709,"CME1_SOFT_TISSUE":2.262537881,"CMLT1_HAEMATOPOIETIC_AND_LYMPHOID_TISSUE":-7.221781572,"COGAR359_SOFT_TISSUE":3.701585193,"COGE352_BONE":-0.222405166,"COGN278_AUTONOMIC_GANGLIA":3.314249937,"COGN305_AUTONOMIC_GANGLIA":3.908167761,"COLO201_LARGE_INTESTINE":4.041793889,"COLO678_LARGE_INTESTINE":2.732543818,"COLO679_SKIN":1.785827362,"COLO792_SKIN":-2.582569762,"COLO800_SKIN":0.801002994,"CORL23_LUNG":3.281734859,"CORL279_LUNG":0.735004149,"CORL47_LUNG":1.138203821,"COV318_OVARY":2.956826125,"COV362_OVARY":2.128985534,"COV434_OVARY":2.732166643,"COV504_OVARY":-4.991926492,"COV644_OVARY":2.082404209,"CW9019_SOFT_TISSUE":-6.144097698,"D283MED_CENTRAL_NERVOUS_SYSTEM":3.267156466,"D341MED_CENTRAL_NERVOUS_SYSTEM":3.836167678,"D425_CENTRAL_NERVOUS_SYSTEM":3.398089255,"D458_CENTRAL_NERVOUS_SYSTEM":0.44072647,"DANG_PANCREAS":2.662810846,"DAOY_CENTRAL_NERVOUS_SYSTEM":2.670895091,"DB_HAEMATOPOIETIC_AND_LYMPHOID_TISSUE":3.518811209,"DEL_HAEMATOPOIETIC_AND_LYMPHOID_TISSUE":-4.979208428,"DETROIT562_UPPER_AERODIGESTIVE_TRACT":-1.033085382,"DKMG_CENTRAL_NERVOUS_SYSTEM":-10.08213555,"DLD1_LARGE_INTESTINE":0.496122384,"DU4475_BREAST":2.165231907,"EFE184_ENDOMETRIUM":4.42930325,"EFM19_BREAST":-1.701824891,"EFO21_OVARY":0.950612003,"EFO27_OVARY":3.388647282,"EJM_HAEMATOPOIETIC_AND_LYMPHOID_TISSUE":0.133344003,"EKVX_LUNG":-1.977748432,"EM2_HAEMATOPOIETIC_AND_LYMPHOID_TISSUE":0.385162505,"EN_ENDOMETRIUM":1.104084713,"EOL1_HAEMATOPOIETIC_AND_LYMPHOID_TISSUE":2.472517887,"EPLC272H_LUNG":3.29694844,"ES2_OVARY":2.947663076,"ESO26_OESOPHAGUS":3.92210929,"ESS1_ENDOMETRIUM":-0.828843166,"EW8_BONE":0.155633755,"EWS502_BONE":1.549334847,"F36P_HAEMATOPOIETIC_AND_LYMPHOID_TISSUE":1.051396208,"F5_CENTRAL_NERVOUS_SYSTEM":2.805690933,"FADU_UPPER_AERODIGESTIVE_TRACT":0.61755701,"FLO1_OESOPHAGUS":-1.066855014,"FU97_STOMACH":3.573657158,"G292CLONEA141B1_BONE":2.737398409,"G402_SOFT_TISSUE":1.910300158,"GAMG_CENTRAL_NERVOUS_SYSTEM":-6.049660489,"GB1_CENTRAL_NERVOUS_SYSTEM":-0.735212385,"GCIY_STOMACH":4.215366914,"GCT_SOFT_TISSUE":0.70866858,"GI1_CENTRAL_NERVOUS_SYSTEM":-0.947354447,"GSS_STOMACH":1.90514607,"GSU_STOMACH":3.803444863,"H103_UPPER_AERODIGESTIVE_TRACT":3.199323476,"H4_CENTRAL_NERVOUS_SYSTEM":2.430608768,"HARA_LUNG":-9.328400127,"HB1119_HAEMATOPOIETIC_AND_LYMPHOID_TISSUE":3.219171239,"HCC1143_BREAST":2.32536285,"HCC1359_LUNG":1.786083705,"HCC1395_BREAST":-0.70899919,"HCC1419_BREAST":2.594371732,"HCC1428_BREAST":1.575961908,"HCC15_LUNG":1.038836929,"HCC1806_BREAST":3.344086618,"HCC1937_BREAST":0.858682537,"HCC1954_BREAST":-5.705989701,"HCC202_BREAST":3.026278308,"HCC2429_LUNG":1.063755024,"HCC2935_LUNG":3.111714405,"HCC366_LUNG":4.273382346,"HCC461_LUNG":0.057956521,"HCC515_LUNG":1.980391737,"HCC56_LARGE_INTESTINE":2.478228539,"HCC827_LUNG":2.998270694,"HCC95_LUNG":-8.59786708,"HDMYZ_HAEMATOPOIETIC_AND_LYMPHOID_TISSUE":-0.613631402,"HEC151_ENDOMETRIUM":0.91114707,"HEC1A_ENDOMETRIUM":3.298756902,"HEC1B_ENDOMETRIUM":1.958135852,"HEC251_ENDOMETRIUM":2.509542009,"HEC265_ENDOMETRIUM":-5.884907662,"HEC50B_ENDOMETRIUM":-7.544067305,"HEC59_ENDOMETRIUM":4.233006776,"HEC6_ENDOMETRIUM":1.817258781,"HEL_HAEMATOPOIETIC_AND_LYMPHOID_TISSUE":3.779095328,"HEL9217_HAEMATOPOIETIC_AND_LYMPHOID_TISSUE":-0.785255139,"HEYA8_OVARY":-1.29287904,"HGC27_STOMACH":3.850367061,"HLF_LIVER":0.998541091,"HMC18_BREAST":3.331967073,"HOP62_LUNG":2.481947789,"HS294T_SKIN":-2.23430423,"HS578T_BREAST":-1.006678995,"HS683_CENTRAL_NERVOUS_SYSTEM":-0.858856701,"HS695T_SKIN":1.880949007,"HS729_SOFT_TISSUE":-4.237117005,"HS746T_STOMACH":-3.880620172,"HS766T_PANCREAS":1.358418092,"HS852T_SKIN":2.773397729,"HS944T_SKIN":0.60551336,"HSB2_HAEMATOPOIETIC_AND_LYMPHOID_TISSUE":-1.008696513,"HSC1_SKIN":-0.393506769,"HSC2_UPPER_AERODIGESTIVE_TRACT":2.90035287,"HSC3_UPPER_AERODIGESTIVE_TRACT":3.559156191,"HT1080_SOFT_TISSUE":0.793823698,"HT115_LARGE_INTESTINE":1.915715693,"HT1197_URINARY_TRACT":3.184802832,"HT1376_URINARY_TRACT":-1.429843677,"HT144_SKIN":3.145197728,"HT29_LARGE_INTESTINE":3.907074617,"HT55_LARGE_INTESTINE":3.713666938,"HUH1_LIVER":-5.663089384,"HUH6_LIVER":-7.218828156,"HUH7_LIVER":-10.68812322,"HUNS1_HAEMATOPOIETIC_AND_LYMPHOID_TISSUE":1.467842742,"HUPT3_PANCREAS":4.258574173,"IALM_LUNG":1.367108831,"IGR1_SKIN":-4.031551342,"IGR39_SKIN":1.139204113,"IMR32_AUTONOMIC_GANGLIA":0.989321101,"INA6_HAEMATOPOIETIC_AND_LYMPHOID_TISSUE":3.942124309,"IPC298_SKIN":-4.103788962,"ISTMES1_PLEURA":2.071115034,"ISTMES2_PLEURA":-6.756068953,"J82_URINARY_TRACT":3.330936485,"JHH1_LIVER":0.516934718,"JHH4_LIVER":1.857516239,"JHH5_LIVER":-2.293546247,"JHH7_LIVER":1.172883069,"JHOC5_OVARY":-1.472604219,"JHOM1_OVARY":-1.016580864,"JHOS2_OVARY":1.797351114,"JHOS4_OVARY":2.124239232,"JHUEM1_ENDOMETRIUM":1.421021501,"JHUEM7_ENDOMETRIUM":3.226093104,"JIMT1_BREAST":1.300263963,"JJN3_HAEMATOPOIETIC_AND_LYMPHOID_TISSUE":3.835065716,"JMSU1_URINARY_TRACT":-1.549032005,"JMURTK2_SOFT_TISSUE":3.8417907,"JOPACA1_PANCREAS":2.444140795,"JR_SOFT_TISSUE":-7.149921169,"K029AX_SKIN":3.701356784,"KALS1_CENTRAL_NERVOUS_SYSTEM":-4.334468476,"KARPAS299_HAEMATOPOIETIC_AND_LYMPHOID_TISSUE":3.603212462,"KARPAS422_HAEMATOPOIETIC_AND_LYMPHOID_TISSUE":1.191857615,"KASUMI1_HAEMATOPOIETIC_AND_LYMPHOID_TISSUE":1.928147865,"KE39_STOMACH":3.889867368,"KE97_HAEMATOPOIETIC_AND_LYMPHOID_TISSUE":-1.601376126,"KELLY_AUTONOMIC_GANGLIA":-2.560133545,"KIJK_HAEMATOPOIETIC_AND_LYMPHOID_TISSUE":-0.141013292,