{"scores":{"127399_SOFT_TISSUE":5.286259175,"143B_BONE":4.50440954,"2313287_STOMACH":1.306789759,"253J_URINARY_TRACT":5.685999413,"42MGBA_CENTRAL_NERVOUS_SYSTEM":2.65462634,"5637_URINARY_TRACT":-1.896769221,"59M_OVARY":3.103308866,"639V_URINARY_TRACT":3.208087595,"647V_URINARY_TRACT":-1.417974627,"697_HAEMATOPOIETIC_AND_LYMPHOID_TISSUE":3.646124075,"769P_KIDNEY":4.614860667,"786O_KIDNEY":2.29082719,"8305C_THYROID":1.529966301,"8MGBA_CENTRAL_NERVOUS_SYSTEM":2.451671846,"A2058_SKIN":3.929063958,"A2780_OVARY":4.193320057,"A3KAW_HAEMATOPOIETIC_AND_LYMPHOID_TISSUE":2.95320076,"A427_LUNG":4.114581275,"A431_SKIN":-1.166138099,"A549_LUNG":1.913581988,"A673_BONE":4.539028494,"ABC1_LUNG":4.916758618,"ACCMESO1_PLEURA":-7.856594625,"AGS_STOMACH":2.624564653,"AML193_HAEMATOPOIETIC_AND_LYMPHOID_TISSUE":4.58399227,"AMO1_HAEMATOPOIETIC_AND_LYMPHOID_TISSUE":4.081066865,"ASPC1_PANCREAS":1.345318291,"AU565_BREAST":4.136527752,"BC3C_URINARY_TRACT":3.537467733,"BFTC905_URINARY_TRACT":-5.335089818,"BFTC909_KIDNEY":3.225881189,"BHY_UPPER_AERODIGESTIVE_TRACT":2.513775993,"BICR16_UPPER_AERODIGESTIVE_TRACT":-0.328905631,"BICR22_UPPER_AERODIGESTIVE_TRACT":-3.689909001,"BICR31_UPPER_AERODIGESTIVE_TRACT":3.839206067,"BICR56_UPPER_AERODIGESTIVE_TRACT":-7.548787518,"BICR6_UPPER_AERODIGESTIVE_TRACT":-1.349324596,"BICR78_UPPER_AERODIGESTIVE_TRACT":-2.175278767,"BIN67_OVARY":4.084056359,"BL70_HAEMATOPOIETIC_AND_LYMPHOID_TISSUE":2.541930733,"BLUE1_HAEMATOPOIETIC_AND_LYMPHOID_TISSUE":4.296048492,"BT12_SOFT_TISSUE":2.420803999,"BT16_SOFT_TISSUE":1.535605712,"BT549_BREAST":-7.657168703,"C2BBE1_LARGE_INTESTINE":3.03277363,"C32_SKIN":4.440849783,"C8166_HAEMATOPOIETIC_AND_LYMPHOID_TISSUE":2.146008598,"CADOES1_BONE":-1.741598272,"CAKI1_KIDNEY":1.911907743,"CAKI2_KIDNEY":4.068884736,"CAL27_UPPER_AERODIGESTIVE_TRACT":-15.63097671,"CAL29_URINARY_TRACT":-4.460118205,"CAL33_UPPER_AERODIGESTIVE_TRACT":0.05310416,"CAL51_BREAST":3.077941812,"CAL78_BONE":4.663062799,"CALU1_LUNG":1.438956868,"CALU6_LUNG":3.216709746,"CAMA1_BREAST":3.429405105,"CAOV3_OVARY":-10.72628587,"CAS1_CENTRAL_NERVOUS_SYSTEM":1.140066989,"CASKI_CERVIX":-0.304563794,"CCFSTTG1_CENTRAL_NERVOUS_SYSTEM":2.539045344,"CCK81_LARGE_INTESTINE":2.139993919,"CCLFPEDS0001T_KIDNEY":3.084325557,"CCLFPEDS0003T_SOFT_TISSUE":5.616147326,"CFPAC1_PANCREAS":4.435112031,"CH157MN_CENTRAL_NERVOUS_SYSTEM":1.961153357,"CHAGOK1_LUNG":4.887064665,"CHLA06ATRT_SOFT_TISSUE":3.105586498,"CHLA15_AUTONOMIC_GANGLIA":1.719404306,"CHLA266_SOFT_TISSUE":1.115684866,"CHP212_AUTONOMIC_GANGLIA":-0.283743322,"CJM_SKIN":-6.89062722,"CL40_LARGE_INTESTINE":4.863736416,"CME1_SOFT_TISSUE":-1.382855755,"CMLT1_HAEMATOPOIETIC_AND_LYMPHOID_TISSUE":-2.639547287,"COGAR359_SOFT_TISSUE":3.759069732,"COGE352_BONE":3.909313692,"COGN278_AUTONOMIC_GANGLIA":-0.34696675,"COGN305_AUTONOMIC_GANGLIA":1.991181602,"COLO201_LARGE_INTESTINE":3.614274837,"COLO678_LARGE_INTESTINE":0.950419783,"COLO679_SKIN":5.352462417,"COLO792_SKIN":2.980286573,"COLO800_SKIN":-5.276776953,"CORL23_LUNG":4.956820305,"CORL279_LUNG":2.544169748,"CORL47_LUNG":3.515443399,"COV318_OVARY":4.536967589,"COV362_OVARY":3.454840512,"COV434_OVARY":3.485500687,"COV504_OVARY":1.314321982,"COV644_OVARY":4.103008506,"CW9019_SOFT_TISSUE":0.264429378,"D283MED_CENTRAL_NERVOUS_SYSTEM":3.825545265,"D341MED_CENTRAL_NERVOUS_SYSTEM":4.857856054,"D425_CENTRAL_NERVOUS_SYSTEM":4.308042901,"D458_CENTRAL_NERVOUS_SYSTEM":5.341392439,"DANG_PANCREAS":-4.334912195,"DAOY_CENTRAL_NERVOUS_SYSTEM":5.131275365,"DB_HAEMATOPOIETIC_AND_LYMPHOID_TISSUE":3.183185797,"DEL_HAEMATOPOIETIC_AND_LYMPHOID_TISSUE":4.01121564,"DETROIT562_UPPER_AERODIGESTIVE_TRACT":3.595845981,"DKMG_CENTRAL_NERVOUS_SYSTEM":4.995865285,"DLD1_LARGE_INTESTINE":1.800966423,"DU4475_BREAST":4.636755461,"EFE184_ENDOMETRIUM":0.687865843,"EFM19_BREAST":2.394428914,"EFO21_OVARY":-15.92359933,"EFO27_OVARY":3.393784006,"EJM_HAEMATOPOIETIC_AND_LYMPHOID_TISSUE":3.627970644,"EKVX_LUNG":4.081835401,"EM2_HAEMATOPOIETIC_AND_LYMPHOID_TISSUE":3.065564098,"EN_ENDOMETRIUM":4.451953052,"EOL1_HAEMATOPOIETIC_AND_LYMPHOID_TISSUE":3.250998506,"EPLC272H_LUNG":5.492743513,"ES2_OVARY":-0.499327686,"ESO26_OESOPHAGUS":2.140967039,"ESS1_ENDOMETRIUM":4.759987959,"EW8_BONE":3.146361976,"EWS502_BONE":4.505389727,"F36P_HAEMATOPOIETIC_AND_LYMPHOID_TISSUE":2.343896782,"F5_CENTRAL_NERVOUS_SYSTEM":2.327487361,"FADU_UPPER_AERODIGESTIVE_TRACT":-7.090837102,"FLO1_OESOPHAGUS":-1.81110097,"FU97_STOMACH":3.235335887,"G292CLONEA141B1_BONE":3.076319161,"G402_SOFT_TISSUE":0.452191139,"GAMG_CENTRAL_NERVOUS_SYSTEM":4.342424435,"GB1_CENTRAL_NERVOUS_SYSTEM":4.253789703,"GCIY_STOMACH":0.318444368,"GCT_SOFT_TISSUE":0.108055724,"GI1_CENTRAL_NERVOUS_SYSTEM":2.633025971,"GSS_STOMACH":4.702177299,"GSU_STOMACH":1.549732582,"H103_UPPER_AERODIGESTIVE_TRACT":-5.981013774,"H4_CENTRAL_NERVOUS_SYSTEM":1.519231812,"HARA_LUNG":4.435926278,"HB1119_HAEMATOPOIETIC_AND_LYMPHOID_TISSUE":5.671689366,"HCC1143_BREAST":3.331186681,"HCC1359_LUNG":-0.073913881,"HCC1395_BREAST":-0.194391744,"HCC1419_BREAST":0.87963961,"HCC1428_BREAST":3.322926517,"HCC15_LUNG":3.941577577,"HCC1806_BREAST":-0.104344792,"HCC1937_BREAST":0.452978913,"HCC1954_BREAST":0.0045133,"HCC202_BREAST":2.11961412,"HCC2429_LUNG":1.980518054,"HCC2935_LUNG":-0.991318722,"HCC366_LUNG":-11.38557472,"HCC461_LUNG":1.256369164,"HCC515_LUNG":4.405896119,"HCC56_LARGE_INTESTINE":3.562054873,"HCC827_LUNG":-3.078222702,"HCC95_LUNG":1.00108398,"HDMYZ_HAEMATOPOIETIC_AND_LYMPHOID_TISSUE":-3.744780028,"HEC151_ENDOMETRIUM":-6.938460373,"HEC1A_ENDOMETRIUM":-3.262512015,"HEC1B_ENDOMETRIUM":-4.598002004,"HEC251_ENDOMETRIUM":2.673034401,"HEC265_ENDOMETRIUM":1.245484679,"HEC50B_ENDOMETRIUM":-1.182445007,"HEC59_ENDOMETRIUM":2.142086706,"HEC6_ENDOMETRIUM":3.030318166,"HEL_HAEMATOPOIETIC_AND_LYMPHOID_TISSUE":0.484450068,"HEL9217_HAEMATOPOIETIC_AND_LYMPHOID_TISSUE":2.487640984,"HEYA8_OVARY":1.371797033,"HGC27_STOMACH":2.777872637,"HLF_LIVER":5.36164745,"HMC18_BREAST":4.133970682,"HOP62_LUNG":2.81388804,"HS294T_SKIN":4.840619444,"HS578T_BREAST":4.061792077,"HS683_CENTRAL_NERVOUS_SYSTEM":3.040231957,"HS695T_SKIN":4.270384799,"HS729_SOFT_TISSUE":3.883682982,"HS746T_STOMACH":0.477747095,"HS766T_PANCREAS":-0.449922159,"HS852T_SKIN":4.502162754,"HS944T_SKIN":1.252704715,"HSB2_HAEMATOPOIETIC_AND_LYMPHOID_TISSUE":3.413220573,"HSC1_SKIN":-1.358075429,"HSC2_UPPER_AERODIGESTIVE_TRACT":3.996704736,"HSC3_UPPER_AERODIGESTIVE_TRACT":3.94803939,"HT1080_SOFT_TISSUE":4.525301036,"HT115_LARGE_INTESTINE":2.878468172,"HT1197_URINARY_TRACT":2.419915336,"HT1376_URINARY_TRACT":2.133679745,"HT144_SKIN":2.983773682,"HT29_LARGE_INTESTINE":-9.002349141,"HT55_LARGE_INTESTINE":3.008242878,"HUH1_LIVER":-1.31732777,"HUH6_LIVER":0.999492274,"HUH7_LIVER":-0.65347072,"HUNS1_HAEMATOPOIETIC_AND_LYMPHOID_TISSUE":4.170776732,"HUPT3_PANCREAS":4.37672157,"IALM_LUNG":-1.840302595,"IGR1_SKIN":2.858541615,"IGR39_SKIN":2.729054299,"IMR32_AUTONOMIC_GANGLIA":3.382778261,"INA6_HAEMATOPOIETIC_AND_LYMPHOID_TISSUE":3.36555612,"IPC298_SKIN":5.498397453,"ISTMES1_PLEURA":3.315479994,"ISTMES2_PLEURA":-8.712889426,"J82_URINARY_TRACT":1.263686898,"JHH1_LIVER":-7.752058555,"JHH4_LIVER":3.948080911,"JHH5_LIVER":1.55550021,"JHH7_LIVER":3.31009653,"JHOC5_OVARY":1.764538168,"JHOM1_OVARY":4.86426615,"JHOS2_OVARY":1.183059786,"JHOS4_OVARY":4.122125888,"JHUEM1_ENDOMETRIUM":4.43249811,"JHUEM7_ENDOMETRIUM":0.093447294,"JIMT1_BREAST":-3.547790333,"JJN3_HAEMATOPOIETIC_AND_LYMPHOID_TISSUE":3.520833653,"JMSU1_URINARY_TRACT":4.607007289,"JMURTK2_SOFT_TISSUE":5.416814042,"JOPACA1_PANCREAS":1.328565561,"JR_SOFT_TISSUE":5.740393994,"K029AX_SKIN":4.327551037,"KALS1_CENTRAL_NERVOUS_SYSTEM":-11.67052463,"KARPAS299_HAEMATOPOIETIC_AND_LYMPHOID_TISSUE":5.066942781,"KARPAS422_HAEMATOPOIETIC_AND_LYMPHOID_TISSUE":4.450597743,"KASUMI1_HAEMATOPOIETIC_AND_LYMPHOID_TISSUE":3.357081289,"KE39_STOMACH":4.23196534,"KE97_HAEMATOPOIETIC_AND_LYMPHOID_TISSUE":3.132477815,"KELLY_AUTONOMIC_GANGLIA":3.653317859,"KIJK_HAEMATOPOIETIC_AND_LYMPHOID_TISSUE":2.856386803,"KLE_ENDOMETRIUM":5.051158558,