{"scores":{"127399_SOFT_TISSUE":0.768408688,"143B_BONE":1.268955079,"2313287_STOMACH":0.618424486,"253J_URINARY_TRACT":1.379615358,"42MGBA_CENTRAL_NERVOUS_SYSTEM":1.216302805,"5637_URINARY_TRACT":0.836760674,"59M_OVARY":1.374243498,"639V_URINARY_TRACT":1.301484101,"647V_URINARY_TRACT":1.261110985,"697_HAEMATOPOIETIC_AND_LYMPHOID_TISSUE":1.211799795,"769P_KIDNEY":1.273655951,"786O_KIDNEY":1.365172271,"8305C_THYROID":-0.003685695,"8MGBA_CENTRAL_NERVOUS_SYSTEM":0.42914918,"A2058_SKIN":1.281679012,"A2780_OVARY":1.315935165,"A3KAW_HAEMATOPOIETIC_AND_LYMPHOID_TISSUE":1.072075457,"A427_LUNG":0.382312998,"A431_SKIN":0.710547873,"A549_LUNG":1.120292387,"A673_BONE":1.369931935,"ABC1_LUNG":1.381674679,"ACCMESO1_PLEURA":-1.800807239,"AGS_STOMACH":-3.098215703,"AML193_HAEMATOPOIETIC_AND_LYMPHOID_TISSUE":1.343139,"AMO1_HAEMATOPOIETIC_AND_LYMPHOID_TISSUE":1.381210881,"ASPC1_PANCREAS":-1.85911098,"AU565_BREAST":1.140543154,"BC3C_URINARY_TRACT":0.438162938,"BFTC905_URINARY_TRACT":-1.139897999,"BFTC909_KIDNEY":1.326833626,"BHY_UPPER_AERODIGESTIVE_TRACT":0.547921782,"BICR16_UPPER_AERODIGESTIVE_TRACT":-1.525544411,"BICR22_UPPER_AERODIGESTIVE_TRACT":0.115054474,"BICR31_UPPER_AERODIGESTIVE_TRACT":1.301730464,"BICR56_UPPER_AERODIGESTIVE_TRACT":-0.136780851,"BICR6_UPPER_AERODIGESTIVE_TRACT":1.247620151,"BICR78_UPPER_AERODIGESTIVE_TRACT":1.037413499,"BIN67_OVARY":1.294723076,"BL70_HAEMATOPOIETIC_AND_LYMPHOID_TISSUE":1.379862034,"BLUE1_HAEMATOPOIETIC_AND_LYMPHOID_TISSUE":0.736618033,"BT12_SOFT_TISSUE":-5.516646596,"BT16_SOFT_TISSUE":-5.09328213,"BT549_BREAST":1.371774906,"C2BBE1_LARGE_INTESTINE":0.911731404,"C32_SKIN":-0.317704637,"C8166_HAEMATOPOIETIC_AND_LYMPHOID_TISSUE":1.297612509,"CADOES1_BONE":1.355468764,"CAKI1_KIDNEY":-2.396895107,"CAKI2_KIDNEY":1.273211809,"CAL27_UPPER_AERODIGESTIVE_TRACT":-0.33305926,"CAL29_URINARY_TRACT":-0.584756504,"CAL33_UPPER_AERODIGESTIVE_TRACT":0.650537278,"CAL51_BREAST":-3.498294114,"CAL78_BONE":1.268845663,"CALU1_LUNG":0.776988891,"CALU6_LUNG":0.669583315,"CAMA1_BREAST":-1.18122947,"CAOV3_OVARY":1.1086027,"CAS1_CENTRAL_NERVOUS_SYSTEM":0.484619592,"CASKI_CERVIX":0.498577929,"CCFSTTG1_CENTRAL_NERVOUS_SYSTEM":0.737480516,"CCK81_LARGE_INTESTINE":1.321266257,"CCLFPEDS0001T_KIDNEY":0.264146886,"CCLFPEDS0003T_SOFT_TISSUE":1.239149502,"CFPAC1_PANCREAS":1.342923426,"CH157MN_CENTRAL_NERVOUS_SYSTEM":1.381603339,"CHAGOK1_LUNG":1.381703081,"CHLA06ATRT_SOFT_TISSUE":1.144121141,"CHLA15_AUTONOMIC_GANGLIA":1.359312221,"CHLA266_SOFT_TISSUE":0.862414927,"CHP212_AUTONOMIC_GANGLIA":0.350201829,"CJM_SKIN":-3.242465377,"CL40_LARGE_INTESTINE":-4.939153392,"CME1_SOFT_TISSUE":0.542928554,"CMLT1_HAEMATOPOIETIC_AND_LYMPHOID_TISSUE":1.361750798,"COGAR359_SOFT_TISSUE":0.594912577,"COGE352_BONE":1.081322707,"COGN278_AUTONOMIC_GANGLIA":1.1339688,"COGN305_AUTONOMIC_GANGLIA":-2.75225478,"COLO201_LARGE_INTESTINE":1.373972212,"COLO678_LARGE_INTESTINE":1.243747939,"COLO679_SKIN":-0.763074474,"COLO792_SKIN":-2.565229497,"COLO800_SKIN":-1.705125478,"CORL23_LUNG":1.381746317,"CORL279_LUNG":1.348444495,"CORL47_LUNG":1.315650391,"COV318_OVARY":0.60494941,"COV362_OVARY":0.044374489,"COV434_OVARY":1.23113542,"COV504_OVARY":1.294851244,"COV644_OVARY":1.234319894,"CW9019_SOFT_TISSUE":1.175601936,"D283MED_CENTRAL_NERVOUS_SYSTEM":-0.370803522,"D341MED_CENTRAL_NERVOUS_SYSTEM":1.117979796,"D425_CENTRAL_NERVOUS_SYSTEM":1.098989065,"D458_CENTRAL_NERVOUS_SYSTEM":1.32901161,"DANG_PANCREAS":1.365230502,"DAOY_CENTRAL_NERVOUS_SYSTEM":-0.055017949,"DB_HAEMATOPOIETIC_AND_LYMPHOID_TISSUE":-1.105703826,"DEL_HAEMATOPOIETIC_AND_LYMPHOID_TISSUE":1.366343917,"DETROIT562_UPPER_AERODIGESTIVE_TRACT":0.226982855,"DKMG_CENTRAL_NERVOUS_SYSTEM":0.349985428,"DLD1_LARGE_INTESTINE":0.885711829,"DU4475_BREAST":1.355880735,"EFE184_ENDOMETRIUM":1.381746317,"EFM19_BREAST":0.937184553,"EFO21_OVARY":-0.30995571,"EFO27_OVARY":0.060134581,"EJM_HAEMATOPOIETIC_AND_LYMPHOID_TISSUE":0.738492964,"EKVX_LUNG":0.682953146,"EM2_HAEMATOPOIETIC_AND_LYMPHOID_TISSUE":1.268869157,"EN_ENDOMETRIUM":0.817095735,"EOL1_HAEMATOPOIETIC_AND_LYMPHOID_TISSUE":1.155425744,"EPLC272H_LUNG":0.494040679,"ES2_OVARY":1.241681824,"ESO26_OESOPHAGUS":1.021520035,"ESS1_ENDOMETRIUM":1.374170532,"EW8_BONE":-1.03816896,"EWS502_BONE":1.374129253,"F36P_HAEMATOPOIETIC_AND_LYMPHOID_TISSUE":1.37664999,"F5_CENTRAL_NERVOUS_SYSTEM":-1.03248676,"FADU_UPPER_AERODIGESTIVE_TRACT":0.332270552,"FLO1_OESOPHAGUS":1.045794119,"FU97_STOMACH":-0.0200968,"G292CLONEA141B1_BONE":-2.781910926,"G402_SOFT_TISSUE":1.379173285,"GAMG_CENTRAL_NERVOUS_SYSTEM":1.276543998,"GB1_CENTRAL_NERVOUS_SYSTEM":-2.53163102,"GCIY_STOMACH":1.116475012,"GCT_SOFT_TISSUE":1.231099278,"GI1_CENTRAL_NERVOUS_SYSTEM":0.59845348,"GSS_STOMACH":0.766062011,"GSU_STOMACH":1.180687306,"H103_UPPER_AERODIGESTIVE_TRACT":-2.782218093,"H4_CENTRAL_NERVOUS_SYSTEM":0.690843763,"HARA_LUNG":1.303114413,"HB1119_HAEMATOPOIETIC_AND_LYMPHOID_TISSUE":1.255545686,"HCC1143_BREAST":0.091005412,"HCC1359_LUNG":0.162837096,"HCC1395_BREAST":0.974424517,"HCC1419_BREAST":-3.622905015,"HCC1428_BREAST":1.200423362,"HCC15_LUNG":1.381146082,"HCC1806_BREAST":0.182737966,"HCC1937_BREAST":1.044923588,"HCC1954_BREAST":1.285170514,"HCC202_BREAST":1.372948726,"HCC2429_LUNG":1.304335506,"HCC2935_LUNG":0.968893057,"HCC366_LUNG":-1.373151031,"HCC461_LUNG":1.381737157,"HCC515_LUNG":-5.736409479,"HCC56_LARGE_INTESTINE":1.379733181,"HCC827_LUNG":0.973584122,"HCC95_LUNG":0.371060216,"HDMYZ_HAEMATOPOIETIC_AND_LYMPHOID_TISSUE":1.331792621,"HEC151_ENDOMETRIUM":0.605171848,"HEC1A_ENDOMETRIUM":-1.523986779,"HEC1B_ENDOMETRIUM":0.155118326,"HEC251_ENDOMETRIUM":0.639966533,"HEC265_ENDOMETRIUM":1.365964116,"HEC50B_ENDOMETRIUM":-0.442664892,"HEC59_ENDOMETRIUM":0.679899492,"HEC6_ENDOMETRIUM":0.365206412,"HEL_HAEMATOPOIETIC_AND_LYMPHOID_TISSUE":0.705020813,"HEL9217_HAEMATOPOIETIC_AND_LYMPHOID_TISSUE":-4.215720505,"HEYA8_OVARY":1.379659332,"HGC27_STOMACH":1.380239096,"HLF_LIVER":1.180068358,"HMC18_BREAST":1.341476642,"HOP62_LUNG":1.178691809,"HS294T_SKIN":1.304842581,"HS578T_BREAST":0.916043336,"HS683_CENTRAL_NERVOUS_SYSTEM":0.402156074,"HS695T_SKIN":0.353392166,"HS729_SOFT_TISSUE":1.381518377,"HS746T_STOMACH":-1.272627651,"HS766T_PANCREAS":1.363092921,"HS852T_SKIN":-0.770847843,"HS944T_SKIN":1.320638728,"HSB2_HAEMATOPOIETIC_AND_LYMPHOID_TISSUE":1.03773091,"HSC1_SKIN":1.031718481,"HSC2_UPPER_AERODIGESTIVE_TRACT":1.321667699,"HSC3_UPPER_AERODIGESTIVE_TRACT":-3.071728222,"HT1080_SOFT_TISSUE":0.871334625,"HT115_LARGE_INTESTINE":0.741364053,"HT1197_URINARY_TRACT":0.96835553,"HT1376_URINARY_TRACT":1.253969324,"HT144_SKIN":1.048986502,"HT29_LARGE_INTESTINE":0.680736742,"HT55_LARGE_INTESTINE":-0.530353161,"HUH1_LIVER":1.30719296,"HUH6_LIVER":-0.058570829,"HUH7_LIVER":-1.51714921,"HUNS1_HAEMATOPOIETIC_AND_LYMPHOID_TISSUE":1.014329894,"HUPT3_PANCREAS":-1.557813283,"IALM_LUNG":0.333821945,"IGR1_SKIN":0.953333233,"IGR39_SKIN":1.354691762,"IMR32_AUTONOMIC_GANGLIA":0.931895903,"INA6_HAEMATOPOIETIC_AND_LYMPHOID_TISSUE":1.35743679,"IPC298_SKIN":1.381517427,"ISTMES1_PLEURA":-0.400776942,"ISTMES2_PLEURA":1.026904325,"J82_URINARY_TRACT":0.201350539,"JHH1_LIVER":1.323374015,"JHH4_LIVER":-0.789017347,"JHH5_LIVER":-0.626009716,"JHH7_LIVER":-4.863179219,"JHOC5_OVARY":1.372262814,"JHOM1_OVARY":-1.768125575,"JHOS2_OVARY":1.332339417,"JHOS4_OVARY":-0.241810378,"JHUEM1_ENDOMETRIUM":1.135303072,"JHUEM7_ENDOMETRIUM":1.067688109,"JIMT1_BREAST":1.219527256,"JJN3_HAEMATOPOIETIC_AND_LYMPHOID_TISSUE":0.795732402,"JMSU1_URINARY_TRACT":1.366104714,"JMURTK2_SOFT_TISSUE":1.364070915,"JOPACA1_PANCREAS":1.28955203,"JR_SOFT_TISSUE":1.328560998,"K029AX_SKIN":1.350899778,"KALS1_CENTRAL_NERVOUS_SYSTEM":0.205686894,"KARPAS299_HAEMATOPOIETIC_AND_LYMPHOID_TISSUE":1.264076143,"KARPAS422_HAEMATOPOIETIC_AND_LYMPHOID_TISSUE":-5.117378275,"KASUMI1_HAEMATOPOIETIC_AND_LYMPHOID_TISSUE":1.373959466,"KE39_STOMACH":-0.244781157,"KE97_HAEMATOPOIETIC_AND_LYMPHOID_TISSUE":-1.220918696,"KELLY_AUTONOMIC_GANGLIA":-0.865063808,"KIJK_HAEMATOPOIETIC_AND_LYMPHOID_TISSUE":1.36577885,"KLE_ENDOMETRIUM":1.368676341,