{"scores":{"127399_SOFT_TISSUE":2.226469111,"143B_BONE":2.351986921,"2313287_STOMACH":2.330839653,"253J_URINARY_TRACT":1.097525942,"42MGBA_CENTRAL_NERVOUS_SYSTEM":2.267334756,"5637_URINARY_TRACT":1.976838478,"59M_OVARY":2.347275802,"639V_URINARY_TRACT":2.152913846,"647V_URINARY_TRACT":0.88577633,"697_HAEMATOPOIETIC_AND_LYMPHOID_TISSUE":1.812666308,"769P_KIDNEY":2.276858538,"786O_KIDNEY":2.147030473,"8305C_THYROID":1.903722012,"8MGBA_CENTRAL_NERVOUS_SYSTEM":1.566356639,"A2058_SKIN":-2.647336796,"A2780_OVARY":2.267873992,"A3KAW_HAEMATOPOIETIC_AND_LYMPHOID_TISSUE":2.165450837,"A427_LUNG":-2.467887788,"A431_SKIN":2.193823477,"A549_LUNG":-1.082832996,"A673_BONE":1.939852844,"ABC1_LUNG":1.512348856,"ACCMESO1_PLEURA":2.085700804,"AGS_STOMACH":2.274588692,"AML193_HAEMATOPOIETIC_AND_LYMPHOID_TISSUE":-0.117240733,"AMO1_HAEMATOPOIETIC_AND_LYMPHOID_TISSUE":-2.516245048,"ASPC1_PANCREAS":0.400137022,"AU565_BREAST":-0.828880626,"BC3C_URINARY_TRACT":0.166774725,"BFTC905_URINARY_TRACT":-0.004918209,"BFTC909_KIDNEY":-0.813359392,"BHY_UPPER_AERODIGESTIVE_TRACT":0.800837989,"BICR16_UPPER_AERODIGESTIVE_TRACT":0.937969721,"BICR22_UPPER_AERODIGESTIVE_TRACT":-0.351207927,"BICR31_UPPER_AERODIGESTIVE_TRACT":0.818309115,"BICR56_UPPER_AERODIGESTIVE_TRACT":-0.532369109,"BICR6_UPPER_AERODIGESTIVE_TRACT":1.171906046,"BICR78_UPPER_AERODIGESTIVE_TRACT":2.372953722,"BIN67_OVARY":2.385853093,"BL70_HAEMATOPOIETIC_AND_LYMPHOID_TISSUE":-1.656474038,"BLUE1_HAEMATOPOIETIC_AND_LYMPHOID_TISSUE":-3.349454741,"BT12_SOFT_TISSUE":-1.977857071,"BT16_SOFT_TISSUE":-5.40666296,"BT549_BREAST":-2.801406485,"C2BBE1_LARGE_INTESTINE":1.790410306,"C32_SKIN":-6.686185831,"C8166_HAEMATOPOIETIC_AND_LYMPHOID_TISSUE":-2.483523334,"CADOES1_BONE":2.389339346,"CAKI1_KIDNEY":2.060109142,"CAKI2_KIDNEY":-0.626505121,"CAL27_UPPER_AERODIGESTIVE_TRACT":0.843587265,"CAL29_URINARY_TRACT":0.774426818,"CAL33_UPPER_AERODIGESTIVE_TRACT":1.115974431,"CAL51_BREAST":-0.486378686,"CAL78_BONE":0.64629945,"CALU1_LUNG":2.32154243,"CALU6_LUNG":1.730320319,"CAMA1_BREAST":2.372041927,"CAOV3_OVARY":0.065873628,"CAS1_CENTRAL_NERVOUS_SYSTEM":0.293512024,"CASKI_CERVIX":1.571028639,"CCFSTTG1_CENTRAL_NERVOUS_SYSTEM":2.388655111,"CCK81_LARGE_INTESTINE":2.194823997,"CCLFPEDS0001T_KIDNEY":-2.338080019,"CCLFPEDS0003T_SOFT_TISSUE":2.025348851,"CFPAC1_PANCREAS":2.379583283,"CH157MN_CENTRAL_NERVOUS_SYSTEM":0.779530262,"CHAGOK1_LUNG":1.37651133,"CHLA06ATRT_SOFT_TISSUE":-5.288013078,"CHLA15_AUTONOMIC_GANGLIA":0.980184461,"CHLA266_SOFT_TISSUE":2.233236906,"CHP212_AUTONOMIC_GANGLIA":1.474671099,"CJM_SKIN":2.366091436,"CL40_LARGE_INTESTINE":-1.82952431,"CME1_SOFT_TISSUE":2.087771089,"CMLT1_HAEMATOPOIETIC_AND_LYMPHOID_TISSUE":-0.088845712,"COGAR359_SOFT_TISSUE":2.33110958,"COGE352_BONE":-0.841498299,"COGN278_AUTONOMIC_GANGLIA":0.759505203,"COGN305_AUTONOMIC_GANGLIA":1.855548437,"COLO201_LARGE_INTESTINE":1.335805992,"COLO678_LARGE_INTESTINE":1.577968831,"COLO679_SKIN":0.599517038,"COLO792_SKIN":1.705659203,"COLO800_SKIN":-2.549867586,"CORL23_LUNG":2.196459003,"CORL279_LUNG":1.449274037,"CORL47_LUNG":-3.060659142,"COV318_OVARY":1.474837818,"COV362_OVARY":-5.607315226,"COV434_OVARY":1.557057917,"COV504_OVARY":1.459892503,"COV644_OVARY":1.969132943,"CW9019_SOFT_TISSUE":0.248210248,"D283MED_CENTRAL_NERVOUS_SYSTEM":1.923550452,"D341MED_CENTRAL_NERVOUS_SYSTEM":2.379345556,"D425_CENTRAL_NERVOUS_SYSTEM":1.494157186,"D458_CENTRAL_NERVOUS_SYSTEM":2.032733108,"DANG_PANCREAS":2.285350504,"DAOY_CENTRAL_NERVOUS_SYSTEM":2.180517108,"DB_HAEMATOPOIETIC_AND_LYMPHOID_TISSUE":1.181659368,"DEL_HAEMATOPOIETIC_AND_LYMPHOID_TISSUE":1.824859964,"DETROIT562_UPPER_AERODIGESTIVE_TRACT":-0.254295595,"DKMG_CENTRAL_NERVOUS_SYSTEM":2.295224474,"DLD1_LARGE_INTESTINE":-0.183094752,"DU4475_BREAST":2.000661033,"EFE184_ENDOMETRIUM":-2.611523328,"EFM19_BREAST":2.02147245,"EFO21_OVARY":1.861786692,"EFO27_OVARY":-5.139430424,"EJM_HAEMATOPOIETIC_AND_LYMPHOID_TISSUE":0.348392464,"EKVX_LUNG":0.796924622,"EM2_HAEMATOPOIETIC_AND_LYMPHOID_TISSUE":-3.974008985,"EN_ENDOMETRIUM":2.220933427,"EOL1_HAEMATOPOIETIC_AND_LYMPHOID_TISSUE":-3.847569851,"EPLC272H_LUNG":2.357066224,"ES2_OVARY":1.942505627,"ESO26_OESOPHAGUS":1.529972398,"ESS1_ENDOMETRIUM":1.878681571,"EW8_BONE":1.198718922,"EWS502_BONE":-0.332957624,"F36P_HAEMATOPOIETIC_AND_LYMPHOID_TISSUE":2.370341701,"F5_CENTRAL_NERVOUS_SYSTEM":-1.118344362,"FADU_UPPER_AERODIGESTIVE_TRACT":-6.567240842,"FLO1_OESOPHAGUS":2.363103775,"FU97_STOMACH":2.31340813,"G292CLONEA141B1_BONE":1.999713788,"G402_SOFT_TISSUE":-0.853765737,"GAMG_CENTRAL_NERVOUS_SYSTEM":1.147313825,"GB1_CENTRAL_NERVOUS_SYSTEM":2.389767888,"GCIY_STOMACH":-0.14946701,"GCT_SOFT_TISSUE":1.400716954,"GI1_CENTRAL_NERVOUS_SYSTEM":0.855672804,"GSS_STOMACH":1.915018008,"GSU_STOMACH":-1.46082252,"H103_UPPER_AERODIGESTIVE_TRACT":-0.932071721,"H4_CENTRAL_NERVOUS_SYSTEM":0.18667575,"HARA_LUNG":-7.221993818,"HB1119_HAEMATOPOIETIC_AND_LYMPHOID_TISSUE":-1.240685028,"HCC1143_BREAST":2.122821581,"HCC1359_LUNG":1.869435788,"HCC1395_BREAST":-2.986954115,"HCC1419_BREAST":0.195021072,"HCC1428_BREAST":-5.784680094,"HCC15_LUNG":2.122021506,"HCC1806_BREAST":2.376879427,"HCC1937_BREAST":1.133936515,"HCC1954_BREAST":-1.023754552,"HCC202_BREAST":1.412000107,"HCC2429_LUNG":1.563371821,"HCC2935_LUNG":2.288852123,"HCC366_LUNG":2.391591485,"HCC461_LUNG":-0.815742508,"HCC515_LUNG":2.142523261,"HCC56_LARGE_INTESTINE":2.344457073,"HCC827_LUNG":0.089794955,"HCC95_LUNG":1.542099775,"HDMYZ_HAEMATOPOIETIC_AND_LYMPHOID_TISSUE":2.117855132,"HEC151_ENDOMETRIUM":2.310954681,"HEC1A_ENDOMETRIUM":1.327308661,"HEC1B_ENDOMETRIUM":2.05209318,"HEC251_ENDOMETRIUM":-0.803822714,"HEC265_ENDOMETRIUM":2.367835361,"HEC50B_ENDOMETRIUM":2.228640274,"HEC59_ENDOMETRIUM":1.646582764,"HEC6_ENDOMETRIUM":1.589980777,"HEL_HAEMATOPOIETIC_AND_LYMPHOID_TISSUE":0.226797659,"HEL9217_HAEMATOPOIETIC_AND_LYMPHOID_TISSUE":-0.711329704,"HEYA8_OVARY":2.33638052,"HGC27_STOMACH":2.367354463,"HLF_LIVER":1.843164144,"HMC18_BREAST":2.173343035,"HOP62_LUNG":1.367243633,"HS294T_SKIN":1.450152367,"HS578T_BREAST":1.985923026,"HS683_CENTRAL_NERVOUS_SYSTEM":1.953934371,"HS695T_SKIN":1.80450145,"HS729_SOFT_TISSUE":1.224475369,"HS746T_STOMACH":1.312648716,"HS766T_PANCREAS":2.331400968,"HS852T_SKIN":1.948177695,"HS944T_SKIN":-0.137911145,"HSB2_HAEMATOPOIETIC_AND_LYMPHOID_TISSUE":0.04894721,"HSC1_SKIN":1.886617163,"HSC2_UPPER_AERODIGESTIVE_TRACT":2.319334792,"HSC3_UPPER_AERODIGESTIVE_TRACT":2.199998586,"HT1080_SOFT_TISSUE":2.313594508,"HT115_LARGE_INTESTINE":1.647095767,"HT1197_URINARY_TRACT":1.639545714,"HT1376_URINARY_TRACT":1.790710985,"HT144_SKIN":-0.692585032,"HT29_LARGE_INTESTINE":1.650147768,"HT55_LARGE_INTESTINE":0.697355557,"HUH1_LIVER":1.497075943,"HUH6_LIVER":1.827127965,"HUH7_LIVER":1.785716233,"HUNS1_HAEMATOPOIETIC_AND_LYMPHOID_TISSUE":-4.478442299,"HUPT3_PANCREAS":2.290362207,"IALM_LUNG":2.391253931,"IGR1_SKIN":-1.288171706,"IGR39_SKIN":1.029297407,"IMR32_AUTONOMIC_GANGLIA":2.389346965,"INA6_HAEMATOPOIETIC_AND_LYMPHOID_TISSUE":-0.784921255,"IPC298_SKIN":0.378359189,"ISTMES1_PLEURA":2.391094608,"ISTMES2_PLEURA":2.278266836,"J82_URINARY_TRACT":1.743048499,"JHH1_LIVER":1.336738985,"JHH4_LIVER":2.391818698,"JHH5_LIVER":-3.062747322,"JHH7_LIVER":-0.984014902,"JHOC5_OVARY":-0.111642485,"JHOM1_OVARY":-20,"JHOS2_OVARY":0.805443611,"JHOS4_OVARY":0.423577996,"JHUEM1_ENDOMETRIUM":1.381911059,"JHUEM7_ENDOMETRIUM":-1.52636413,"JIMT1_BREAST":1.884290329,"JJN3_HAEMATOPOIETIC_AND_LYMPHOID_TISSUE":-0.226780242,"JMSU1_URINARY_TRACT":2.285865557,"JMURTK2_SOFT_TISSUE":1.90898308,"JOPACA1_PANCREAS":0.036899713,"JR_SOFT_TISSUE":2.342353945,"K029AX_SKIN":-4.659600636,"KALS1_CENTRAL_NERVOUS_SYSTEM":1.498276937,"KARPAS299_HAEMATOPOIETIC_AND_LYMPHOID_TISSUE":1.042208726,"KARPAS422_HAEMATOPOIETIC_AND_LYMPHOID_TISSUE":-4.940361145,"KASUMI1_HAEMATOPOIETIC_AND_LYMPHOID_TISSUE":-0.522898333,"KE39_STOMACH":-2.802529307,"KE97_HAEMATOPOIETIC_AND_LYMPHOID_TISSUE":-13.53737201,"KELLY_AUTONOMIC_GANGLIA":0.419114878,"KIJK_HAEMATOPOIETIC_AND_LYMPHOID_TISSUE":0.940312479,"KLE_ENDOMETRIUM":0.923687788,