{"scores":{"127399_SOFT_TISSUE":2.409954943,"143B_BONE":3.515896837,"2313287_STOMACH":3.440167565,"253J_URINARY_TRACT":3.459312493,"42MGBA_CENTRAL_NERVOUS_SYSTEM":3.55459015,"5637_URINARY_TRACT":3.562434681,"59M_OVARY":2.674247103,"639V_URINARY_TRACT":1.72650299,"647V_URINARY_TRACT":3.567801926,"697_HAEMATOPOIETIC_AND_LYMPHOID_TISSUE":3.25372551,"769P_KIDNEY":3.531072445,"786O_KIDNEY":3.565417222,"8305C_THYROID":2.853428638,"8MGBA_CENTRAL_NERVOUS_SYSTEM":1.430815888,"A2058_SKIN":3.525296286,"A2780_OVARY":3.444614677,"A3KAW_HAEMATOPOIETIC_AND_LYMPHOID_TISSUE":3.204499949,"A427_LUNG":3.568982139,"A431_SKIN":3.228932968,"A549_LUNG":3.489570416,"A673_BONE":3.402019896,"ABC1_LUNG":2.697902772,"ACCMESO1_PLEURA":3.568991526,"AGS_STOMACH":3.461197303,"AML193_HAEMATOPOIETIC_AND_LYMPHOID_TISSUE":3.224118004,"AMO1_HAEMATOPOIETIC_AND_LYMPHOID_TISSUE":-20,"ASPC1_PANCREAS":3.315005072,"AU565_BREAST":3.53243267,"BC3C_URINARY_TRACT":2.871956191,"BFTC905_URINARY_TRACT":2.489303639,"BFTC909_KIDNEY":3.557033087,"BHY_UPPER_AERODIGESTIVE_TRACT":2.9896216,"BICR16_UPPER_AERODIGESTIVE_TRACT":2.362271522,"BICR22_UPPER_AERODIGESTIVE_TRACT":2.889429507,"BICR31_UPPER_AERODIGESTIVE_TRACT":3.562649091,"BICR56_UPPER_AERODIGESTIVE_TRACT":3.161314636,"BICR6_UPPER_AERODIGESTIVE_TRACT":3.566795516,"BICR78_UPPER_AERODIGESTIVE_TRACT":2.355271635,"BIN67_OVARY":3.430626443,"BL70_HAEMATOPOIETIC_AND_LYMPHOID_TISSUE":3.566123449,"BLUE1_HAEMATOPOIETIC_AND_LYMPHOID_TISSUE":3.443221238,"BT12_SOFT_TISSUE":3.56840601,"BT16_SOFT_TISSUE":3.569001619,"BT549_BREAST":1.523462961,"C2BBE1_LARGE_INTESTINE":-2.070542895,"C32_SKIN":3.509051419,"C8166_HAEMATOPOIETIC_AND_LYMPHOID_TISSUE":1.588148854,"CADOES1_BONE":3.324044943,"CAKI1_KIDNEY":3.530288644,"CAKI2_KIDNEY":3.383846391,"CAL27_UPPER_AERODIGESTIVE_TRACT":2.336988452,"CAL29_URINARY_TRACT":3.198946809,"CAL33_UPPER_AERODIGESTIVE_TRACT":3.550326883,"CAL51_BREAST":1.785181566,"CAL78_BONE":3.306585177,"CALU1_LUNG":2.866084839,"CALU6_LUNG":3.50712532,"CAMA1_BREAST":3.469844844,"CAOV3_OVARY":3.433301434,"CAS1_CENTRAL_NERVOUS_SYSTEM":3.562297604,"CASKI_CERVIX":3.007551511,"CCFSTTG1_CENTRAL_NERVOUS_SYSTEM":2.987407623,"CCK81_LARGE_INTESTINE":2.794609222,"CCLFPEDS0001T_KIDNEY":3.563103213,"CCLFPEDS0003T_SOFT_TISSUE":2.843252605,"CFPAC1_PANCREAS":3.564722632,"CH157MN_CENTRAL_NERVOUS_SYSTEM":2.604627473,"CHAGOK1_LUNG":3.556336482,"CHLA06ATRT_SOFT_TISSUE":3.149004962,"CHLA15_AUTONOMIC_GANGLIA":3.537010873,"CHLA266_SOFT_TISSUE":-8.989096994,"CHP212_AUTONOMIC_GANGLIA":-5.577620635,"CJM_SKIN":2.465069711,"CL40_LARGE_INTESTINE":3.283325442,"CME1_SOFT_TISSUE":3.555631761,"CMLT1_HAEMATOPOIETIC_AND_LYMPHOID_TISSUE":3.082972842,"COGAR359_SOFT_TISSUE":3.566055341,"COGE352_BONE":3.017485112,"COGN278_AUTONOMIC_GANGLIA":2.740069351,"COGN305_AUTONOMIC_GANGLIA":-12.8335768,"COLO201_LARGE_INTESTINE":3.568985224,"COLO678_LARGE_INTESTINE":1.709145046,"COLO679_SKIN":3.451306159,"COLO792_SKIN":3.558390714,"COLO800_SKIN":3.454741715,"CORL23_LUNG":3.42576731,"CORL279_LUNG":3.545663115,"CORL47_LUNG":3.510241591,"COV318_OVARY":3.568320985,"COV362_OVARY":3.538060491,"COV434_OVARY":3.255410994,"COV504_OVARY":3.005898851,"COV644_OVARY":3.309086995,"CW9019_SOFT_TISSUE":1.444907098,"D283MED_CENTRAL_NERVOUS_SYSTEM":2.905965049,"D341MED_CENTRAL_NERVOUS_SYSTEM":2.461852044,"D425_CENTRAL_NERVOUS_SYSTEM":-12.67815264,"D458_CENTRAL_NERVOUS_SYSTEM":1.623963907,"DANG_PANCREAS":3.535211087,"DAOY_CENTRAL_NERVOUS_SYSTEM":2.820565829,"DB_HAEMATOPOIETIC_AND_LYMPHOID_TISSUE":3.568956312,"DEL_HAEMATOPOIETIC_AND_LYMPHOID_TISSUE":2.93487649,"DETROIT562_UPPER_AERODIGESTIVE_TRACT":0.943473345,"DKMG_CENTRAL_NERVOUS_SYSTEM":3.508017311,"DLD1_LARGE_INTESTINE":3.163951839,"DU4475_BREAST":0.394664848,"EFE184_ENDOMETRIUM":0.07268086,"EFM19_BREAST":3.191282198,"EFO21_OVARY":2.028262099,"EFO27_OVARY":3.559563659,"EJM_HAEMATOPOIETIC_AND_LYMPHOID_TISSUE":-14.0191394,"EKVX_LUNG":3.456054281,"EM2_HAEMATOPOIETIC_AND_LYMPHOID_TISSUE":3.567877743,"EN_ENDOMETRIUM":2.566985182,"EOL1_HAEMATOPOIETIC_AND_LYMPHOID_TISSUE":3.473007981,"EPLC272H_LUNG":3.54011765,"ES2_OVARY":3.486746125,"ESO26_OESOPHAGUS":2.849859988,"ESS1_ENDOMETRIUM":3.458608191,"EW8_BONE":3.52561858,"EWS502_BONE":1.767981353,"F36P_HAEMATOPOIETIC_AND_LYMPHOID_TISSUE":3.485148474,"F5_CENTRAL_NERVOUS_SYSTEM":3.553687557,"FADU_UPPER_AERODIGESTIVE_TRACT":3.561177268,"FLO1_OESOPHAGUS":1.206518439,"FU97_STOMACH":3.490197504,"G292CLONEA141B1_BONE":1.213824334,"G402_SOFT_TISSUE":3.563772836,"GAMG_CENTRAL_NERVOUS_SYSTEM":3.485140831,"GB1_CENTRAL_NERVOUS_SYSTEM":3.447971411,"GCIY_STOMACH":3.532069473,"GCT_SOFT_TISSUE":3.502685686,"GI1_CENTRAL_NERVOUS_SYSTEM":3.432323641,"GSS_STOMACH":3.54048818,"GSU_STOMACH":3.478051206,"H103_UPPER_AERODIGESTIVE_TRACT":3.567488611,"H4_CENTRAL_NERVOUS_SYSTEM":2.584878769,"HARA_LUNG":3.458140538,"HB1119_HAEMATOPOIETIC_AND_LYMPHOID_TISSUE":3.283178387,"HCC1143_BREAST":3.568992736,"HCC1359_LUNG":1.504528374,"HCC1395_BREAST":3.408399009,"HCC1419_BREAST":3.109356561,"HCC1428_BREAST":3.458313239,"HCC15_LUNG":-1.036101856,"HCC1806_BREAST":3.5559631,"HCC1937_BREAST":3.409972923,"HCC1954_BREAST":2.986342069,"HCC202_BREAST":3.522064741,"HCC2429_LUNG":3.499317272,"HCC2935_LUNG":2.163548966,"HCC366_LUNG":2.850291815,"HCC461_LUNG":3.015779715,"HCC515_LUNG":2.465425544,"HCC56_LARGE_INTESTINE":3.492857348,"HCC827_LUNG":3.388410732,"HCC95_LUNG":3.320861622,"HDMYZ_HAEMATOPOIETIC_AND_LYMPHOID_TISSUE":3.561808091,"HEC151_ENDOMETRIUM":2.785247696,"HEC1A_ENDOMETRIUM":2.833129946,"HEC1B_ENDOMETRIUM":3.169292879,"HEC251_ENDOMETRIUM":3.381088797,"HEC265_ENDOMETRIUM":3.457772294,"HEC50B_ENDOMETRIUM":1.73555069,"HEC59_ENDOMETRIUM":3.367497449,"HEC6_ENDOMETRIUM":2.730005981,"HEL_HAEMATOPOIETIC_AND_LYMPHOID_TISSUE":3.566088229,"HEL9217_HAEMATOPOIETIC_AND_LYMPHOID_TISSUE":3.569001619,"HEYA8_OVARY":3.011157863,"HGC27_STOMACH":3.202426749,"HLF_LIVER":2.964616873,"HMC18_BREAST":2.610372148,"HOP62_LUNG":2.014630433,"HS294T_SKIN":3.503333228,"HS578T_BREAST":3.555281659,"HS683_CENTRAL_NERVOUS_SYSTEM":3.556255024,"HS695T_SKIN":3.566681237,"HS729_SOFT_TISSUE":0.27397388,"HS746T_STOMACH":3.452477616,"HS766T_PANCREAS":3.566402446,"HS852T_SKIN":3.30363784,"HS944T_SKIN":3.563791693,"HSB2_HAEMATOPOIETIC_AND_LYMPHOID_TISSUE":3.5549747,"HSC1_SKIN":3.568392194,"HSC2_UPPER_AERODIGESTIVE_TRACT":3.273166718,"HSC3_UPPER_AERODIGESTIVE_TRACT":3.145488333,"HT1080_SOFT_TISSUE":3.547799661,"HT115_LARGE_INTESTINE":2.654135412,"HT1197_URINARY_TRACT":2.626139067,"HT1376_URINARY_TRACT":3.504643702,"HT144_SKIN":3.216761293,"HT29_LARGE_INTESTINE":-5.192258599,"HT55_LARGE_INTESTINE":2.83416608,"HUH1_LIVER":2.486967339,"HUH6_LIVER":3.398485502,"HUH7_LIVER":-1.137763307,"HUNS1_HAEMATOPOIETIC_AND_LYMPHOID_TISSUE":3.479892528,"HUPT3_PANCREAS":3.532311724,"IALM_LUNG":3.568906276,"IGR1_SKIN":3.148129494,"IGR39_SKIN":3.412128831,"IMR32_AUTONOMIC_GANGLIA":2.165013756,"INA6_HAEMATOPOIETIC_AND_LYMPHOID_TISSUE":-14.32216746,"IPC298_SKIN":3.338683888,"ISTMES1_PLEURA":3.555622974,"ISTMES2_PLEURA":3.551787651,"J82_URINARY_TRACT":3.448367412,"JHH1_LIVER":3.549885727,"JHH4_LIVER":3.568415922,"JHH5_LIVER":3.505440589,"JHH7_LIVER":0.056053863,"JHOC5_OVARY":3.541695923,"JHOM1_OVARY":3.499663524,"JHOS2_OVARY":2.982254657,"JHOS4_OVARY":3.552277161,"JHUEM1_ENDOMETRIUM":3.258195846,"JHUEM7_ENDOMETRIUM":3.397803725,"JIMT1_BREAST":3.470033757,"JJN3_HAEMATOPOIETIC_AND_LYMPHOID_TISSUE":3.424747,"JMSU1_URINARY_TRACT":3.118928816,"JMURTK2_SOFT_TISSUE":3.555709136,"JOPACA1_PANCREAS":3.568997745,"JR_SOFT_TISSUE":1.791652379,"K029AX_SKIN":2.846196406,"KALS1_CENTRAL_NERVOUS_SYSTEM":3.525602226,"KARPAS299_HAEMATOPOIETIC_AND_LYMPHOID_TISSUE":3.465524731,"KARPAS422_HAEMATOPOIETIC_AND_LYMPHOID_TISSUE":2.808581877,"KASUMI1_HAEMATOPOIETIC_AND_LYMPHOID_TISSUE":1.836901895,"KE39_STOMACH":-20,"KE97_HAEMATOPOIETIC_AND_LYMPHOID_TISSUE":1.142884117,"KELLY_AUTONOMIC_GANGLIA":3.569001619,"KIJK_HAEMATOPOIETIC_AND_LYMPHOID_TISSUE":3.568795153,"KLE_ENDOMETRIUM":3.559699121,"KM12_LARGE_INTESTINE":1.982278685,"KMBC2_URINARY_TRACT":3.549235633,