{"scores":{"127399_SOFT_TISSUE":1.737146099,"143B_BONE":3.964516906,"2313287_STOMACH":3.695334826,"253J_URINARY_TRACT":3.394879998,"42MGBA_CENTRAL_NERVOUS_SYSTEM":3.440386643,"5637_URINARY_TRACT":2.549818209,"59M_OVARY":3.48663486,"639V_URINARY_TRACT":3.94121375,"647V_URINARY_TRACT":2.974999478,"697_HAEMATOPOIETIC_AND_LYMPHOID_TISSUE":1.034039626,"769P_KIDNEY":3.278623558,"786O_KIDNEY":3.966762807,"8305C_THYROID":3.681514264,"8MGBA_CENTRAL_NERVOUS_SYSTEM":3.425209022,"A2058_SKIN":3.9307323,"A2780_OVARY":2.838020503,"A3KAW_HAEMATOPOIETIC_AND_LYMPHOID_TISSUE":2.692191844,"A427_LUNG":3.92361491,"A431_SKIN":2.312090777,"A549_LUNG":3.450447163,"A673_BONE":3.544427754,"ABC1_LUNG":3.830647853,"ACCMESO1_PLEURA":3.963684234,"AGS_STOMACH":3.588926544,"AML193_HAEMATOPOIETIC_AND_LYMPHOID_TISSUE":3.894539681,"AMO1_HAEMATOPOIETIC_AND_LYMPHOID_TISSUE":3.828812694,"ASPC1_PANCREAS":3.826213071,"AU565_BREAST":3.964959365,"BC3C_URINARY_TRACT":3.965240549,"BFTC905_URINARY_TRACT":3.967330459,"BFTC909_KIDNEY":2.695582321,"BHY_UPPER_AERODIGESTIVE_TRACT":3.932241441,"BICR16_UPPER_AERODIGESTIVE_TRACT":3.100626333,"BICR22_UPPER_AERODIGESTIVE_TRACT":3.320544348,"BICR31_UPPER_AERODIGESTIVE_TRACT":2.850839779,"BICR56_UPPER_AERODIGESTIVE_TRACT":3.447035611,"BICR6_UPPER_AERODIGESTIVE_TRACT":3.958552291,"BICR78_UPPER_AERODIGESTIVE_TRACT":1.687817262,"BIN67_OVARY":3.559743308,"BL70_HAEMATOPOIETIC_AND_LYMPHOID_TISSUE":3.942034261,"BLUE1_HAEMATOPOIETIC_AND_LYMPHOID_TISSUE":3.816925037,"BT12_SOFT_TISSUE":3.319355044,"BT16_SOFT_TISSUE":3.200843782,"BT549_BREAST":3.940565928,"C2BBE1_LARGE_INTESTINE":3.967741571,"C32_SKIN":3.595111341,"C8166_HAEMATOPOIETIC_AND_LYMPHOID_TISSUE":2.560043244,"CADOES1_BONE":2.988995954,"CAKI1_KIDNEY":3.967464851,"CAKI2_KIDNEY":3.91485916,"CAL27_UPPER_AERODIGESTIVE_TRACT":0.635915092,"CAL29_URINARY_TRACT":3.93565209,"CAL33_UPPER_AERODIGESTIVE_TRACT":3.930163443,"CAL51_BREAST":3.965746898,"CAL78_BONE":3.806378329,"CALU1_LUNG":3.749739468,"CALU6_LUNG":3.893314057,"CAMA1_BREAST":3.519048441,"CAOV3_OVARY":2.44142023,"CAS1_CENTRAL_NERVOUS_SYSTEM":3.939678394,"CASKI_CERVIX":3.75718662,"CCFSTTG1_CENTRAL_NERVOUS_SYSTEM":3.926135505,"CCK81_LARGE_INTESTINE":3.867154753,"CCLFPEDS0001T_KIDNEY":3.773126649,"CCLFPEDS0003T_SOFT_TISSUE":2.537884999,"CFPAC1_PANCREAS":3.11126788,"CH157MN_CENTRAL_NERVOUS_SYSTEM":3.462439961,"CHAGOK1_LUNG":3.962829479,"CHLA06ATRT_SOFT_TISSUE":3.895698331,"CHLA15_AUTONOMIC_GANGLIA":-20,"CHLA266_SOFT_TISSUE":3.565336587,"CHP212_AUTONOMIC_GANGLIA":-4.678818339,"CJM_SKIN":2.924012459,"CL40_LARGE_INTESTINE":3.475755266,"CME1_SOFT_TISSUE":3.929030351,"CMLT1_HAEMATOPOIETIC_AND_LYMPHOID_TISSUE":3.669690527,"COGAR359_SOFT_TISSUE":3.55940544,"COGE352_BONE":3.45072663,"COGN278_AUTONOMIC_GANGLIA":-20,"COGN305_AUTONOMIC_GANGLIA":1.48743685,"COLO201_LARGE_INTESTINE":3.830698715,"COLO678_LARGE_INTESTINE":3.960590093,"COLO679_SKIN":0.151154884,"COLO792_SKIN":3.722078613,"COLO800_SKIN":3.967744631,"CORL23_LUNG":1.324153047,"CORL279_LUNG":-0.756924027,"CORL47_LUNG":3.026149911,"COV318_OVARY":3.69605163,"COV362_OVARY":3.868389509,"COV434_OVARY":3.488792553,"COV504_OVARY":3.957516295,"COV644_OVARY":3.918378771,"CW9019_SOFT_TISSUE":3.96774641,"D283MED_CENTRAL_NERVOUS_SYSTEM":3.967763374,"D341MED_CENTRAL_NERVOUS_SYSTEM":3.935192573,"D425_CENTRAL_NERVOUS_SYSTEM":3.805898581,"D458_CENTRAL_NERVOUS_SYSTEM":0.929986452,"DANG_PANCREAS":3.854325322,"DAOY_CENTRAL_NERVOUS_SYSTEM":3.962310399,"DB_HAEMATOPOIETIC_AND_LYMPHOID_TISSUE":3.703252297,"DEL_HAEMATOPOIETIC_AND_LYMPHOID_TISSUE":3.897931454,"DETROIT562_UPPER_AERODIGESTIVE_TRACT":3.553460496,"DKMG_CENTRAL_NERVOUS_SYSTEM":3.401820902,"DLD1_LARGE_INTESTINE":3.818915137,"DU4475_BREAST":3.93097107,"EFE184_ENDOMETRIUM":3.196951575,"EFM19_BREAST":3.235288408,"EFO21_OVARY":3.88952598,"EFO27_OVARY":3.928245212,"EJM_HAEMATOPOIETIC_AND_LYMPHOID_TISSUE":1.195831119,"EKVX_LUNG":3.724782948,"EM2_HAEMATOPOIETIC_AND_LYMPHOID_TISSUE":3.258071859,"EN_ENDOMETRIUM":3.252059024,"EOL1_HAEMATOPOIETIC_AND_LYMPHOID_TISSUE":3.902699583,"EPLC272H_LUNG":3.964195098,"ES2_OVARY":3.274833371,"ESO26_OESOPHAGUS":3.946682692,"ESS1_ENDOMETRIUM":2.838279922,"EW8_BONE":-2.561096058,"EWS502_BONE":2.391012369,"F36P_HAEMATOPOIETIC_AND_LYMPHOID_TISSUE":3.963061483,"F5_CENTRAL_NERVOUS_SYSTEM":3.521696725,"FADU_UPPER_AERODIGESTIVE_TRACT":3.964462134,"FLO1_OESOPHAGUS":3.138000682,"FU97_STOMACH":3.790934493,"G292CLONEA141B1_BONE":2.160064576,"G402_SOFT_TISSUE":2.561845064,"GAMG_CENTRAL_NERVOUS_SYSTEM":3.165194356,"GB1_CENTRAL_NERVOUS_SYSTEM":3.951591749,"GCIY_STOMACH":2.776371055,"GCT_SOFT_TISSUE":3.586341788,"GI1_CENTRAL_NERVOUS_SYSTEM":3.338393271,"GSS_STOMACH":3.920243707,"GSU_STOMACH":3.776128757,"H103_UPPER_AERODIGESTIVE_TRACT":3.327883341,"H4_CENTRAL_NERVOUS_SYSTEM":3.936036514,"HARA_LUNG":3.837032765,"HB1119_HAEMATOPOIETIC_AND_LYMPHOID_TISSUE":3.965266338,"HCC1143_BREAST":3.67994318,"HCC1359_LUNG":3.937749244,"HCC1395_BREAST":3.929101415,"HCC1419_BREAST":3.958079478,"HCC1428_BREAST":3.967718951,"HCC15_LUNG":3.966469709,"HCC1806_BREAST":3.617448268,"HCC1937_BREAST":3.967566444,"HCC1954_BREAST":3.895858972,"HCC202_BREAST":3.691946734,"HCC2429_LUNG":3.824212638,"HCC2935_LUNG":3.967679565,"HCC366_LUNG":1.180849481,"HCC461_LUNG":3.967761031,"HCC515_LUNG":3.951467571,"HCC56_LARGE_INTESTINE":3.705016625,"HCC827_LUNG":3.894214578,"HCC95_LUNG":3.967763374,"HDMYZ_HAEMATOPOIETIC_AND_LYMPHOID_TISSUE":3.466489003,"HEC151_ENDOMETRIUM":3.826136028,"HEC1A_ENDOMETRIUM":3.946164225,"HEC1B_ENDOMETRIUM":3.965528887,"HEC251_ENDOMETRIUM":-0.730741421,"HEC265_ENDOMETRIUM":3.827657204,"HEC50B_ENDOMETRIUM":3.922072622,"HEC59_ENDOMETRIUM":3.965483439,"HEC6_ENDOMETRIUM":3.70377621,"HEL_HAEMATOPOIETIC_AND_LYMPHOID_TISSUE":3.966488771,"HEL9217_HAEMATOPOIETIC_AND_LYMPHOID_TISSUE":2.68869532,"HEYA8_OVARY":3.692609434,"HGC27_STOMACH":3.894468248,"HLF_LIVER":2.449950708,"HMC18_BREAST":3.473257995,"HOP62_LUNG":3.415513062,"HS294T_SKIN":2.30427228,"HS578T_BREAST":3.904807286,"HS683_CENTRAL_NERVOUS_SYSTEM":3.668887862,"HS695T_SKIN":3.946814573,"HS729_SOFT_TISSUE":3.775922312,"HS746T_STOMACH":3.88404436,"HS766T_PANCREAS":3.640442549,"HS852T_SKIN":3.464259534,"HS944T_SKIN":3.790528698,"HSB2_HAEMATOPOIETIC_AND_LYMPHOID_TISSUE":3.967763374,"HSC1_SKIN":3.863328002,"HSC2_UPPER_AERODIGESTIVE_TRACT":3.815266156,"HSC3_UPPER_AERODIGESTIVE_TRACT":3.802199524,"HT1080_SOFT_TISSUE":3.190919651,"HT115_LARGE_INTESTINE":2.504786793,"HT1197_URINARY_TRACT":2.567190685,"HT1376_URINARY_TRACT":2.762160599,"HT144_SKIN":3.58098285,"HT29_LARGE_INTESTINE":3.955956439,"HT55_LARGE_INTESTINE":3.949686621,"HUH1_LIVER":3.826393425,"HUH6_LIVER":3.764513644,"HUH7_LIVER":3.959307883,"HUNS1_HAEMATOPOIETIC_AND_LYMPHOID_TISSUE":3.403462429,"HUPT3_PANCREAS":3.960371148,"IALM_LUNG":3.967763374,"IGR1_SKIN":3.707610351,"IGR39_SKIN":3.129425539,"IMR32_AUTONOMIC_GANGLIA":3.110807223,"INA6_HAEMATOPOIETIC_AND_LYMPHOID_TISSUE":3.694407039,"IPC298_SKIN":3.517684347,"ISTMES1_PLEURA":2.371715318,"ISTMES2_PLEURA":3.159446722,"J82_URINARY_TRACT":3.967661659,"JHH1_LIVER":3.120083736,"JHH4_LIVER":3.444657145,"JHH5_LIVER":3.598438985,"JHH7_LIVER":3.208476264,"JHOC5_OVARY":3.779251876,"JHOM1_OVARY":2.628648138,"JHOS2_OVARY":3.82574422,"JHOS4_OVARY":2.173723169,"JHUEM1_ENDOMETRIUM":-0.283612499,"JHUEM7_ENDOMETRIUM":2.985654131,"JIMT1_BREAST":3.673685156,"JJN3_HAEMATOPOIETIC_AND_LYMPHOID_TISSUE":3.948786435,"JMSU1_URINARY_TRACT":3.849772211,"JMURTK2_SOFT_TISSUE":3.516109763,"JOPACA1_PANCREAS":3.827775012,"JR_SOFT_TISSUE":2.280735186,"K029AX_SKIN":2.14739422,"KALS1_CENTRAL_NERVOUS_SYSTEM":3.931159918,"KARPAS299_HAEMATOPOIETIC_AND_LYMPHOID_TISSUE":3.917547091,"KARPAS422_HAEMATOPOIETIC_AND_LYMPHOID_TISSUE":3.461573772,"KASUMI1_HAEMATOPOIETIC_AND_LYMPHOID_TISSUE":3.759142927,"KE39_STOMACH":3.942927178,"KE97_HAEMATOPOIETIC_AND_LYMPHOID_TISSUE":3.957396515,"KELLY_AUTONOMIC_GANGLIA":-20,"KIJK_HAEMATOPOIETIC_AND_LYMPHOID_TISSUE":3.471281675,"KLE_ENDOMETRIUM":3.700173304,"KM12_LARGE_INTESTINE":3.934918343,"KMBC2_URINARY_TRACT":3.223685758,