{"scores":{"127399_SOFT_TISSUE":0.829358875,"143B_BONE":2.034762768,"2313287_STOMACH":1.620753129,"253J_URINARY_TRACT":0.499222918,"42MGBA_CENTRAL_NERVOUS_SYSTEM":0.931765613,"5637_URINARY_TRACT":1.711541566,"59M_OVARY":2.209409188,"639V_URINARY_TRACT":-2.310306285,"647V_URINARY_TRACT":0.488708148,"697_HAEMATOPOIETIC_AND_LYMPHOID_TISSUE":2.497546606,"769P_KIDNEY":1.002795994,"786O_KIDNEY":1.140743845,"8305C_THYROID":2.287869703,"8MGBA_CENTRAL_NERVOUS_SYSTEM":1.910842332,"A2058_SKIN":2.775874129,"A2780_OVARY":-1.142747986,"A3KAW_HAEMATOPOIETIC_AND_LYMPHOID_TISSUE":2.144271528,"A427_LUNG":1.079834231,"A431_SKIN":2.621825812,"A549_LUNG":-1.704965152,"A673_BONE":2.822323083,"ABC1_LUNG":2.128657298,"ACCMESO1_PLEURA":-0.876233724,"AGS_STOMACH":-3.64406216,"AML193_HAEMATOPOIETIC_AND_LYMPHOID_TISSUE":2.783337113,"AMO1_HAEMATOPOIETIC_AND_LYMPHOID_TISSUE":2.829915856,"ASPC1_PANCREAS":2.868901079,"AU565_BREAST":-8.152341715,"BC3C_URINARY_TRACT":-15.19342263,"BFTC905_URINARY_TRACT":1.667419629,"BFTC909_KIDNEY":2.519431034,"BHY_UPPER_AERODIGESTIVE_TRACT":2.735178838,"BICR16_UPPER_AERODIGESTIVE_TRACT":2.081271235,"BICR22_UPPER_AERODIGESTIVE_TRACT":2.818751423,"BICR31_UPPER_AERODIGESTIVE_TRACT":2.728125337,"BICR56_UPPER_AERODIGESTIVE_TRACT":2.1174437,"BICR6_UPPER_AERODIGESTIVE_TRACT":2.847760072,"BICR78_UPPER_AERODIGESTIVE_TRACT":2.466154017,"BIN67_OVARY":-3.420659425,"BL70_HAEMATOPOIETIC_AND_LYMPHOID_TISSUE":-0.520953971,"BLUE1_HAEMATOPOIETIC_AND_LYMPHOID_TISSUE":2.227521768,"BT12_SOFT_TISSUE":2.3714921,"BT16_SOFT_TISSUE":0.749999823,"BT549_BREAST":1.349806734,"C2BBE1_LARGE_INTESTINE":-8.034142606,"C32_SKIN":2.839880573,"C8166_HAEMATOPOIETIC_AND_LYMPHOID_TISSUE":0.844530877,"CADOES1_BONE":-0.763029104,"CAKI1_KIDNEY":1.771376521,"CAKI2_KIDNEY":1.858140646,"CAL27_UPPER_AERODIGESTIVE_TRACT":2.261546644,"CAL29_URINARY_TRACT":2.629673534,"CAL33_UPPER_AERODIGESTIVE_TRACT":1.132556095,"CAL51_BREAST":1.782848352,"CAL78_BONE":-7.690770941,"CALU1_LUNG":-6.859453288,"CALU6_LUNG":-6.800444971,"CAMA1_BREAST":-2.757087244,"CAOV3_OVARY":0.510945857,"CAS1_CENTRAL_NERVOUS_SYSTEM":-3.232510548,"CASKI_CERVIX":2.878784101,"CCFSTTG1_CENTRAL_NERVOUS_SYSTEM":2.841001764,"CCK81_LARGE_INTESTINE":1.567254014,"CCLFPEDS0001T_KIDNEY":-3.377986321,"CCLFPEDS0003T_SOFT_TISSUE":1.729527505,"CFPAC1_PANCREAS":2.770631036,"CH157MN_CENTRAL_NERVOUS_SYSTEM":-10.14712225,"CHAGOK1_LUNG":1.003104106,"CHLA06ATRT_SOFT_TISSUE":2.644718135,"CHLA15_AUTONOMIC_GANGLIA":1.602433899,"CHLA266_SOFT_TISSUE":-1.601450156,"CHP212_AUTONOMIC_GANGLIA":-0.95051966,"CJM_SKIN":-0.31378428,"CL40_LARGE_INTESTINE":0.374945525,"CME1_SOFT_TISSUE":-0.159371014,"CMLT1_HAEMATOPOIETIC_AND_LYMPHOID_TISSUE":1.460577004,"COGAR359_SOFT_TISSUE":2.634292044,"COGE352_BONE":2.663438743,"COGN278_AUTONOMIC_GANGLIA":1.069128225,"COGN305_AUTONOMIC_GANGLIA":2.811116291,"COLO201_LARGE_INTESTINE":2.45934771,"COLO678_LARGE_INTESTINE":0.862167987,"COLO679_SKIN":2.771275042,"COLO792_SKIN":-3.974009351,"COLO800_SKIN":2.874146608,"CORL23_LUNG":1.798308838,"CORL279_LUNG":0.667941562,"CORL47_LUNG":-0.286219708,"COV318_OVARY":2.464820086,"COV362_OVARY":2.576108783,"COV434_OVARY":2.550535033,"COV504_OVARY":-3.019777744,"COV644_OVARY":2.874622517,"CW9019_SOFT_TISSUE":-4.53355304,"D283MED_CENTRAL_NERVOUS_SYSTEM":2.413888175,"D341MED_CENTRAL_NERVOUS_SYSTEM":2.50603597,"D425_CENTRAL_NERVOUS_SYSTEM":-0.503303417,"D458_CENTRAL_NERVOUS_SYSTEM":2.729850762,"DANG_PANCREAS":0.106615475,"DAOY_CENTRAL_NERVOUS_SYSTEM":-1.540714577,"DB_HAEMATOPOIETIC_AND_LYMPHOID_TISSUE":2.847561775,"DEL_HAEMATOPOIETIC_AND_LYMPHOID_TISSUE":1.962581356,"DETROIT562_UPPER_AERODIGESTIVE_TRACT":2.595750944,"DKMG_CENTRAL_NERVOUS_SYSTEM":-2.126664943,"DLD1_LARGE_INTESTINE":-1.656525477,"DU4475_BREAST":2.612583704,"EFE184_ENDOMETRIUM":1.934841481,"EFM19_BREAST":-13.67329433,"EFO21_OVARY":2.846654642,"EFO27_OVARY":2.365845029,"EJM_HAEMATOPOIETIC_AND_LYMPHOID_TISSUE":2.751883406,"EKVX_LUNG":-1.417621695,"EM2_HAEMATOPOIETIC_AND_LYMPHOID_TISSUE":-2.565881249,"EN_ENDOMETRIUM":-0.551778804,"EOL1_HAEMATOPOIETIC_AND_LYMPHOID_TISSUE":1.928810292,"EPLC272H_LUNG":1.877093764,"ES2_OVARY":2.032937896,"ESO26_OESOPHAGUS":1.383143446,"ESS1_ENDOMETRIUM":-3.618360166,"EW8_BONE":0.639832692,"EWS502_BONE":2.367405085,"F36P_HAEMATOPOIETIC_AND_LYMPHOID_TISSUE":2.81207818,"F5_CENTRAL_NERVOUS_SYSTEM":-5.425976976,"FADU_UPPER_AERODIGESTIVE_TRACT":2.240847047,"FLO1_OESOPHAGUS":-4.261648749,"FU97_STOMACH":-1.184296407,"G292CLONEA141B1_BONE":1.354401819,"G402_SOFT_TISSUE":-0.826334415,"GAMG_CENTRAL_NERVOUS_SYSTEM":-2.752242185,"GB1_CENTRAL_NERVOUS_SYSTEM":0.082378613,"GCIY_STOMACH":1.274987851,"GCT_SOFT_TISSUE":-5.053867404,"GI1_CENTRAL_NERVOUS_SYSTEM":0.194442237,"GSS_STOMACH":2.848908063,"GSU_STOMACH":1.634399243,"H103_UPPER_AERODIGESTIVE_TRACT":2.853149544,"H4_CENTRAL_NERVOUS_SYSTEM":-0.656071994,"HARA_LUNG":2.453580817,"HB1119_HAEMATOPOIETIC_AND_LYMPHOID_TISSUE":2.219188716,"HCC1143_BREAST":2.878940616,"HCC1359_LUNG":1.826172718,"HCC1395_BREAST":2.486039936,"HCC1419_BREAST":0.736991557,"HCC1428_BREAST":-4.206113749,"HCC15_LUNG":-6.921654188,"HCC1806_BREAST":2.720804926,"HCC1937_BREAST":2.546093661,"HCC1954_BREAST":-0.852418556,"HCC202_BREAST":-1.86826295,"HCC2429_LUNG":-2.336766187,"HCC2935_LUNG":-1.160522816,"HCC366_LUNG":2.017157558,"HCC461_LUNG":-4.186100475,"HCC515_LUNG":0.913345511,"HCC56_LARGE_INTESTINE":1.310393489,"HCC827_LUNG":2.454688556,"HCC95_LUNG":1.04983705,"HDMYZ_HAEMATOPOIETIC_AND_LYMPHOID_TISSUE":1.101276264,"HEC151_ENDOMETRIUM":2.630442551,"HEC1A_ENDOMETRIUM":-1.134618292,"HEC1B_ENDOMETRIUM":1.130100545,"HEC251_ENDOMETRIUM":2.787385057,"HEC265_ENDOMETRIUM":2.362629222,"HEC50B_ENDOMETRIUM":0.43870416,"HEC59_ENDOMETRIUM":1.572237675,"HEC6_ENDOMETRIUM":-0.519854621,"HEL_HAEMATOPOIETIC_AND_LYMPHOID_TISSUE":2.839928835,"HEL9217_HAEMATOPOIETIC_AND_LYMPHOID_TISSUE":1.114161291,"HEYA8_OVARY":0.544982863,"HGC27_STOMACH":2.421333764,"HLF_LIVER":-0.667885489,"HMC18_BREAST":0.425960333,"HOP62_LUNG":-3.270849546,"HS294T_SKIN":0.008532654,"HS578T_BREAST":2.219944843,"HS683_CENTRAL_NERVOUS_SYSTEM":-6.812281144,"HS695T_SKIN":-2.688243379,"HS729_SOFT_TISSUE":2.286029372,"HS746T_STOMACH":-1.350434939,"HS766T_PANCREAS":-5.354581225,"HS852T_SKIN":1.086741587,"HS944T_SKIN":2.244999414,"HSB2_HAEMATOPOIETIC_AND_LYMPHOID_TISSUE":-0.4462244,"HSC1_SKIN":0.991474426,"HSC2_UPPER_AERODIGESTIVE_TRACT":2.878243232,"HSC3_UPPER_AERODIGESTIVE_TRACT":2.810560012,"HT1080_SOFT_TISSUE":-6.404326681,"HT115_LARGE_INTESTINE":0.692956125,"HT1197_URINARY_TRACT":1.879527802,"HT1376_URINARY_TRACT":1.410194441,"HT144_SKIN":0.24243511,"HT29_LARGE_INTESTINE":-0.279534127,"HT55_LARGE_INTESTINE":2.052555035,"HUH1_LIVER":2.259296592,"HUH6_LIVER":-2.641554712,"HUH7_LIVER":0.460710251,"HUNS1_HAEMATOPOIETIC_AND_LYMPHOID_TISSUE":1.818728397,"HUPT3_PANCREAS":2.020592117,"IALM_LUNG":-2.198687051,"IGR1_SKIN":1.867829566,"IGR39_SKIN":-0.35296248,"IMR32_AUTONOMIC_GANGLIA":1.973367517,"INA6_HAEMATOPOIETIC_AND_LYMPHOID_TISSUE":2.766999375,"IPC298_SKIN":1.941001822,"ISTMES1_PLEURA":-2.234588466,"ISTMES2_PLEURA":-0.222277276,"J82_URINARY_TRACT":2.559659801,"JHH1_LIVER":1.838376761,"JHH4_LIVER":-0.371248618,"JHH5_LIVER":1.613742191,"JHH7_LIVER":0.835592567,"JHOC5_OVARY":1.650916259,"JHOM1_OVARY":2.878443147,"JHOS2_OVARY":-5.721792179,"JHOS4_OVARY":2.282269954,"JHUEM1_ENDOMETRIUM":1.118135892,"JHUEM7_ENDOMETRIUM":0.582179386,"JIMT1_BREAST":2.353952625,"JJN3_HAEMATOPOIETIC_AND_LYMPHOID_TISSUE":1.83682742,"JMSU1_URINARY_TRACT":2.524640792,"JMURTK2_SOFT_TISSUE":1.870959007,"JOPACA1_PANCREAS":2.592972077,"JR_SOFT_TISSUE":-0.9172149,"K029AX_SKIN":-0.265837452,"KALS1_CENTRAL_NERVOUS_SYSTEM":0.463139874,"KARPAS299_HAEMATOPOIETIC_AND_LYMPHOID_TISSUE":2.800531576,"KARPAS422_HAEMATOPOIETIC_AND_LYMPHOID_TISSUE":1.732622041,"KASUMI1_HAEMATOPOIETIC_AND_LYMPHOID_TISSUE":-0.123086209,"KE39_STOMACH":0.544768262,"KE97_HAEMATOPOIETIC_AND_LYMPHOID_TISSUE":-2.155248793,"KELLY_AUTONOMIC_GANGLIA":1.735690868,"KIJK_HAEMATOPOIETIC_AND_LYMPHOID_TISSUE":2.427973678,