{"scores":{"127399_SOFT_TISSUE":2.915494128,"143B_BONE":-2.494679295,"2313287_STOMACH":3.10319223,"253J_URINARY_TRACT":3.102222199,"42MGBA_CENTRAL_NERVOUS_SYSTEM":1.070287846,"5637_URINARY_TRACT":-8.774984418,"59M_OVARY":2.919710893,"639V_URINARY_TRACT":-0.726321405,"647V_URINARY_TRACT":3.092641732,"697_HAEMATOPOIETIC_AND_LYMPHOID_TISSUE":1.69621952,"769P_KIDNEY":2.702780625,"786O_KIDNEY":3.067322431,"8305C_THYROID":2.272068959,"8MGBA_CENTRAL_NERVOUS_SYSTEM":0.256999682,"A2058_SKIN":2.0148534,"A2780_OVARY":-2.613716957,"A3KAW_HAEMATOPOIETIC_AND_LYMPHOID_TISSUE":3.094228267,"A427_LUNG":2.455026991,"A431_SKIN":3.019098326,"A549_LUNG":2.277989984,"A673_BONE":-2.624118682,"ABC1_LUNG":2.876351353,"ACCMESO1_PLEURA":2.91409409,"AGS_STOMACH":-2.691766396,"AML193_HAEMATOPOIETIC_AND_LYMPHOID_TISSUE":2.364033456,"AMO1_HAEMATOPOIETIC_AND_LYMPHOID_TISSUE":2.486228035,"ASPC1_PANCREAS":2.925890547,"AU565_BREAST":-4.43744595,"BC3C_URINARY_TRACT":2.175124119,"BFTC905_URINARY_TRACT":2.239709556,"BFTC909_KIDNEY":2.552401877,"BHY_UPPER_AERODIGESTIVE_TRACT":2.744549658,"BICR16_UPPER_AERODIGESTIVE_TRACT":-0.269135852,"BICR22_UPPER_AERODIGESTIVE_TRACT":2.6100995,"BICR31_UPPER_AERODIGESTIVE_TRACT":2.180881324,"BICR56_UPPER_AERODIGESTIVE_TRACT":2.34164228,"BICR6_UPPER_AERODIGESTIVE_TRACT":1.913512361,"BICR78_UPPER_AERODIGESTIVE_TRACT":2.931101401,"BIN67_OVARY":1.727950824,"BL70_HAEMATOPOIETIC_AND_LYMPHOID_TISSUE":3.018253963,"BLUE1_HAEMATOPOIETIC_AND_LYMPHOID_TISSUE":2.82907022,"BT12_SOFT_TISSUE":2.959910367,"BT16_SOFT_TISSUE":2.518074184,"BT549_BREAST":2.706028088,"C2BBE1_LARGE_INTESTINE":2.253534207,"C32_SKIN":-1.608846611,"C8166_HAEMATOPOIETIC_AND_LYMPHOID_TISSUE":3.102343162,"CADOES1_BONE":2.752713794,"CAKI1_KIDNEY":2.960340381,"CAKI2_KIDNEY":2.062844281,"CAL27_UPPER_AERODIGESTIVE_TRACT":2.475357992,"CAL29_URINARY_TRACT":1.960289627,"CAL33_UPPER_AERODIGESTIVE_TRACT":3.020181575,"CAL51_BREAST":3.103806067,"CAL78_BONE":1.049074495,"CALU1_LUNG":-1.222322599,"CALU6_LUNG":2.29210861,"CAMA1_BREAST":2.55909338,"CAOV3_OVARY":2.269293711,"CAS1_CENTRAL_NERVOUS_SYSTEM":0.420715156,"CASKI_CERVIX":3.056396189,"CCFSTTG1_CENTRAL_NERVOUS_SYSTEM":1.875875218,"CCK81_LARGE_INTESTINE":3.053841866,"CCLFPEDS0001T_KIDNEY":3.026540988,"CCLFPEDS0003T_SOFT_TISSUE":2.936327022,"CFPAC1_PANCREAS":-4.274792301,"CH157MN_CENTRAL_NERVOUS_SYSTEM":1.600766226,"CHAGOK1_LUNG":2.622243289,"CHLA06ATRT_SOFT_TISSUE":2.942048391,"CHLA15_AUTONOMIC_GANGLIA":3.101226251,"CHLA266_SOFT_TISSUE":1.732186549,"CHP212_AUTONOMIC_GANGLIA":1.607976715,"CJM_SKIN":1.586479592,"CL40_LARGE_INTESTINE":-1.520097233,"CME1_SOFT_TISSUE":1.573410943,"CMLT1_HAEMATOPOIETIC_AND_LYMPHOID_TISSUE":2.911190478,"COGAR359_SOFT_TISSUE":2.87087458,"COGE352_BONE":2.153175857,"COGN278_AUTONOMIC_GANGLIA":1.79258705,"COGN305_AUTONOMIC_GANGLIA":0.264530782,"COLO201_LARGE_INTESTINE":3.045172108,"COLO678_LARGE_INTESTINE":2.960625999,"COLO679_SKIN":-6.855297042,"COLO792_SKIN":-7.374542972,"COLO800_SKIN":0.771306029,"CORL23_LUNG":2.385079858,"CORL279_LUNG":2.418290961,"CORL47_LUNG":0.970751617,"COV318_OVARY":0.98331567,"COV362_OVARY":-3.496551766,"COV434_OVARY":2.16190925,"COV504_OVARY":3.095311726,"COV644_OVARY":2.793416883,"CW9019_SOFT_TISSUE":1.884712003,"D283MED_CENTRAL_NERVOUS_SYSTEM":-3.517423645,"D341MED_CENTRAL_NERVOUS_SYSTEM":0.525671991,"D425_CENTRAL_NERVOUS_SYSTEM":-1.588739047,"D458_CENTRAL_NERVOUS_SYSTEM":-0.619920994,"DANG_PANCREAS":-2.447644235,"DAOY_CENTRAL_NERVOUS_SYSTEM":-0.937447623,"DB_HAEMATOPOIETIC_AND_LYMPHOID_TISSUE":1.958348112,"DEL_HAEMATOPOIETIC_AND_LYMPHOID_TISSUE":0.957944382,"DETROIT562_UPPER_AERODIGESTIVE_TRACT":2.881649641,"DKMG_CENTRAL_NERVOUS_SYSTEM":0.216143147,"DLD1_LARGE_INTESTINE":-0.555893084,"DU4475_BREAST":3.086686645,"EFE184_ENDOMETRIUM":-10.07217519,"EFM19_BREAST":1.639400384,"EFO21_OVARY":2.364667252,"EFO27_OVARY":0.805817193,"EJM_HAEMATOPOIETIC_AND_LYMPHOID_TISSUE":2.697845763,"EKVX_LUNG":1.743274856,"EM2_HAEMATOPOIETIC_AND_LYMPHOID_TISSUE":-0.278237913,"EN_ENDOMETRIUM":3.051954046,"EOL1_HAEMATOPOIETIC_AND_LYMPHOID_TISSUE":-0.169548146,"EPLC272H_LUNG":3.063374522,"ES2_OVARY":-13.92740383,"ESO26_OESOPHAGUS":2.763674905,"ESS1_ENDOMETRIUM":1.512565091,"EW8_BONE":-0.28561623,"EWS502_BONE":2.493437623,"F36P_HAEMATOPOIETIC_AND_LYMPHOID_TISSUE":2.957779917,"F5_CENTRAL_NERVOUS_SYSTEM":2.52159611,"FADU_UPPER_AERODIGESTIVE_TRACT":1.71014578,"FLO1_OESOPHAGUS":-0.797507688,"FU97_STOMACH":2.314305417,"G292CLONEA141B1_BONE":1.867009138,"G402_SOFT_TISSUE":2.978134192,"GAMG_CENTRAL_NERVOUS_SYSTEM":-1.810531644,"GB1_CENTRAL_NERVOUS_SYSTEM":2.881099944,"GCIY_STOMACH":3.094869543,"GCT_SOFT_TISSUE":0.7238291,"GI1_CENTRAL_NERVOUS_SYSTEM":2.687134819,"GSS_STOMACH":2.199993421,"GSU_STOMACH":2.874360036,"H103_UPPER_AERODIGESTIVE_TRACT":-2.748936209,"H4_CENTRAL_NERVOUS_SYSTEM":1.315306421,"HARA_LUNG":-5.502144192,"HB1119_HAEMATOPOIETIC_AND_LYMPHOID_TISSUE":2.043075426,"HCC1143_BREAST":3.08591298,"HCC1359_LUNG":2.565525618,"HCC1395_BREAST":2.94524204,"HCC1419_BREAST":2.310510718,"HCC1428_BREAST":3.049740709,"HCC15_LUNG":0.170060962,"HCC1806_BREAST":3.104427138,"HCC1937_BREAST":2.216847985,"HCC1954_BREAST":3.045033895,"HCC202_BREAST":2.783318867,"HCC2429_LUNG":0.588179065,"HCC2935_LUNG":1.612083445,"HCC366_LUNG":-0.462676268,"HCC461_LUNG":0.097494972,"HCC515_LUNG":1.295576131,"HCC56_LARGE_INTESTINE":2.768407144,"HCC827_LUNG":3.053780184,"HCC95_LUNG":1.790793453,"HDMYZ_HAEMATOPOIETIC_AND_LYMPHOID_TISSUE":2.697694458,"HEC151_ENDOMETRIUM":1.406165612,"HEC1A_ENDOMETRIUM":-1.899692927,"HEC1B_ENDOMETRIUM":2.861781937,"HEC251_ENDOMETRIUM":3.076030547,"HEC265_ENDOMETRIUM":2.9007999,"HEC50B_ENDOMETRIUM":3.03473783,"HEC59_ENDOMETRIUM":2.893911433,"HEC6_ENDOMETRIUM":0.73117352,"HEL_HAEMATOPOIETIC_AND_LYMPHOID_TISSUE":3.041790591,"HEL9217_HAEMATOPOIETIC_AND_LYMPHOID_TISSUE":2.470881639,"HEYA8_OVARY":2.404012151,"HGC27_STOMACH":2.922161963,"HLF_LIVER":3.094676034,"HMC18_BREAST":2.192925937,"HOP62_LUNG":2.891372973,"HS294T_SKIN":-11.65850086,"HS578T_BREAST":0.67662259,"HS683_CENTRAL_NERVOUS_SYSTEM":2.330162107,"HS695T_SKIN":-0.278341,"HS729_SOFT_TISSUE":3.037606869,"HS746T_STOMACH":2.290725175,"HS766T_PANCREAS":1.703602565,"HS852T_SKIN":-1.603782737,"HS944T_SKIN":-2.943143455,"HSB2_HAEMATOPOIETIC_AND_LYMPHOID_TISSUE":2.879239447,"HSC1_SKIN":1.072731799,"HSC2_UPPER_AERODIGESTIVE_TRACT":3.05214135,"HSC3_UPPER_AERODIGESTIVE_TRACT":2.391306602,"HT1080_SOFT_TISSUE":2.603191994,"HT115_LARGE_INTESTINE":-1.307339324,"HT1197_URINARY_TRACT":3.029788457,"HT1376_URINARY_TRACT":2.915119736,"HT144_SKIN":2.528222375,"HT29_LARGE_INTESTINE":3.0734185,"HT55_LARGE_INTESTINE":2.81916773,"HUH1_LIVER":3.083924837,"HUH6_LIVER":3.056571139,"HUH7_LIVER":1.872002069,"HUNS1_HAEMATOPOIETIC_AND_LYMPHOID_TISSUE":2.146416203,"HUPT3_PANCREAS":3.076906104,"IALM_LUNG":2.267151859,"IGR1_SKIN":2.455862157,"IGR39_SKIN":-1.613421041,"IMR32_AUTONOMIC_GANGLIA":1.984827528,"INA6_HAEMATOPOIETIC_AND_LYMPHOID_TISSUE":2.780864701,"IPC298_SKIN":1.709489686,"ISTMES1_PLEURA":1.283308076,"ISTMES2_PLEURA":3.093243541,"J82_URINARY_TRACT":3.066462125,"JHH1_LIVER":2.927156703,"JHH4_LIVER":3.096233843,"JHH5_LIVER":2.506936506,"JHH7_LIVER":2.82249758,"JHOC5_OVARY":3.084036134,"JHOM1_OVARY":3.098746845,"JHOS2_OVARY":2.743885038,"JHOS4_OVARY":0.921617041,"JHUEM1_ENDOMETRIUM":2.394038502,"JHUEM7_ENDOMETRIUM":2.556385399,"JIMT1_BREAST":3.079536342,"JJN3_HAEMATOPOIETIC_AND_LYMPHOID_TISSUE":3.089122433,"JMSU1_URINARY_TRACT":3.028355158,"JMURTK2_SOFT_TISSUE":2.372105129,"JOPACA1_PANCREAS":2.552099031,"JR_SOFT_TISSUE":2.800415552,"K029AX_SKIN":-9.245534819,"KALS1_CENTRAL_NERVOUS_SYSTEM":0.694061123,"KARPAS299_HAEMATOPOIETIC_AND_LYMPHOID_TISSUE":3.044928047,"KARPAS422_HAEMATOPOIETIC_AND_LYMPHOID_TISSUE":1.81104162,"KASUMI1_HAEMATOPOIETIC_AND_LYMPHOID_TISSUE":1.675923197,"KE39_STOMACH":1.229444677,"KE97_HAEMATOPOIETIC_AND_LYMPHOID_TISSUE":2.784796107,"KELLY_AUTONOMIC_GANGLIA":2.813933562,"KIJK_HAEMATOPOIETIC_AND_LYMPHOID_TISSUE":1.515182242,"KLE_ENDOMETRIUM":1.205078557,"KM12_LARGE_INTESTINE":3.101627736,