{"scores":{"127399_SOFT_TISSUE":2.70572023,"143B_BONE":-3.167683527,"2313287_STOMACH":1.456942243,"253J_URINARY_TRACT":-3.047002017,"42MGBA_CENTRAL_NERVOUS_SYSTEM":2.397546945,"5637_URINARY_TRACT":2.941450515,"59M_OVARY":2.412727642,"639V_URINARY_TRACT":1.396309916,"647V_URINARY_TRACT":-5.615778653,"697_HAEMATOPOIETIC_AND_LYMPHOID_TISSUE":-0.775582903,"769P_KIDNEY":3.797126628,"786O_KIDNEY":3.350191538,"8305C_THYROID":1.7694232,"8MGBA_CENTRAL_NERVOUS_SYSTEM":2.689442545,"A2058_SKIN":3.034912547,"A2780_OVARY":3.050639394,"A3KAW_HAEMATOPOIETIC_AND_LYMPHOID_TISSUE":1.037691933,"A427_LUNG":1.461973149,"A431_SKIN":2.269970774,"A549_LUNG":3.72958288,"A673_BONE":4.613894468,"ABC1_LUNG":-0.627166739,"ACCMESO1_PLEURA":2.935499844,"AGS_STOMACH":-0.100350349,"AML193_HAEMATOPOIETIC_AND_LYMPHOID_TISSUE":1.372231041,"AMO1_HAEMATOPOIETIC_AND_LYMPHOID_TISSUE":-4.899333463,"ASPC1_PANCREAS":-0.130733256,"AU565_BREAST":2.790895965,"BC3C_URINARY_TRACT":2.682895574,"BFTC905_URINARY_TRACT":2.583582271,"BFTC909_KIDNEY":1.595142429,"BHY_UPPER_AERODIGESTIVE_TRACT":2.47658518,"BICR16_UPPER_AERODIGESTIVE_TRACT":0.18232844,"BICR22_UPPER_AERODIGESTIVE_TRACT":-3.334632559,"BICR31_UPPER_AERODIGESTIVE_TRACT":1.859726028,"BICR56_UPPER_AERODIGESTIVE_TRACT":1.353245499,"BICR6_UPPER_AERODIGESTIVE_TRACT":0.190373666,"BICR78_UPPER_AERODIGESTIVE_TRACT":2.060844193,"BIN67_OVARY":-4.600754202,"BL70_HAEMATOPOIETIC_AND_LYMPHOID_TISSUE":1.384108595,"BLUE1_HAEMATOPOIETIC_AND_LYMPHOID_TISSUE":-7.982028955,"BT12_SOFT_TISSUE":1.534114324,"BT16_SOFT_TISSUE":0.914772503,"BT549_BREAST":1.405070183,"C2BBE1_LARGE_INTESTINE":2.103768161,"C32_SKIN":-3.523116676,"C8166_HAEMATOPOIETIC_AND_LYMPHOID_TISSUE":0.303584937,"CADOES1_BONE":-1.589456535,"CAKI1_KIDNEY":3.564364929,"CAKI2_KIDNEY":3.590994141,"CAL27_UPPER_AERODIGESTIVE_TRACT":-1.353397093,"CAL29_URINARY_TRACT":0.133648767,"CAL33_UPPER_AERODIGESTIVE_TRACT":2.874881431,"CAL51_BREAST":-2.323127759,"CAL78_BONE":2.3326518,"CALU1_LUNG":3.332093483,"CALU6_LUNG":-4.098191918,"CAMA1_BREAST":3.018907714,"CAOV3_OVARY":2.089531384,"CAS1_CENTRAL_NERVOUS_SYSTEM":1.966848064,"CASKI_CERVIX":0.750638553,"CCFSTTG1_CENTRAL_NERVOUS_SYSTEM":-0.837685616,"CCK81_LARGE_INTESTINE":0.624582828,"CCLFPEDS0001T_KIDNEY":-0.072581583,"CCLFPEDS0003T_SOFT_TISSUE":-0.72204339,"CFPAC1_PANCREAS":-1.766965534,"CH157MN_CENTRAL_NERVOUS_SYSTEM":1.127300963,"CHAGOK1_LUNG":3.282856203,"CHLA06ATRT_SOFT_TISSUE":2.32267474,"CHLA15_AUTONOMIC_GANGLIA":1.847523968,"CHLA266_SOFT_TISSUE":3.887137481,"CHP212_AUTONOMIC_GANGLIA":3.015660158,"CJM_SKIN":2.144983597,"CL40_LARGE_INTESTINE":0.74750732,"CME1_SOFT_TISSUE":4.510849742,"CMLT1_HAEMATOPOIETIC_AND_LYMPHOID_TISSUE":-0.888695091,"COGAR359_SOFT_TISSUE":0.02832621,"COGE352_BONE":-0.434684251,"COGN278_AUTONOMIC_GANGLIA":3.80934794,"COGN305_AUTONOMIC_GANGLIA":3.894260578,"COLO201_LARGE_INTESTINE":-0.788882167,"COLO678_LARGE_INTESTINE":-3.057698338,"COLO679_SKIN":3.477434479,"COLO792_SKIN":-5.095942609,"COLO800_SKIN":0.133035929,"CORL23_LUNG":3.354904797,"CORL279_LUNG":2.199479482,"CORL47_LUNG":2.784052422,"COV318_OVARY":3.013359762,"COV362_OVARY":1.152813773,"COV434_OVARY":1.525995105,"COV504_OVARY":-3.123094721,"COV644_OVARY":0.767016338,"CW9019_SOFT_TISSUE":4.199332653,"D283MED_CENTRAL_NERVOUS_SYSTEM":-2.109871935,"D341MED_CENTRAL_NERVOUS_SYSTEM":3.019229469,"D425_CENTRAL_NERVOUS_SYSTEM":3.443278199,"D458_CENTRAL_NERVOUS_SYSTEM":2.978503557,"DANG_PANCREAS":2.336975863,"DAOY_CENTRAL_NERVOUS_SYSTEM":3.800440845,"DB_HAEMATOPOIETIC_AND_LYMPHOID_TISSUE":0.702636381,"DEL_HAEMATOPOIETIC_AND_LYMPHOID_TISSUE":2.033600259,"DETROIT562_UPPER_AERODIGESTIVE_TRACT":2.113520544,"DKMG_CENTRAL_NERVOUS_SYSTEM":1.840434105,"DLD1_LARGE_INTESTINE":4.564753439,"DU4475_BREAST":2.549956248,"EFE184_ENDOMETRIUM":1.925856912,"EFM19_BREAST":-2.617163631,"EFO21_OVARY":2.216804817,"EFO27_OVARY":-1.958755807,"EJM_HAEMATOPOIETIC_AND_LYMPHOID_TISSUE":-4.192416918,"EKVX_LUNG":1.502169576,"EM2_HAEMATOPOIETIC_AND_LYMPHOID_TISSUE":0.132651362,"EN_ENDOMETRIUM":-8.061313433,"EOL1_HAEMATOPOIETIC_AND_LYMPHOID_TISSUE":0.312030053,"EPLC272H_LUNG":1.94913766,"ES2_OVARY":0.215439322,"ESO26_OESOPHAGUS":3.980949833,"ESS1_ENDOMETRIUM":2.507233103,"EW8_BONE":0.27077494,"EWS502_BONE":2.92496895,"F36P_HAEMATOPOIETIC_AND_LYMPHOID_TISSUE":-7.487309637,"F5_CENTRAL_NERVOUS_SYSTEM":3.779162549,"FADU_UPPER_AERODIGESTIVE_TRACT":2.884431303,"FLO1_OESOPHAGUS":-0.146106327,"FU97_STOMACH":1.221040833,"G292CLONEA141B1_BONE":2.17590136,"G402_SOFT_TISSUE":-2.394592641,"GAMG_CENTRAL_NERVOUS_SYSTEM":3.256750493,"GB1_CENTRAL_NERVOUS_SYSTEM":3.262278818,"GCIY_STOMACH":-5.815782921,"GCT_SOFT_TISSUE":2.45161232,"GI1_CENTRAL_NERVOUS_SYSTEM":4.220222878,"GSS_STOMACH":-5.182201583,"GSU_STOMACH":0.655803599,"H103_UPPER_AERODIGESTIVE_TRACT":0.382245131,"H4_CENTRAL_NERVOUS_SYSTEM":4.433327975,"HARA_LUNG":-3.228102204,"HB1119_HAEMATOPOIETIC_AND_LYMPHOID_TISSUE":1.494414519,"HCC1143_BREAST":4.348521229,"HCC1359_LUNG":2.354713573,"HCC1395_BREAST":1.605674998,"HCC1419_BREAST":-8.189188041,"HCC1428_BREAST":-1.028746894,"HCC15_LUNG":2.867818987,"HCC1806_BREAST":-3.567043061,"HCC1937_BREAST":1.9982594,"HCC1954_BREAST":2.342997534,"HCC202_BREAST":-4.75120993,"HCC2429_LUNG":3.336265856,"HCC2935_LUNG":2.807175237,"HCC366_LUNG":3.836855744,"HCC461_LUNG":-3.283205042,"HCC515_LUNG":-4.287531948,"HCC56_LARGE_INTESTINE":-3.768194775,"HCC827_LUNG":3.687068294,"HCC95_LUNG":2.423036095,"HDMYZ_HAEMATOPOIETIC_AND_LYMPHOID_TISSUE":-0.214418086,"HEC151_ENDOMETRIUM":-1.567274087,"HEC1A_ENDOMETRIUM":1.906864019,"HEC1B_ENDOMETRIUM":-5.87049111,"HEC251_ENDOMETRIUM":0.52893931,"HEC265_ENDOMETRIUM":-0.800954372,"HEC50B_ENDOMETRIUM":-3.999826471,"HEC59_ENDOMETRIUM":-4.523807587,"HEC6_ENDOMETRIUM":1.329899829,"HEL_HAEMATOPOIETIC_AND_LYMPHOID_TISSUE":-4.584281875,"HEL9217_HAEMATOPOIETIC_AND_LYMPHOID_TISSUE":-2.521100018,"HEYA8_OVARY":1.819735862,"HGC27_STOMACH":3.646016232,"HLF_LIVER":3.159888327,"HMC18_BREAST":2.311784778,"HOP62_LUNG":3.405726912,"HS294T_SKIN":1.458497947,"HS578T_BREAST":-0.888479342,"HS683_CENTRAL_NERVOUS_SYSTEM":3.365728107,"HS695T_SKIN":1.582782117,"HS729_SOFT_TISSUE":1.111946387,"HS746T_STOMACH":2.142230284,"HS766T_PANCREAS":1.356983857,"HS852T_SKIN":2.637420632,"HS944T_SKIN":2.584107156,"HSB2_HAEMATOPOIETIC_AND_LYMPHOID_TISSUE":3.992432659,"HSC1_SKIN":1.41353388,"HSC2_UPPER_AERODIGESTIVE_TRACT":2.368271944,"HSC3_UPPER_AERODIGESTIVE_TRACT":2.602317338,"HT1080_SOFT_TISSUE":-6.17262198,"HT115_LARGE_INTESTINE":-0.633698059,"HT1197_URINARY_TRACT":3.170222054,"HT1376_URINARY_TRACT":2.067209793,"HT144_SKIN":0.719056769,"HT29_LARGE_INTESTINE":0.742118739,"HT55_LARGE_INTESTINE":2.820580231,"HUH1_LIVER":3.891598333,"HUH6_LIVER":2.126647416,"HUH7_LIVER":0.307385293,"HUNS1_HAEMATOPOIETIC_AND_LYMPHOID_TISSUE":0.595137758,"HUPT3_PANCREAS":-3.083346646,"IALM_LUNG":-2.440296425,"IGR1_SKIN":3.559142606,"IGR39_SKIN":-0.17296999,"IMR32_AUTONOMIC_GANGLIA":0.841974606,"INA6_HAEMATOPOIETIC_AND_LYMPHOID_TISSUE":0.239088897,"IPC298_SKIN":-4.035117098,"ISTMES1_PLEURA":4.304133619,"ISTMES2_PLEURA":4.384407955,"J82_URINARY_TRACT":-4.321714774,"JHH1_LIVER":-0.171909423,"JHH4_LIVER":-2.168648705,"JHH5_LIVER":2.286752097,"JHH7_LIVER":1.416144218,"JHOC5_OVARY":3.138811125,"JHOM1_OVARY":-0.695063072,"JHOS2_OVARY":2.39147992,"JHOS4_OVARY":-2.717559555,"JHUEM1_ENDOMETRIUM":-2.465998892,"JHUEM7_ENDOMETRIUM":1.521715785,"JIMT1_BREAST":0.466312508,"JJN3_HAEMATOPOIETIC_AND_LYMPHOID_TISSUE":-2.839436552,"JMSU1_URINARY_TRACT":1.785901293,"JMURTK2_SOFT_TISSUE":1.588770048,"JOPACA1_PANCREAS":1.633973033,"JR_SOFT_TISSUE":0.13318426,"K029AX_SKIN":-3.959726925,"KALS1_CENTRAL_NERVOUS_SYSTEM":1.948349738,"KARPAS299_HAEMATOPOIETIC_AND_LYMPHOID_TISSUE":-2.775971845,"KARPAS422_HAEMATOPOIETIC_AND_LYMPHOID_TISSUE":4.616431042,"KASUMI1_HAEMATOPOIETIC_AND_LYMPHOID_TISSUE":-2.095490489,"KE39_STOMACH":2.930346677,"KE97_HAEMATOPOIETIC_AND_LYMPHOID_TISSUE":1.125088616,"KELLY_AUTONOMIC_GANGLIA":3.771142479,"KIJK_HAEMATOPOIETIC_AND_LYMPHOID_TISSUE":2.250220968,"KLE_ENDOMETRIUM":1.481290071,