{"scores":{"127399_SOFT_TISSUE":1.318228734,"143B_BONE":0.670601001,"2313287_STOMACH":1.661098244,"253J_URINARY_TRACT":2.416327004,"42MGBA_CENTRAL_NERVOUS_SYSTEM":2.371347839,"5637_URINARY_TRACT":1.922951072,"59M_OVARY":2.399293055,"639V_URINARY_TRACT":1.854191169,"647V_URINARY_TRACT":-12.16717105,"697_HAEMATOPOIETIC_AND_LYMPHOID_TISSUE":1.791559928,"769P_KIDNEY":2.152034508,"786O_KIDNEY":-1.861341814,"8305C_THYROID":-2.403759187,"8MGBA_CENTRAL_NERVOUS_SYSTEM":-16.41789524,"A2058_SKIN":-9.644513515,"A2780_OVARY":-1.03502988,"A3KAW_HAEMATOPOIETIC_AND_LYMPHOID_TISSUE":0.022753434,"A427_LUNG":2.35265619,"A431_SKIN":2.393090868,"A549_LUNG":2.389390995,"A673_BONE":2.371768486,"ABC1_LUNG":1.848404086,"ACCMESO1_PLEURA":1.864249865,"AGS_STOMACH":2.37020281,"AML193_HAEMATOPOIETIC_AND_LYMPHOID_TISSUE":2.243162997,"AMO1_HAEMATOPOIETIC_AND_LYMPHOID_TISSUE":2.387150868,"ASPC1_PANCREAS":2.384278449,"AU565_BREAST":2.410870543,"BC3C_URINARY_TRACT":2.327694325,"BFTC905_URINARY_TRACT":-0.859455799,"BFTC909_KIDNEY":2.298234929,"BHY_UPPER_AERODIGESTIVE_TRACT":1.573738636,"BICR16_UPPER_AERODIGESTIVE_TRACT":2.150520429,"BICR22_UPPER_AERODIGESTIVE_TRACT":-3.738776453,"BICR31_UPPER_AERODIGESTIVE_TRACT":1.941515685,"BICR56_UPPER_AERODIGESTIVE_TRACT":1.873517681,"BICR6_UPPER_AERODIGESTIVE_TRACT":1.722320385,"BICR78_UPPER_AERODIGESTIVE_TRACT":2.387526474,"BIN67_OVARY":-0.005771685,"BL70_HAEMATOPOIETIC_AND_LYMPHOID_TISSUE":-1.005910768,"BLUE1_HAEMATOPOIETIC_AND_LYMPHOID_TISSUE":2.274145782,"BT12_SOFT_TISSUE":2.056540445,"BT16_SOFT_TISSUE":2.337066773,"BT549_BREAST":0.957162054,"C2BBE1_LARGE_INTESTINE":2.325798665,"C32_SKIN":1.298889736,"C8166_HAEMATOPOIETIC_AND_LYMPHOID_TISSUE":1.200516299,"CADOES1_BONE":2.036499902,"CAKI1_KIDNEY":1.727349871,"CAKI2_KIDNEY":2.4059153,"CAL27_UPPER_AERODIGESTIVE_TRACT":1.836391892,"CAL29_URINARY_TRACT":-1.741896022,"CAL33_UPPER_AERODIGESTIVE_TRACT":2.156319398,"CAL51_BREAST":1.992273261,"CAL78_BONE":1.690248108,"CALU1_LUNG":1.606730094,"CALU6_LUNG":-1.870955267,"CAMA1_BREAST":-20,"CAOV3_OVARY":-0.930360175,"CAS1_CENTRAL_NERVOUS_SYSTEM":1.763773435,"CASKI_CERVIX":0.849102493,"CCFSTTG1_CENTRAL_NERVOUS_SYSTEM":-1.309816528,"CCK81_LARGE_INTESTINE":2.280877142,"CCLFPEDS0001T_KIDNEY":0.885857996,"CCLFPEDS0003T_SOFT_TISSUE":1.870924027,"CFPAC1_PANCREAS":-1.917759686,"CH157MN_CENTRAL_NERVOUS_SYSTEM":-1.20931379,"CHAGOK1_LUNG":2.336516013,"CHLA06ATRT_SOFT_TISSUE":1.475198428,"CHLA15_AUTONOMIC_GANGLIA":1.677826986,"CHLA266_SOFT_TISSUE":2.312631585,"CHP212_AUTONOMIC_GANGLIA":2.353507053,"CJM_SKIN":2.126021307,"CL40_LARGE_INTESTINE":1.981206834,"CME1_SOFT_TISSUE":-0.387534971,"CMLT1_HAEMATOPOIETIC_AND_LYMPHOID_TISSUE":-4.646948074,"COGAR359_SOFT_TISSUE":2.271039659,"COGE352_BONE":2.238772891,"COGN278_AUTONOMIC_GANGLIA":2.354837574,"COGN305_AUTONOMIC_GANGLIA":0.457774262,"COLO201_LARGE_INTESTINE":1.291658279,"COLO678_LARGE_INTESTINE":2.41142596,"COLO679_SKIN":0.33871152,"COLO792_SKIN":1.044165953,"COLO800_SKIN":1.910411938,"CORL23_LUNG":1.771924312,"CORL279_LUNG":2.072651135,"CORL47_LUNG":1.035037704,"COV318_OVARY":1.489727902,"COV362_OVARY":2.415232644,"COV434_OVARY":2.11100274,"COV504_OVARY":0.421615037,"COV644_OVARY":0.510592932,"CW9019_SOFT_TISSUE":2.235733826,"D283MED_CENTRAL_NERVOUS_SYSTEM":2.228644656,"D341MED_CENTRAL_NERVOUS_SYSTEM":2.403639484,"D425_CENTRAL_NERVOUS_SYSTEM":2.374719803,"D458_CENTRAL_NERVOUS_SYSTEM":2.338090923,"DANG_PANCREAS":2.412863383,"DAOY_CENTRAL_NERVOUS_SYSTEM":-6.481140353,"DB_HAEMATOPOIETIC_AND_LYMPHOID_TISSUE":0.159980027,"DEL_HAEMATOPOIETIC_AND_LYMPHOID_TISSUE":-3.417460048,"DETROIT562_UPPER_AERODIGESTIVE_TRACT":2.092241914,"DKMG_CENTRAL_NERVOUS_SYSTEM":1.625305434,"DLD1_LARGE_INTESTINE":2.349389563,"DU4475_BREAST":2.307477227,"EFE184_ENDOMETRIUM":2.414231922,"EFM19_BREAST":-3.44672345,"EFO21_OVARY":-13.5910681,"EFO27_OVARY":-1.259345857,"EJM_HAEMATOPOIETIC_AND_LYMPHOID_TISSUE":0.420664375,"EKVX_LUNG":2.166279002,"EM2_HAEMATOPOIETIC_AND_LYMPHOID_TISSUE":0.735746071,"EN_ENDOMETRIUM":1.903707019,"EOL1_HAEMATOPOIETIC_AND_LYMPHOID_TISSUE":1.46309187,"EPLC272H_LUNG":-20,"ES2_OVARY":1.965289601,"ESO26_OESOPHAGUS":2.414021613,"ESS1_ENDOMETRIUM":-12.19026803,"EW8_BONE":2.409862067,"EWS502_BONE":2.185519113,"F36P_HAEMATOPOIETIC_AND_LYMPHOID_TISSUE":2.130980948,"F5_CENTRAL_NERVOUS_SYSTEM":0.730697843,"FADU_UPPER_AERODIGESTIVE_TRACT":2.130476372,"FLO1_OESOPHAGUS":1.09077822,"FU97_STOMACH":2.365203774,"G292CLONEA141B1_BONE":1.548594255,"G402_SOFT_TISSUE":2.342680397,"GAMG_CENTRAL_NERVOUS_SYSTEM":-2.253506205,"GB1_CENTRAL_NERVOUS_SYSTEM":1.213597893,"GCIY_STOMACH":1.882795054,"GCT_SOFT_TISSUE":-8.291154037,"GI1_CENTRAL_NERVOUS_SYSTEM":2.092896415,"GSS_STOMACH":2.412870081,"GSU_STOMACH":2.416304954,"H103_UPPER_AERODIGESTIVE_TRACT":2.364037353,"H4_CENTRAL_NERVOUS_SYSTEM":-1.134803473,"HARA_LUNG":2.398219063,"HB1119_HAEMATOPOIETIC_AND_LYMPHOID_TISSUE":-9.949787591,"HCC1143_BREAST":2.282216988,"HCC1359_LUNG":1.291750036,"HCC1395_BREAST":-20,"HCC1419_BREAST":1.772489154,"HCC1428_BREAST":2.394728197,"HCC15_LUNG":2.330528138,"HCC1806_BREAST":0.190290233,"HCC1937_BREAST":1.811164301,"HCC1954_BREAST":1.425619068,"HCC202_BREAST":2.301289082,"HCC2429_LUNG":1.264583374,"HCC2935_LUNG":1.604476673,"HCC366_LUNG":-14.01626355,"HCC461_LUNG":-2.297081242,"HCC515_LUNG":2.367054066,"HCC56_LARGE_INTESTINE":-3.349306402,"HCC827_LUNG":2.345614459,"HCC95_LUNG":1.72768874,"HDMYZ_HAEMATOPOIETIC_AND_LYMPHOID_TISSUE":2.002937282,"HEC151_ENDOMETRIUM":-4.799890509,"HEC1A_ENDOMETRIUM":1.966257361,"HEC1B_ENDOMETRIUM":2.028736589,"HEC251_ENDOMETRIUM":1.57346418,"HEC265_ENDOMETRIUM":-14.59349742,"HEC50B_ENDOMETRIUM":2.2046785,"HEC59_ENDOMETRIUM":-0.784388563,"HEC6_ENDOMETRIUM":2.198080608,"HEL_HAEMATOPOIETIC_AND_LYMPHOID_TISSUE":1.10812057,"HEL9217_HAEMATOPOIETIC_AND_LYMPHOID_TISSUE":2.394551468,"HEYA8_OVARY":0.278281959,"HGC27_STOMACH":-0.773606163,"HLF_LIVER":-3.13456854,"HMC18_BREAST":2.213229375,"HOP62_LUNG":-6.23582052,"HS294T_SKIN":-14.51719565,"HS578T_BREAST":2.128847971,"HS683_CENTRAL_NERVOUS_SYSTEM":-0.803680159,"HS695T_SKIN":-6.040180783,"HS729_SOFT_TISSUE":2.010936561,"HS746T_STOMACH":-1.348117309,"HS766T_PANCREAS":1.595650831,"HS852T_SKIN":0.534930724,"HS944T_SKIN":-9.077392831,"HSB2_HAEMATOPOIETIC_AND_LYMPHOID_TISSUE":-4.013370454,"HSC1_SKIN":-7.097643865,"HSC2_UPPER_AERODIGESTIVE_TRACT":2.414571296,"HSC3_UPPER_AERODIGESTIVE_TRACT":-4.600353828,"HT1080_SOFT_TISSUE":-1.566454796,"HT115_LARGE_INTESTINE":0.18938188,"HT1197_URINARY_TRACT":1.473927171,"HT1376_URINARY_TRACT":1.412697197,"HT144_SKIN":-3.868374804,"HT29_LARGE_INTESTINE":2.25553461,"HT55_LARGE_INTESTINE":2.416198264,"HUH1_LIVER":2.366713688,"HUH6_LIVER":1.373904975,"HUH7_LIVER":2.365607215,"HUNS1_HAEMATOPOIETIC_AND_LYMPHOID_TISSUE":0.128914404,"HUPT3_PANCREAS":2.073113374,"IALM_LUNG":-4.941952514,"IGR1_SKIN":1.959690576,"IGR39_SKIN":2.381384361,"IMR32_AUTONOMIC_GANGLIA":2.290007041,"INA6_HAEMATOPOIETIC_AND_LYMPHOID_TISSUE":-2.125818015,"IPC298_SKIN":2.415650496,"ISTMES1_PLEURA":-0.080697372,"ISTMES2_PLEURA":-5.755951033,"J82_URINARY_TRACT":-6.499926109,"JHH1_LIVER":2.104860309,"JHH4_LIVER":2.36679681,"JHH5_LIVER":1.515506492,"JHH7_LIVER":2.40716912,"JHOC5_OVARY":-0.416228112,"JHOM1_OVARY":0.98849955,"JHOS2_OVARY":2.246582358,"JHOS4_OVARY":2.333601798,"JHUEM1_ENDOMETRIUM":2.219786062,"JHUEM7_ENDOMETRIUM":1.943474836,"JIMT1_BREAST":2.395303134,"JJN3_HAEMATOPOIETIC_AND_LYMPHOID_TISSUE":2.266128736,"JMSU1_URINARY_TRACT":-7.09114931,"JMURTK2_SOFT_TISSUE":2.386038241,"JOPACA1_PANCREAS":0.95072374,"JR_SOFT_TISSUE":1.953818665,"K029AX_SKIN":1.99005037,"KALS1_CENTRAL_NERVOUS_SYSTEM":-0.734802129,"KARPAS299_HAEMATOPOIETIC_AND_LYMPHOID_TISSUE":-6.067592507,"KARPAS422_HAEMATOPOIETIC_AND_LYMPHOID_TISSUE":1.967688093,"KASUMI1_HAEMATOPOIETIC_AND_LYMPHOID_TISSUE":1.940987007,"KE39_STOMACH":1.920101889,"KE97_HAEMATOPOIETIC_AND_LYMPHOID_TISSUE":-11.43828073,"KELLY_AUTONOMIC_GANGLIA":2.344700728,"KIJK_HAEMATOPOIETIC_AND_LYMPHOID_TISSUE":1.425563385,"KLE_ENDOMETRIUM":0.296757949,"KM12_LARGE_INTESTINE":2.152617526,