{"scores":{"127399_SOFT_TISSUE":6.030026799,"143B_BONE":4.231246735,"2313287_STOMACH":-7.12677527,"253J_URINARY_TRACT":-17.20553055,"42MGBA_CENTRAL_NERVOUS_SYSTEM":4.851829345,"5637_URINARY_TRACT":5.999015952,"59M_OVARY":3.681346774,"639V_URINARY_TRACT":4.532226033,"647V_URINARY_TRACT":4.716321623,"697_HAEMATOPOIETIC_AND_LYMPHOID_TISSUE":-12.11271814,"769P_KIDNEY":-7.399522256,"786O_KIDNEY":-7.982043557,"8305C_THYROID":3.398711852,"8MGBA_CENTRAL_NERVOUS_SYSTEM":2.733446365,"A2058_SKIN":4.662810512,"A2780_OVARY":-1.194107321,"A3KAW_HAEMATOPOIETIC_AND_LYMPHOID_TISSUE":-3.506274274,"A427_LUNG":-4.212328288,"A431_SKIN":5.151423401,"A549_LUNG":-7.205724913,"A673_BONE":0.924128404,"ABC1_LUNG":5.046787875,"ACCMESO1_PLEURA":2.487191351,"AGS_STOMACH":-9.952812481,"AML193_HAEMATOPOIETIC_AND_LYMPHOID_TISSUE":4.844429721,"AMO1_HAEMATOPOIETIC_AND_LYMPHOID_TISSUE":-20,"ASPC1_PANCREAS":3.251039513,"AU565_BREAST":3.570017964,"BC3C_URINARY_TRACT":3.833496907,"BFTC905_URINARY_TRACT":5.038190491,"BFTC909_KIDNEY":4.08017128,"BHY_UPPER_AERODIGESTIVE_TRACT":4.235095616,"BICR16_UPPER_AERODIGESTIVE_TRACT":6.270659944,"BICR22_UPPER_AERODIGESTIVE_TRACT":5.352431978,"BICR31_UPPER_AERODIGESTIVE_TRACT":5.243673767,"BICR56_UPPER_AERODIGESTIVE_TRACT":4.90283929,"BICR6_UPPER_AERODIGESTIVE_TRACT":6.144180287,"BICR78_UPPER_AERODIGESTIVE_TRACT":6.148391233,"BIN67_OVARY":-8.408455584,"BL70_HAEMATOPOIETIC_AND_LYMPHOID_TISSUE":5.125564579,"BLUE1_HAEMATOPOIETIC_AND_LYMPHOID_TISSUE":5.908740046,"BT12_SOFT_TISSUE":5.088587254,"BT16_SOFT_TISSUE":1.165246949,"BT549_BREAST":4.445594049,"C2BBE1_LARGE_INTESTINE":5.414293584,"C32_SKIN":-20,"C8166_HAEMATOPOIETIC_AND_LYMPHOID_TISSUE":0.455001387,"CADOES1_BONE":-6.087648331,"CAKI1_KIDNEY":-14.36057947,"CAKI2_KIDNEY":-16.62302265,"CAL27_UPPER_AERODIGESTIVE_TRACT":5.692057156,"CAL29_URINARY_TRACT":4.764739087,"CAL33_UPPER_AERODIGESTIVE_TRACT":5.704565861,"CAL51_BREAST":-6.344319695,"CAL78_BONE":2.103864662,"CALU1_LUNG":3.712752879,"CALU6_LUNG":3.337533421,"CAMA1_BREAST":4.555106384,"CAOV3_OVARY":6.239566854,"CAS1_CENTRAL_NERVOUS_SYSTEM":2.889799701,"CASKI_CERVIX":5.010338198,"CCFSTTG1_CENTRAL_NERVOUS_SYSTEM":0.185016017,"CCK81_LARGE_INTESTINE":1.641948796,"CCLFPEDS0001T_KIDNEY":5.569521734,"CCLFPEDS0003T_SOFT_TISSUE":-10.39613851,"CFPAC1_PANCREAS":4.446271487,"CH157MN_CENTRAL_NERVOUS_SYSTEM":5.352439705,"CHAGOK1_LUNG":4.66180021,"CHLA06ATRT_SOFT_TISSUE":4.325701631,"CHLA15_AUTONOMIC_GANGLIA":-2.815785782,"CHLA266_SOFT_TISSUE":-7.285893875,"CHP212_AUTONOMIC_GANGLIA":-6.387911632,"CJM_SKIN":5.052977191,"CL40_LARGE_INTESTINE":4.595225097,"CME1_SOFT_TISSUE":5.809449121,"CMLT1_HAEMATOPOIETIC_AND_LYMPHOID_TISSUE":0.900482254,"COGAR359_SOFT_TISSUE":-12.96617985,"COGE352_BONE":4.788415918,"COGN278_AUTONOMIC_GANGLIA":-2.862660611,"COGN305_AUTONOMIC_GANGLIA":-1.427187948,"COLO201_LARGE_INTESTINE":5.142866371,"COLO678_LARGE_INTESTINE":-10.65085543,"COLO679_SKIN":-14.71751979,"COLO792_SKIN":-19.07243167,"COLO800_SKIN":5.645527072,"CORL23_LUNG":4.950906679,"CORL279_LUNG":4.896516844,"CORL47_LUNG":6.126360569,"COV318_OVARY":5.292667728,"COV362_OVARY":4.402506626,"COV434_OVARY":-4.998229282,"COV504_OVARY":4.771301274,"COV644_OVARY":1.841014366,"CW9019_SOFT_TISSUE":-19.71880295,"D283MED_CENTRAL_NERVOUS_SYSTEM":5.596140265,"D341MED_CENTRAL_NERVOUS_SYSTEM":-11.30967549,"D425_CENTRAL_NERVOUS_SYSTEM":3.706577978,"D458_CENTRAL_NERVOUS_SYSTEM":-6.888414105,"DANG_PANCREAS":4.435153345,"DAOY_CENTRAL_NERVOUS_SYSTEM":4.655347551,"DB_HAEMATOPOIETIC_AND_LYMPHOID_TISSUE":4.134663469,"DEL_HAEMATOPOIETIC_AND_LYMPHOID_TISSUE":5.266059772,"DETROIT562_UPPER_AERODIGESTIVE_TRACT":5.076164768,"DKMG_CENTRAL_NERVOUS_SYSTEM":-7.135057612,"DLD1_LARGE_INTESTINE":5.063568583,"DU4475_BREAST":1.983536964,"EFE184_ENDOMETRIUM":6.271511096,"EFM19_BREAST":4.82911813,"EFO21_OVARY":3.240875221,"EFO27_OVARY":6.23233748,"EJM_HAEMATOPOIETIC_AND_LYMPHOID_TISSUE":5.992705716,"EKVX_LUNG":4.642635179,"EM2_HAEMATOPOIETIC_AND_LYMPHOID_TISSUE":6.019676715,"EN_ENDOMETRIUM":6.237680508,"EOL1_HAEMATOPOIETIC_AND_LYMPHOID_TISSUE":-15.6385649,"EPLC272H_LUNG":5.19353967,"ES2_OVARY":3.665780033,"ESO26_OESOPHAGUS":4.836659986,"ESS1_ENDOMETRIUM":5.526880362,"EW8_BONE":5.188998515,"EWS502_BONE":5.628579417,"F36P_HAEMATOPOIETIC_AND_LYMPHOID_TISSUE":6.287511148,"F5_CENTRAL_NERVOUS_SYSTEM":-10.6799114,"FADU_UPPER_AERODIGESTIVE_TRACT":5.321880799,"FLO1_OESOPHAGUS":5.683697515,"FU97_STOMACH":5.717480778,"G292CLONEA141B1_BONE":3.101633604,"G402_SOFT_TISSUE":-3.995662375,"GAMG_CENTRAL_NERVOUS_SYSTEM":3.557625401,"GB1_CENTRAL_NERVOUS_SYSTEM":5.250649664,"GCIY_STOMACH":6.114614142,"GCT_SOFT_TISSUE":5.715227044,"GI1_CENTRAL_NERVOUS_SYSTEM":4.895877348,"GSS_STOMACH":6.123816556,"GSU_STOMACH":-13.71268724,"H103_UPPER_AERODIGESTIVE_TRACT":5.320853447,"H4_CENTRAL_NERVOUS_SYSTEM":-5.759412585,"HARA_LUNG":5.865412504,"HB1119_HAEMATOPOIETIC_AND_LYMPHOID_TISSUE":4.120572346,"HCC1143_BREAST":5.323189362,"HCC1359_LUNG":3.054111779,"HCC1395_BREAST":4.223877274,"HCC1419_BREAST":4.48816875,"HCC1428_BREAST":4.478126975,"HCC15_LUNG":6.274374525,"HCC1806_BREAST":4.620309105,"HCC1937_BREAST":3.759816365,"HCC1954_BREAST":3.418132232,"HCC202_BREAST":5.379645017,"HCC2429_LUNG":4.047898611,"HCC2935_LUNG":6.113517497,"HCC366_LUNG":5.297103235,"HCC461_LUNG":4.290038112,"HCC515_LUNG":6.056130689,"HCC56_LARGE_INTESTINE":3.291451543,"HCC827_LUNG":5.583743953,"HCC95_LUNG":5.736111437,"HDMYZ_HAEMATOPOIETIC_AND_LYMPHOID_TISSUE":5.889907242,"HEC151_ENDOMETRIUM":-5.392104122,"HEC1A_ENDOMETRIUM":5.319766845,"HEC1B_ENDOMETRIUM":4.315971621,"HEC251_ENDOMETRIUM":5.82352143,"HEC265_ENDOMETRIUM":-7.170957458,"HEC50B_ENDOMETRIUM":6.118348139,"HEC59_ENDOMETRIUM":6.213965089,"HEC6_ENDOMETRIUM":-1.483174847,"HEL_HAEMATOPOIETIC_AND_LYMPHOID_TISSUE":5.771005947,"HEL9217_HAEMATOPOIETIC_AND_LYMPHOID_TISSUE":4.046733495,"HEYA8_OVARY":-13.34580088,"HGC27_STOMACH":5.72567923,"HLF_LIVER":5.599789939,"HMC18_BREAST":4.883833511,"HOP62_LUNG":5.041714397,"HS294T_SKIN":-18.5615459,"HS578T_BREAST":0.495736952,"HS683_CENTRAL_NERVOUS_SYSTEM":3.444059371,"HS695T_SKIN":-4.828535948,"HS729_SOFT_TISSUE":1.063616095,"HS746T_STOMACH":2.197057947,"HS766T_PANCREAS":4.52596048,"HS852T_SKIN":-20,"HS944T_SKIN":3.113592686,"HSB2_HAEMATOPOIETIC_AND_LYMPHOID_TISSUE":5.630693995,"HSC1_SKIN":5.404434813,"HSC2_UPPER_AERODIGESTIVE_TRACT":3.425364821,"HSC3_UPPER_AERODIGESTIVE_TRACT":6.061004202,"HT1080_SOFT_TISSUE":-10.35604802,"HT115_LARGE_INTESTINE":6.072209281,"HT1197_URINARY_TRACT":-8.231930332,"HT1376_URINARY_TRACT":4.546920569,"HT144_SKIN":-1.265870917,"HT29_LARGE_INTESTINE":5.256383068,"HT55_LARGE_INTESTINE":5.048964509,"HUH1_LIVER":4.70987455,"HUH6_LIVER":3.842097873,"HUH7_LIVER":4.333241585,"HUNS1_HAEMATOPOIETIC_AND_LYMPHOID_TISSUE":-10.83175052,"HUPT3_PANCREAS":5.230950586,"IALM_LUNG":5.627591812,"IGR1_SKIN":-5.666204376,"IGR39_SKIN":2.345421498,"IMR32_AUTONOMIC_GANGLIA":2.004310542,"INA6_HAEMATOPOIETIC_AND_LYMPHOID_TISSUE":6.289700231,"IPC298_SKIN":2.117898057,"ISTMES1_PLEURA":-7.703266295,"ISTMES2_PLEURA":5.140717862,"J82_URINARY_TRACT":0.922906334,"JHH1_LIVER":-20,"JHH4_LIVER":4.941961083,"JHH5_LIVER":4.499599345,"JHH7_LIVER":5.115863133,"JHOC5_OVARY":-4.953949587,"JHOM1_OVARY":2.765605613,"JHOS2_OVARY":4.33968875,"JHOS4_OVARY":3.420133672,"JHUEM1_ENDOMETRIUM":5.377246991,"JHUEM7_ENDOMETRIUM":-9.752395491,"JIMT1_BREAST":4.675663572,"JJN3_HAEMATOPOIETIC_AND_LYMPHOID_TISSUE":5.564391762,"JMSU1_URINARY_TRACT":4.800104004,"JMURTK2_SOFT_TISSUE":-11.37299327,"JOPACA1_PANCREAS":3.839675688,"JR_SOFT_TISSUE":-20,"K029AX_SKIN":-16.6913191,"KALS1_CENTRAL_NERVOUS_SYSTEM":3.030921505,"KARPAS299_HAEMATOPOIETIC_AND_LYMPHOID_TISSUE":4.082772834,"KARPAS422_HAEMATOPOIETIC_AND_LYMPHOID_TISSUE":6.261634845,"KASUMI1_HAEMATOPOIETIC_AND_LYMPHOID_TISSUE":4.646002014,"KE39_STOMACH":5.248983355,"KE97_HAEMATOPOIETIC_AND_LYMPHOID_TISSUE":3.825299187,"KELLY_AUTONOMIC_GANGLIA":-0.892343208,"KIJK_HAEMATOPOIETIC_AND_LYMPHOID_TISSUE":-10.3029169,"KLE_ENDOMETRIUM":5.235986459,"KM12_LARGE_INTESTINE":6.285122388,