{"scores":{"127399_SOFT_TISSUE":1.869254637,"143B_BONE":3.193040083,"2313287_STOMACH":-2.068155012,"253J_URINARY_TRACT":-5.717491768,"42MGBA_CENTRAL_NERVOUS_SYSTEM":2.59752223,"5637_URINARY_TRACT":3.628236179,"59M_OVARY":2.638820258,"639V_URINARY_TRACT":3.35221167,"647V_URINARY_TRACT":3.54960502,"697_HAEMATOPOIETIC_AND_LYMPHOID_TISSUE":-2.108934871,"769P_KIDNEY":-10.50601863,"786O_KIDNEY":2.604546613,"8305C_THYROID":2.269965369,"8MGBA_CENTRAL_NERVOUS_SYSTEM":3.728018379,"A2058_SKIN":3.157791254,"A2780_OVARY":-3.19848822,"A3KAW_HAEMATOPOIETIC_AND_LYMPHOID_TISSUE":1.983188812,"A427_LUNG":3.66840596,"A431_SKIN":2.734638706,"A549_LUNG":-7.081158965,"A673_BONE":4.1856189,"ABC1_LUNG":3.510926841,"ACCMESO1_PLEURA":2.711776293,"AGS_STOMACH":0.87087504,"AML193_HAEMATOPOIETIC_AND_LYMPHOID_TISSUE":3.197223984,"AMO1_HAEMATOPOIETIC_AND_LYMPHOID_TISSUE":1.307180485,"ASPC1_PANCREAS":4.034673968,"AU565_BREAST":3.734245657,"BC3C_URINARY_TRACT":1.406711595,"BFTC905_URINARY_TRACT":3.443969441,"BFTC909_KIDNEY":2.359716153,"BHY_UPPER_AERODIGESTIVE_TRACT":-0.179633828,"BICR16_UPPER_AERODIGESTIVE_TRACT":1.301609345,"BICR22_UPPER_AERODIGESTIVE_TRACT":2.890107236,"BICR31_UPPER_AERODIGESTIVE_TRACT":2.805347411,"BICR56_UPPER_AERODIGESTIVE_TRACT":3.6722731,"BICR6_UPPER_AERODIGESTIVE_TRACT":3.46008359,"BICR78_UPPER_AERODIGESTIVE_TRACT":3.419568429,"BIN67_OVARY":0.077874885,"BL70_HAEMATOPOIETIC_AND_LYMPHOID_TISSUE":4.142421248,"BLUE1_HAEMATOPOIETIC_AND_LYMPHOID_TISSUE":3.886773491,"BT12_SOFT_TISSUE":2.171092696,"BT16_SOFT_TISSUE":-0.564650319,"BT549_BREAST":2.830385645,"C2BBE1_LARGE_INTESTINE":0.347868492,"C32_SKIN":-2.171007348,"C8166_HAEMATOPOIETIC_AND_LYMPHOID_TISSUE":0.409325813,"CADOES1_BONE":1.070872748,"CAKI1_KIDNEY":-2.017706816,"CAKI2_KIDNEY":1.796647904,"CAL27_UPPER_AERODIGESTIVE_TRACT":3.784764497,"CAL29_URINARY_TRACT":3.456640398,"CAL33_UPPER_AERODIGESTIVE_TRACT":3.407561493,"CAL51_BREAST":-2.836174172,"CAL78_BONE":-1.976657109,"CALU1_LUNG":1.797236893,"CALU6_LUNG":1.358171018,"CAMA1_BREAST":3.573747164,"CAOV3_OVARY":3.746178586,"CAS1_CENTRAL_NERVOUS_SYSTEM":1.48435379,"CASKI_CERVIX":2.245142235,"CCFSTTG1_CENTRAL_NERVOUS_SYSTEM":2.914024527,"CCK81_LARGE_INTESTINE":-1.368548,"CCLFPEDS0001T_KIDNEY":1.164158165,"CCLFPEDS0003T_SOFT_TISSUE":-3.01044502,"CFPAC1_PANCREAS":3.868710746,"CH157MN_CENTRAL_NERVOUS_SYSTEM":3.843375923,"CHAGOK1_LUNG":2.892578038,"CHLA06ATRT_SOFT_TISSUE":3.540283866,"CHLA15_AUTONOMIC_GANGLIA":-0.804138262,"CHLA266_SOFT_TISSUE":-8.748717835,"CHP212_AUTONOMIC_GANGLIA":-0.68725519,"CJM_SKIN":3.370623978,"CL40_LARGE_INTESTINE":3.11407071,"CME1_SOFT_TISSUE":3.977735426,"CMLT1_HAEMATOPOIETIC_AND_LYMPHOID_TISSUE":3.755560911,"COGAR359_SOFT_TISSUE":-5.597531997,"COGE352_BONE":3.667882809,"COGN278_AUTONOMIC_GANGLIA":-0.566171036,"COGN305_AUTONOMIC_GANGLIA":2.277095601,"COLO201_LARGE_INTESTINE":2.924442555,"COLO678_LARGE_INTESTINE":0.942615897,"COLO679_SKIN":2.919979121,"COLO792_SKIN":3.085330981,"COLO800_SKIN":3.982710397,"CORL23_LUNG":3.61757762,"CORL279_LUNG":2.34047826,"CORL47_LUNG":3.118510975,"COV318_OVARY":2.963093994,"COV362_OVARY":3.124911564,"COV434_OVARY":-1.639354012,"COV504_OVARY":2.81276547,"COV644_OVARY":-0.268385863,"CW9019_SOFT_TISSUE":-2.220075056,"D283MED_CENTRAL_NERVOUS_SYSTEM":-0.123998654,"D341MED_CENTRAL_NERVOUS_SYSTEM":-7.634201333,"D425_CENTRAL_NERVOUS_SYSTEM":3.357256334,"D458_CENTRAL_NERVOUS_SYSTEM":0.022481501,"DANG_PANCREAS":3.764260421,"DAOY_CENTRAL_NERVOUS_SYSTEM":2.930174566,"DB_HAEMATOPOIETIC_AND_LYMPHOID_TISSUE":3.031650315,"DEL_HAEMATOPOIETIC_AND_LYMPHOID_TISSUE":3.95368734,"DETROIT562_UPPER_AERODIGESTIVE_TRACT":3.473691437,"DKMG_CENTRAL_NERVOUS_SYSTEM":2.485323211,"DLD1_LARGE_INTESTINE":3.908555378,"DU4475_BREAST":3.321957381,"EFE184_ENDOMETRIUM":-4.566331625,"EFM19_BREAST":4.100583177,"EFO21_OVARY":2.964157747,"EFO27_OVARY":4.170145757,"EJM_HAEMATOPOIETIC_AND_LYMPHOID_TISSUE":2.582979297,"EKVX_LUNG":2.326160699,"EM2_HAEMATOPOIETIC_AND_LYMPHOID_TISSUE":3.910535753,"EN_ENDOMETRIUM":2.846890175,"EOL1_HAEMATOPOIETIC_AND_LYMPHOID_TISSUE":-10.7931421,"EPLC272H_LUNG":1.581283399,"ES2_OVARY":3.221409645,"ESO26_OESOPHAGUS":3.437910908,"ESS1_ENDOMETRIUM":3.440736385,"EW8_BONE":3.801079478,"EWS502_BONE":3.973697788,"F36P_HAEMATOPOIETIC_AND_LYMPHOID_TISSUE":3.987792307,"F5_CENTRAL_NERVOUS_SYSTEM":-4.660540048,"FADU_UPPER_AERODIGESTIVE_TRACT":3.850479142,"FLO1_OESOPHAGUS":3.901883937,"FU97_STOMACH":2.907940651,"G292CLONEA141B1_BONE":0.850078173,"G402_SOFT_TISSUE":-5.301286687,"GAMG_CENTRAL_NERVOUS_SYSTEM":2.469688399,"GB1_CENTRAL_NERVOUS_SYSTEM":3.944999189,"GCIY_STOMACH":3.508319897,"GCT_SOFT_TISSUE":3.360065944,"GI1_CENTRAL_NERVOUS_SYSTEM":1.471611535,"GSS_STOMACH":3.3516282,"GSU_STOMACH":-4.381609223,"H103_UPPER_AERODIGESTIVE_TRACT":2.52428332,"H4_CENTRAL_NERVOUS_SYSTEM":-12.33246238,"HARA_LUNG":3.615309274,"HB1119_HAEMATOPOIETIC_AND_LYMPHOID_TISSUE":4.049175667,"HCC1143_BREAST":3.010110622,"HCC1359_LUNG":2.199187477,"HCC1395_BREAST":2.859433684,"HCC1419_BREAST":2.478104275,"HCC1428_BREAST":2.913203184,"HCC15_LUNG":4.187681664,"HCC1806_BREAST":3.227632255,"HCC1937_BREAST":2.128055831,"HCC1954_BREAST":3.358537023,"HCC202_BREAST":3.005680356,"HCC2429_LUNG":2.834660732,"HCC2935_LUNG":4.050473334,"HCC366_LUNG":2.995504981,"HCC461_LUNG":3.296325496,"HCC515_LUNG":2.842302194,"HCC56_LARGE_INTESTINE":2.807104471,"HCC827_LUNG":3.608178817,"HCC95_LUNG":4.190184916,"HDMYZ_HAEMATOPOIETIC_AND_LYMPHOID_TISSUE":2.727352347,"HEC151_ENDOMETRIUM":-9.351236687,"HEC1A_ENDOMETRIUM":3.242019649,"HEC1B_ENDOMETRIUM":3.211035374,"HEC251_ENDOMETRIUM":3.324647717,"HEC265_ENDOMETRIUM":-3.387324358,"HEC50B_ENDOMETRIUM":4.168034067,"HEC59_ENDOMETRIUM":3.842382011,"HEC6_ENDOMETRIUM":-0.610726207,"HEL_HAEMATOPOIETIC_AND_LYMPHOID_TISSUE":2.244188274,"HEL9217_HAEMATOPOIETIC_AND_LYMPHOID_TISSUE":4.191322474,"HEYA8_OVARY":-1.106740923,"HGC27_STOMACH":3.385628038,"HLF_LIVER":1.615059992,"HMC18_BREAST":3.763168982,"HOP62_LUNG":2.783399814,"HS294T_SKIN":2.680225791,"HS578T_BREAST":1.628209641,"HS683_CENTRAL_NERVOUS_SYSTEM":3.198239252,"HS695T_SKIN":2.623479084,"HS729_SOFT_TISSUE":1.955246932,"HS746T_STOMACH":0.97421842,"HS766T_PANCREAS":3.629797987,"HS852T_SKIN":0.677007069,"HS944T_SKIN":2.848812759,"HSB2_HAEMATOPOIETIC_AND_LYMPHOID_TISSUE":4.170235947,"HSC1_SKIN":3.461488843,"HSC2_UPPER_AERODIGESTIVE_TRACT":1.613644752,"HSC3_UPPER_AERODIGESTIVE_TRACT":2.768177237,"HT1080_SOFT_TISSUE":-1.014939793,"HT115_LARGE_INTESTINE":3.638092822,"HT1197_URINARY_TRACT":3.703116538,"HT1376_URINARY_TRACT":3.170757477,"HT144_SKIN":2.466583471,"HT29_LARGE_INTESTINE":3.259899419,"HT55_LARGE_INTESTINE":3.826186288,"HUH1_LIVER":3.059432196,"HUH6_LIVER":2.882573115,"HUH7_LIVER":3.289482147,"HUNS1_HAEMATOPOIETIC_AND_LYMPHOID_TISSUE":-3.297317988,"HUPT3_PANCREAS":4.194923414,"IALM_LUNG":2.161546933,"IGR1_SKIN":0.858413019,"IGR39_SKIN":0.488126434,"IMR32_AUTONOMIC_GANGLIA":-0.00047696,"INA6_HAEMATOPOIETIC_AND_LYMPHOID_TISSUE":3.624297241,"IPC298_SKIN":2.488838645,"ISTMES1_PLEURA":-1.416815632,"ISTMES2_PLEURA":3.947941944,"J82_URINARY_TRACT":1.88644985,"JHH1_LIVER":2.560861001,"JHH4_LIVER":2.413565954,"JHH5_LIVER":2.585852919,"JHH7_LIVER":2.785351384,"JHOC5_OVARY":-2.855641348,"JHOM1_OVARY":2.083216288,"JHOS2_OVARY":-3.473574609,"JHOS4_OVARY":2.818809012,"JHUEM1_ENDOMETRIUM":2.849142744,"JHUEM7_ENDOMETRIUM":0.142653599,"JIMT1_BREAST":3.634323995,"JJN3_HAEMATOPOIETIC_AND_LYMPHOID_TISSUE":4.006523477,"JMSU1_URINARY_TRACT":3.17763783,"JMURTK2_SOFT_TISSUE":-13.10479425,"JOPACA1_PANCREAS":1.696535257,"JR_SOFT_TISSUE":4.004706595,"K029AX_SKIN":1.820323994,"KALS1_CENTRAL_NERVOUS_SYSTEM":2.427515241,"KARPAS299_HAEMATOPOIETIC_AND_LYMPHOID_TISSUE":2.340497457,"KARPAS422_HAEMATOPOIETIC_AND_LYMPHOID_TISSUE":3.998612187,"KASUMI1_HAEMATOPOIETIC_AND_LYMPHOID_TISSUE":3.926377491,"KE39_STOMACH":3.97430139,"KE97_HAEMATOPOIETIC_AND_LYMPHOID_TISSUE":2.903032131,"KELLY_AUTONOMIC_GANGLIA":2.588837807,"KIJK_HAEMATOPOIETIC_AND_LYMPHOID_TISSUE":-7.509871909,"KLE_ENDOMETRIUM":3.027738326,