{"scores":{"127399_SOFT_TISSUE":1.674147972,"143B_BONE":2.003555485,"2313287_STOMACH":1.8404103,"253J_URINARY_TRACT":-1.673277125,"42MGBA_CENTRAL_NERVOUS_SYSTEM":-5.265038508,"5637_URINARY_TRACT":1.968396779,"59M_OVARY":1.793437688,"639V_URINARY_TRACT":2.003697836,"647V_URINARY_TRACT":0.35609989,"697_HAEMATOPOIETIC_AND_LYMPHOID_TISSUE":1.790368477,"769P_KIDNEY":2.02089209,"786O_KIDNEY":-0.379892277,"8305C_THYROID":1.987797245,"8MGBA_CENTRAL_NERVOUS_SYSTEM":2.003722021,"A2058_SKIN":2.001256238,"A2780_OVARY":0.499325138,"A3KAW_HAEMATOPOIETIC_AND_LYMPHOID_TISSUE":-0.820586415,"A427_LUNG":1.592607459,"A431_SKIN":1.929304536,"A549_LUNG":1.69224829,"A673_BONE":1.381220033,"ABC1_LUNG":2.022987852,"ACCMESO1_PLEURA":1.782610093,"AGS_STOMACH":-1.918289409,"AML193_HAEMATOPOIETIC_AND_LYMPHOID_TISSUE":2.022226633,"AMO1_HAEMATOPOIETIC_AND_LYMPHOID_TISSUE":1.777606075,"ASPC1_PANCREAS":2.002212553,"AU565_BREAST":1.662889519,"BC3C_URINARY_TRACT":1.674915806,"BFTC905_URINARY_TRACT":1.779563846,"BFTC909_KIDNEY":0.504206792,"BHY_UPPER_AERODIGESTIVE_TRACT":1.883320996,"BICR16_UPPER_AERODIGESTIVE_TRACT":-7.234478364,"BICR22_UPPER_AERODIGESTIVE_TRACT":1.645886102,"BICR31_UPPER_AERODIGESTIVE_TRACT":1.983776753,"BICR56_UPPER_AERODIGESTIVE_TRACT":1.574469849,"BICR6_UPPER_AERODIGESTIVE_TRACT":-0.278452773,"BICR78_UPPER_AERODIGESTIVE_TRACT":1.17096282,"BIN67_OVARY":-3.855203376,"BL70_HAEMATOPOIETIC_AND_LYMPHOID_TISSUE":1.80935293,"BLUE1_HAEMATOPOIETIC_AND_LYMPHOID_TISSUE":1.993551635,"BT12_SOFT_TISSUE":1.36997724,"BT16_SOFT_TISSUE":-14.91891294,"BT549_BREAST":-2.450794507,"C2BBE1_LARGE_INTESTINE":2.023058652,"C32_SKIN":2.004464009,"C8166_HAEMATOPOIETIC_AND_LYMPHOID_TISSUE":1.23204884,"CADOES1_BONE":1.982624569,"CAKI1_KIDNEY":-1.207512193,"CAKI2_KIDNEY":0.959349129,"CAL27_UPPER_AERODIGESTIVE_TRACT":1.827454041,"CAL29_URINARY_TRACT":-2.586229848,"CAL33_UPPER_AERODIGESTIVE_TRACT":0.515013842,"CAL51_BREAST":1.825180262,"CAL78_BONE":1.76594129,"CALU1_LUNG":1.815394845,"CALU6_LUNG":-0.523997789,"CAMA1_BREAST":-1.566062382,"CAOV3_OVARY":1.904222591,"CAS1_CENTRAL_NERVOUS_SYSTEM":1.323138984,"CASKI_CERVIX":1.966444658,"CCFSTTG1_CENTRAL_NERVOUS_SYSTEM":2.017447275,"CCK81_LARGE_INTESTINE":1.97091416,"CCLFPEDS0001T_KIDNEY":-5.113049714,"CCLFPEDS0003T_SOFT_TISSUE":2.020092954,"CFPAC1_PANCREAS":2.023245753,"CH157MN_CENTRAL_NERVOUS_SYSTEM":2.0234208,"CHAGOK1_LUNG":2.016907419,"CHLA06ATRT_SOFT_TISSUE":2.01618128,"CHLA15_AUTONOMIC_GANGLIA":2.008255677,"CHLA266_SOFT_TISSUE":-6.956995786,"CHP212_AUTONOMIC_GANGLIA":1.803666544,"CJM_SKIN":1.987788466,"CL40_LARGE_INTESTINE":-0.939782782,"CME1_SOFT_TISSUE":1.717483528,"CMLT1_HAEMATOPOIETIC_AND_LYMPHOID_TISSUE":1.544475321,"COGAR359_SOFT_TISSUE":-4.568588151,"COGE352_BONE":1.982153071,"COGN278_AUTONOMIC_GANGLIA":1.643566541,"COGN305_AUTONOMIC_GANGLIA":2.0234208,"COLO201_LARGE_INTESTINE":1.810198504,"COLO678_LARGE_INTESTINE":2.023404895,"COLO679_SKIN":-2.723509892,"COLO792_SKIN":0.056715378,"COLO800_SKIN":-0.965743191,"CORL23_LUNG":2.021050103,"CORL279_LUNG":1.013605484,"CORL47_LUNG":-8.878092184,"COV318_OVARY":1.82328691,"COV362_OVARY":2.022527087,"COV434_OVARY":1.930595114,"COV504_OVARY":1.409204802,"COV644_OVARY":1.429643992,"CW9019_SOFT_TISSUE":1.407140506,"D283MED_CENTRAL_NERVOUS_SYSTEM":-2.442290848,"D341MED_CENTRAL_NERVOUS_SYSTEM":-1.88341581,"D425_CENTRAL_NERVOUS_SYSTEM":2.0234208,"D458_CENTRAL_NERVOUS_SYSTEM":1.907479279,"DANG_PANCREAS":1.81187414,"DAOY_CENTRAL_NERVOUS_SYSTEM":2.018509179,"DB_HAEMATOPOIETIC_AND_LYMPHOID_TISSUE":1.91911732,"DEL_HAEMATOPOIETIC_AND_LYMPHOID_TISSUE":1.785448803,"DETROIT562_UPPER_AERODIGESTIVE_TRACT":-0.082097392,"DKMG_CENTRAL_NERVOUS_SYSTEM":2.010749164,"DLD1_LARGE_INTESTINE":2.011050778,"DU4475_BREAST":1.756918926,"EFE184_ENDOMETRIUM":-0.545927398,"EFM19_BREAST":1.704978253,"EFO21_OVARY":1.994033761,"EFO27_OVARY":1.938345928,"EJM_HAEMATOPOIETIC_AND_LYMPHOID_TISSUE":1.960226609,"EKVX_LUNG":0.407438498,"EM2_HAEMATOPOIETIC_AND_LYMPHOID_TISSUE":1.644617395,"EN_ENDOMETRIUM":1.424975992,"EOL1_HAEMATOPOIETIC_AND_LYMPHOID_TISSUE":1.251709973,"EPLC272H_LUNG":1.497488633,"ES2_OVARY":1.999222569,"ESO26_OESOPHAGUS":1.712041025,"ESS1_ENDOMETRIUM":1.412312156,"EW8_BONE":2.001016228,"EWS502_BONE":1.235926837,"F36P_HAEMATOPOIETIC_AND_LYMPHOID_TISSUE":1.592981231,"F5_CENTRAL_NERVOUS_SYSTEM":0.52319987,"FADU_UPPER_AERODIGESTIVE_TRACT":1.715707968,"FLO1_OESOPHAGUS":-15.59797013,"FU97_STOMACH":1.507997886,"G292CLONEA141B1_BONE":1.917008631,"G402_SOFT_TISSUE":-2.12540802,"GAMG_CENTRAL_NERVOUS_SYSTEM":2.006415013,"GB1_CENTRAL_NERVOUS_SYSTEM":1.628561472,"GCIY_STOMACH":2.022180732,"GCT_SOFT_TISSUE":1.783652928,"GI1_CENTRAL_NERVOUS_SYSTEM":1.687527479,"GSS_STOMACH":1.805594017,"GSU_STOMACH":1.66015986,"H103_UPPER_AERODIGESTIVE_TRACT":1.033276538,"H4_CENTRAL_NERVOUS_SYSTEM":1.492557504,"HARA_LUNG":-0.675906153,"HB1119_HAEMATOPOIETIC_AND_LYMPHOID_TISSUE":1.930812402,"HCC1143_BREAST":2.021358117,"HCC1359_LUNG":1.859498499,"HCC1395_BREAST":1.901803121,"HCC1419_BREAST":-14.86813248,"HCC1428_BREAST":2.0234208,"HCC15_LUNG":1.837660956,"HCC1806_BREAST":1.743563996,"HCC1937_BREAST":1.342468633,"HCC1954_BREAST":1.803286096,"HCC202_BREAST":-0.664686795,"HCC2429_LUNG":2.020299636,"HCC2935_LUNG":1.193232723,"HCC366_LUNG":1.614062948,"HCC461_LUNG":0.395069726,"HCC515_LUNG":-7.700173735,"HCC56_LARGE_INTESTINE":2.005180036,"HCC827_LUNG":2.012266816,"HCC95_LUNG":1.970025552,"HDMYZ_HAEMATOPOIETIC_AND_LYMPHOID_TISSUE":0.102735294,"HEC151_ENDOMETRIUM":1.508198535,"HEC1A_ENDOMETRIUM":2.011595425,"HEC1B_ENDOMETRIUM":1.906169623,"HEC251_ENDOMETRIUM":1.970799015,"HEC265_ENDOMETRIUM":1.873078411,"HEC50B_ENDOMETRIUM":1.791645455,"HEC59_ENDOMETRIUM":1.597007943,"HEC6_ENDOMETRIUM":1.942690468,"HEL_HAEMATOPOIETIC_AND_LYMPHOID_TISSUE":1.957215524,"HEL9217_HAEMATOPOIETIC_AND_LYMPHOID_TISSUE":1.680272782,"HEYA8_OVARY":1.9150929,"HGC27_STOMACH":2.009177979,"HLF_LIVER":1.97539876,"HMC18_BREAST":1.962801869,"HOP62_LUNG":1.059507275,"HS294T_SKIN":1.388241503,"HS578T_BREAST":0.142819457,"HS683_CENTRAL_NERVOUS_SYSTEM":1.644242079,"HS695T_SKIN":-3.627160769,"HS729_SOFT_TISSUE":2.015604184,"HS746T_STOMACH":1.379423656,"HS766T_PANCREAS":1.751029694,"HS852T_SKIN":2.003447004,"HS944T_SKIN":1.915096754,"HSB2_HAEMATOPOIETIC_AND_LYMPHOID_TISSUE":-0.234820746,"HSC1_SKIN":1.897450095,"HSC2_UPPER_AERODIGESTIVE_TRACT":0.97808903,"HSC3_UPPER_AERODIGESTIVE_TRACT":1.99374619,"HT1080_SOFT_TISSUE":1.983052985,"HT115_LARGE_INTESTINE":-0.402120049,"HT1197_URINARY_TRACT":1.791837736,"HT1376_URINARY_TRACT":2.011339041,"HT144_SKIN":1.820254422,"HT29_LARGE_INTESTINE":1.836955026,"HT55_LARGE_INTESTINE":2.012165115,"HUH1_LIVER":-3.090573285,"HUH6_LIVER":1.97007749,"HUH7_LIVER":-1.760932079,"HUNS1_HAEMATOPOIETIC_AND_LYMPHOID_TISSUE":0.230236097,"HUPT3_PANCREAS":1.834733497,"IALM_LUNG":1.291848157,"IGR1_SKIN":1.890619275,"IGR39_SKIN":2.000983149,"IMR32_AUTONOMIC_GANGLIA":1.391684321,"INA6_HAEMATOPOIETIC_AND_LYMPHOID_TISSUE":-4.571141665,"IPC298_SKIN":1.433772818,"ISTMES1_PLEURA":1.615811286,"ISTMES2_PLEURA":1.1614299,"J82_URINARY_TRACT":1.643455653,"JHH1_LIVER":1.866558725,"JHH4_LIVER":2.017978429,"JHH5_LIVER":-5.187926135,"JHH7_LIVER":-2.37986711,"JHOC5_OVARY":-1.587443811,"JHOM1_OVARY":1.939561477,"JHOS2_OVARY":1.295523498,"JHOS4_OVARY":1.842021653,"JHUEM1_ENDOMETRIUM":2.005779783,"JHUEM7_ENDOMETRIUM":2.014930268,"JIMT1_BREAST":1.297066564,"JJN3_HAEMATOPOIETIC_AND_LYMPHOID_TISSUE":1.69231448,"JMSU1_URINARY_TRACT":1.947730173,"JMURTK2_SOFT_TISSUE":-8.000265574,"JOPACA1_PANCREAS":1.987316408,"JR_SOFT_TISSUE":-18.5087311,"K029AX_SKIN":1.259688105,"KALS1_CENTRAL_NERVOUS_SYSTEM":2.016593187,"KARPAS299_HAEMATOPOIETIC_AND_LYMPHOID_TISSUE":2.021583174,"KARPAS422_HAEMATOPOIETIC_AND_LYMPHOID_TISSUE":0.136970847,"KASUMI1_HAEMATOPOIETIC_AND_LYMPHOID_TISSUE":1.824488905,"KE39_STOMACH":0.12401247,"KE97_HAEMATOPOIETIC_AND_LYMPHOID_TISSUE":1.522970972,"KELLY_AUTONOMIC_GANGLIA":1.981957584,"KIJK_HAEMATOPOIETIC_AND_LYMPHOID_TISSUE":2.022165253,"KLE_ENDOMETRIUM":1.270172827,"KM12_LARGE_INTESTINE":1.947903716,