{"scores":{"127399_SOFT_TISSUE":2.17495143,"143B_BONE":2.936510338,"2313287_STOMACH":2.489489603,"253J_URINARY_TRACT":-2.859530603,"42MGBA_CENTRAL_NERVOUS_SYSTEM":0.752883503,"5637_URINARY_TRACT":1.912785176,"59M_OVARY":2.054707425,"639V_URINARY_TRACT":2.609454778,"647V_URINARY_TRACT":2.911313097,"697_HAEMATOPOIETIC_AND_LYMPHOID_TISSUE":1.851005032,"769P_KIDNEY":-0.622224387,"786O_KIDNEY":2.335324254,"8305C_THYROID":0.645544513,"8MGBA_CENTRAL_NERVOUS_SYSTEM":2.279282612,"A2058_SKIN":2.418226293,"A2780_OVARY":2.758299808,"A3KAW_HAEMATOPOIETIC_AND_LYMPHOID_TISSUE":-0.22220725,"A427_LUNG":1.071276038,"A431_SKIN":0.655292288,"A549_LUNG":-2.647295086,"A673_BONE":-0.913616631,"ABC1_LUNG":-4.056951984,"ACCMESO1_PLEURA":2.006225075,"AGS_STOMACH":2.633334176,"AML193_HAEMATOPOIETIC_AND_LYMPHOID_TISSUE":-15.34250859,"AMO1_HAEMATOPOIETIC_AND_LYMPHOID_TISSUE":-17.52251348,"ASPC1_PANCREAS":0.851504025,"AU565_BREAST":0.273284749,"BC3C_URINARY_TRACT":-2.936457313,"BFTC905_URINARY_TRACT":2.332165943,"BFTC909_KIDNEY":1.668329283,"BHY_UPPER_AERODIGESTIVE_TRACT":2.372606874,"BICR16_UPPER_AERODIGESTIVE_TRACT":2.541531106,"BICR22_UPPER_AERODIGESTIVE_TRACT":2.725924639,"BICR31_UPPER_AERODIGESTIVE_TRACT":2.127613366,"BICR56_UPPER_AERODIGESTIVE_TRACT":1.962034051,"BICR6_UPPER_AERODIGESTIVE_TRACT":2.227825905,"BICR78_UPPER_AERODIGESTIVE_TRACT":0.341841788,"BIN67_OVARY":-2.971597997,"BL70_HAEMATOPOIETIC_AND_LYMPHOID_TISSUE":-1.198646527,"BLUE1_HAEMATOPOIETIC_AND_LYMPHOID_TISSUE":1.907931277,"BT12_SOFT_TISSUE":0.009321971,"BT16_SOFT_TISSUE":0.030758911,"BT549_BREAST":1.528290976,"C2BBE1_LARGE_INTESTINE":1.261042717,"C32_SKIN":1.998308962,"C8166_HAEMATOPOIETIC_AND_LYMPHOID_TISSUE":2.742433377,"CADOES1_BONE":-3.149132157,"CAKI1_KIDNEY":0.446484618,"CAKI2_KIDNEY":1.821476731,"CAL27_UPPER_AERODIGESTIVE_TRACT":2.949227561,"CAL29_URINARY_TRACT":0.249357551,"CAL33_UPPER_AERODIGESTIVE_TRACT":0.253399208,"CAL51_BREAST":-1.105720488,"CAL78_BONE":1.540460918,"CALU1_LUNG":1.630613371,"CALU6_LUNG":0.786744253,"CAMA1_BREAST":-1.524035913,"CAOV3_OVARY":2.755589293,"CAS1_CENTRAL_NERVOUS_SYSTEM":1.933246279,"CASKI_CERVIX":0.696140616,"CCFSTTG1_CENTRAL_NERVOUS_SYSTEM":1.2614338,"CCK81_LARGE_INTESTINE":2.867664765,"CCLFPEDS0001T_KIDNEY":1.97916347,"CCLFPEDS0003T_SOFT_TISSUE":2.316305181,"CFPAC1_PANCREAS":-0.814432042,"CH157MN_CENTRAL_NERVOUS_SYSTEM":2.31456793,"CHAGOK1_LUNG":2.478514029,"CHLA06ATRT_SOFT_TISSUE":-3.196804654,"CHLA15_AUTONOMIC_GANGLIA":-2.458439803,"CHLA266_SOFT_TISSUE":1.260571306,"CHP212_AUTONOMIC_GANGLIA":-1.918895804,"CJM_SKIN":1.510109668,"CL40_LARGE_INTESTINE":1.453453077,"CME1_SOFT_TISSUE":1.576584389,"CMLT1_HAEMATOPOIETIC_AND_LYMPHOID_TISSUE":0.341959524,"COGAR359_SOFT_TISSUE":-1.343347758,"COGE352_BONE":-2.205017011,"COGN278_AUTONOMIC_GANGLIA":-1.791684334,"COGN305_AUTONOMIC_GANGLIA":-0.372619357,"COLO201_LARGE_INTESTINE":0.384166289,"COLO678_LARGE_INTESTINE":1.226984475,"COLO679_SKIN":2.879288035,"COLO792_SKIN":-3.429629333,"COLO800_SKIN":2.411177528,"CORL23_LUNG":2.512066069,"CORL279_LUNG":0.036445136,"CORL47_LUNG":2.932852552,"COV318_OVARY":0.98543082,"COV362_OVARY":1.742934468,"COV434_OVARY":-0.247454442,"COV504_OVARY":1.921642003,"COV644_OVARY":1.795480635,"CW9019_SOFT_TISSUE":-2.299241657,"D283MED_CENTRAL_NERVOUS_SYSTEM":-5.659097687,"D341MED_CENTRAL_NERVOUS_SYSTEM":-2.558579457,"D425_CENTRAL_NERVOUS_SYSTEM":-0.060277061,"D458_CENTRAL_NERVOUS_SYSTEM":1.212938792,"DANG_PANCREAS":0.363948203,"DAOY_CENTRAL_NERVOUS_SYSTEM":2.020112504,"DB_HAEMATOPOIETIC_AND_LYMPHOID_TISSUE":0.60538206,"DEL_HAEMATOPOIETIC_AND_LYMPHOID_TISSUE":-2.034232237,"DETROIT562_UPPER_AERODIGESTIVE_TRACT":-0.89036128,"DKMG_CENTRAL_NERVOUS_SYSTEM":2.166093297,"DLD1_LARGE_INTESTINE":1.509125345,"DU4475_BREAST":2.363902109,"EFE184_ENDOMETRIUM":0.714363479,"EFM19_BREAST":0.682395252,"EFO21_OVARY":2.18950175,"EFO27_OVARY":2.694051607,"EJM_HAEMATOPOIETIC_AND_LYMPHOID_TISSUE":2.417043211,"EKVX_LUNG":-9.879802747,"EM2_HAEMATOPOIETIC_AND_LYMPHOID_TISSUE":-4.924979403,"EN_ENDOMETRIUM":2.108381593,"EOL1_HAEMATOPOIETIC_AND_LYMPHOID_TISSUE":-3.478082401,"EPLC272H_LUNG":2.510922182,"ES2_OVARY":0.802781208,"ESO26_OESOPHAGUS":2.22266584,"ESS1_ENDOMETRIUM":0.53675832,"EW8_BONE":1.674864744,"EWS502_BONE":1.442472341,"F36P_HAEMATOPOIETIC_AND_LYMPHOID_TISSUE":-4.185634448,"F5_CENTRAL_NERVOUS_SYSTEM":1.229977949,"FADU_UPPER_AERODIGESTIVE_TRACT":0.094991362,"FLO1_OESOPHAGUS":-4.818636722,"FU97_STOMACH":-0.097285418,"G292CLONEA141B1_BONE":2.291739609,"G402_SOFT_TISSUE":-3.240471067,"GAMG_CENTRAL_NERVOUS_SYSTEM":2.344506002,"GB1_CENTRAL_NERVOUS_SYSTEM":2.551662432,"GCIY_STOMACH":2.288846969,"GCT_SOFT_TISSUE":2.750737771,"GI1_CENTRAL_NERVOUS_SYSTEM":2.315499696,"GSS_STOMACH":-6.552993568,"GSU_STOMACH":2.93022481,"H103_UPPER_AERODIGESTIVE_TRACT":2.423166161,"H4_CENTRAL_NERVOUS_SYSTEM":2.136226799,"HARA_LUNG":-0.256415112,"HB1119_HAEMATOPOIETIC_AND_LYMPHOID_TISSUE":2.436946019,"HCC1143_BREAST":2.692044545,"HCC1359_LUNG":2.089792027,"HCC1395_BREAST":-0.973609362,"HCC1419_BREAST":0.020030061,"HCC1428_BREAST":-3.500032774,"HCC15_LUNG":-1.714490744,"HCC1806_BREAST":1.137226102,"HCC1937_BREAST":1.262753464,"HCC1954_BREAST":-3.347804441,"HCC202_BREAST":0.273978951,"HCC2429_LUNG":1.984695814,"HCC2935_LUNG":2.180021618,"HCC366_LUNG":1.563889238,"HCC461_LUNG":2.799111369,"HCC515_LUNG":2.231763226,"HCC56_LARGE_INTESTINE":1.815277252,"HCC827_LUNG":2.59535497,"HCC95_LUNG":2.931097421,"HDMYZ_HAEMATOPOIETIC_AND_LYMPHOID_TISSUE":-4.865666026,"HEC151_ENDOMETRIUM":2.407484214,"HEC1A_ENDOMETRIUM":-0.854542815,"HEC1B_ENDOMETRIUM":-0.267642393,"HEC251_ENDOMETRIUM":2.57619246,"HEC265_ENDOMETRIUM":2.621924492,"HEC50B_ENDOMETRIUM":-5.522244408,"HEC59_ENDOMETRIUM":-4.641178216,"HEC6_ENDOMETRIUM":1.5703256,"HEL_HAEMATOPOIETIC_AND_LYMPHOID_TISSUE":-1.853120374,"HEL9217_HAEMATOPOIETIC_AND_LYMPHOID_TISSUE":1.516161391,"HEYA8_OVARY":2.411650379,"HGC27_STOMACH":-5.05443824,"HLF_LIVER":1.761657671,"HMC18_BREAST":-2.985652093,"HOP62_LUNG":2.196777419,"HS294T_SKIN":1.024874319,"HS578T_BREAST":0.895416832,"HS683_CENTRAL_NERVOUS_SYSTEM":2.135586359,"HS695T_SKIN":2.86825286,"HS729_SOFT_TISSUE":1.941305924,"HS746T_STOMACH":1.795079745,"HS766T_PANCREAS":0.809383766,"HS852T_SKIN":-0.280459029,"HS944T_SKIN":1.904446778,"HSB2_HAEMATOPOIETIC_AND_LYMPHOID_TISSUE":2.533262438,"HSC1_SKIN":1.952156203,"HSC2_UPPER_AERODIGESTIVE_TRACT":2.166771168,"HSC3_UPPER_AERODIGESTIVE_TRACT":2.683666823,"HT1080_SOFT_TISSUE":2.195590215,"HT115_LARGE_INTESTINE":2.846142714,"HT1197_URINARY_TRACT":1.171430479,"HT1376_URINARY_TRACT":1.475372938,"HT144_SKIN":2.389541222,"HT29_LARGE_INTESTINE":1.209182642,"HT55_LARGE_INTESTINE":2.750078504,"HUH1_LIVER":-0.314863604,"HUH6_LIVER":-0.195719322,"HUH7_LIVER":-2.085425683,"HUNS1_HAEMATOPOIETIC_AND_LYMPHOID_TISSUE":1.274691002,"HUPT3_PANCREAS":2.741059718,"IALM_LUNG":2.309626718,"IGR1_SKIN":2.647997703,"IGR39_SKIN":1.003008437,"IMR32_AUTONOMIC_GANGLIA":0.601186459,"INA6_HAEMATOPOIETIC_AND_LYMPHOID_TISSUE":-8.773775385,"IPC298_SKIN":-1.294747072,"ISTMES1_PLEURA":2.27200072,"ISTMES2_PLEURA":1.36626139,"J82_URINARY_TRACT":1.237276644,"JHH1_LIVER":1.474440493,"JHH4_LIVER":2.546035603,"JHH5_LIVER":-0.230482509,"JHH7_LIVER":0.280060514,"JHOC5_OVARY":2.139028291,"JHOM1_OVARY":1.411467515,"JHOS2_OVARY":2.137256306,"JHOS4_OVARY":1.299770846,"JHUEM1_ENDOMETRIUM":2.940363426,"JHUEM7_ENDOMETRIUM":2.416687985,"JIMT1_BREAST":1.913975303,"JJN3_HAEMATOPOIETIC_AND_LYMPHOID_TISSUE":-0.405618161,"JMSU1_URINARY_TRACT":2.129200443,"JMURTK2_SOFT_TISSUE":-3.238453006,"JOPACA1_PANCREAS":2.46049089,"JR_SOFT_TISSUE":-3.560637278,"K029AX_SKIN":1.505924311,"KALS1_CENTRAL_NERVOUS_SYSTEM":2.473601487,"KARPAS299_HAEMATOPOIETIC_AND_LYMPHOID_TISSUE":2.063439391,"KARPAS422_HAEMATOPOIETIC_AND_LYMPHOID_TISSUE":-0.105652931,"KASUMI1_HAEMATOPOIETIC_AND_LYMPHOID_TISSUE":-0.628666054,"KE39_STOMACH":1.605160219,"KE97_HAEMATOPOIETIC_AND_LYMPHOID_TISSUE":2.937393617,"KELLY_AUTONOMIC_GANGLIA":-7.781689641,"KIJK_HAEMATOPOIETIC_AND_LYMPHOID_TISSUE":1.523772542,"KLE_ENDOMETRIUM":1.265138173,