{"scores":{"127399_SOFT_TISSUE":4.255409204,"143B_BONE":4.138586906,"2313287_STOMACH":3.481094905,"253J_URINARY_TRACT":2.349177954,"42MGBA_CENTRAL_NERVOUS_SYSTEM":1.600776005,"5637_URINARY_TRACT":3.800286593,"59M_OVARY":3.636492189,"639V_URINARY_TRACT":3.519337476,"647V_URINARY_TRACT":1.732484937,"697_HAEMATOPOIETIC_AND_LYMPHOID_TISSUE":3.588028245,"769P_KIDNEY":2.586268351,"786O_KIDNEY":1.143407523,"8305C_THYROID":3.743263422,"8MGBA_CENTRAL_NERVOUS_SYSTEM":2.962664841,"A2058_SKIN":2.725955548,"A2780_OVARY":-2.947578085,"A3KAW_HAEMATOPOIETIC_AND_LYMPHOID_TISSUE":-0.505977938,"A427_LUNG":2.051051446,"A431_SKIN":4.166796771,"A549_LUNG":1.154600125,"A673_BONE":3.790669567,"ABC1_LUNG":3.95066148,"ACCMESO1_PLEURA":-0.347002255,"AGS_STOMACH":-6.190670361,"AML193_HAEMATOPOIETIC_AND_LYMPHOID_TISSUE":1.604174614,"AMO1_HAEMATOPOIETIC_AND_LYMPHOID_TISSUE":2.079388752,"ASPC1_PANCREAS":3.778937672,"AU565_BREAST":4.256759427,"BC3C_URINARY_TRACT":2.42874001,"BFTC905_URINARY_TRACT":1.983963348,"BFTC909_KIDNEY":0.597808606,"BHY_UPPER_AERODIGESTIVE_TRACT":4.234439935,"BICR16_UPPER_AERODIGESTIVE_TRACT":2.996159598,"BICR22_UPPER_AERODIGESTIVE_TRACT":3.608333844,"BICR31_UPPER_AERODIGESTIVE_TRACT":3.926340438,"BICR56_UPPER_AERODIGESTIVE_TRACT":3.828919365,"BICR6_UPPER_AERODIGESTIVE_TRACT":-5.91122985,"BICR78_UPPER_AERODIGESTIVE_TRACT":3.391161991,"BIN67_OVARY":2.782692125,"BL70_HAEMATOPOIETIC_AND_LYMPHOID_TISSUE":1.24165928,"BLUE1_HAEMATOPOIETIC_AND_LYMPHOID_TISSUE":2.646779333,"BT12_SOFT_TISSUE":2.795377948,"BT16_SOFT_TISSUE":-0.242267843,"BT549_BREAST":2.50598866,"C2BBE1_LARGE_INTESTINE":3.544728222,"C32_SKIN":2.927351097,"C8166_HAEMATOPOIETIC_AND_LYMPHOID_TISSUE":4.162137387,"CADOES1_BONE":4.025291463,"CAKI1_KIDNEY":3.715117156,"CAKI2_KIDNEY":1.986361015,"CAL27_UPPER_AERODIGESTIVE_TRACT":2.358225551,"CAL29_URINARY_TRACT":0.948253246,"CAL33_UPPER_AERODIGESTIVE_TRACT":-0.558987616,"CAL51_BREAST":-4.434046748,"CAL78_BONE":4.179026505,"CALU1_LUNG":3.597488841,"CALU6_LUNG":1.937628856,"CAMA1_BREAST":2.066980078,"CAOV3_OVARY":1.125146271,"CAS1_CENTRAL_NERVOUS_SYSTEM":2.950520088,"CASKI_CERVIX":4.139877997,"CCFSTTG1_CENTRAL_NERVOUS_SYSTEM":2.377742854,"CCK81_LARGE_INTESTINE":3.667768248,"CCLFPEDS0001T_KIDNEY":3.22267907,"CCLFPEDS0003T_SOFT_TISSUE":-6.981049594,"CFPAC1_PANCREAS":1.895207018,"CH157MN_CENTRAL_NERVOUS_SYSTEM":2.721709194,"CHAGOK1_LUNG":3.555485233,"CHLA06ATRT_SOFT_TISSUE":-4.525423991,"CHLA15_AUTONOMIC_GANGLIA":4.244247607,"CHLA266_SOFT_TISSUE":1.798699194,"CHP212_AUTONOMIC_GANGLIA":2.317097501,"CJM_SKIN":2.125760406,"CL40_LARGE_INTESTINE":2.707432096,"CME1_SOFT_TISSUE":-2.411304949,"CMLT1_HAEMATOPOIETIC_AND_LYMPHOID_TISSUE":-0.599384464,"COGAR359_SOFT_TISSUE":3.438947553,"COGE352_BONE":4.196591588,"COGN278_AUTONOMIC_GANGLIA":4.190416181,"COGN305_AUTONOMIC_GANGLIA":0.304806105,"COLO201_LARGE_INTESTINE":2.296422359,"COLO678_LARGE_INTESTINE":3.106539686,"COLO679_SKIN":3.419782537,"COLO792_SKIN":4.139771529,"COLO800_SKIN":2.209571042,"CORL23_LUNG":4.222020038,"CORL279_LUNG":1.671909267,"CORL47_LUNG":0.10616058,"COV318_OVARY":2.369311312,"COV362_OVARY":1.444367058,"COV434_OVARY":3.178279782,"COV504_OVARY":3.117954978,"COV644_OVARY":0.299013433,"CW9019_SOFT_TISSUE":4.009411452,"D283MED_CENTRAL_NERVOUS_SYSTEM":4.256290525,"D341MED_CENTRAL_NERVOUS_SYSTEM":4.164470689,"D425_CENTRAL_NERVOUS_SYSTEM":1.915609692,"D458_CENTRAL_NERVOUS_SYSTEM":3.931050803,"DANG_PANCREAS":3.447289303,"DAOY_CENTRAL_NERVOUS_SYSTEM":4.037353027,"DB_HAEMATOPOIETIC_AND_LYMPHOID_TISSUE":1.748428141,"DEL_HAEMATOPOIETIC_AND_LYMPHOID_TISSUE":-1.640610591,"DETROIT562_UPPER_AERODIGESTIVE_TRACT":-1.935307435,"DKMG_CENTRAL_NERVOUS_SYSTEM":-1.610705541,"DLD1_LARGE_INTESTINE":-7.414843258,"DU4475_BREAST":-2.268734483,"EFE184_ENDOMETRIUM":-4.49380169,"EFM19_BREAST":3.941109372,"EFO21_OVARY":3.102515609,"EFO27_OVARY":4.24104366,"EJM_HAEMATOPOIETIC_AND_LYMPHOID_TISSUE":3.837484365,"EKVX_LUNG":-4.082659767,"EM2_HAEMATOPOIETIC_AND_LYMPHOID_TISSUE":-4.272368757,"EN_ENDOMETRIUM":3.281965596,"EOL1_HAEMATOPOIETIC_AND_LYMPHOID_TISSUE":2.611431702,"EPLC272H_LUNG":3.593202324,"ES2_OVARY":3.788690076,"ESO26_OESOPHAGUS":4.033051398,"ESS1_ENDOMETRIUM":4.236630769,"EW8_BONE":-1.723857873,"EWS502_BONE":3.970523871,"F36P_HAEMATOPOIETIC_AND_LYMPHOID_TISSUE":4.165833081,"F5_CENTRAL_NERVOUS_SYSTEM":-2.17628524,"FADU_UPPER_AERODIGESTIVE_TRACT":0.899438782,"FLO1_OESOPHAGUS":3.83822019,"FU97_STOMACH":2.93356086,"G292CLONEA141B1_BONE":3.192972774,"G402_SOFT_TISSUE":2.876375742,"GAMG_CENTRAL_NERVOUS_SYSTEM":2.524580765,"GB1_CENTRAL_NERVOUS_SYSTEM":-0.73068611,"GCIY_STOMACH":3.590611251,"GCT_SOFT_TISSUE":3.269809072,"GI1_CENTRAL_NERVOUS_SYSTEM":3.759475663,"GSS_STOMACH":2.762697556,"GSU_STOMACH":2.633635984,"H103_UPPER_AERODIGESTIVE_TRACT":2.900860424,"H4_CENTRAL_NERVOUS_SYSTEM":4.236221824,"HARA_LUNG":3.067449194,"HB1119_HAEMATOPOIETIC_AND_LYMPHOID_TISSUE":-1.710386106,"HCC1143_BREAST":3.54946215,"HCC1359_LUNG":3.535349936,"HCC1395_BREAST":1.876024311,"HCC1419_BREAST":2.109423388,"HCC1428_BREAST":4.256644252,"HCC15_LUNG":-2.792535392,"HCC1806_BREAST":3.921991857,"HCC1937_BREAST":1.614247459,"HCC1954_BREAST":0.460190586,"HCC202_BREAST":2.86080513,"HCC2429_LUNG":3.902090205,"HCC2935_LUNG":4.0347659,"HCC366_LUNG":1.806482724,"HCC461_LUNG":3.930156805,"HCC515_LUNG":0.540007181,"HCC56_LARGE_INTESTINE":3.904871447,"HCC827_LUNG":-9.129499789,"HCC95_LUNG":0.57776217,"HDMYZ_HAEMATOPOIETIC_AND_LYMPHOID_TISSUE":4.143793004,"HEC151_ENDOMETRIUM":-0.793524331,"HEC1A_ENDOMETRIUM":1.123083877,"HEC1B_ENDOMETRIUM":2.423643757,"HEC251_ENDOMETRIUM":3.731063612,"HEC265_ENDOMETRIUM":3.268650389,"HEC50B_ENDOMETRIUM":0.601396634,"HEC59_ENDOMETRIUM":3.023185452,"HEC6_ENDOMETRIUM":3.302584099,"HEL_HAEMATOPOIETIC_AND_LYMPHOID_TISSUE":2.358025328,"HEL9217_HAEMATOPOIETIC_AND_LYMPHOID_TISSUE":4.139355477,"HEYA8_OVARY":2.542505063,"HGC27_STOMACH":-0.615094233,"HLF_LIVER":2.047695794,"HMC18_BREAST":3.040448881,"HOP62_LUNG":3.933956469,"HS294T_SKIN":3.763972405,"HS578T_BREAST":3.912466217,"HS683_CENTRAL_NERVOUS_SYSTEM":0.817029561,"HS695T_SKIN":3.371327585,"HS729_SOFT_TISSUE":3.187537958,"HS746T_STOMACH":1.331320189,"HS766T_PANCREAS":3.089703794,"HS852T_SKIN":1.936409069,"HS944T_SKIN":2.883331459,"HSB2_HAEMATOPOIETIC_AND_LYMPHOID_TISSUE":4.223138226,"HSC1_SKIN":0.551034428,"HSC2_UPPER_AERODIGESTIVE_TRACT":2.77759438,"HSC3_UPPER_AERODIGESTIVE_TRACT":2.777469504,"HT1080_SOFT_TISSUE":3.173801058,"HT115_LARGE_INTESTINE":-4.253647804,"HT1197_URINARY_TRACT":3.062040725,"HT1376_URINARY_TRACT":2.05963882,"HT144_SKIN":-0.435926079,"HT29_LARGE_INTESTINE":-5.273833109,"HT55_LARGE_INTESTINE":-0.061384575,"HUH1_LIVER":2.587329924,"HUH6_LIVER":1.360257035,"HUH7_LIVER":-5.085065602,"HUNS1_HAEMATOPOIETIC_AND_LYMPHOID_TISSUE":-3.735276875,"HUPT3_PANCREAS":3.335306243,"IALM_LUNG":2.510122444,"IGR1_SKIN":3.382552152,"IGR39_SKIN":2.004768519,"IMR32_AUTONOMIC_GANGLIA":2.97314745,"INA6_HAEMATOPOIETIC_AND_LYMPHOID_TISSUE":-10.59885336,"IPC298_SKIN":2.258969794,"ISTMES1_PLEURA":3.346925426,"ISTMES2_PLEURA":3.264781382,"J82_URINARY_TRACT":-3.348991382,"JHH1_LIVER":3.505084914,"JHH4_LIVER":3.527048971,"JHH5_LIVER":2.966375769,"JHH7_LIVER":3.815804643,"JHOC5_OVARY":3.102109159,"JHOM1_OVARY":3.071977678,"JHOS2_OVARY":2.901923541,"JHOS4_OVARY":3.617465069,"JHUEM1_ENDOMETRIUM":-1.261439593,"JHUEM7_ENDOMETRIUM":3.704290933,"JIMT1_BREAST":1.531302145,"JJN3_HAEMATOPOIETIC_AND_LYMPHOID_TISSUE":4.060685077,"JMSU1_URINARY_TRACT":3.446381429,"JMURTK2_SOFT_TISSUE":3.906719051,"JOPACA1_PANCREAS":2.979723007,"JR_SOFT_TISSUE":4.103328149,"K029AX_SKIN":1.224145369,"KALS1_CENTRAL_NERVOUS_SYSTEM":1.991779828,"KARPAS299_HAEMATOPOIETIC_AND_LYMPHOID_TISSUE":2.63902977,"KARPAS422_HAEMATOPOIETIC_AND_LYMPHOID_TISSUE":-3.260393761,"KASUMI1_HAEMATOPOIETIC_AND_LYMPHOID_TISSUE":4.144998722,"KE39_STOMACH":3.934959164,"KE97_HAEMATOPOIETIC_AND_LYMPHOID_TISSUE":3.557977301,"KELLY_AUTONOMIC_GANGLIA":2.994041286,"KIJK_HAEMATOPOIETIC_AND_LYMPHOID_TISSUE":0.749428351,"KLE_ENDOMETRIUM":3.322925765,