{"scores":{"127399_SOFT_TISSUE":1.913246614,"143B_BONE":-12.74187165,"2313287_STOMACH":2.011044716,"253J_URINARY_TRACT":1.175164296,"42MGBA_CENTRAL_NERVOUS_SYSTEM":1.482908337,"5637_URINARY_TRACT":1.978145014,"59M_OVARY":1.856059345,"639V_URINARY_TRACT":1.903881817,"647V_URINARY_TRACT":1.990419742,"697_HAEMATOPOIETIC_AND_LYMPHOID_TISSUE":1.957687497,"769P_KIDNEY":1.577345332,"786O_KIDNEY":2.010915864,"8305C_THYROID":1.856242078,"8MGBA_CENTRAL_NERVOUS_SYSTEM":1.364338884,"A2058_SKIN":0.619340366,"A2780_OVARY":-0.503662713,"A3KAW_HAEMATOPOIETIC_AND_LYMPHOID_TISSUE":-10.59666843,"A427_LUNG":-2.353513079,"A431_SKIN":2.000764453,"A549_LUNG":1.759926301,"A673_BONE":1.56225078,"ABC1_LUNG":-0.692365665,"ACCMESO1_PLEURA":0.324288573,"AGS_STOMACH":2.013444624,"AML193_HAEMATOPOIETIC_AND_LYMPHOID_TISSUE":1.759086933,"AMO1_HAEMATOPOIETIC_AND_LYMPHOID_TISSUE":1.05358778,"ASPC1_PANCREAS":1.847760743,"AU565_BREAST":1.33195695,"BC3C_URINARY_TRACT":-0.812877741,"BFTC905_URINARY_TRACT":1.527356145,"BFTC909_KIDNEY":1.943171118,"BHY_UPPER_AERODIGESTIVE_TRACT":2.008585474,"BICR16_UPPER_AERODIGESTIVE_TRACT":1.639493308,"BICR22_UPPER_AERODIGESTIVE_TRACT":1.701651285,"BICR31_UPPER_AERODIGESTIVE_TRACT":1.654135618,"BICR56_UPPER_AERODIGESTIVE_TRACT":1.91271669,"BICR6_UPPER_AERODIGESTIVE_TRACT":1.999308858,"BICR78_UPPER_AERODIGESTIVE_TRACT":-0.299959017,"BIN67_OVARY":1.912326146,"BL70_HAEMATOPOIETIC_AND_LYMPHOID_TISSUE":2.013444624,"BLUE1_HAEMATOPOIETIC_AND_LYMPHOID_TISSUE":1.508704593,"BT12_SOFT_TISSUE":1.840262362,"BT16_SOFT_TISSUE":1.958564575,"BT549_BREAST":0.929041287,"C2BBE1_LARGE_INTESTINE":0.845087303,"C32_SKIN":1.921902222,"C8166_HAEMATOPOIETIC_AND_LYMPHOID_TISSUE":0.377269985,"CADOES1_BONE":-3.560147953,"CAKI1_KIDNEY":1.815344227,"CAKI2_KIDNEY":0.869638965,"CAL27_UPPER_AERODIGESTIVE_TRACT":1.674509022,"CAL29_URINARY_TRACT":0.015660241,"CAL33_UPPER_AERODIGESTIVE_TRACT":0.694767244,"CAL51_BREAST":1.870075751,"CAL78_BONE":1.829670108,"CALU1_LUNG":1.94542605,"CALU6_LUNG":1.986232303,"CAMA1_BREAST":1.886190449,"CAOV3_OVARY":1.962685614,"CAS1_CENTRAL_NERVOUS_SYSTEM":1.628569755,"CASKI_CERVIX":1.090283862,"CCFSTTG1_CENTRAL_NERVOUS_SYSTEM":1.832579172,"CCK81_LARGE_INTESTINE":0.462030412,"CCLFPEDS0001T_KIDNEY":-2.529840036,"CCLFPEDS0003T_SOFT_TISSUE":1.996525437,"CFPAC1_PANCREAS":1.909614356,"CH157MN_CENTRAL_NERVOUS_SYSTEM":-0.047944982,"CHAGOK1_LUNG":1.988884804,"CHLA06ATRT_SOFT_TISSUE":-1.781046321,"CHLA15_AUTONOMIC_GANGLIA":0.063931208,"CHLA266_SOFT_TISSUE":-0.010005557,"CHP212_AUTONOMIC_GANGLIA":1.989124735,"CJM_SKIN":1.976981585,"CL40_LARGE_INTESTINE":-1.089847181,"CME1_SOFT_TISSUE":-0.87236262,"CMLT1_HAEMATOPOIETIC_AND_LYMPHOID_TISSUE":2.013444624,"COGAR359_SOFT_TISSUE":1.111384227,"COGE352_BONE":-0.363850884,"COGN278_AUTONOMIC_GANGLIA":1.617521046,"COGN305_AUTONOMIC_GANGLIA":1.104013951,"COLO201_LARGE_INTESTINE":1.981200291,"COLO678_LARGE_INTESTINE":1.66958599,"COLO679_SKIN":1.892061121,"COLO792_SKIN":1.024115872,"COLO800_SKIN":2.013259492,"CORL23_LUNG":-3.875518276,"CORL279_LUNG":1.387535251,"CORL47_LUNG":1.915022436,"COV318_OVARY":1.989519394,"COV362_OVARY":1.656882034,"COV434_OVARY":-2.534628106,"COV504_OVARY":2.006178038,"COV644_OVARY":1.884857349,"CW9019_SOFT_TISSUE":1.99474697,"D283MED_CENTRAL_NERVOUS_SYSTEM":1.963162528,"D341MED_CENTRAL_NERVOUS_SYSTEM":2.004182809,"D425_CENTRAL_NERVOUS_SYSTEM":1.79413833,"D458_CENTRAL_NERVOUS_SYSTEM":1.883571715,"DANG_PANCREAS":2.012709309,"DAOY_CENTRAL_NERVOUS_SYSTEM":1.965438922,"DB_HAEMATOPOIETIC_AND_LYMPHOID_TISSUE":0.618252908,"DEL_HAEMATOPOIETIC_AND_LYMPHOID_TISSUE":1.266974446,"DETROIT562_UPPER_AERODIGESTIVE_TRACT":1.084772848,"DKMG_CENTRAL_NERVOUS_SYSTEM":1.89728151,"DLD1_LARGE_INTESTINE":1.467801555,"DU4475_BREAST":1.483466622,"EFE184_ENDOMETRIUM":0.978805542,"EFM19_BREAST":1.730309303,"EFO21_OVARY":1.591675762,"EFO27_OVARY":1.669543328,"EJM_HAEMATOPOIETIC_AND_LYMPHOID_TISSUE":1.964646851,"EKVX_LUNG":0.958552913,"EM2_HAEMATOPOIETIC_AND_LYMPHOID_TISSUE":1.661843512,"EN_ENDOMETRIUM":1.974081231,"EOL1_HAEMATOPOIETIC_AND_LYMPHOID_TISSUE":1.697406519,"EPLC272H_LUNG":2.006797997,"ES2_OVARY":1.665300864,"ESO26_OESOPHAGUS":1.977764445,"ESS1_ENDOMETRIUM":1.588933434,"EW8_BONE":-4.478062423,"EWS502_BONE":-0.366458423,"F36P_HAEMATOPOIETIC_AND_LYMPHOID_TISSUE":1.470663595,"F5_CENTRAL_NERVOUS_SYSTEM":0.547911137,"FADU_UPPER_AERODIGESTIVE_TRACT":1.966617262,"FLO1_OESOPHAGUS":-3.064273336,"FU97_STOMACH":-6.07942552,"G292CLONEA141B1_BONE":1.492892615,"G402_SOFT_TISSUE":1.927321021,"GAMG_CENTRAL_NERVOUS_SYSTEM":1.710323115,"GB1_CENTRAL_NERVOUS_SYSTEM":-0.51801746,"GCIY_STOMACH":-3.480313215,"GCT_SOFT_TISSUE":2.004521801,"GI1_CENTRAL_NERVOUS_SYSTEM":1.997040509,"GSS_STOMACH":1.425676542,"GSU_STOMACH":2.011591479,"H103_UPPER_AERODIGESTIVE_TRACT":2.008965075,"H4_CENTRAL_NERVOUS_SYSTEM":1.622796858,"HARA_LUNG":-1.989233707,"HB1119_HAEMATOPOIETIC_AND_LYMPHOID_TISSUE":1.963494412,"HCC1143_BREAST":1.017510778,"HCC1359_LUNG":1.455988157,"HCC1395_BREAST":2.012301334,"HCC1419_BREAST":1.378667501,"HCC1428_BREAST":1.268664043,"HCC15_LUNG":1.605150172,"HCC1806_BREAST":1.915010651,"HCC1937_BREAST":1.833063831,"HCC1954_BREAST":-0.528035096,"HCC202_BREAST":0.926966733,"HCC2429_LUNG":1.908112773,"HCC2935_LUNG":-1.903921287,"HCC366_LUNG":2.010273739,"HCC461_LUNG":1.990565596,"HCC515_LUNG":1.41914759,"HCC56_LARGE_INTESTINE":1.968955857,"HCC827_LUNG":0.413790167,"HCC95_LUNG":-2.545619055,"HDMYZ_HAEMATOPOIETIC_AND_LYMPHOID_TISSUE":-0.183645171,"HEC151_ENDOMETRIUM":1.894825919,"HEC1A_ENDOMETRIUM":-0.223545715,"HEC1B_ENDOMETRIUM":1.735920315,"HEC251_ENDOMETRIUM":2.001446461,"HEC265_ENDOMETRIUM":1.892677204,"HEC50B_ENDOMETRIUM":-20,"HEC59_ENDOMETRIUM":-1.603492268,"HEC6_ENDOMETRIUM":1.558242824,"HEL_HAEMATOPOIETIC_AND_LYMPHOID_TISSUE":1.974488199,"HEL9217_HAEMATOPOIETIC_AND_LYMPHOID_TISSUE":0.699618876,"HEYA8_OVARY":2.013385614,"HGC27_STOMACH":1.046358292,"HLF_LIVER":2.007908917,"HMC18_BREAST":2.012552391,"HOP62_LUNG":0.309927507,"HS294T_SKIN":1.963499064,"HS578T_BREAST":1.609151399,"HS683_CENTRAL_NERVOUS_SYSTEM":1.640655985,"HS695T_SKIN":1.956412212,"HS729_SOFT_TISSUE":1.978021555,"HS746T_STOMACH":1.530021793,"HS766T_PANCREAS":1.962914962,"HS852T_SKIN":1.755387923,"HS944T_SKIN":1.481207236,"HSB2_HAEMATOPOIETIC_AND_LYMPHOID_TISSUE":2.013444624,"HSC1_SKIN":1.947488631,"HSC2_UPPER_AERODIGESTIVE_TRACT":2.008298517,"HSC3_UPPER_AERODIGESTIVE_TRACT":1.93154426,"HT1080_SOFT_TISSUE":1.571919695,"HT115_LARGE_INTESTINE":1.801242714,"HT1197_URINARY_TRACT":-2.935027263,"HT1376_URINARY_TRACT":1.719589619,"HT144_SKIN":1.364123423,"HT29_LARGE_INTESTINE":1.894904895,"HT55_LARGE_INTESTINE":1.459360868,"HUH1_LIVER":0.351988427,"HUH6_LIVER":1.391962303,"HUH7_LIVER":1.406059581,"HUNS1_HAEMATOPOIETIC_AND_LYMPHOID_TISSUE":1.507680082,"HUPT3_PANCREAS":0.324958389,"IALM_LUNG":0.160882845,"IGR1_SKIN":0.557520758,"IGR39_SKIN":1.948384273,"IMR32_AUTONOMIC_GANGLIA":1.910548839,"INA6_HAEMATOPOIETIC_AND_LYMPHOID_TISSUE":-0.588462475,"IPC298_SKIN":1.95028453,"ISTMES1_PLEURA":1.394000053,"ISTMES2_PLEURA":1.505163751,"J82_URINARY_TRACT":-0.950190534,"JHH1_LIVER":1.363890089,"JHH4_LIVER":1.299432602,"JHH5_LIVER":-5.76179127,"JHH7_LIVER":-11.04393987,"JHOC5_OVARY":1.799600488,"JHOM1_OVARY":1.820085349,"JHOS2_OVARY":1.5127528,"JHOS4_OVARY":1.947538872,"JHUEM1_ENDOMETRIUM":1.980639272,"JHUEM7_ENDOMETRIUM":1.899455256,"JIMT1_BREAST":1.949259468,"JJN3_HAEMATOPOIETIC_AND_LYMPHOID_TISSUE":1.818527179,"JMSU1_URINARY_TRACT":1.222268763,"JMURTK2_SOFT_TISSUE":1.621122819,"JOPACA1_PANCREAS":1.043860351,"JR_SOFT_TISSUE":1.917097051,"K029AX_SKIN":-1.851907061,"KALS1_CENTRAL_NERVOUS_SYSTEM":1.727061433,"KARPAS299_HAEMATOPOIETIC_AND_LYMPHOID_TISSUE":1.999879223,"KARPAS422_HAEMATOPOIETIC_AND_LYMPHOID_TISSUE":1.858555113,"KASUMI1_HAEMATOPOIETIC_AND_LYMPHOID_TISSUE":1.012243616,"KE39_STOMACH":-3.202328988,"KE97_HAEMATOPOIETIC_AND_LYMPHOID_TISSUE":1.374431516,"KELLY_AUTONOMIC_GANGLIA":2.003802977,"KIJK_HAEMATOPOIETIC_AND_LYMPHOID_TISSUE":2.004930071,"KLE_ENDOMETRIUM":1.976773898,