{"scores":{"127399_SOFT_TISSUE":1.412439999,"143B_BONE":2.074941466,"2313287_STOMACH":-3.806488292,"253J_URINARY_TRACT":0.748949857,"42MGBA_CENTRAL_NERVOUS_SYSTEM":2.182444499,"5637_URINARY_TRACT":2.182700833,"59M_OVARY":2.109056641,"639V_URINARY_TRACT":2.175247187,"647V_URINARY_TRACT":0.521928424,"697_HAEMATOPOIETIC_AND_LYMPHOID_TISSUE":-1.827285137,"769P_KIDNEY":-4.634286835,"786O_KIDNEY":1.750208047,"8305C_THYROID":1.946661918,"8MGBA_CENTRAL_NERVOUS_SYSTEM":2.146106641,"A2058_SKIN":2.140550455,"A2780_OVARY":1.900086226,"A3KAW_HAEMATOPOIETIC_AND_LYMPHOID_TISSUE":0.534150447,"A427_LUNG":2.179398713,"A431_SKIN":2.12595993,"A549_LUNG":2.170237795,"A673_BONE":2.166461878,"ABC1_LUNG":1.965003895,"ACCMESO1_PLEURA":2.080050659,"AGS_STOMACH":1.831015614,"AML193_HAEMATOPOIETIC_AND_LYMPHOID_TISSUE":-15.27441409,"AMO1_HAEMATOPOIETIC_AND_LYMPHOID_TISSUE":2.162247949,"ASPC1_PANCREAS":0.026734931,"AU565_BREAST":2.182901351,"BC3C_URINARY_TRACT":2.134375844,"BFTC905_URINARY_TRACT":2.049568661,"BFTC909_KIDNEY":1.938143046,"BHY_UPPER_AERODIGESTIVE_TRACT":1.215862101,"BICR16_UPPER_AERODIGESTIVE_TRACT":2.129923723,"BICR22_UPPER_AERODIGESTIVE_TRACT":2.031728487,"BICR31_UPPER_AERODIGESTIVE_TRACT":1.994467241,"BICR56_UPPER_AERODIGESTIVE_TRACT":1.220663886,"BICR6_UPPER_AERODIGESTIVE_TRACT":1.980054409,"BICR78_UPPER_AERODIGESTIVE_TRACT":2.183076399,"BIN67_OVARY":2.136176793,"BL70_HAEMATOPOIETIC_AND_LYMPHOID_TISSUE":2.183076399,"BLUE1_HAEMATOPOIETIC_AND_LYMPHOID_TISSUE":2.139823548,"BT12_SOFT_TISSUE":1.997884382,"BT16_SOFT_TISSUE":2.181570405,"BT549_BREAST":2.115268205,"C2BBE1_LARGE_INTESTINE":1.938937258,"C32_SKIN":2.183076399,"C8166_HAEMATOPOIETIC_AND_LYMPHOID_TISSUE":1.170873835,"CADOES1_BONE":1.312089663,"CAKI1_KIDNEY":1.800403235,"CAKI2_KIDNEY":1.061219138,"CAL27_UPPER_AERODIGESTIVE_TRACT":2.055511806,"CAL29_URINARY_TRACT":2.182916251,"CAL33_UPPER_AERODIGESTIVE_TRACT":2.154567695,"CAL51_BREAST":2.067959066,"CAL78_BONE":2.182581824,"CALU1_LUNG":2.065596062,"CALU6_LUNG":2.074071158,"CAMA1_BREAST":1.666865357,"CAOV3_OVARY":-4.219229875,"CAS1_CENTRAL_NERVOUS_SYSTEM":2.172343856,"CASKI_CERVIX":0.86444251,"CCFSTTG1_CENTRAL_NERVOUS_SYSTEM":0.831488767,"CCK81_LARGE_INTESTINE":2.05405051,"CCLFPEDS0001T_KIDNEY":-12.86348306,"CCLFPEDS0003T_SOFT_TISSUE":0.651466312,"CFPAC1_PANCREAS":1.55891009,"CH157MN_CENTRAL_NERVOUS_SYSTEM":1.223875156,"CHAGOK1_LUNG":-12.02000416,"CHLA06ATRT_SOFT_TISSUE":2.140435132,"CHLA15_AUTONOMIC_GANGLIA":1.457111493,"CHLA266_SOFT_TISSUE":1.084272873,"CHP212_AUTONOMIC_GANGLIA":2.121483541,"CJM_SKIN":2.137143745,"CL40_LARGE_INTESTINE":0.526708571,"CME1_SOFT_TISSUE":1.960509245,"CMLT1_HAEMATOPOIETIC_AND_LYMPHOID_TISSUE":0.013199675,"COGAR359_SOFT_TISSUE":2.153884307,"COGE352_BONE":1.854551481,"COGN278_AUTONOMIC_GANGLIA":1.488580276,"COGN305_AUTONOMIC_GANGLIA":2.068192742,"COLO201_LARGE_INTESTINE":-9.075562049,"COLO678_LARGE_INTESTINE":1.665517859,"COLO679_SKIN":1.627591835,"COLO792_SKIN":2.131072171,"COLO800_SKIN":2.160604898,"CORL23_LUNG":-4.385003636,"CORL279_LUNG":2.130197581,"CORL47_LUNG":1.863930128,"COV318_OVARY":1.443707953,"COV362_OVARY":2.084008929,"COV434_OVARY":2.131170583,"COV504_OVARY":0.061767527,"COV644_OVARY":1.938955959,"CW9019_SOFT_TISSUE":2.045346662,"D283MED_CENTRAL_NERVOUS_SYSTEM":2.173303073,"D341MED_CENTRAL_NERVOUS_SYSTEM":2.144602487,"D425_CENTRAL_NERVOUS_SYSTEM":2.172318593,"D458_CENTRAL_NERVOUS_SYSTEM":2.181489696,"DANG_PANCREAS":2.177304416,"DAOY_CENTRAL_NERVOUS_SYSTEM":2.167093794,"DB_HAEMATOPOIETIC_AND_LYMPHOID_TISSUE":2.135927173,"DEL_HAEMATOPOIETIC_AND_LYMPHOID_TISSUE":1.686595651,"DETROIT562_UPPER_AERODIGESTIVE_TRACT":-0.485149722,"DKMG_CENTRAL_NERVOUS_SYSTEM":2.170751206,"DLD1_LARGE_INTESTINE":1.832423325,"DU4475_BREAST":1.955399885,"EFE184_ENDOMETRIUM":0.632860323,"EFM19_BREAST":2.125320653,"EFO21_OVARY":2.180839602,"EFO27_OVARY":0.030194467,"EJM_HAEMATOPOIETIC_AND_LYMPHOID_TISSUE":1.796847379,"EKVX_LUNG":2.183076399,"EM2_HAEMATOPOIETIC_AND_LYMPHOID_TISSUE":0.289470512,"EN_ENDOMETRIUM":2.014311632,"EOL1_HAEMATOPOIETIC_AND_LYMPHOID_TISSUE":2.023910653,"EPLC272H_LUNG":2.165416018,"ES2_OVARY":2.050203867,"ESO26_OESOPHAGUS":-5.919000199,"ESS1_ENDOMETRIUM":1.96335283,"EW8_BONE":1.327641915,"EWS502_BONE":1.886695902,"F36P_HAEMATOPOIETIC_AND_LYMPHOID_TISSUE":1.911596957,"F5_CENTRAL_NERVOUS_SYSTEM":1.951406293,"FADU_UPPER_AERODIGESTIVE_TRACT":1.488299868,"FLO1_OESOPHAGUS":2.163622353,"FU97_STOMACH":1.901737286,"G292CLONEA141B1_BONE":2.014290263,"G402_SOFT_TISSUE":1.69868463,"GAMG_CENTRAL_NERVOUS_SYSTEM":1.643723148,"GB1_CENTRAL_NERVOUS_SYSTEM":0.924961527,"GCIY_STOMACH":1.35383731,"GCT_SOFT_TISSUE":2.087252728,"GI1_CENTRAL_NERVOUS_SYSTEM":1.821853429,"GSS_STOMACH":1.969544314,"GSU_STOMACH":1.278077132,"H103_UPPER_AERODIGESTIVE_TRACT":1.77200116,"H4_CENTRAL_NERVOUS_SYSTEM":1.82390621,"HARA_LUNG":-3.03331339,"HB1119_HAEMATOPOIETIC_AND_LYMPHOID_TISSUE":2.129718242,"HCC1143_BREAST":0.162707085,"HCC1359_LUNG":2.179892878,"HCC1395_BREAST":2.169248286,"HCC1419_BREAST":-0.140837277,"HCC1428_BREAST":0.793952168,"HCC15_LUNG":1.896502118,"HCC1806_BREAST":2.020354013,"HCC1937_BREAST":2.171174431,"HCC1954_BREAST":-0.492743975,"HCC202_BREAST":-1.339313398,"HCC2429_LUNG":2.006523716,"HCC2935_LUNG":1.689428671,"HCC366_LUNG":2.182291625,"HCC461_LUNG":-10.73698256,"HCC515_LUNG":1.419908442,"HCC56_LARGE_INTESTINE":1.986465229,"HCC827_LUNG":2.014548788,"HCC95_LUNG":2.182220758,"HDMYZ_HAEMATOPOIETIC_AND_LYMPHOID_TISSUE":2.181156445,"HEC151_ENDOMETRIUM":0.87477791,"HEC1A_ENDOMETRIUM":0.210179712,"HEC1B_ENDOMETRIUM":2.166546671,"HEC251_ENDOMETRIUM":2.136851553,"HEC265_ENDOMETRIUM":1.876287628,"HEC50B_ENDOMETRIUM":2.066485544,"HEC59_ENDOMETRIUM":-1.032328175,"HEC6_ENDOMETRIUM":2.113903096,"HEL_HAEMATOPOIETIC_AND_LYMPHOID_TISSUE":-1.271752636,"HEL9217_HAEMATOPOIETIC_AND_LYMPHOID_TISSUE":-2.823092098,"HEYA8_OVARY":0.243162436,"HGC27_STOMACH":1.908163863,"HLF_LIVER":1.824411154,"HMC18_BREAST":-5.626046097,"HOP62_LUNG":1.121946819,"HS294T_SKIN":0.887267674,"HS578T_BREAST":2.096226823,"HS683_CENTRAL_NERVOUS_SYSTEM":1.727108599,"HS695T_SKIN":0.273366787,"HS729_SOFT_TISSUE":2.176489123,"HS746T_STOMACH":1.647465824,"HS766T_PANCREAS":1.878727938,"HS852T_SKIN":2.182689084,"HS944T_SKIN":0.970659418,"HSB2_HAEMATOPOIETIC_AND_LYMPHOID_TISSUE":1.836032063,"HSC1_SKIN":2.147877397,"HSC2_UPPER_AERODIGESTIVE_TRACT":2.181774017,"HSC3_UPPER_AERODIGESTIVE_TRACT":2.18210505,"HT1080_SOFT_TISSUE":2.166288547,"HT115_LARGE_INTESTINE":1.098203713,"HT1197_URINARY_TRACT":1.344121243,"HT1376_URINARY_TRACT":2.175625723,"HT144_SKIN":2.031615527,"HT29_LARGE_INTESTINE":2.163210078,"HT55_LARGE_INTESTINE":-1.238897242,"HUH1_LIVER":0.381304319,"HUH6_LIVER":2.18052943,"HUH7_LIVER":0.814745011,"HUNS1_HAEMATOPOIETIC_AND_LYMPHOID_TISSUE":-0.881842058,"HUPT3_PANCREAS":0.600858798,"IALM_LUNG":2.183076399,"IGR1_SKIN":2.149266467,"IGR39_SKIN":1.301805177,"IMR32_AUTONOMIC_GANGLIA":1.984140502,"INA6_HAEMATOPOIETIC_AND_LYMPHOID_TISSUE":0.90549318,"IPC298_SKIN":0.984409545,"ISTMES1_PLEURA":2.183076399,"ISTMES2_PLEURA":2.138370317,"J82_URINARY_TRACT":-1.175306818,"JHH1_LIVER":2.177458686,"JHH4_LIVER":2.176353009,"JHH5_LIVER":2.108296297,"JHH7_LIVER":-0.862509511,"JHOC5_OVARY":2.144137779,"JHOM1_OVARY":2.129178968,"JHOS2_OVARY":1.782008055,"JHOS4_OVARY":2.170399061,"JHUEM1_ENDOMETRIUM":2.091361936,"JHUEM7_ENDOMETRIUM":2.125695747,"JIMT1_BREAST":2.181515813,"JJN3_HAEMATOPOIETIC_AND_LYMPHOID_TISSUE":1.872738016,"JMSU1_URINARY_TRACT":2.161333126,"JMURTK2_SOFT_TISSUE":1.833193497,"JOPACA1_PANCREAS":2.178430172,"JR_SOFT_TISSUE":2.132233387,"K029AX_SKIN":-3.436887888,"KALS1_CENTRAL_NERVOUS_SYSTEM":2.178581599,"KARPAS299_HAEMATOPOIETIC_AND_LYMPHOID_TISSUE":1.261699177,"KARPAS422_HAEMATOPOIETIC_AND_LYMPHOID_TISSUE":-8.346945481,"KASUMI1_HAEMATOPOIETIC_AND_LYMPHOID_TISSUE":-9.359783022,"KE39_STOMACH":-20,"KE97_HAEMATOPOIETIC_AND_LYMPHOID_TISSUE":2.176929889,"KELLY_AUTONOMIC_GANGLIA":2.182638138,"KIJK_HAEMATOPOIETIC_AND_LYMPHOID_TISSUE":2.117915138,"KLE_ENDOMETRIUM":1.755241181,"KM12_LARGE_INTESTINE":1.897608036,