{"scores":{"127399_SOFT_TISSUE":1.724356725,"143B_BONE":1.707892121,"2313287_STOMACH":2.222063502,"253J_URINARY_TRACT":2.245062964,"42MGBA_CENTRAL_NERVOUS_SYSTEM":2.089562884,"5637_URINARY_TRACT":2.201542319,"59M_OVARY":0.5255752,"639V_URINARY_TRACT":2.183696797,"647V_URINARY_TRACT":2.194454159,"697_HAEMATOPOIETIC_AND_LYMPHOID_TISSUE":2.250702318,"769P_KIDNEY":2.256114633,"786O_KIDNEY":-0.3166365,"8305C_THYROID":2.159306688,"8MGBA_CENTRAL_NERVOUS_SYSTEM":2.074344747,"A2058_SKIN":2.188041635,"A2780_OVARY":1.96975571,"A3KAW_HAEMATOPOIETIC_AND_LYMPHOID_TISSUE":-10.25809133,"A427_LUNG":2.215616288,"A431_SKIN":2.137350942,"A549_LUNG":-5.906374744,"A673_BONE":0.140219916,"ABC1_LUNG":2.031942705,"ACCMESO1_PLEURA":-1.703533298,"AGS_STOMACH":2.248124364,"AML193_HAEMATOPOIETIC_AND_LYMPHOID_TISSUE":2.243238184,"AMO1_HAEMATOPOIETIC_AND_LYMPHOID_TISSUE":1.928260479,"ASPC1_PANCREAS":1.812427663,"AU565_BREAST":2.247375007,"BC3C_URINARY_TRACT":2.136033012,"BFTC905_URINARY_TRACT":2.238317855,"BFTC909_KIDNEY":2.212108077,"BHY_UPPER_AERODIGESTIVE_TRACT":2.198293949,"BICR16_UPPER_AERODIGESTIVE_TRACT":2.020310948,"BICR22_UPPER_AERODIGESTIVE_TRACT":1.841567837,"BICR31_UPPER_AERODIGESTIVE_TRACT":2.177694115,"BICR56_UPPER_AERODIGESTIVE_TRACT":2.255798694,"BICR6_UPPER_AERODIGESTIVE_TRACT":-0.724966988,"BICR78_UPPER_AERODIGESTIVE_TRACT":0.316613494,"BIN67_OVARY":2.255896706,"BL70_HAEMATOPOIETIC_AND_LYMPHOID_TISSUE":2.256114633,"BLUE1_HAEMATOPOIETIC_AND_LYMPHOID_TISSUE":1.414994734,"BT12_SOFT_TISSUE":0.272111891,"BT16_SOFT_TISSUE":0.716060541,"BT549_BREAST":2.25330757,"C2BBE1_LARGE_INTESTINE":2.099635332,"C32_SKIN":2.041178803,"C8166_HAEMATOPOIETIC_AND_LYMPHOID_TISSUE":2.145494556,"CADOES1_BONE":-0.729386881,"CAKI1_KIDNEY":2.178537066,"CAKI2_KIDNEY":0.40374599,"CAL27_UPPER_AERODIGESTIVE_TRACT":2.18787041,"CAL29_URINARY_TRACT":2.119372809,"CAL33_UPPER_AERODIGESTIVE_TRACT":1.079063223,"CAL51_BREAST":2.248853456,"CAL78_BONE":2.02509833,"CALU1_LUNG":1.676424503,"CALU6_LUNG":2.221267115,"CAMA1_BREAST":-0.898064255,"CAOV3_OVARY":2.177448702,"CAS1_CENTRAL_NERVOUS_SYSTEM":2.247712196,"CASKI_CERVIX":1.926448344,"CCFSTTG1_CENTRAL_NERVOUS_SYSTEM":1.836019224,"CCK81_LARGE_INTESTINE":2.256021548,"CCLFPEDS0001T_KIDNEY":-8.957752558,"CCLFPEDS0003T_SOFT_TISSUE":0.122289082,"CFPAC1_PANCREAS":2.241160725,"CH157MN_CENTRAL_NERVOUS_SYSTEM":-11.4722471,"CHAGOK1_LUNG":2.25606117,"CHLA06ATRT_SOFT_TISSUE":-0.90359279,"CHLA15_AUTONOMIC_GANGLIA":2.187480221,"CHLA266_SOFT_TISSUE":2.046270995,"CHP212_AUTONOMIC_GANGLIA":2.250124847,"CJM_SKIN":2.06814867,"CL40_LARGE_INTESTINE":1.907543504,"CME1_SOFT_TISSUE":1.524152435,"CMLT1_HAEMATOPOIETIC_AND_LYMPHOID_TISSUE":1.792216409,"COGAR359_SOFT_TISSUE":1.988627548,"COGE352_BONE":2.246180577,"COGN278_AUTONOMIC_GANGLIA":1.22118761,"COGN305_AUTONOMIC_GANGLIA":2.247549858,"COLO201_LARGE_INTESTINE":1.809409004,"COLO678_LARGE_INTESTINE":2.222619456,"COLO679_SKIN":1.569409693,"COLO792_SKIN":2.231870169,"COLO800_SKIN":0.520105558,"CORL23_LUNG":2.219824961,"CORL279_LUNG":1.712111737,"CORL47_LUNG":2.042237321,"COV318_OVARY":1.755636725,"COV362_OVARY":1.814229382,"COV434_OVARY":-1.95920188,"COV504_OVARY":1.828979426,"COV644_OVARY":1.922602553,"CW9019_SOFT_TISSUE":2.052443906,"D283MED_CENTRAL_NERVOUS_SYSTEM":0.290995599,"D341MED_CENTRAL_NERVOUS_SYSTEM":1.587872509,"D425_CENTRAL_NERVOUS_SYSTEM":2.158360936,"D458_CENTRAL_NERVOUS_SYSTEM":1.34002634,"DANG_PANCREAS":2.188265284,"DAOY_CENTRAL_NERVOUS_SYSTEM":2.204946397,"DB_HAEMATOPOIETIC_AND_LYMPHOID_TISSUE":2.210227672,"DEL_HAEMATOPOIETIC_AND_LYMPHOID_TISSUE":-0.542150529,"DETROIT562_UPPER_AERODIGESTIVE_TRACT":2.209644194,"DKMG_CENTRAL_NERVOUS_SYSTEM":2.027691795,"DLD1_LARGE_INTESTINE":-18.6000718,"DU4475_BREAST":2.255220262,"EFE184_ENDOMETRIUM":1.517165359,"EFM19_BREAST":2.235004477,"EFO21_OVARY":2.218230437,"EFO27_OVARY":2.18262218,"EJM_HAEMATOPOIETIC_AND_LYMPHOID_TISSUE":1.282993707,"EKVX_LUNG":1.158868896,"EM2_HAEMATOPOIETIC_AND_LYMPHOID_TISSUE":-2.00495099,"EN_ENDOMETRIUM":0.453953008,"EOL1_HAEMATOPOIETIC_AND_LYMPHOID_TISSUE":1.926415764,"EPLC272H_LUNG":2.0556685,"ES2_OVARY":2.223552891,"ESO26_OESOPHAGUS":2.244640991,"ESS1_ENDOMETRIUM":2.18100207,"EW8_BONE":1.93947524,"EWS502_BONE":2.18728881,"F36P_HAEMATOPOIETIC_AND_LYMPHOID_TISSUE":2.221112795,"F5_CENTRAL_NERVOUS_SYSTEM":-0.171504891,"FADU_UPPER_AERODIGESTIVE_TRACT":2.254724622,"FLO1_OESOPHAGUS":-1.400397914,"FU97_STOMACH":2.256038411,"G292CLONEA141B1_BONE":2.140435445,"G402_SOFT_TISSUE":2.25560432,"GAMG_CENTRAL_NERVOUS_SYSTEM":-2.876816557,"GB1_CENTRAL_NERVOUS_SYSTEM":2.19146544,"GCIY_STOMACH":0.668721374,"GCT_SOFT_TISSUE":2.065243815,"GI1_CENTRAL_NERVOUS_SYSTEM":1.2139165,"GSS_STOMACH":1.657287023,"GSU_STOMACH":1.699812942,"H103_UPPER_AERODIGESTIVE_TRACT":1.95024092,"H4_CENTRAL_NERVOUS_SYSTEM":1.213661708,"HARA_LUNG":-2.031523534,"HB1119_HAEMATOPOIETIC_AND_LYMPHOID_TISSUE":2.247540596,"HCC1143_BREAST":-15.78716171,"HCC1359_LUNG":2.049780909,"HCC1395_BREAST":2.093331021,"HCC1419_BREAST":1.812077969,"HCC1428_BREAST":2.233938096,"HCC15_LUNG":0.518669556,"HCC1806_BREAST":1.56263112,"HCC1937_BREAST":-0.213907182,"HCC1954_BREAST":0.894893371,"HCC202_BREAST":1.570217533,"HCC2429_LUNG":2.156776946,"HCC2935_LUNG":-2.716418954,"HCC366_LUNG":1.589342731,"HCC461_LUNG":2.254937227,"HCC515_LUNG":2.255999533,"HCC56_LARGE_INTESTINE":0.545647155,"HCC827_LUNG":1.369697193,"HCC95_LUNG":0.303430937,"HDMYZ_HAEMATOPOIETIC_AND_LYMPHOID_TISSUE":-3.787768647,"HEC151_ENDOMETRIUM":2.097869893,"HEC1A_ENDOMETRIUM":-1.833433316,"HEC1B_ENDOMETRIUM":1.925289534,"HEC251_ENDOMETRIUM":1.912290014,"HEC265_ENDOMETRIUM":2.090128329,"HEC50B_ENDOMETRIUM":-0.984337646,"HEC59_ENDOMETRIUM":2.215929081,"HEC6_ENDOMETRIUM":2.113825144,"HEL_HAEMATOPOIETIC_AND_LYMPHOID_TISSUE":2.181237944,"HEL9217_HAEMATOPOIETIC_AND_LYMPHOID_TISSUE":0.37192345,"HEYA8_OVARY":0.499100273,"HGC27_STOMACH":0.877725603,"HLF_LIVER":1.993511913,"HMC18_BREAST":2.134639957,"HOP62_LUNG":0.97929027,"HS294T_SKIN":1.847105871,"HS578T_BREAST":2.254312971,"HS683_CENTRAL_NERVOUS_SYSTEM":1.60716541,"HS695T_SKIN":1.703040297,"HS729_SOFT_TISSUE":2.253291497,"HS746T_STOMACH":-14.53677515,"HS766T_PANCREAS":2.115890901,"HS852T_SKIN":0.699646202,"HS944T_SKIN":-0.479681778,"HSB2_HAEMATOPOIETIC_AND_LYMPHOID_TISSUE":1.12874416,"HSC1_SKIN":0.509378834,"HSC2_UPPER_AERODIGESTIVE_TRACT":2.256109794,"HSC3_UPPER_AERODIGESTIVE_TRACT":1.996190707,"HT1080_SOFT_TISSUE":0.825163562,"HT115_LARGE_INTESTINE":-1.213753133,"HT1197_URINARY_TRACT":-0.379406532,"HT1376_URINARY_TRACT":1.34296355,"HT144_SKIN":1.760680369,"HT29_LARGE_INTESTINE":-7.161304318,"HT55_LARGE_INTESTINE":1.312711523,"HUH1_LIVER":2.196940881,"HUH6_LIVER":1.810969356,"HUH7_LIVER":0.905267255,"HUNS1_HAEMATOPOIETIC_AND_LYMPHOID_TISSUE":2.241814971,"HUPT3_PANCREAS":1.672400015,"IALM_LUNG":2.166023259,"IGR1_SKIN":2.132580449,"IGR39_SKIN":2.129087101,"IMR32_AUTONOMIC_GANGLIA":1.81846304,"INA6_HAEMATOPOIETIC_AND_LYMPHOID_TISSUE":0.805303781,"IPC298_SKIN":1.818933612,"ISTMES1_PLEURA":-0.885169696,"ISTMES2_PLEURA":-0.258303606,"J82_URINARY_TRACT":2.211540197,"JHH1_LIVER":2.251620917,"JHH4_LIVER":2.203920395,"JHH5_LIVER":2.062835756,"JHH7_LIVER":1.17945783,"JHOC5_OVARY":2.065178159,"JHOM1_OVARY":1.925167483,"JHOS2_OVARY":2.22928188,"JHOS4_OVARY":1.908172853,"JHUEM1_ENDOMETRIUM":1.892145139,"JHUEM7_ENDOMETRIUM":2.220261881,"JIMT1_BREAST":2.204878843,"JJN3_HAEMATOPOIETIC_AND_LYMPHOID_TISSUE":2.237430354,"JMSU1_URINARY_TRACT":1.869960171,"JMURTK2_SOFT_TISSUE":-7.803993024,"JOPACA1_PANCREAS":2.16263211,"JR_SOFT_TISSUE":2.256114633,"K029AX_SKIN":1.825289213,"KALS1_CENTRAL_NERVOUS_SYSTEM":2.142028862,"KARPAS299_HAEMATOPOIETIC_AND_LYMPHOID_TISSUE":-2.762137981,"KARPAS422_HAEMATOPOIETIC_AND_LYMPHOID_TISSUE":2.203795638,"KASUMI1_HAEMATOPOIETIC_AND_LYMPHOID_TISSUE":1.838469534,"KE39_STOMACH":-1.72821736,"KE97_HAEMATOPOIETIC_AND_LYMPHOID_TISSUE":2.250562848,"KELLY_AUTONOMIC_GANGLIA":1.962350737,"KIJK_HAEMATOPOIETIC_AND_LYMPHOID_TISSUE":0.489339351,"KLE_ENDOMETRIUM":2.255288598,"KM12_LARGE_INTESTINE":-16.98190796,