{"scores":{"127399_SOFT_TISSUE":0.299289024,"143B_BONE":1.798579381,"2313287_STOMACH":1.77012513,"253J_URINARY_TRACT":1.814754548,"42MGBA_CENTRAL_NERVOUS_SYSTEM":0.443788124,"5637_URINARY_TRACT":1.763665067,"59M_OVARY":0.201077395,"639V_URINARY_TRACT":1.727940469,"647V_URINARY_TRACT":1.757330729,"697_HAEMATOPOIETIC_AND_LYMPHOID_TISSUE":1.626982557,"769P_KIDNEY":0.039752797,"786O_KIDNEY":1.834970509,"8305C_THYROID":0.900978302,"8MGBA_CENTRAL_NERVOUS_SYSTEM":1.007435906,"A2058_SKIN":1.82521786,"A2780_OVARY":1.601332384,"A3KAW_HAEMATOPOIETIC_AND_LYMPHOID_TISSUE":0.584648827,"A427_LUNG":1.795006643,"A431_SKIN":1.758782779,"A549_LUNG":1.831169634,"A673_BONE":0.395801647,"ABC1_LUNG":1.832957061,"ACCMESO1_PLEURA":-1.952824696,"AGS_STOMACH":1.826366415,"AML193_HAEMATOPOIETIC_AND_LYMPHOID_TISSUE":1.64513181,"AMO1_HAEMATOPOIETIC_AND_LYMPHOID_TISSUE":-0.822605119,"ASPC1_PANCREAS":1.709307344,"AU565_BREAST":1.797092557,"BC3C_URINARY_TRACT":1.793556126,"BFTC905_URINARY_TRACT":-0.835385857,"BFTC909_KIDNEY":0.900886942,"BHY_UPPER_AERODIGESTIVE_TRACT":1.807749323,"BICR16_UPPER_AERODIGESTIVE_TRACT":-7.553724415,"BICR22_UPPER_AERODIGESTIVE_TRACT":-1.890860035,"BICR31_UPPER_AERODIGESTIVE_TRACT":-2.531659956,"BICR56_UPPER_AERODIGESTIVE_TRACT":0.765560569,"BICR6_UPPER_AERODIGESTIVE_TRACT":1.832382047,"BICR78_UPPER_AERODIGESTIVE_TRACT":1.368839654,"BIN67_OVARY":0.045051834,"BL70_HAEMATOPOIETIC_AND_LYMPHOID_TISSUE":1.601603824,"BLUE1_HAEMATOPOIETIC_AND_LYMPHOID_TISSUE":-2.153124261,"BT12_SOFT_TISSUE":1.691781834,"BT16_SOFT_TISSUE":0.693180151,"BT549_BREAST":1.426548849,"C2BBE1_LARGE_INTESTINE":1.395303441,"C32_SKIN":1.681363705,"C8166_HAEMATOPOIETIC_AND_LYMPHOID_TISSUE":1.832256493,"CADOES1_BONE":0.690292584,"CAKI1_KIDNEY":-0.241253476,"CAKI2_KIDNEY":1.270377692,"CAL27_UPPER_AERODIGESTIVE_TRACT":1.181030145,"CAL29_URINARY_TRACT":1.789754044,"CAL33_UPPER_AERODIGESTIVE_TRACT":0.768111423,"CAL51_BREAST":1.703061865,"CAL78_BONE":1.729140639,"CALU1_LUNG":0.005481965,"CALU6_LUNG":1.760687632,"CAMA1_BREAST":1.086000944,"CAOV3_OVARY":0.812403212,"CAS1_CENTRAL_NERVOUS_SYSTEM":1.264328278,"CASKI_CERVIX":-2.232442514,"CCFSTTG1_CENTRAL_NERVOUS_SYSTEM":1.820271971,"CCK81_LARGE_INTESTINE":-0.991770952,"CCLFPEDS0001T_KIDNEY":1.834427783,"CCLFPEDS0003T_SOFT_TISSUE":-1.370870807,"CFPAC1_PANCREAS":0.739740618,"CH157MN_CENTRAL_NERVOUS_SYSTEM":1.793413675,"CHAGOK1_LUNG":1.656605749,"CHLA06ATRT_SOFT_TISSUE":1.709392902,"CHLA15_AUTONOMIC_GANGLIA":1.145667277,"CHLA266_SOFT_TISSUE":1.750907072,"CHP212_AUTONOMIC_GANGLIA":0.659869594,"CJM_SKIN":0.958737303,"CL40_LARGE_INTESTINE":-1.272342401,"CME1_SOFT_TISSUE":-1.454188498,"CMLT1_HAEMATOPOIETIC_AND_LYMPHOID_TISSUE":1.104354374,"COGAR359_SOFT_TISSUE":0.384396083,"COGE352_BONE":1.091244903,"COGN278_AUTONOMIC_GANGLIA":1.212293344,"COGN305_AUTONOMIC_GANGLIA":0.393447344,"COLO201_LARGE_INTESTINE":1.815072822,"COLO678_LARGE_INTESTINE":1.044734375,"COLO679_SKIN":1.5957045,"COLO792_SKIN":0.146057269,"COLO800_SKIN":0.723684047,"CORL23_LUNG":0.808422252,"CORL279_LUNG":0.698153245,"CORL47_LUNG":1.001229965,"COV318_OVARY":1.232375382,"COV362_OVARY":1.803979596,"COV434_OVARY":1.82748843,"COV504_OVARY":1.715685311,"COV644_OVARY":1.756737521,"CW9019_SOFT_TISSUE":-0.46764113,"D283MED_CENTRAL_NERVOUS_SYSTEM":1.661119645,"D341MED_CENTRAL_NERVOUS_SYSTEM":1.394597854,"D425_CENTRAL_NERVOUS_SYSTEM":0.095086255,"D458_CENTRAL_NERVOUS_SYSTEM":-0.285237408,"DANG_PANCREAS":1.834572136,"DAOY_CENTRAL_NERVOUS_SYSTEM":1.772943719,"DB_HAEMATOPOIETIC_AND_LYMPHOID_TISSUE":-1.625829508,"DEL_HAEMATOPOIETIC_AND_LYMPHOID_TISSUE":1.297431717,"DETROIT562_UPPER_AERODIGESTIVE_TRACT":0.790200057,"DKMG_CENTRAL_NERVOUS_SYSTEM":1.610502947,"DLD1_LARGE_INTESTINE":1.715725276,"DU4475_BREAST":1.687938217,"EFE184_ENDOMETRIUM":1.834991998,"EFM19_BREAST":-6.23202478,"EFO21_OVARY":1.337570789,"EFO27_OVARY":1.822445122,"EJM_HAEMATOPOIETIC_AND_LYMPHOID_TISSUE":0.71320235,"EKVX_LUNG":1.818431575,"EM2_HAEMATOPOIETIC_AND_LYMPHOID_TISSUE":0.533852267,"EN_ENDOMETRIUM":1.600075395,"EOL1_HAEMATOPOIETIC_AND_LYMPHOID_TISSUE":-0.475235608,"EPLC272H_LUNG":0.734720998,"ES2_OVARY":0.771717592,"ESO26_OESOPHAGUS":1.710308041,"ESS1_ENDOMETRIUM":1.393693715,"EW8_BONE":1.627730044,"EWS502_BONE":1.814720329,"F36P_HAEMATOPOIETIC_AND_LYMPHOID_TISSUE":1.826783147,"F5_CENTRAL_NERVOUS_SYSTEM":-1.022789093,"FADU_UPPER_AERODIGESTIVE_TRACT":0.845174231,"FLO1_OESOPHAGUS":1.826545211,"FU97_STOMACH":1.824667018,"G292CLONEA141B1_BONE":0.128893965,"G402_SOFT_TISSUE":-2.435268166,"GAMG_CENTRAL_NERVOUS_SYSTEM":1.834079304,"GB1_CENTRAL_NERVOUS_SYSTEM":1.546631288,"GCIY_STOMACH":1.547003957,"GCT_SOFT_TISSUE":1.471595399,"GI1_CENTRAL_NERVOUS_SYSTEM":-1.233698711,"GSS_STOMACH":1.297610279,"GSU_STOMACH":1.338970826,"H103_UPPER_AERODIGESTIVE_TRACT":1.744904463,"H4_CENTRAL_NERVOUS_SYSTEM":1.742668155,"HARA_LUNG":1.312751254,"HB1119_HAEMATOPOIETIC_AND_LYMPHOID_TISSUE":1.550563589,"HCC1143_BREAST":-3.61116392,"HCC1359_LUNG":-1.303566041,"HCC1395_BREAST":1.68809868,"HCC1419_BREAST":0.639519424,"HCC1428_BREAST":0.625560271,"HCC15_LUNG":1.828528074,"HCC1806_BREAST":-14.37320351,"HCC1937_BREAST":0.189974911,"HCC1954_BREAST":1.701424818,"HCC202_BREAST":1.591996419,"HCC2429_LUNG":0.671420979,"HCC2935_LUNG":-0.767209062,"HCC366_LUNG":-0.015756538,"HCC461_LUNG":1.790764567,"HCC515_LUNG":-2.669307557,"HCC56_LARGE_INTESTINE":1.379261183,"HCC827_LUNG":0.725732905,"HCC95_LUNG":1.631732506,"HDMYZ_HAEMATOPOIETIC_AND_LYMPHOID_TISSUE":1.048461881,"HEC151_ENDOMETRIUM":1.698895968,"HEC1A_ENDOMETRIUM":1.644102706,"HEC1B_ENDOMETRIUM":1.693851359,"HEC251_ENDOMETRIUM":1.767188628,"HEC265_ENDOMETRIUM":1.785758853,"HEC50B_ENDOMETRIUM":1.826384091,"HEC59_ENDOMETRIUM":1.796394902,"HEC6_ENDOMETRIUM":0.38815871,"HEL_HAEMATOPOIETIC_AND_LYMPHOID_TISSUE":1.610540502,"HEL9217_HAEMATOPOIETIC_AND_LYMPHOID_TISSUE":0.395797761,"HEYA8_OVARY":1.794967831,"HGC27_STOMACH":1.608558409,"HLF_LIVER":1.494469729,"HMC18_BREAST":1.820951529,"HOP62_LUNG":-0.357393131,"HS294T_SKIN":1.804666669,"HS578T_BREAST":1.743771635,"HS683_CENTRAL_NERVOUS_SYSTEM":0.50507417,"HS695T_SKIN":0.86808301,"HS729_SOFT_TISSUE":1.828220066,"HS746T_STOMACH":1.644006518,"HS766T_PANCREAS":-0.115194201,"HS852T_SKIN":1.756234588,"HS944T_SKIN":1.825919749,"HSB2_HAEMATOPOIETIC_AND_LYMPHOID_TISSUE":-0.681269411,"HSC1_SKIN":1.814052563,"HSC2_UPPER_AERODIGESTIVE_TRACT":1.828351382,"HSC3_UPPER_AERODIGESTIVE_TRACT":-0.050216549,"HT1080_SOFT_TISSUE":1.832319297,"HT115_LARGE_INTESTINE":1.833102782,"HT1197_URINARY_TRACT":-0.721205008,"HT1376_URINARY_TRACT":1.63574731,"HT144_SKIN":1.761948132,"HT29_LARGE_INTESTINE":1.692743503,"HT55_LARGE_INTESTINE":1.539881981,"HUH1_LIVER":1.782788761,"HUH6_LIVER":1.670363757,"HUH7_LIVER":0.755205437,"HUNS1_HAEMATOPOIETIC_AND_LYMPHOID_TISSUE":1.536849324,"HUPT3_PANCREAS":-0.071391314,"IALM_LUNG":-2.027163644,"IGR1_SKIN":0.896611947,"IGR39_SKIN":1.275947133,"IMR32_AUTONOMIC_GANGLIA":1.458010366,"INA6_HAEMATOPOIETIC_AND_LYMPHOID_TISSUE":1.834991998,"IPC298_SKIN":1.684542351,"ISTMES1_PLEURA":-2.129807462,"ISTMES2_PLEURA":1.772156042,"J82_URINARY_TRACT":1.06546474,"JHH1_LIVER":1.831264624,"JHH4_LIVER":1.834850737,"JHH5_LIVER":-1.540585586,"JHH7_LIVER":1.834895559,"JHOC5_OVARY":1.577432663,"JHOM1_OVARY":1.519220062,"JHOS2_OVARY":1.319280468,"JHOS4_OVARY":1.588516742,"JHUEM1_ENDOMETRIUM":0.908335658,"JHUEM7_ENDOMETRIUM":0.213208865,"JIMT1_BREAST":1.834966105,"JJN3_HAEMATOPOIETIC_AND_LYMPHOID_TISSUE":1.468369782,"JMSU1_URINARY_TRACT":1.806460588,"JMURTK2_SOFT_TISSUE":1.611435446,"JOPACA1_PANCREAS":-0.684022439,"JR_SOFT_TISSUE":1.289056258,"K029AX_SKIN":1.655267783,"KALS1_CENTRAL_NERVOUS_SYSTEM":1.760041563,"KARPAS299_HAEMATOPOIETIC_AND_LYMPHOID_TISSUE":-5.839068199,"KARPAS422_HAEMATOPOIETIC_AND_LYMPHOID_TISSUE":-6.156622779,"KASUMI1_HAEMATOPOIETIC_AND_LYMPHOID_TISSUE":0.151240403,"KE39_STOMACH":-0.260144172,"KE97_HAEMATOPOIETIC_AND_LYMPHOID_TISSUE":1.359531261,"KELLY_AUTONOMIC_GANGLIA":1.598723069,"KIJK_HAEMATOPOIETIC_AND_LYMPHOID_TISSUE":1.430885135,"KLE_ENDOMETRIUM":0.84370801,