{"scores":{"127399_SOFT_TISSUE":2.636944672,"143B_BONE":-2.740591411,"2313287_STOMACH":0.02660347,"253J_URINARY_TRACT":3.135040754,"42MGBA_CENTRAL_NERVOUS_SYSTEM":1.958633843,"5637_URINARY_TRACT":2.413037999,"59M_OVARY":2.946938668,"639V_URINARY_TRACT":2.776534188,"647V_URINARY_TRACT":2.545648744,"697_HAEMATOPOIETIC_AND_LYMPHOID_TISSUE":2.727845108,"769P_KIDNEY":2.89234045,"786O_KIDNEY":2.945731436,"8305C_THYROID":2.218425195,"8MGBA_CENTRAL_NERVOUS_SYSTEM":2.37353846,"A2058_SKIN":2.215941928,"A2780_OVARY":1.554179477,"A3KAW_HAEMATOPOIETIC_AND_LYMPHOID_TISSUE":2.477747581,"A427_LUNG":-1.867953489,"A431_SKIN":1.157446422,"A549_LUNG":2.245941702,"A673_BONE":2.580908281,"ABC1_LUNG":-6.316571766,"ACCMESO1_PLEURA":2.062154066,"AGS_STOMACH":0.163484972,"AML193_HAEMATOPOIETIC_AND_LYMPHOID_TISSUE":0.433712717,"AMO1_HAEMATOPOIETIC_AND_LYMPHOID_TISSUE":3.008182338,"ASPC1_PANCREAS":1.46111182,"AU565_BREAST":2.685310425,"BC3C_URINARY_TRACT":0.874323232,"BFTC905_URINARY_TRACT":1.300611582,"BFTC909_KIDNEY":2.36439378,"BHY_UPPER_AERODIGESTIVE_TRACT":3.116220145,"BICR16_UPPER_AERODIGESTIVE_TRACT":2.409102225,"BICR22_UPPER_AERODIGESTIVE_TRACT":3.160397898,"BICR31_UPPER_AERODIGESTIVE_TRACT":2.930873017,"BICR56_UPPER_AERODIGESTIVE_TRACT":3.142835527,"BICR6_UPPER_AERODIGESTIVE_TRACT":2.667775375,"BICR78_UPPER_AERODIGESTIVE_TRACT":2.637493315,"BIN67_OVARY":-5.121917397,"BL70_HAEMATOPOIETIC_AND_LYMPHOID_TISSUE":2.597705929,"BLUE1_HAEMATOPOIETIC_AND_LYMPHOID_TISSUE":2.208674863,"BT12_SOFT_TISSUE":0.059985947,"BT16_SOFT_TISSUE":3.157288285,"BT549_BREAST":-0.137101475,"C2BBE1_LARGE_INTESTINE":2.218556832,"C32_SKIN":1.121236531,"C8166_HAEMATOPOIETIC_AND_LYMPHOID_TISSUE":2.598024172,"CADOES1_BONE":-1.624764397,"CAKI1_KIDNEY":2.223809711,"CAKI2_KIDNEY":2.263888242,"CAL27_UPPER_AERODIGESTIVE_TRACT":3.167498634,"CAL29_URINARY_TRACT":2.779125505,"CAL33_UPPER_AERODIGESTIVE_TRACT":2.423374031,"CAL51_BREAST":0.845219313,"CAL78_BONE":2.461228901,"CALU1_LUNG":3.179734038,"CALU6_LUNG":2.193956275,"CAMA1_BREAST":2.810478546,"CAOV3_OVARY":2.828186938,"CAS1_CENTRAL_NERVOUS_SYSTEM":2.653401808,"CASKI_CERVIX":2.010682764,"CCFSTTG1_CENTRAL_NERVOUS_SYSTEM":-5.288364682,"CCK81_LARGE_INTESTINE":2.974279384,"CCLFPEDS0001T_KIDNEY":0.349407156,"CCLFPEDS0003T_SOFT_TISSUE":2.098150583,"CFPAC1_PANCREAS":-0.03953663,"CH157MN_CENTRAL_NERVOUS_SYSTEM":0.033979106,"CHAGOK1_LUNG":2.802154102,"CHLA06ATRT_SOFT_TISSUE":1.280157728,"CHLA15_AUTONOMIC_GANGLIA":0.533060478,"CHLA266_SOFT_TISSUE":0.74217188,"CHP212_AUTONOMIC_GANGLIA":1.95787066,"CJM_SKIN":2.439737262,"CL40_LARGE_INTESTINE":2.184930874,"CME1_SOFT_TISSUE":1.59502173,"CMLT1_HAEMATOPOIETIC_AND_LYMPHOID_TISSUE":-0.772418635,"COGAR359_SOFT_TISSUE":1.671598457,"COGE352_BONE":-2.781096617,"COGN278_AUTONOMIC_GANGLIA":1.05955369,"COGN305_AUTONOMIC_GANGLIA":2.787602431,"COLO201_LARGE_INTESTINE":2.077533188,"COLO678_LARGE_INTESTINE":0.337282562,"COLO679_SKIN":1.720354918,"COLO792_SKIN":-7.836952829,"COLO800_SKIN":3.112119051,"CORL23_LUNG":0.112823857,"CORL279_LUNG":2.650667777,"CORL47_LUNG":0.786981232,"COV318_OVARY":2.655799046,"COV362_OVARY":2.980934432,"COV434_OVARY":2.038006922,"COV504_OVARY":1.987404519,"COV644_OVARY":0.605118215,"CW9019_SOFT_TISSUE":3.092168407,"D283MED_CENTRAL_NERVOUS_SYSTEM":2.565065224,"D341MED_CENTRAL_NERVOUS_SYSTEM":3.03068446,"D425_CENTRAL_NERVOUS_SYSTEM":2.551751559,"D458_CENTRAL_NERVOUS_SYSTEM":1.838183522,"DANG_PANCREAS":1.903993465,"DAOY_CENTRAL_NERVOUS_SYSTEM":2.104709198,"DB_HAEMATOPOIETIC_AND_LYMPHOID_TISSUE":2.75470192,"DEL_HAEMATOPOIETIC_AND_LYMPHOID_TISSUE":0.773539562,"DETROIT562_UPPER_AERODIGESTIVE_TRACT":2.682230726,"DKMG_CENTRAL_NERVOUS_SYSTEM":0.973355341,"DLD1_LARGE_INTESTINE":2.328169719,"DU4475_BREAST":2.711315818,"EFE184_ENDOMETRIUM":2.857470334,"EFM19_BREAST":1.356253262,"EFO21_OVARY":0.544152413,"EFO27_OVARY":-0.632278605,"EJM_HAEMATOPOIETIC_AND_LYMPHOID_TISSUE":0.80444161,"EKVX_LUNG":-3.372240819,"EM2_HAEMATOPOIETIC_AND_LYMPHOID_TISSUE":1.262960731,"EN_ENDOMETRIUM":0.799033193,"EOL1_HAEMATOPOIETIC_AND_LYMPHOID_TISSUE":0.571525304,"EPLC272H_LUNG":1.330948367,"ES2_OVARY":-0.739938561,"ESO26_OESOPHAGUS":2.296200045,"ESS1_ENDOMETRIUM":1.277500573,"EW8_BONE":-0.761117754,"EWS502_BONE":1.580206773,"F36P_HAEMATOPOIETIC_AND_LYMPHOID_TISSUE":1.951269149,"F5_CENTRAL_NERVOUS_SYSTEM":2.652795134,"FADU_UPPER_AERODIGESTIVE_TRACT":2.084779417,"FLO1_OESOPHAGUS":-1.548977305,"FU97_STOMACH":-6.447879313,"G292CLONEA141B1_BONE":2.234272993,"G402_SOFT_TISSUE":2.391633879,"GAMG_CENTRAL_NERVOUS_SYSTEM":2.357292902,"GB1_CENTRAL_NERVOUS_SYSTEM":-3.25415369,"GCIY_STOMACH":-8.686209587,"GCT_SOFT_TISSUE":2.397845034,"GI1_CENTRAL_NERVOUS_SYSTEM":3.182623534,"GSS_STOMACH":-5.714294643,"GSU_STOMACH":2.703036639,"H103_UPPER_AERODIGESTIVE_TRACT":2.7363595,"H4_CENTRAL_NERVOUS_SYSTEM":3.177844413,"HARA_LUNG":-2.624248533,"HB1119_HAEMATOPOIETIC_AND_LYMPHOID_TISSUE":2.66568938,"HCC1143_BREAST":-0.72341036,"HCC1359_LUNG":1.631826964,"HCC1395_BREAST":1.641565021,"HCC1419_BREAST":-3.684234901,"HCC1428_BREAST":0.315311818,"HCC15_LUNG":1.489446996,"HCC1806_BREAST":2.942771346,"HCC1937_BREAST":2.348571991,"HCC1954_BREAST":2.931537725,"HCC202_BREAST":-3.184605052,"HCC2429_LUNG":3.143544114,"HCC2935_LUNG":1.96389664,"HCC366_LUNG":-2.821394255,"HCC461_LUNG":1.964135995,"HCC515_LUNG":2.243422964,"HCC56_LARGE_INTESTINE":-4.204118447,"HCC827_LUNG":0.657459591,"HCC95_LUNG":-1.904176008,"HDMYZ_HAEMATOPOIETIC_AND_LYMPHOID_TISSUE":-1.244076925,"HEC151_ENDOMETRIUM":3.00107324,"HEC1A_ENDOMETRIUM":2.884284134,"HEC1B_ENDOMETRIUM":0.94010601,"HEC251_ENDOMETRIUM":2.02447371,"HEC265_ENDOMETRIUM":2.498485092,"HEC50B_ENDOMETRIUM":-3.020380202,"HEC59_ENDOMETRIUM":-10.45628958,"HEC6_ENDOMETRIUM":1.687650399,"HEL_HAEMATOPOIETIC_AND_LYMPHOID_TISSUE":3.075952628,"HEL9217_HAEMATOPOIETIC_AND_LYMPHOID_TISSUE":3.161953581,"HEYA8_OVARY":2.875932869,"HGC27_STOMACH":2.003051766,"HLF_LIVER":3.127624409,"HMC18_BREAST":1.369550124,"HOP62_LUNG":1.607583408,"HS294T_SKIN":1.638507924,"HS578T_BREAST":-0.419177695,"HS683_CENTRAL_NERVOUS_SYSTEM":3.078624442,"HS695T_SKIN":3.058725556,"HS729_SOFT_TISSUE":1.595265902,"HS746T_STOMACH":1.474201227,"HS766T_PANCREAS":3.11909175,"HS852T_SKIN":2.000346582,"HS944T_SKIN":2.050179436,"HSB2_HAEMATOPOIETIC_AND_LYMPHOID_TISSUE":2.566893048,"HSC1_SKIN":-0.619038494,"HSC2_UPPER_AERODIGESTIVE_TRACT":2.068223125,"HSC3_UPPER_AERODIGESTIVE_TRACT":2.721582702,"HT1080_SOFT_TISSUE":-2.147971225,"HT115_LARGE_INTESTINE":2.780721716,"HT1197_URINARY_TRACT":-5.009910973,"HT1376_URINARY_TRACT":1.403906477,"HT144_SKIN":-1.307617007,"HT29_LARGE_INTESTINE":1.167980234,"HT55_LARGE_INTESTINE":1.525814436,"HUH1_LIVER":2.12034226,"HUH6_LIVER":-4.29911745,"HUH7_LIVER":0.538420385,"HUNS1_HAEMATOPOIETIC_AND_LYMPHOID_TISSUE":3.19545802,"HUPT3_PANCREAS":-4.377745806,"IALM_LUNG":-2.121659678,"IGR1_SKIN":0.461541631,"IGR39_SKIN":2.403657766,"IMR32_AUTONOMIC_GANGLIA":2.739170598,"INA6_HAEMATOPOIETIC_AND_LYMPHOID_TISSUE":-0.65212057,"IPC298_SKIN":-3.298617033,"ISTMES1_PLEURA":2.898219937,"ISTMES2_PLEURA":3.052899022,"J82_URINARY_TRACT":2.353645063,"JHH1_LIVER":-1.446213582,"JHH4_LIVER":-1.52348121,"JHH5_LIVER":-1.383021614,"JHH7_LIVER":-2.600655945,"JHOC5_OVARY":3.186060893,"JHOM1_OVARY":2.940584241,"JHOS2_OVARY":1.41932783,"JHOS4_OVARY":2.933561135,"JHUEM1_ENDOMETRIUM":-0.663920683,"JHUEM7_ENDOMETRIUM":3.090492696,"JIMT1_BREAST":3.123910372,"JJN3_HAEMATOPOIETIC_AND_LYMPHOID_TISSUE":1.32536053,"JMSU1_URINARY_TRACT":0.391609487,"JMURTK2_SOFT_TISSUE":1.256121156,"JOPACA1_PANCREAS":2.977705153,"JR_SOFT_TISSUE":0.061863235,"K029AX_SKIN":0.540752886,"KALS1_CENTRAL_NERVOUS_SYSTEM":2.906093506,"KARPAS299_HAEMATOPOIETIC_AND_LYMPHOID_TISSUE":2.865031398,"KARPAS422_HAEMATOPOIETIC_AND_LYMPHOID_TISSUE":3.088590254,"KASUMI1_HAEMATOPOIETIC_AND_LYMPHOID_TISSUE":1.484280467,"KE39_STOMACH":1.15006075,"KE97_HAEMATOPOIETIC_AND_LYMPHOID_TISSUE":2.817278141,"KELLY_AUTONOMIC_GANGLIA":0.948713185,"KIJK_HAEMATOPOIETIC_AND_LYMPHOID_TISSUE":2.485522316,"KLE_ENDOMETRIUM":2.451970737,