{"scores":{"127399_SOFT_TISSUE":2.222827689,"143B_BONE":2.695412525,"2313287_STOMACH":2.52669792,"253J_URINARY_TRACT":2.672670467,"42MGBA_CENTRAL_NERVOUS_SYSTEM":2.279868338,"5637_URINARY_TRACT":1.612920474,"59M_OVARY":2.18140137,"639V_URINARY_TRACT":1.702903214,"647V_URINARY_TRACT":1.579664487,"697_HAEMATOPOIETIC_AND_LYMPHOID_TISSUE":1.750445359,"769P_KIDNEY":1.676950547,"786O_KIDNEY":1.631463047,"8305C_THYROID":2.69348371,"8MGBA_CENTRAL_NERVOUS_SYSTEM":1.575214431,"A2058_SKIN":1.766117312,"A2780_OVARY":2.231828775,"A3KAW_HAEMATOPOIETIC_AND_LYMPHOID_TISSUE":-0.119340394,"A427_LUNG":2.494079465,"A431_SKIN":2.699811609,"A549_LUNG":2.415453888,"A673_BONE":-2.864463322,"ABC1_LUNG":2.366348554,"ACCMESO1_PLEURA":2.701092296,"AGS_STOMACH":2.137857778,"AML193_HAEMATOPOIETIC_AND_LYMPHOID_TISSUE":2.688707515,"AMO1_HAEMATOPOIETIC_AND_LYMPHOID_TISSUE":1.912843763,"ASPC1_PANCREAS":1.246966442,"AU565_BREAST":-3.881209872,"BC3C_URINARY_TRACT":2.191973689,"BFTC905_URINARY_TRACT":1.923960938,"BFTC909_KIDNEY":0.964142447,"BHY_UPPER_AERODIGESTIVE_TRACT":2.695160079,"BICR16_UPPER_AERODIGESTIVE_TRACT":0.672712033,"BICR22_UPPER_AERODIGESTIVE_TRACT":2.551171667,"BICR31_UPPER_AERODIGESTIVE_TRACT":1.830722928,"BICR56_UPPER_AERODIGESTIVE_TRACT":-16.73033672,"BICR6_UPPER_AERODIGESTIVE_TRACT":1.58643182,"BICR78_UPPER_AERODIGESTIVE_TRACT":1.647496361,"BIN67_OVARY":2.075874716,"BL70_HAEMATOPOIETIC_AND_LYMPHOID_TISSUE":0.54294562,"BLUE1_HAEMATOPOIETIC_AND_LYMPHOID_TISSUE":2.486231147,"BT12_SOFT_TISSUE":0.89048885,"BT16_SOFT_TISSUE":2.519733407,"BT549_BREAST":-2.521316056,"C2BBE1_LARGE_INTESTINE":1.829870466,"C32_SKIN":-12.72602552,"C8166_HAEMATOPOIETIC_AND_LYMPHOID_TISSUE":1.966494976,"CADOES1_BONE":0.813096174,"CAKI1_KIDNEY":-1.257524372,"CAKI2_KIDNEY":2.005597773,"CAL27_UPPER_AERODIGESTIVE_TRACT":2.240223839,"CAL29_URINARY_TRACT":2.003182193,"CAL33_UPPER_AERODIGESTIVE_TRACT":-2.473216753,"CAL51_BREAST":1.455418407,"CAL78_BONE":-5.340731004,"CALU1_LUNG":1.753881659,"CALU6_LUNG":2.696760899,"CAMA1_BREAST":2.083970264,"CAOV3_OVARY":-0.735150438,"CAS1_CENTRAL_NERVOUS_SYSTEM":1.876187834,"CASKI_CERVIX":2.553959179,"CCFSTTG1_CENTRAL_NERVOUS_SYSTEM":2.483914229,"CCK81_LARGE_INTESTINE":0.725886656,"CCLFPEDS0001T_KIDNEY":1.801899058,"CCLFPEDS0003T_SOFT_TISSUE":2.597397686,"CFPAC1_PANCREAS":0.427787558,"CH157MN_CENTRAL_NERVOUS_SYSTEM":2.585866602,"CHAGOK1_LUNG":1.809772693,"CHLA06ATRT_SOFT_TISSUE":2.579460223,"CHLA15_AUTONOMIC_GANGLIA":2.684157266,"CHLA266_SOFT_TISSUE":2.262524301,"CHP212_AUTONOMIC_GANGLIA":-4.676241296,"CJM_SKIN":2.64447689,"CL40_LARGE_INTESTINE":2.573637145,"CME1_SOFT_TISSUE":2.617597394,"CMLT1_HAEMATOPOIETIC_AND_LYMPHOID_TISSUE":-2.09146466,"COGAR359_SOFT_TISSUE":2.694310753,"COGE352_BONE":2.632712163,"COGN278_AUTONOMIC_GANGLIA":1.376771056,"COGN305_AUTONOMIC_GANGLIA":1.639853724,"COLO201_LARGE_INTESTINE":2.525930444,"COLO678_LARGE_INTESTINE":2.653846864,"COLO679_SKIN":-3.628749229,"COLO792_SKIN":-1.774421172,"COLO800_SKIN":2.30285143,"CORL23_LUNG":1.879307739,"CORL279_LUNG":-1.485291176,"CORL47_LUNG":2.53247551,"COV318_OVARY":2.639028473,"COV362_OVARY":2.655387722,"COV434_OVARY":2.688529755,"COV504_OVARY":0.990429285,"COV644_OVARY":2.693812864,"CW9019_SOFT_TISSUE":0.675736416,"D283MED_CENTRAL_NERVOUS_SYSTEM":0.269407115,"D341MED_CENTRAL_NERVOUS_SYSTEM":2.227597529,"D425_CENTRAL_NERVOUS_SYSTEM":1.671059166,"D458_CENTRAL_NERVOUS_SYSTEM":1.986865953,"DANG_PANCREAS":2.269515562,"DAOY_CENTRAL_NERVOUS_SYSTEM":2.689267793,"DB_HAEMATOPOIETIC_AND_LYMPHOID_TISSUE":1.755348898,"DEL_HAEMATOPOIETIC_AND_LYMPHOID_TISSUE":2.615062269,"DETROIT562_UPPER_AERODIGESTIVE_TRACT":2.122691126,"DKMG_CENTRAL_NERVOUS_SYSTEM":-16.04374118,"DLD1_LARGE_INTESTINE":2.633425547,"DU4475_BREAST":0.573431706,"EFE184_ENDOMETRIUM":2.366296905,"EFM19_BREAST":2.512586725,"EFO21_OVARY":-3.696738592,"EFO27_OVARY":2.668287214,"EJM_HAEMATOPOIETIC_AND_LYMPHOID_TISSUE":2.113165553,"EKVX_LUNG":1.915136183,"EM2_HAEMATOPOIETIC_AND_LYMPHOID_TISSUE":-0.020828126,"EN_ENDOMETRIUM":2.658510653,"EOL1_HAEMATOPOIETIC_AND_LYMPHOID_TISSUE":2.311987168,"EPLC272H_LUNG":2.607238301,"ES2_OVARY":2.696481528,"ESO26_OESOPHAGUS":2.66871234,"ESS1_ENDOMETRIUM":2.02146504,"EW8_BONE":-1.531416246,"EWS502_BONE":-5.77534658,"F36P_HAEMATOPOIETIC_AND_LYMPHOID_TISSUE":2.696550904,"F5_CENTRAL_NERVOUS_SYSTEM":2.701163022,"FADU_UPPER_AERODIGESTIVE_TRACT":2.633229022,"FLO1_OESOPHAGUS":2.186203251,"FU97_STOMACH":1.942664956,"G292CLONEA141B1_BONE":1.770786672,"G402_SOFT_TISSUE":2.15451383,"GAMG_CENTRAL_NERVOUS_SYSTEM":2.50682913,"GB1_CENTRAL_NERVOUS_SYSTEM":1.674740985,"GCIY_STOMACH":2.495729349,"GCT_SOFT_TISSUE":1.898730836,"GI1_CENTRAL_NERVOUS_SYSTEM":-20,"GSS_STOMACH":2.057375315,"GSU_STOMACH":2.494060825,"H103_UPPER_AERODIGESTIVE_TRACT":-0.178588335,"H4_CENTRAL_NERVOUS_SYSTEM":2.136786529,"HARA_LUNG":1.006307894,"HB1119_HAEMATOPOIETIC_AND_LYMPHOID_TISSUE":2.576405471,"HCC1143_BREAST":2.513227325,"HCC1359_LUNG":2.4450706,"HCC1395_BREAST":2.592626525,"HCC1419_BREAST":-4.697133736,"HCC1428_BREAST":1.630861322,"HCC15_LUNG":1.164610749,"HCC1806_BREAST":2.189456836,"HCC1937_BREAST":2.682815072,"HCC1954_BREAST":2.458731817,"HCC202_BREAST":1.588664668,"HCC2429_LUNG":2.114107158,"HCC2935_LUNG":-0.311517757,"HCC366_LUNG":2.692978663,"HCC461_LUNG":2.441866876,"HCC515_LUNG":2.602826893,"HCC56_LARGE_INTESTINE":2.701174248,"HCC827_LUNG":1.587227497,"HCC95_LUNG":2.701158831,"HDMYZ_HAEMATOPOIETIC_AND_LYMPHOID_TISSUE":2.690046926,"HEC151_ENDOMETRIUM":2.6650997,"HEC1A_ENDOMETRIUM":2.507961455,"HEC1B_ENDOMETRIUM":2.655331875,"HEC251_ENDOMETRIUM":1.926120191,"HEC265_ENDOMETRIUM":2.681769626,"HEC50B_ENDOMETRIUM":2.366977014,"HEC59_ENDOMETRIUM":2.174952831,"HEC6_ENDOMETRIUM":2.564785653,"HEL_HAEMATOPOIETIC_AND_LYMPHOID_TISSUE":1.360143085,"HEL9217_HAEMATOPOIETIC_AND_LYMPHOID_TISSUE":0.657483788,"HEYA8_OVARY":2.602007352,"HGC27_STOMACH":2.700435506,"HLF_LIVER":2.591452008,"HMC18_BREAST":-1.640401559,"HOP62_LUNG":2.696473822,"HS294T_SKIN":2.698105552,"HS578T_BREAST":0.627762803,"HS683_CENTRAL_NERVOUS_SYSTEM":2.638705614,"HS695T_SKIN":2.519454871,"HS729_SOFT_TISSUE":0.267371519,"HS746T_STOMACH":2.656273278,"HS766T_PANCREAS":2.423329744,"HS852T_SKIN":1.783640438,"HS944T_SKIN":2.289073393,"HSB2_HAEMATOPOIETIC_AND_LYMPHOID_TISSUE":2.055268061,"HSC1_SKIN":2.69709272,"HSC2_UPPER_AERODIGESTIVE_TRACT":2.543710217,"HSC3_UPPER_AERODIGESTIVE_TRACT":2.336407517,"HT1080_SOFT_TISSUE":2.232013422,"HT115_LARGE_INTESTINE":2.671579705,"HT1197_URINARY_TRACT":0.460861534,"HT1376_URINARY_TRACT":2.538473228,"HT144_SKIN":2.506693246,"HT29_LARGE_INTESTINE":2.694220705,"HT55_LARGE_INTESTINE":2.427807088,"HUH1_LIVER":2.695262901,"HUH6_LIVER":2.611709745,"HUH7_LIVER":2.154908378,"HUNS1_HAEMATOPOIETIC_AND_LYMPHOID_TISSUE":2.701058581,"HUPT3_PANCREAS":2.689836362,"IALM_LUNG":1.205997603,"IGR1_SKIN":1.985131197,"IGR39_SKIN":2.493276742,"IMR32_AUTONOMIC_GANGLIA":2.656302464,"INA6_HAEMATOPOIETIC_AND_LYMPHOID_TISSUE":-0.664019321,"IPC298_SKIN":0.144253777,"ISTMES1_PLEURA":-5.785106001,"ISTMES2_PLEURA":0.524346716,"J82_URINARY_TRACT":1.94602411,"JHH1_LIVER":2.603805705,"JHH4_LIVER":2.566353009,"JHH5_LIVER":2.689315297,"JHH7_LIVER":2.692976726,"JHOC5_OVARY":2.398270824,"JHOM1_OVARY":2.651360084,"JHOS2_OVARY":2.621792744,"JHOS4_OVARY":2.049942115,"JHUEM1_ENDOMETRIUM":1.096494418,"JHUEM7_ENDOMETRIUM":2.315697771,"JIMT1_BREAST":2.701174261,"JJN3_HAEMATOPOIETIC_AND_LYMPHOID_TISSUE":2.186817206,"JMSU1_URINARY_TRACT":2.682335075,"JMURTK2_SOFT_TISSUE":2.576237342,"JOPACA1_PANCREAS":2.46809428,"JR_SOFT_TISSUE":0.274043099,"K029AX_SKIN":-5.307965421,"KALS1_CENTRAL_NERVOUS_SYSTEM":1.891110031,"KARPAS299_HAEMATOPOIETIC_AND_LYMPHOID_TISSUE":2.701074072,"KARPAS422_HAEMATOPOIETIC_AND_LYMPHOID_TISSUE":-7.369109604,"KASUMI1_HAEMATOPOIETIC_AND_LYMPHOID_TISSUE":-3.661723349,"KE39_STOMACH":2.621095925,"KE97_HAEMATOPOIETIC_AND_LYMPHOID_TISSUE":2.645757324,"KELLY_AUTONOMIC_GANGLIA":-11.74023157,"KIJK_HAEMATOPOIETIC_AND_LYMPHOID_TISSUE":2.49376839,"KLE_ENDOMETRIUM":2.118433837,"KM12_LARGE_INTESTINE":2.637218985,