{"scores":{"127399_SOFT_TISSUE":2.835603859,"143B_BONE":2.679570185,"2313287_STOMACH":2.259919572,"253J_URINARY_TRACT":1.024078981,"42MGBA_CENTRAL_NERVOUS_SYSTEM":0.095061727,"5637_URINARY_TRACT":2.240074368,"59M_OVARY":2.975262081,"639V_URINARY_TRACT":2.517192485,"647V_URINARY_TRACT":2.378657309,"697_HAEMATOPOIETIC_AND_LYMPHOID_TISSUE":2.943239179,"769P_KIDNEY":-0.414780465,"786O_KIDNEY":-3.313135882,"8305C_THYROID":2.440244801,"8MGBA_CENTRAL_NERVOUS_SYSTEM":1.919681756,"A2058_SKIN":1.803428799,"A2780_OVARY":2.834593523,"A3KAW_HAEMATOPOIETIC_AND_LYMPHOID_TISSUE":-12.08095301,"A427_LUNG":1.37791225,"A431_SKIN":2.982023673,"A549_LUNG":2.11038157,"A673_BONE":-4.166013681,"ABC1_LUNG":2.037900446,"ACCMESO1_PLEURA":1.568231601,"AGS_STOMACH":0.415714282,"AML193_HAEMATOPOIETIC_AND_LYMPHOID_TISSUE":2.986726359,"AMO1_HAEMATOPOIETIC_AND_LYMPHOID_TISSUE":-1.83049475,"ASPC1_PANCREAS":1.950704455,"AU565_BREAST":-6.090080659,"BC3C_URINARY_TRACT":2.857410926,"BFTC905_URINARY_TRACT":2.473044977,"BFTC909_KIDNEY":1.84759099,"BHY_UPPER_AERODIGESTIVE_TRACT":2.573101805,"BICR16_UPPER_AERODIGESTIVE_TRACT":1.018595038,"BICR22_UPPER_AERODIGESTIVE_TRACT":1.715557902,"BICR31_UPPER_AERODIGESTIVE_TRACT":2.378877073,"BICR56_UPPER_AERODIGESTIVE_TRACT":-4.798302298,"BICR6_UPPER_AERODIGESTIVE_TRACT":2.441982986,"BICR78_UPPER_AERODIGESTIVE_TRACT":1.951872128,"BIN67_OVARY":2.873909284,"BL70_HAEMATOPOIETIC_AND_LYMPHOID_TISSUE":2.91559954,"BLUE1_HAEMATOPOIETIC_AND_LYMPHOID_TISSUE":1.815049419,"BT12_SOFT_TISSUE":2.365944875,"BT16_SOFT_TISSUE":1.556132668,"BT549_BREAST":0.643949396,"C2BBE1_LARGE_INTESTINE":2.981001435,"C32_SKIN":-7.465652307,"C8166_HAEMATOPOIETIC_AND_LYMPHOID_TISSUE":0.013764109,"CADOES1_BONE":0.514138246,"CAKI1_KIDNEY":2.99095462,"CAKI2_KIDNEY":2.4363692,"CAL27_UPPER_AERODIGESTIVE_TRACT":-2.976675476,"CAL29_URINARY_TRACT":2.517054444,"CAL33_UPPER_AERODIGESTIVE_TRACT":0.931842521,"CAL51_BREAST":2.275566444,"CAL78_BONE":-1.039546611,"CALU1_LUNG":2.282252882,"CALU6_LUNG":2.984603542,"CAMA1_BREAST":1.211758231,"CAOV3_OVARY":-9.83981745,"CAS1_CENTRAL_NERVOUS_SYSTEM":2.269620351,"CASKI_CERVIX":1.975124295,"CCFSTTG1_CENTRAL_NERVOUS_SYSTEM":2.492980797,"CCK81_LARGE_INTESTINE":2.782300183,"CCLFPEDS0001T_KIDNEY":2.863834384,"CCLFPEDS0003T_SOFT_TISSUE":1.484936214,"CFPAC1_PANCREAS":-4.895179189,"CH157MN_CENTRAL_NERVOUS_SYSTEM":1.470293389,"CHAGOK1_LUNG":1.57935806,"CHLA06ATRT_SOFT_TISSUE":2.612459493,"CHLA15_AUTONOMIC_GANGLIA":2.241963072,"CHLA266_SOFT_TISSUE":2.533464085,"CHP212_AUTONOMIC_GANGLIA":-0.422821886,"CJM_SKIN":2.988929136,"CL40_LARGE_INTESTINE":2.984414623,"CME1_SOFT_TISSUE":-3.052130123,"CMLT1_HAEMATOPOIETIC_AND_LYMPHOID_TISSUE":1.341276687,"COGAR359_SOFT_TISSUE":1.834572162,"COGE352_BONE":1.351494553,"COGN278_AUTONOMIC_GANGLIA":2.586530041,"COGN305_AUTONOMIC_GANGLIA":2.931840907,"COLO201_LARGE_INTESTINE":2.991302024,"COLO678_LARGE_INTESTINE":2.960422182,"COLO679_SKIN":-4.427226114,"COLO792_SKIN":-3.498546161,"COLO800_SKIN":-0.963686243,"CORL23_LUNG":1.42055393,"CORL279_LUNG":2.139559769,"CORL47_LUNG":2.533650932,"COV318_OVARY":1.203717633,"COV362_OVARY":0.249447187,"COV434_OVARY":2.697151033,"COV504_OVARY":-0.387113024,"COV644_OVARY":2.648452886,"CW9019_SOFT_TISSUE":2.927519891,"D283MED_CENTRAL_NERVOUS_SYSTEM":1.682747402,"D341MED_CENTRAL_NERVOUS_SYSTEM":2.886275449,"D425_CENTRAL_NERVOUS_SYSTEM":-1.419162605,"D458_CENTRAL_NERVOUS_SYSTEM":2.042640892,"DANG_PANCREAS":2.6952179,"DAOY_CENTRAL_NERVOUS_SYSTEM":2.985766292,"DB_HAEMATOPOIETIC_AND_LYMPHOID_TISSUE":1.775989608,"DEL_HAEMATOPOIETIC_AND_LYMPHOID_TISSUE":2.138777638,"DETROIT562_UPPER_AERODIGESTIVE_TRACT":1.490744489,"DKMG_CENTRAL_NERVOUS_SYSTEM":-8.50999003,"DLD1_LARGE_INTESTINE":1.392633197,"DU4475_BREAST":-0.471186547,"EFE184_ENDOMETRIUM":2.8901471,"EFM19_BREAST":2.794090159,"EFO21_OVARY":-16.02933654,"EFO27_OVARY":2.261695311,"EJM_HAEMATOPOIETIC_AND_LYMPHOID_TISSUE":2.945049913,"EKVX_LUNG":2.787019642,"EM2_HAEMATOPOIETIC_AND_LYMPHOID_TISSUE":-3.124840576,"EN_ENDOMETRIUM":2.415595426,"EOL1_HAEMATOPOIETIC_AND_LYMPHOID_TISSUE":2.446163258,"EPLC272H_LUNG":2.615271988,"ES2_OVARY":2.656228734,"ESO26_OESOPHAGUS":0.787753205,"ESS1_ENDOMETRIUM":2.180497251,"EW8_BONE":-8.7945872,"EWS502_BONE":-5.730311453,"F36P_HAEMATOPOIETIC_AND_LYMPHOID_TISSUE":2.096087406,"F5_CENTRAL_NERVOUS_SYSTEM":2.810270888,"FADU_UPPER_AERODIGESTIVE_TRACT":2.695655643,"FLO1_OESOPHAGUS":0.077451116,"FU97_STOMACH":-6.264785244,"G292CLONEA141B1_BONE":2.911471112,"G402_SOFT_TISSUE":1.784942717,"GAMG_CENTRAL_NERVOUS_SYSTEM":1.785103668,"GB1_CENTRAL_NERVOUS_SYSTEM":1.281928336,"GCIY_STOMACH":2.814606643,"GCT_SOFT_TISSUE":1.853180643,"GI1_CENTRAL_NERVOUS_SYSTEM":-16.36731609,"GSS_STOMACH":1.509543109,"GSU_STOMACH":2.156746774,"H103_UPPER_AERODIGESTIVE_TRACT":-5.665910815,"H4_CENTRAL_NERVOUS_SYSTEM":2.497985439,"HARA_LUNG":2.042396149,"HB1119_HAEMATOPOIETIC_AND_LYMPHOID_TISSUE":2.497110638,"HCC1143_BREAST":-3.538259656,"HCC1359_LUNG":2.678809977,"HCC1395_BREAST":0.138243931,"HCC1419_BREAST":0.644595653,"HCC1428_BREAST":0.802280077,"HCC15_LUNG":2.643755674,"HCC1806_BREAST":0.42440567,"HCC1937_BREAST":2.298349404,"HCC1954_BREAST":2.022893542,"HCC202_BREAST":0.33946808,"HCC2429_LUNG":-2.57310654,"HCC2935_LUNG":-1.057263,"HCC366_LUNG":2.98108684,"HCC461_LUNG":2.5998315,"HCC515_LUNG":2.508024421,"HCC56_LARGE_INTESTINE":2.500223306,"HCC827_LUNG":0.499021247,"HCC95_LUNG":1.396042231,"HDMYZ_HAEMATOPOIETIC_AND_LYMPHOID_TISSUE":0.110175351,"HEC151_ENDOMETRIUM":2.99171005,"HEC1A_ENDOMETRIUM":2.699174759,"HEC1B_ENDOMETRIUM":2.660808919,"HEC251_ENDOMETRIUM":2.60866599,"HEC265_ENDOMETRIUM":2.123721071,"HEC50B_ENDOMETRIUM":2.900110645,"HEC59_ENDOMETRIUM":1.734726755,"HEC6_ENDOMETRIUM":2.972620901,"HEL_HAEMATOPOIETIC_AND_LYMPHOID_TISSUE":-1.141483176,"HEL9217_HAEMATOPOIETIC_AND_LYMPHOID_TISSUE":2.893401357,"HEYA8_OVARY":0.822226495,"HGC27_STOMACH":2.919065707,"HLF_LIVER":2.041995084,"HMC18_BREAST":-2.506968911,"HOP62_LUNG":2.477288795,"HS294T_SKIN":-1.785005348,"HS578T_BREAST":-0.40022575,"HS683_CENTRAL_NERVOUS_SYSTEM":2.596344505,"HS695T_SKIN":2.800327557,"HS729_SOFT_TISSUE":2.021839373,"HS746T_STOMACH":2.991530445,"HS766T_PANCREAS":2.991710237,"HS852T_SKIN":1.490467826,"HS944T_SKIN":0.407655191,"HSB2_HAEMATOPOIETIC_AND_LYMPHOID_TISSUE":2.014324414,"HSC1_SKIN":-2.882813047,"HSC2_UPPER_AERODIGESTIVE_TRACT":2.438825852,"HSC3_UPPER_AERODIGESTIVE_TRACT":0.771386979,"HT1080_SOFT_TISSUE":2.970759993,"HT115_LARGE_INTESTINE":2.6318909,"HT1197_URINARY_TRACT":1.649699676,"HT1376_URINARY_TRACT":1.142331093,"HT144_SKIN":-1.373866434,"HT29_LARGE_INTESTINE":2.411345742,"HT55_LARGE_INTESTINE":2.406045659,"HUH1_LIVER":2.991711188,"HUH6_LIVER":1.608945686,"HUH7_LIVER":-1.290755831,"HUNS1_HAEMATOPOIETIC_AND_LYMPHOID_TISSUE":2.957442653,"HUPT3_PANCREAS":2.796711992,"IALM_LUNG":-1.384669224,"IGR1_SKIN":1.975793602,"IGR39_SKIN":1.849411686,"IMR32_AUTONOMIC_GANGLIA":1.721830473,"INA6_HAEMATOPOIETIC_AND_LYMPHOID_TISSUE":0.358810606,"IPC298_SKIN":-1.635397126,"ISTMES1_PLEURA":0.697943485,"ISTMES2_PLEURA":-12.11860469,"J82_URINARY_TRACT":0.676793198,"JHH1_LIVER":0.391693973,"JHH4_LIVER":2.983146215,"JHH5_LIVER":2.645806757,"JHH7_LIVER":1.736404489,"JHOC5_OVARY":2.985511288,"JHOM1_OVARY":1.48745046,"JHOS2_OVARY":1.365118532,"JHOS4_OVARY":0.26007162,"JHUEM1_ENDOMETRIUM":2.199417907,"JHUEM7_ENDOMETRIUM":2.975618865,"JIMT1_BREAST":2.494083338,"JJN3_HAEMATOPOIETIC_AND_LYMPHOID_TISSUE":0.313633916,"JMSU1_URINARY_TRACT":2.52368847,"JMURTK2_SOFT_TISSUE":2.949060232,"JOPACA1_PANCREAS":2.896909329,"JR_SOFT_TISSUE":1.647015125,"K029AX_SKIN":-4.432888323,"KALS1_CENTRAL_NERVOUS_SYSTEM":1.894308583,"KARPAS299_HAEMATOPOIETIC_AND_LYMPHOID_TISSUE":2.715023601,"KARPAS422_HAEMATOPOIETIC_AND_LYMPHOID_TISSUE":1.962935337,"KASUMI1_HAEMATOPOIETIC_AND_LYMPHOID_TISSUE":2.806028502,"KE39_STOMACH":2.73443324,"KE97_HAEMATOPOIETIC_AND_LYMPHOID_TISSUE":-1.351313835,"KELLY_AUTONOMIC_GANGLIA":-16.04074305,"KIJK_HAEMATOPOIETIC_AND_LYMPHOID_TISSUE":2.905326011,"KLE_ENDOMETRIUM":2.978775758,"KM12_LARGE_INTESTINE":2.952003883,