{"scores":{"127399_SOFT_TISSUE":-2.718932252,"143B_BONE":1.61616874,"2313287_STOMACH":-1.303681137,"253J_URINARY_TRACT":-11.97926118,"42MGBA_CENTRAL_NERVOUS_SYSTEM":2.647027583,"5637_URINARY_TRACT":0.554227266,"59M_OVARY":0.977050497,"639V_URINARY_TRACT":2.360503615,"647V_URINARY_TRACT":-0.464940775,"697_HAEMATOPOIETIC_AND_LYMPHOID_TISSUE":2.154921719,"769P_KIDNEY":2.32129315,"786O_KIDNEY":1.990526246,"8305C_THYROID":2.656633596,"8MGBA_CENTRAL_NERVOUS_SYSTEM":2.417871143,"A2058_SKIN":-1.342713881,"A2780_OVARY":1.098310706,"A3KAW_HAEMATOPOIETIC_AND_LYMPHOID_TISSUE":-4.361589862,"A427_LUNG":2.227431057,"A431_SKIN":1.701322997,"A549_LUNG":0.039304253,"A673_BONE":2.56076411,"ABC1_LUNG":0.563245234,"ACCMESO1_PLEURA":2.257738754,"AGS_STOMACH":1.166996481,"AML193_HAEMATOPOIETIC_AND_LYMPHOID_TISSUE":2.565313901,"AMO1_HAEMATOPOIETIC_AND_LYMPHOID_TISSUE":2.476459498,"ASPC1_PANCREAS":-0.118447517,"AU565_BREAST":-1.398226537,"BC3C_URINARY_TRACT":1.602539475,"BFTC905_URINARY_TRACT":0.580002425,"BFTC909_KIDNEY":-6.374880483,"BHY_UPPER_AERODIGESTIVE_TRACT":-0.551877214,"BICR16_UPPER_AERODIGESTIVE_TRACT":0.321422219,"BICR22_UPPER_AERODIGESTIVE_TRACT":-7.172302953,"BICR31_UPPER_AERODIGESTIVE_TRACT":-0.236167908,"BICR56_UPPER_AERODIGESTIVE_TRACT":-3.522975026,"BICR6_UPPER_AERODIGESTIVE_TRACT":1.675884733,"BICR78_UPPER_AERODIGESTIVE_TRACT":2.639208918,"BIN67_OVARY":1.86700208,"BL70_HAEMATOPOIETIC_AND_LYMPHOID_TISSUE":2.587256639,"BLUE1_HAEMATOPOIETIC_AND_LYMPHOID_TISSUE":2.49852004,"BT12_SOFT_TISSUE":0.859572641,"BT16_SOFT_TISSUE":-6.391414049,"BT549_BREAST":-5.460798197,"C2BBE1_LARGE_INTESTINE":2.169000813,"C32_SKIN":1.397337145,"C8166_HAEMATOPOIETIC_AND_LYMPHOID_TISSUE":-0.47080475,"CADOES1_BONE":2.587896937,"CAKI1_KIDNEY":2.63210756,"CAKI2_KIDNEY":2.066565284,"CAL27_UPPER_AERODIGESTIVE_TRACT":0.010608713,"CAL29_URINARY_TRACT":-0.062034207,"CAL33_UPPER_AERODIGESTIVE_TRACT":1.441070177,"CAL51_BREAST":-1.191807146,"CAL78_BONE":0.119668477,"CALU1_LUNG":-1.235211495,"CALU6_LUNG":1.339669942,"CAMA1_BREAST":-4.971066952,"CAOV3_OVARY":1.203773826,"CAS1_CENTRAL_NERVOUS_SYSTEM":0.192160006,"CASKI_CERVIX":1.75659335,"CCFSTTG1_CENTRAL_NERVOUS_SYSTEM":-4.176495067,"CCK81_LARGE_INTESTINE":2.302851632,"CCLFPEDS0001T_KIDNEY":-0.579233826,"CCLFPEDS0003T_SOFT_TISSUE":-2.922110504,"CFPAC1_PANCREAS":2.65130143,"CH157MN_CENTRAL_NERVOUS_SYSTEM":1.704538817,"CHAGOK1_LUNG":2.64316211,"CHLA06ATRT_SOFT_TISSUE":2.585406578,"CHLA15_AUTONOMIC_GANGLIA":2.530682058,"CHLA266_SOFT_TISSUE":1.006998233,"CHP212_AUTONOMIC_GANGLIA":1.510306708,"CJM_SKIN":2.134685974,"CL40_LARGE_INTESTINE":2.382776462,"CME1_SOFT_TISSUE":-3.594738471,"CMLT1_HAEMATOPOIETIC_AND_LYMPHOID_TISSUE":1.873636552,"COGAR359_SOFT_TISSUE":1.913312263,"COGE352_BONE":2.572030667,"COGN278_AUTONOMIC_GANGLIA":1.694050785,"COGN305_AUTONOMIC_GANGLIA":2.291154003,"COLO201_LARGE_INTESTINE":2.392242697,"COLO678_LARGE_INTESTINE":2.100873902,"COLO679_SKIN":2.603649438,"COLO792_SKIN":0.512918993,"COLO800_SKIN":2.249679325,"CORL23_LUNG":0.137814573,"CORL279_LUNG":2.208576076,"CORL47_LUNG":2.417745261,"COV318_OVARY":1.031490377,"COV362_OVARY":2.591557448,"COV434_OVARY":1.334931841,"COV504_OVARY":1.673570892,"COV644_OVARY":-0.66267516,"CW9019_SOFT_TISSUE":2.292815752,"D283MED_CENTRAL_NERVOUS_SYSTEM":2.559918431,"D341MED_CENTRAL_NERVOUS_SYSTEM":1.533888055,"D425_CENTRAL_NERVOUS_SYSTEM":0.66984035,"D458_CENTRAL_NERVOUS_SYSTEM":2.233360252,"DANG_PANCREAS":2.591791589,"DAOY_CENTRAL_NERVOUS_SYSTEM":2.624825608,"DB_HAEMATOPOIETIC_AND_LYMPHOID_TISSUE":2.650537827,"DEL_HAEMATOPOIETIC_AND_LYMPHOID_TISSUE":2.394080196,"DETROIT562_UPPER_AERODIGESTIVE_TRACT":2.653216648,"DKMG_CENTRAL_NERVOUS_SYSTEM":-0.731254188,"DLD1_LARGE_INTESTINE":2.607305345,"DU4475_BREAST":2.582433674,"EFE184_ENDOMETRIUM":2.018022833,"EFM19_BREAST":-1.7025197,"EFO21_OVARY":2.620648369,"EFO27_OVARY":2.108167943,"EJM_HAEMATOPOIETIC_AND_LYMPHOID_TISSUE":1.966255774,"EKVX_LUNG":-0.372369677,"EM2_HAEMATOPOIETIC_AND_LYMPHOID_TISSUE":2.650005607,"EN_ENDOMETRIUM":1.597990413,"EOL1_HAEMATOPOIETIC_AND_LYMPHOID_TISSUE":1.954827339,"EPLC272H_LUNG":2.459055062,"ES2_OVARY":2.055507266,"ESO26_OESOPHAGUS":2.559457881,"ESS1_ENDOMETRIUM":-8.739849018,"EW8_BONE":2.375258991,"EWS502_BONE":2.106905137,"F36P_HAEMATOPOIETIC_AND_LYMPHOID_TISSUE":2.230083614,"F5_CENTRAL_NERVOUS_SYSTEM":-3.975094958,"FADU_UPPER_AERODIGESTIVE_TRACT":0.399717835,"FLO1_OESOPHAGUS":-2.334574086,"FU97_STOMACH":2.386449079,"G292CLONEA141B1_BONE":2.622895354,"G402_SOFT_TISSUE":-2.24012202,"GAMG_CENTRAL_NERVOUS_SYSTEM":2.351274429,"GB1_CENTRAL_NERVOUS_SYSTEM":2.642546242,"GCIY_STOMACH":2.606805006,"GCT_SOFT_TISSUE":2.613368139,"GI1_CENTRAL_NERVOUS_SYSTEM":0.575029168,"GSS_STOMACH":1.758203629,"GSU_STOMACH":2.474051229,"H103_UPPER_AERODIGESTIVE_TRACT":2.577884411,"H4_CENTRAL_NERVOUS_SYSTEM":2.567431747,"HARA_LUNG":2.5963562,"HB1119_HAEMATOPOIETIC_AND_LYMPHOID_TISSUE":2.024352174,"HCC1143_BREAST":2.614230611,"HCC1359_LUNG":2.656660594,"HCC1395_BREAST":1.834136397,"HCC1419_BREAST":0.971520944,"HCC1428_BREAST":2.64955995,"HCC15_LUNG":0.87935433,"HCC1806_BREAST":1.212588846,"HCC1937_BREAST":1.043645667,"HCC1954_BREAST":0.434781012,"HCC202_BREAST":2.493826999,"HCC2429_LUNG":-0.810244815,"HCC2935_LUNG":-1.201609906,"HCC366_LUNG":1.092841158,"HCC461_LUNG":1.986576416,"HCC515_LUNG":-6.1962131,"HCC56_LARGE_INTESTINE":2.422323407,"HCC827_LUNG":0.95687666,"HCC95_LUNG":2.221863106,"HDMYZ_HAEMATOPOIETIC_AND_LYMPHOID_TISSUE":2.508455861,"HEC151_ENDOMETRIUM":2.655719929,"HEC1A_ENDOMETRIUM":2.656195457,"HEC1B_ENDOMETRIUM":2.656632213,"HEC251_ENDOMETRIUM":1.655399846,"HEC265_ENDOMETRIUM":2.642118695,"HEC50B_ENDOMETRIUM":0.677535342,"HEC59_ENDOMETRIUM":2.109786364,"HEC6_ENDOMETRIUM":-1.182960993,"HEL_HAEMATOPOIETIC_AND_LYMPHOID_TISSUE":2.039402381,"HEL9217_HAEMATOPOIETIC_AND_LYMPHOID_TISSUE":2.40881057,"HEYA8_OVARY":-13.43821356,"HGC27_STOMACH":1.968517936,"HLF_LIVER":2.521793449,"HMC18_BREAST":2.633033929,"HOP62_LUNG":0.88763891,"HS294T_SKIN":2.656206609,"HS578T_BREAST":2.264469342,"HS683_CENTRAL_NERVOUS_SYSTEM":2.16228677,"HS695T_SKIN":1.745859249,"HS729_SOFT_TISSUE":0.707924746,"HS746T_STOMACH":2.608093238,"HS766T_PANCREAS":-0.344247063,"HS852T_SKIN":1.82878952,"HS944T_SKIN":2.408401573,"HSB2_HAEMATOPOIETIC_AND_LYMPHOID_TISSUE":-2.854713458,"HSC1_SKIN":2.375125367,"HSC2_UPPER_AERODIGESTIVE_TRACT":2.079659275,"HSC3_UPPER_AERODIGESTIVE_TRACT":-5.320317128,"HT1080_SOFT_TISSUE":-10.25678383,"HT115_LARGE_INTESTINE":2.500797922,"HT1197_URINARY_TRACT":2.579360873,"HT1376_URINARY_TRACT":-8.127870115,"HT144_SKIN":2.628135117,"HT29_LARGE_INTESTINE":2.655298291,"HT55_LARGE_INTESTINE":2.34066443,"HUH1_LIVER":2.367361052,"HUH6_LIVER":-0.097488505,"HUH7_LIVER":2.081696804,"HUNS1_HAEMATOPOIETIC_AND_LYMPHOID_TISSUE":1.126408567,"HUPT3_PANCREAS":1.02499899,"IALM_LUNG":-0.464808387,"IGR1_SKIN":-14.50810039,"IGR39_SKIN":2.588597804,"IMR32_AUTONOMIC_GANGLIA":0.585403998,"INA6_HAEMATOPOIETIC_AND_LYMPHOID_TISSUE":2.482887993,"IPC298_SKIN":2.656789757,"ISTMES1_PLEURA":-5.505461973,"ISTMES2_PLEURA":-11.64977507,"J82_URINARY_TRACT":0.280715737,"JHH1_LIVER":-4.28035285,"JHH4_LIVER":-6.414175625,"JHH5_LIVER":2.567646332,"JHH7_LIVER":2.592512977,"JHOC5_OVARY":-1.796845736,"JHOM1_OVARY":1.657808364,"JHOS2_OVARY":-1.465921577,"JHOS4_OVARY":1.183359829,"JHUEM1_ENDOMETRIUM":1.555229686,"JHUEM7_ENDOMETRIUM":1.147623305,"JIMT1_BREAST":1.969827592,"JJN3_HAEMATOPOIETIC_AND_LYMPHOID_TISSUE":2.655677178,"JMSU1_URINARY_TRACT":2.65224177,"JMURTK2_SOFT_TISSUE":2.392124539,"JOPACA1_PANCREAS":-8.558720131,"JR_SOFT_TISSUE":2.46429522,"K029AX_SKIN":-0.073593285,"KALS1_CENTRAL_NERVOUS_SYSTEM":-0.999723841,"KARPAS299_HAEMATOPOIETIC_AND_LYMPHOID_TISSUE":2.604001466,"KARPAS422_HAEMATOPOIETIC_AND_LYMPHOID_TISSUE":2.405248676,"KASUMI1_HAEMATOPOIETIC_AND_LYMPHOID_TISSUE":-0.213540252,"KE39_STOMACH":1.892376965,"KE97_HAEMATOPOIETIC_AND_LYMPHOID_TISSUE":2.092187448,"KELLY_AUTONOMIC_GANGLIA":2.322721035,"KIJK_HAEMATOPOIETIC_AND_LYMPHOID_TISSUE":2.550012455,"KLE_ENDOMETRIUM":1.272675866,