{"scores":{"127399_SOFT_TISSUE":1.261493931,"143B_BONE":1.607812579,"2313287_STOMACH":1.723279474,"253J_URINARY_TRACT":-0.65180705,"42MGBA_CENTRAL_NERVOUS_SYSTEM":0.334473367,"5637_URINARY_TRACT":1.726382195,"59M_OVARY":-4.519148224,"639V_URINARY_TRACT":1.17002973,"647V_URINARY_TRACT":1.777448229,"697_HAEMATOPOIETIC_AND_LYMPHOID_TISSUE":1.52722038,"769P_KIDNEY":1.786505129,"786O_KIDNEY":-2.432453179,"8305C_THYROID":-0.109249791,"8MGBA_CENTRAL_NERVOUS_SYSTEM":1.52890832,"A2058_SKIN":0.862317854,"A2780_OVARY":0.501480554,"A3KAW_HAEMATOPOIETIC_AND_LYMPHOID_TISSUE":-0.291050799,"A427_LUNG":-0.25933213,"A431_SKIN":1.142150043,"A549_LUNG":1.786470313,"A673_BONE":1.394504551,"ABC1_LUNG":1.718659258,"ACCMESO1_PLEURA":0.962243722,"AGS_STOMACH":-3.806509855,"AML193_HAEMATOPOIETIC_AND_LYMPHOID_TISSUE":1.757642754,"AMO1_HAEMATOPOIETIC_AND_LYMPHOID_TISSUE":1.228808736,"ASPC1_PANCREAS":1.023142601,"AU565_BREAST":1.736335363,"BC3C_URINARY_TRACT":1.428265183,"BFTC905_URINARY_TRACT":0.621886037,"BFTC909_KIDNEY":1.552515357,"BHY_UPPER_AERODIGESTIVE_TRACT":1.707555116,"BICR16_UPPER_AERODIGESTIVE_TRACT":-7.53675548,"BICR22_UPPER_AERODIGESTIVE_TRACT":1.784484449,"BICR31_UPPER_AERODIGESTIVE_TRACT":-0.333501841,"BICR56_UPPER_AERODIGESTIVE_TRACT":-0.455600818,"BICR6_UPPER_AERODIGESTIVE_TRACT":1.706734612,"BICR78_UPPER_AERODIGESTIVE_TRACT":0.626987813,"BIN67_OVARY":1.738286878,"BL70_HAEMATOPOIETIC_AND_LYMPHOID_TISSUE":1.695561138,"BLUE1_HAEMATOPOIETIC_AND_LYMPHOID_TISSUE":1.786505129,"BT12_SOFT_TISSUE":1.429726247,"BT16_SOFT_TISSUE":1.634115063,"BT549_BREAST":1.765657618,"C2BBE1_LARGE_INTESTINE":1.784431143,"C32_SKIN":1.762689011,"C8166_HAEMATOPOIETIC_AND_LYMPHOID_TISSUE":1.786436313,"CADOES1_BONE":1.786505129,"CAKI1_KIDNEY":1.653363514,"CAKI2_KIDNEY":1.611161605,"CAL27_UPPER_AERODIGESTIVE_TRACT":-5.641743268,"CAL29_URINARY_TRACT":0.75381143,"CAL33_UPPER_AERODIGESTIVE_TRACT":-7.251729138,"CAL51_BREAST":1.648197976,"CAL78_BONE":1.781272025,"CALU1_LUNG":1.779769079,"CALU6_LUNG":1.478449281,"CAMA1_BREAST":1.194983593,"CAOV3_OVARY":-0.781344111,"CAS1_CENTRAL_NERVOUS_SYSTEM":1.58188279,"CASKI_CERVIX":-0.119056436,"CCFSTTG1_CENTRAL_NERVOUS_SYSTEM":1.786248874,"CCK81_LARGE_INTESTINE":1.77257052,"CCLFPEDS0001T_KIDNEY":1.297994867,"CCLFPEDS0003T_SOFT_TISSUE":1.066332592,"CFPAC1_PANCREAS":0.501566309,"CH157MN_CENTRAL_NERVOUS_SYSTEM":-1.144940367,"CHAGOK1_LUNG":-4.388588063,"CHLA06ATRT_SOFT_TISSUE":1.571106024,"CHLA15_AUTONOMIC_GANGLIA":0.581999671,"CHLA266_SOFT_TISSUE":0.389409599,"CHP212_AUTONOMIC_GANGLIA":1.463360615,"CJM_SKIN":0.618834821,"CL40_LARGE_INTESTINE":1.706197082,"CME1_SOFT_TISSUE":1.420819242,"CMLT1_HAEMATOPOIETIC_AND_LYMPHOID_TISSUE":-2.958152018,"COGAR359_SOFT_TISSUE":1.699069984,"COGE352_BONE":1.785971461,"COGN278_AUTONOMIC_GANGLIA":1.141449596,"COGN305_AUTONOMIC_GANGLIA":1.633608303,"COLO201_LARGE_INTESTINE":1.098372104,"COLO678_LARGE_INTESTINE":-6.875196887,"COLO679_SKIN":1.682630617,"COLO792_SKIN":-0.503972523,"COLO800_SKIN":-3.753133179,"CORL23_LUNG":1.638522952,"CORL279_LUNG":-0.579609917,"CORL47_LUNG":0.303062827,"COV318_OVARY":1.770872696,"COV362_OVARY":-0.582634886,"COV434_OVARY":1.706778943,"COV504_OVARY":1.409383723,"COV644_OVARY":1.346517661,"CW9019_SOFT_TISSUE":1.485152797,"D283MED_CENTRAL_NERVOUS_SYSTEM":-1.023994063,"D341MED_CENTRAL_NERVOUS_SYSTEM":1.761780147,"D425_CENTRAL_NERVOUS_SYSTEM":1.390017338,"D458_CENTRAL_NERVOUS_SYSTEM":1.688546318,"DANG_PANCREAS":-1.027986437,"DAOY_CENTRAL_NERVOUS_SYSTEM":1.752808622,"DB_HAEMATOPOIETIC_AND_LYMPHOID_TISSUE":1.046547108,"DEL_HAEMATOPOIETIC_AND_LYMPHOID_TISSUE":1.638142609,"DETROIT562_UPPER_AERODIGESTIVE_TRACT":1.466998428,"DKMG_CENTRAL_NERVOUS_SYSTEM":1.37734625,"DLD1_LARGE_INTESTINE":-0.860923617,"DU4475_BREAST":0.865025573,"EFE184_ENDOMETRIUM":1.010566234,"EFM19_BREAST":1.713772044,"EFO21_OVARY":1.694133916,"EFO27_OVARY":1.231912413,"EJM_HAEMATOPOIETIC_AND_LYMPHOID_TISSUE":1.718914786,"EKVX_LUNG":1.687912866,"EM2_HAEMATOPOIETIC_AND_LYMPHOID_TISSUE":1.131283055,"EN_ENDOMETRIUM":-6.576008371,"EOL1_HAEMATOPOIETIC_AND_LYMPHOID_TISSUE":1.684432784,"EPLC272H_LUNG":1.596467435,"ES2_OVARY":-0.854027409,"ESO26_OESOPHAGUS":0.137373608,"ESS1_ENDOMETRIUM":1.495807465,"EW8_BONE":1.641708285,"EWS502_BONE":1.767483921,"F36P_HAEMATOPOIETIC_AND_LYMPHOID_TISSUE":1.317950893,"F5_CENTRAL_NERVOUS_SYSTEM":1.40183187,"FADU_UPPER_AERODIGESTIVE_TRACT":-0.15617459,"FLO1_OESOPHAGUS":1.704327301,"FU97_STOMACH":1.604587204,"G292CLONEA141B1_BONE":1.621695275,"G402_SOFT_TISSUE":1.694367049,"GAMG_CENTRAL_NERVOUS_SYSTEM":1.05183755,"GB1_CENTRAL_NERVOUS_SYSTEM":0.775225861,"GCIY_STOMACH":1.718322169,"GCT_SOFT_TISSUE":0.022756404,"GI1_CENTRAL_NERVOUS_SYSTEM":1.594591066,"GSS_STOMACH":1.00837197,"GSU_STOMACH":1.623661639,"H103_UPPER_AERODIGESTIVE_TRACT":0.941920519,"H4_CENTRAL_NERVOUS_SYSTEM":-5.226947883,"HARA_LUNG":0.929638794,"HB1119_HAEMATOPOIETIC_AND_LYMPHOID_TISSUE":1.415158581,"HCC1143_BREAST":1.785699095,"HCC1359_LUNG":1.741561026,"HCC1395_BREAST":1.724175181,"HCC1419_BREAST":1.611010866,"HCC1428_BREAST":-4.081381082,"HCC15_LUNG":0.934859969,"HCC1806_BREAST":1.237062916,"HCC1937_BREAST":1.718883414,"HCC1954_BREAST":-5.133494702,"HCC202_BREAST":1.785587955,"HCC2429_LUNG":1.78648655,"HCC2935_LUNG":1.736590001,"HCC366_LUNG":1.461543628,"HCC461_LUNG":1.598711366,"HCC515_LUNG":1.736150716,"HCC56_LARGE_INTESTINE":1.77843572,"HCC827_LUNG":-2.889282944,"HCC95_LUNG":0.35403923,"HDMYZ_HAEMATOPOIETIC_AND_LYMPHOID_TISSUE":1.737281519,"HEC151_ENDOMETRIUM":-2.078442768,"HEC1A_ENDOMETRIUM":1.785509531,"HEC1B_ENDOMETRIUM":0.600725477,"HEC251_ENDOMETRIUM":1.536230491,"HEC265_ENDOMETRIUM":1.786229935,"HEC50B_ENDOMETRIUM":-0.15202682,"HEC59_ENDOMETRIUM":-1.0550856,"HEC6_ENDOMETRIUM":1.52213186,"HEL_HAEMATOPOIETIC_AND_LYMPHOID_TISSUE":-0.227597972,"HEL9217_HAEMATOPOIETIC_AND_LYMPHOID_TISSUE":-0.68511378,"HEYA8_OVARY":0.478473468,"HGC27_STOMACH":0.98383157,"HLF_LIVER":1.195216695,"HMC18_BREAST":-0.538523108,"HOP62_LUNG":1.056998785,"HS294T_SKIN":1.644003533,"HS578T_BREAST":1.769875056,"HS683_CENTRAL_NERVOUS_SYSTEM":1.168641842,"HS695T_SKIN":-0.205740357,"HS729_SOFT_TISSUE":0.732841456,"HS746T_STOMACH":1.514626785,"HS766T_PANCREAS":1.452415026,"HS852T_SKIN":1.694213919,"HS944T_SKIN":1.737594516,"HSB2_HAEMATOPOIETIC_AND_LYMPHOID_TISSUE":0.092990111,"HSC1_SKIN":1.756914211,"HSC2_UPPER_AERODIGESTIVE_TRACT":1.557087822,"HSC3_UPPER_AERODIGESTIVE_TRACT":0.53673845,"HT1080_SOFT_TISSUE":1.609451601,"HT115_LARGE_INTESTINE":1.711435393,"HT1197_URINARY_TRACT":-0.099707683,"HT1376_URINARY_TRACT":1.420544622,"HT144_SKIN":1.599285188,"HT29_LARGE_INTESTINE":-2.110927992,"HT55_LARGE_INTESTINE":1.717376289,"HUH1_LIVER":1.726952211,"HUH6_LIVER":1.279564006,"HUH7_LIVER":-0.664339404,"HUNS1_HAEMATOPOIETIC_AND_LYMPHOID_TISSUE":0.638941002,"HUPT3_PANCREAS":1.015535539,"IALM_LUNG":0.488231972,"IGR1_SKIN":1.745707995,"IGR39_SKIN":0.503601465,"IMR32_AUTONOMIC_GANGLIA":0.812636186,"INA6_HAEMATOPOIETIC_AND_LYMPHOID_TISSUE":-0.120227959,"IPC298_SKIN":1.778770238,"ISTMES1_PLEURA":1.769947117,"ISTMES2_PLEURA":1.693911969,"J82_URINARY_TRACT":-2.873494075,"JHH1_LIVER":1.725401311,"JHH4_LIVER":1.757669305,"JHH5_LIVER":1.764701527,"JHH7_LIVER":-0.82226354,"JHOC5_OVARY":0.876114775,"JHOM1_OVARY":1.769735487,"JHOS2_OVARY":1.323509263,"JHOS4_OVARY":1.784921263,"JHUEM1_ENDOMETRIUM":1.448754635,"JHUEM7_ENDOMETRIUM":0.73970627,"JIMT1_BREAST":1.78592794,"JJN3_HAEMATOPOIETIC_AND_LYMPHOID_TISSUE":1.522037324,"JMSU1_URINARY_TRACT":1.778739362,"JMURTK2_SOFT_TISSUE":0.372572732,"JOPACA1_PANCREAS":1.677119395,"JR_SOFT_TISSUE":1.785540831,"K029AX_SKIN":1.16577438,"KALS1_CENTRAL_NERVOUS_SYSTEM":0.310859376,"KARPAS299_HAEMATOPOIETIC_AND_LYMPHOID_TISSUE":0.979178715,"KARPAS422_HAEMATOPOIETIC_AND_LYMPHOID_TISSUE":1.537904063,"KASUMI1_HAEMATOPOIETIC_AND_LYMPHOID_TISSUE":1.735117713,"KE39_STOMACH":1.731933599,"KE97_HAEMATOPOIETIC_AND_LYMPHOID_TISSUE":0.722263108,"KELLY_AUTONOMIC_GANGLIA":1.684624846,"KIJK_HAEMATOPOIETIC_AND_LYMPHOID_TISSUE":1.553795865,"KLE_ENDOMETRIUM":1.470404932,