{"scores":{"127399_SOFT_TISSUE":6.502555676,"143B_BONE":6.198911067,"2313287_STOMACH":6.611921576,"253J_URINARY_TRACT":4.986534267,"42MGBA_CENTRAL_NERVOUS_SYSTEM":5.394745434,"5637_URINARY_TRACT":6.604122988,"59M_OVARY":5.717807271,"639V_URINARY_TRACT":6.403687471,"647V_URINARY_TRACT":6.683319819,"697_HAEMATOPOIETIC_AND_LYMPHOID_TISSUE":6.668836687,"769P_KIDNEY":6.195824109,"786O_KIDNEY":5.897763133,"8305C_THYROID":6.493290817,"8MGBA_CENTRAL_NERVOUS_SYSTEM":6.321287072,"A2058_SKIN":6.492838657,"A2780_OVARY":6.158601191,"A3KAW_HAEMATOPOIETIC_AND_LYMPHOID_TISSUE":6.225922855,"A427_LUNG":6.434671522,"A431_SKIN":6.613852294,"A549_LUNG":6.676761482,"A673_BONE":6.536994923,"ABC1_LUNG":6.677095513,"ACCMESO1_PLEURA":6.61691158,"AGS_STOMACH":6.532602024,"AML193_HAEMATOPOIETIC_AND_LYMPHOID_TISSUE":6.391638266,"AMO1_HAEMATOPOIETIC_AND_LYMPHOID_TISSUE":6.673052863,"ASPC1_PANCREAS":6.683372292,"AU565_BREAST":5.999969622,"BC3C_URINARY_TRACT":6.208063946,"BFTC905_URINARY_TRACT":6.403299353,"BFTC909_KIDNEY":6.666489492,"BHY_UPPER_AERODIGESTIVE_TRACT":6.672530316,"BICR16_UPPER_AERODIGESTIVE_TRACT":6.677292867,"BICR22_UPPER_AERODIGESTIVE_TRACT":6.564665188,"BICR31_UPPER_AERODIGESTIVE_TRACT":6.630710809,"BICR56_UPPER_AERODIGESTIVE_TRACT":4.79424689,"BICR6_UPPER_AERODIGESTIVE_TRACT":6.388981949,"BICR78_UPPER_AERODIGESTIVE_TRACT":1.755173695,"BIN67_OVARY":6.266097984,"BL70_HAEMATOPOIETIC_AND_LYMPHOID_TISSUE":6.190774014,"BLUE1_HAEMATOPOIETIC_AND_LYMPHOID_TISSUE":6.00470047,"BT12_SOFT_TISSUE":6.254325164,"BT16_SOFT_TISSUE":6.68339793,"BT549_BREAST":6.187932647,"C2BBE1_LARGE_INTESTINE":4.710297985,"C32_SKIN":6.655651337,"C8166_HAEMATOPOIETIC_AND_LYMPHOID_TISSUE":4.989149233,"CADOES1_BONE":2.153619677,"CAKI1_KIDNEY":6.386984126,"CAKI2_KIDNEY":6.5763334,"CAL27_UPPER_AERODIGESTIVE_TRACT":6.678024174,"CAL29_URINARY_TRACT":6.363162012,"CAL33_UPPER_AERODIGESTIVE_TRACT":6.678025447,"CAL51_BREAST":5.824140023,"CAL78_BONE":6.683446171,"CALU1_LUNG":6.679012134,"CALU6_LUNG":6.522008768,"CAMA1_BREAST":6.244374459,"CAOV3_OVARY":6.599498369,"CAS1_CENTRAL_NERVOUS_SYSTEM":6.318932656,"CASKI_CERVIX":6.232118262,"CCFSTTG1_CENTRAL_NERVOUS_SYSTEM":5.751220773,"CCK81_LARGE_INTESTINE":5.891122975,"CCLFPEDS0001T_KIDNEY":6.640404222,"CCLFPEDS0003T_SOFT_TISSUE":4.921197328,"CFPAC1_PANCREAS":5.986278555,"CH157MN_CENTRAL_NERVOUS_SYSTEM":6.547094353,"CHAGOK1_LUNG":6.579684052,"CHLA06ATRT_SOFT_TISSUE":6.657457594,"CHLA15_AUTONOMIC_GANGLIA":5.875529337,"CHLA266_SOFT_TISSUE":5.966500267,"CHP212_AUTONOMIC_GANGLIA":6.669546543,"CJM_SKIN":6.238220562,"CL40_LARGE_INTESTINE":6.683365762,"CME1_SOFT_TISSUE":5.161437676,"CMLT1_HAEMATOPOIETIC_AND_LYMPHOID_TISSUE":6.43373584,"COGAR359_SOFT_TISSUE":6.68329005,"COGE352_BONE":6.373042094,"COGN278_AUTONOMIC_GANGLIA":6.682159738,"COGN305_AUTONOMIC_GANGLIA":6.586352248,"COLO201_LARGE_INTESTINE":6.672978708,"COLO678_LARGE_INTESTINE":6.447979342,"COLO679_SKIN":-17.1000002,"COLO792_SKIN":6.164043425,"COLO800_SKIN":4.079915944,"CORL23_LUNG":5.943051118,"CORL279_LUNG":5.844162898,"CORL47_LUNG":6.586800342,"COV318_OVARY":6.678668624,"COV362_OVARY":6.515798375,"COV434_OVARY":6.683237898,"COV504_OVARY":6.13050172,"COV644_OVARY":6.498335767,"CW9019_SOFT_TISSUE":6.421196531,"D283MED_CENTRAL_NERVOUS_SYSTEM":6.220440438,"D341MED_CENTRAL_NERVOUS_SYSTEM":6.635385659,"D425_CENTRAL_NERVOUS_SYSTEM":5.352256745,"D458_CENTRAL_NERVOUS_SYSTEM":6.511911514,"DANG_PANCREAS":5.862168852,"DAOY_CENTRAL_NERVOUS_SYSTEM":6.679653893,"DB_HAEMATOPOIETIC_AND_LYMPHOID_TISSUE":6.658321117,"DEL_HAEMATOPOIETIC_AND_LYMPHOID_TISSUE":6.484850477,"DETROIT562_UPPER_AERODIGESTIVE_TRACT":6.535650943,"DKMG_CENTRAL_NERVOUS_SYSTEM":3.933748929,"DLD1_LARGE_INTESTINE":5.881932406,"DU4475_BREAST":6.518368256,"EFE184_ENDOMETRIUM":6.293102803,"EFM19_BREAST":6.181906211,"EFO21_OVARY":6.172213048,"EFO27_OVARY":6.256941185,"EJM_HAEMATOPOIETIC_AND_LYMPHOID_TISSUE":6.195115538,"EKVX_LUNG":6.613472761,"EM2_HAEMATOPOIETIC_AND_LYMPHOID_TISSUE":6.158964222,"EN_ENDOMETRIUM":5.2525924,"EOL1_HAEMATOPOIETIC_AND_LYMPHOID_TISSUE":6.643288692,"EPLC272H_LUNG":5.748975596,"ES2_OVARY":6.155135219,"ESO26_OESOPHAGUS":6.581672505,"ESS1_ENDOMETRIUM":6.162171468,"EW8_BONE":6.098928487,"EWS502_BONE":5.38399965,"F36P_HAEMATOPOIETIC_AND_LYMPHOID_TISSUE":6.388829911,"F5_CENTRAL_NERVOUS_SYSTEM":6.10949943,"FADU_UPPER_AERODIGESTIVE_TRACT":6.629776286,"FLO1_OESOPHAGUS":6.63261388,"FU97_STOMACH":6.537662859,"G292CLONEA141B1_BONE":6.582896628,"G402_SOFT_TISSUE":5.275440767,"GAMG_CENTRAL_NERVOUS_SYSTEM":6.664102677,"GB1_CENTRAL_NERVOUS_SYSTEM":6.676194311,"GCIY_STOMACH":5.956660685,"GCT_SOFT_TISSUE":5.893618018,"GI1_CENTRAL_NERVOUS_SYSTEM":6.64308992,"GSS_STOMACH":5.556265938,"GSU_STOMACH":6.209730368,"H103_UPPER_AERODIGESTIVE_TRACT":6.586662751,"H4_CENTRAL_NERVOUS_SYSTEM":5.8759661,"HARA_LUNG":6.174929766,"HB1119_HAEMATOPOIETIC_AND_LYMPHOID_TISSUE":6.619808161,"HCC1143_BREAST":5.799011806,"HCC1359_LUNG":6.582441282,"HCC1395_BREAST":6.507983449,"HCC1419_BREAST":6.522737055,"HCC1428_BREAST":5.616748942,"HCC15_LUNG":6.224427571,"HCC1806_BREAST":6.236303726,"HCC1937_BREAST":5.9194693,"HCC1954_BREAST":6.675904823,"HCC202_BREAST":6.602898674,"HCC2429_LUNG":5.287950078,"HCC2935_LUNG":5.067313693,"HCC366_LUNG":5.362049452,"HCC461_LUNG":5.746654518,"HCC515_LUNG":5.994591544,"HCC56_LARGE_INTESTINE":6.027991542,"HCC827_LUNG":6.136879289,"HCC95_LUNG":6.198173696,"HDMYZ_HAEMATOPOIETIC_AND_LYMPHOID_TISSUE":5.086643614,"HEC151_ENDOMETRIUM":5.970273714,"HEC1A_ENDOMETRIUM":6.678813465,"HEC1B_ENDOMETRIUM":6.450443407,"HEC251_ENDOMETRIUM":5.667718652,"HEC265_ENDOMETRIUM":5.999557693,"HEC50B_ENDOMETRIUM":6.161697421,"HEC59_ENDOMETRIUM":5.82620717,"HEC6_ENDOMETRIUM":5.933043126,"HEL_HAEMATOPOIETIC_AND_LYMPHOID_TISSUE":6.628327676,"HEL9217_HAEMATOPOIETIC_AND_LYMPHOID_TISSUE":6.516049359,"HEYA8_OVARY":6.375771945,"HGC27_STOMACH":6.658797401,"HLF_LIVER":6.303061163,"HMC18_BREAST":6.039819003,"HOP62_LUNG":6.683080161,"HS294T_SKIN":3.829490203,"HS578T_BREAST":6.661114147,"HS683_CENTRAL_NERVOUS_SYSTEM":2.919440622,"HS695T_SKIN":5.187450438,"HS729_SOFT_TISSUE":6.365408451,"HS746T_STOMACH":5.250321263,"HS766T_PANCREAS":6.682790194,"HS852T_SKIN":6.682525789,"HS944T_SKIN":4.145482347,"HSB2_HAEMATOPOIETIC_AND_LYMPHOID_TISSUE":4.465947725,"HSC1_SKIN":4.741890864,"HSC2_UPPER_AERODIGESTIVE_TRACT":5.664654328,"HSC3_UPPER_AERODIGESTIVE_TRACT":6.683369487,"HT1080_SOFT_TISSUE":6.668481096,"HT115_LARGE_INTESTINE":6.5081284,"HT1197_URINARY_TRACT":5.122531667,"HT1376_URINARY_TRACT":6.582076032,"HT144_SKIN":6.483648891,"HT29_LARGE_INTESTINE":6.595764184,"HT55_LARGE_INTESTINE":5.878830501,"HUH1_LIVER":5.620983884,"HUH6_LIVER":6.683438922,"HUH7_LIVER":6.22677314,"HUNS1_HAEMATOPOIETIC_AND_LYMPHOID_TISSUE":6.659822476,"HUPT3_PANCREAS":4.401023469,"IALM_LUNG":-12.91707988,"IGR1_SKIN":6.666959858,"IGR39_SKIN":5.459821656,"IMR32_AUTONOMIC_GANGLIA":6.677070131,"INA6_HAEMATOPOIETIC_AND_LYMPHOID_TISSUE":5.112895064,"IPC298_SKIN":6.381125165,"ISTMES1_PLEURA":3.946886171,"ISTMES2_PLEURA":5.213292903,"J82_URINARY_TRACT":6.640372966,"JHH1_LIVER":6.623212479,"JHH4_LIVER":6.634389052,"JHH5_LIVER":6.324144774,"JHH7_LIVER":6.595293042,"JHOC5_OVARY":6.334146333,"JHOM1_OVARY":5.532422412,"JHOS2_OVARY":5.900947883,"JHOS4_OVARY":6.148446773,"JHUEM1_ENDOMETRIUM":6.513773814,"JHUEM7_ENDOMETRIUM":6.534424569,"JIMT1_BREAST":6.311242957,"JJN3_HAEMATOPOIETIC_AND_LYMPHOID_TISSUE":6.586555538,"JMSU1_URINARY_TRACT":6.600624929,"JMURTK2_SOFT_TISSUE":6.196246598,"JOPACA1_PANCREAS":6.682237413,"JR_SOFT_TISSUE":-20,"K029AX_SKIN":-0.614352956,"KALS1_CENTRAL_NERVOUS_SYSTEM":6.67246549,"KARPAS299_HAEMATOPOIETIC_AND_LYMPHOID_TISSUE":6.682310121,"KARPAS422_HAEMATOPOIETIC_AND_LYMPHOID_TISSUE":6.156792995,"KASUMI1_HAEMATOPOIETIC_AND_LYMPHOID_TISSUE":3.49698503,"KE39_STOMACH":5.418443077,"KE97_HAEMATOPOIETIC_AND_LYMPHOID_TISSUE":-1.687632707,"KELLY_AUTONOMIC_GANGLIA":6.142468326,"KIJK_HAEMATOPOIETIC_AND_LYMPHOID_TISSUE":6.663099378,"KLE_ENDOMETRIUM":5.52283157,"KM12_LARGE_INTESTINE":6.096278427,"KMBC2_URINARY_TRACT":6.112368165,