{"scores":{"127399_SOFT_TISSUE":0.655423812,"143B_BONE":-2.355042981,"2313287_STOMACH":-6.167847896,"253J_URINARY_TRACT":2.951330358,"42MGBA_CENTRAL_NERVOUS_SYSTEM":1.037882724,"5637_URINARY_TRACT":2.869992339,"59M_OVARY":2.413244876,"639V_URINARY_TRACT":2.915036633,"647V_URINARY_TRACT":2.95932198,"697_HAEMATOPOIETIC_AND_LYMPHOID_TISSUE":2.800272301,"769P_KIDNEY":2.952666628,"786O_KIDNEY":2.958497034,"8305C_THYROID":2.615081474,"8MGBA_CENTRAL_NERVOUS_SYSTEM":2.951088515,"A2058_SKIN":2.794361,"A2780_OVARY":0.192442631,"A3KAW_HAEMATOPOIETIC_AND_LYMPHOID_TISSUE":2.847606519,"A427_LUNG":-2.061846185,"A431_SKIN":-9.659716974,"A549_LUNG":1.403558539,"A673_BONE":2.947892059,"ABC1_LUNG":-1.200641685,"ACCMESO1_PLEURA":2.121128275,"AGS_STOMACH":2.671206065,"AML193_HAEMATOPOIETIC_AND_LYMPHOID_TISSUE":2.731316653,"AMO1_HAEMATOPOIETIC_AND_LYMPHOID_TISSUE":2.35437977,"ASPC1_PANCREAS":2.935546383,"AU565_BREAST":2.324539777,"BC3C_URINARY_TRACT":2.951880293,"BFTC905_URINARY_TRACT":2.600623028,"BFTC909_KIDNEY":2.580769813,"BHY_UPPER_AERODIGESTIVE_TRACT":2.958859172,"BICR16_UPPER_AERODIGESTIVE_TRACT":2.903086648,"BICR22_UPPER_AERODIGESTIVE_TRACT":2.25478861,"BICR31_UPPER_AERODIGESTIVE_TRACT":1.039520978,"BICR56_UPPER_AERODIGESTIVE_TRACT":2.853851282,"BICR6_UPPER_AERODIGESTIVE_TRACT":2.254197141,"BICR78_UPPER_AERODIGESTIVE_TRACT":2.956762279,"BIN67_OVARY":-5.005724894,"BL70_HAEMATOPOIETIC_AND_LYMPHOID_TISSUE":2.472242955,"BLUE1_HAEMATOPOIETIC_AND_LYMPHOID_TISSUE":2.959047848,"BT12_SOFT_TISSUE":1.927781941,"BT16_SOFT_TISSUE":2.85210032,"BT549_BREAST":1.858793564,"C2BBE1_LARGE_INTESTINE":2.525600901,"C32_SKIN":2.915887538,"C8166_HAEMATOPOIETIC_AND_LYMPHOID_TISSUE":2.955992312,"CADOES1_BONE":-2.650359286,"CAKI1_KIDNEY":2.926002669,"CAKI2_KIDNEY":2.587718615,"CAL27_UPPER_AERODIGESTIVE_TRACT":2.919733762,"CAL29_URINARY_TRACT":2.520771147,"CAL33_UPPER_AERODIGESTIVE_TRACT":2.859760122,"CAL51_BREAST":1.028236074,"CAL78_BONE":2.499270659,"CALU1_LUNG":2.470851167,"CALU6_LUNG":2.578367327,"CAMA1_BREAST":2.558322068,"CAOV3_OVARY":-0.470460551,"CAS1_CENTRAL_NERVOUS_SYSTEM":1.969556684,"CASKI_CERVIX":2.511576939,"CCFSTTG1_CENTRAL_NERVOUS_SYSTEM":2.190481192,"CCK81_LARGE_INTESTINE":0.869877975,"CCLFPEDS0001T_KIDNEY":1.746261945,"CCLFPEDS0003T_SOFT_TISSUE":-2.677214461,"CFPAC1_PANCREAS":1.591740924,"CH157MN_CENTRAL_NERVOUS_SYSTEM":-0.863667603,"CHAGOK1_LUNG":1.874222016,"CHLA06ATRT_SOFT_TISSUE":1.207766056,"CHLA15_AUTONOMIC_GANGLIA":2.957511708,"CHLA266_SOFT_TISSUE":2.492761189,"CHP212_AUTONOMIC_GANGLIA":2.489956843,"CJM_SKIN":2.921703445,"CL40_LARGE_INTESTINE":1.98748429,"CME1_SOFT_TISSUE":0.698001718,"CMLT1_HAEMATOPOIETIC_AND_LYMPHOID_TISSUE":1.621989084,"COGAR359_SOFT_TISSUE":2.761856217,"COGE352_BONE":-4.865351864,"COGN278_AUTONOMIC_GANGLIA":2.958714872,"COGN305_AUTONOMIC_GANGLIA":2.959373032,"COLO201_LARGE_INTESTINE":2.917362088,"COLO678_LARGE_INTESTINE":2.818368625,"COLO679_SKIN":-0.043212945,"COLO792_SKIN":-11.2153542,"COLO800_SKIN":2.640418145,"CORL23_LUNG":0.950092185,"CORL279_LUNG":0.845495345,"CORL47_LUNG":2.884822551,"COV318_OVARY":2.85279575,"COV362_OVARY":2.945366714,"COV434_OVARY":0.384809888,"COV504_OVARY":2.690875507,"COV644_OVARY":2.30765022,"CW9019_SOFT_TISSUE":1.96600767,"D283MED_CENTRAL_NERVOUS_SYSTEM":2.773590958,"D341MED_CENTRAL_NERVOUS_SYSTEM":2.802855424,"D425_CENTRAL_NERVOUS_SYSTEM":2.838536612,"D458_CENTRAL_NERVOUS_SYSTEM":2.59653897,"DANG_PANCREAS":1.455283753,"DAOY_CENTRAL_NERVOUS_SYSTEM":1.449424773,"DB_HAEMATOPOIETIC_AND_LYMPHOID_TISSUE":2.806548124,"DEL_HAEMATOPOIETIC_AND_LYMPHOID_TISSUE":2.819355136,"DETROIT562_UPPER_AERODIGESTIVE_TRACT":0.080750002,"DKMG_CENTRAL_NERVOUS_SYSTEM":1.866819381,"DLD1_LARGE_INTESTINE":-3.780234001,"DU4475_BREAST":-3.847033561,"EFE184_ENDOMETRIUM":2.771468681,"EFM19_BREAST":1.607410158,"EFO21_OVARY":2.820527949,"EFO27_OVARY":-3.005754139,"EJM_HAEMATOPOIETIC_AND_LYMPHOID_TISSUE":1.00007276,"EKVX_LUNG":0.5262251,"EM2_HAEMATOPOIETIC_AND_LYMPHOID_TISSUE":1.532201403,"EN_ENDOMETRIUM":2.400844583,"EOL1_HAEMATOPOIETIC_AND_LYMPHOID_TISSUE":-1.021510433,"EPLC272H_LUNG":2.946601715,"ES2_OVARY":0.143712408,"ESO26_OESOPHAGUS":-6.318690201,"ESS1_ENDOMETRIUM":0.351939037,"EW8_BONE":1.804894369,"EWS502_BONE":2.475871162,"F36P_HAEMATOPOIETIC_AND_LYMPHOID_TISSUE":1.670535339,"F5_CENTRAL_NERVOUS_SYSTEM":1.050597343,"FADU_UPPER_AERODIGESTIVE_TRACT":1.42924904,"FLO1_OESOPHAGUS":0.568827368,"FU97_STOMACH":-7.091560443,"G292CLONEA141B1_BONE":2.814388586,"G402_SOFT_TISSUE":2.768084233,"GAMG_CENTRAL_NERVOUS_SYSTEM":1.716174454,"GB1_CENTRAL_NERVOUS_SYSTEM":-3.266243673,"GCIY_STOMACH":-4.529530686,"GCT_SOFT_TISSUE":2.606325875,"GI1_CENTRAL_NERVOUS_SYSTEM":2.737687754,"GSS_STOMACH":1.72194868,"GSU_STOMACH":2.338104287,"H103_UPPER_AERODIGESTIVE_TRACT":2.826956291,"H4_CENTRAL_NERVOUS_SYSTEM":2.542343702,"HARA_LUNG":1.991754329,"HB1119_HAEMATOPOIETIC_AND_LYMPHOID_TISSUE":2.732124652,"HCC1143_BREAST":-8.858151182,"HCC1359_LUNG":2.60704249,"HCC1395_BREAST":2.536681964,"HCC1419_BREAST":0.370435202,"HCC1428_BREAST":2.376324358,"HCC15_LUNG":1.298394015,"HCC1806_BREAST":2.950923414,"HCC1937_BREAST":1.777900156,"HCC1954_BREAST":0.751457961,"HCC202_BREAST":-8.253891874,"HCC2429_LUNG":2.537535109,"HCC2935_LUNG":-0.478130575,"HCC366_LUNG":1.723947764,"HCC461_LUNG":1.942902281,"HCC515_LUNG":2.022728503,"HCC56_LARGE_INTESTINE":2.155261625,"HCC827_LUNG":0.093239104,"HCC95_LUNG":0.693334205,"HDMYZ_HAEMATOPOIETIC_AND_LYMPHOID_TISSUE":2.770464756,"HEC151_ENDOMETRIUM":1.548575271,"HEC1A_ENDOMETRIUM":1.878430086,"HEC1B_ENDOMETRIUM":1.799848506,"HEC251_ENDOMETRIUM":2.466648031,"HEC265_ENDOMETRIUM":1.372904674,"HEC50B_ENDOMETRIUM":2.76521309,"HEC59_ENDOMETRIUM":-16.31059358,"HEC6_ENDOMETRIUM":1.93277889,"HEL_HAEMATOPOIETIC_AND_LYMPHOID_TISSUE":2.95746375,"HEL9217_HAEMATOPOIETIC_AND_LYMPHOID_TISSUE":2.618612692,"HEYA8_OVARY":2.826946686,"HGC27_STOMACH":2.096865452,"HLF_LIVER":2.613047837,"HMC18_BREAST":2.292033376,"HOP62_LUNG":2.78553866,"HS294T_SKIN":2.288009361,"HS578T_BREAST":2.186826118,"HS683_CENTRAL_NERVOUS_SYSTEM":2.102299096,"HS695T_SKIN":2.153362422,"HS729_SOFT_TISSUE":1.098872107,"HS746T_STOMACH":2.571267635,"HS766T_PANCREAS":2.953643263,"HS852T_SKIN":2.573415796,"HS944T_SKIN":2.717832463,"HSB2_HAEMATOPOIETIC_AND_LYMPHOID_TISSUE":2.828128139,"HSC1_SKIN":1.726701252,"HSC2_UPPER_AERODIGESTIVE_TRACT":2.780213397,"HSC3_UPPER_AERODIGESTIVE_TRACT":2.235549931,"HT1080_SOFT_TISSUE":2.580774116,"HT115_LARGE_INTESTINE":2.941549428,"HT1197_URINARY_TRACT":1.409060756,"HT1376_URINARY_TRACT":2.575871765,"HT144_SKIN":2.638526254,"HT29_LARGE_INTESTINE":-1.421501746,"HT55_LARGE_INTESTINE":2.869340663,"HUH1_LIVER":2.916417124,"HUH6_LIVER":-7.046990037,"HUH7_LIVER":2.101432356,"HUNS1_HAEMATOPOIETIC_AND_LYMPHOID_TISSUE":2.893251344,"HUPT3_PANCREAS":-0.005630778,"IALM_LUNG":-5.108431965,"IGR1_SKIN":2.947524701,"IGR39_SKIN":1.938513636,"IMR32_AUTONOMIC_GANGLIA":2.954341002,"INA6_HAEMATOPOIETIC_AND_LYMPHOID_TISSUE":0.490515803,"IPC298_SKIN":2.329391792,"ISTMES1_PLEURA":0.856249287,"ISTMES2_PLEURA":2.397670006,"J82_URINARY_TRACT":-0.132293202,"JHH1_LIVER":-1.011174107,"JHH4_LIVER":-6.691453711,"JHH5_LIVER":-0.775663032,"JHH7_LIVER":2.458639932,"JHOC5_OVARY":2.843992916,"JHOM1_OVARY":2.951238149,"JHOS2_OVARY":2.923969288,"JHOS4_OVARY":2.840362422,"JHUEM1_ENDOMETRIUM":2.546755216,"JHUEM7_ENDOMETRIUM":2.944890799,"JIMT1_BREAST":2.89713711,"JJN3_HAEMATOPOIETIC_AND_LYMPHOID_TISSUE":2.455122578,"JMSU1_URINARY_TRACT":1.380740286,"JMURTK2_SOFT_TISSUE":2.944855219,"JOPACA1_PANCREAS":2.935111262,"JR_SOFT_TISSUE":-1.848420996,"K029AX_SKIN":0.509197827,"KALS1_CENTRAL_NERVOUS_SYSTEM":2.822752295,"KARPAS299_HAEMATOPOIETIC_AND_LYMPHOID_TISSUE":2.917403996,"KARPAS422_HAEMATOPOIETIC_AND_LYMPHOID_TISSUE":2.415468964,"KASUMI1_HAEMATOPOIETIC_AND_LYMPHOID_TISSUE":-0.658423431,"KE39_STOMACH":1.867455493,"KE97_HAEMATOPOIETIC_AND_LYMPHOID_TISSUE":2.484044511,"KELLY_AUTONOMIC_GANGLIA":-1.043714094,"KIJK_HAEMATOPOIETIC_AND_LYMPHOID_TISSUE":2.925468528,"KLE_ENDOMETRIUM":2.753163817,