{"scores":{"127399_SOFT_TISSUE":1.803925415,"143B_BONE":2.060590563,"2313287_STOMACH":2.35189798,"253J_URINARY_TRACT":1.974052801,"42MGBA_CENTRAL_NERVOUS_SYSTEM":-20,"5637_URINARY_TRACT":1.805000502,"59M_OVARY":2.087493355,"639V_URINARY_TRACT":2.381037628,"647V_URINARY_TRACT":2.079979772,"697_HAEMATOPOIETIC_AND_LYMPHOID_TISSUE":1.867544207,"769P_KIDNEY":1.956873241,"786O_KIDNEY":1.491880777,"8305C_THYROID":1.486225586,"8MGBA_CENTRAL_NERVOUS_SYSTEM":2.383324129,"A2058_SKIN":2.359559527,"A2780_OVARY":2.089918114,"A3KAW_HAEMATOPOIETIC_AND_LYMPHOID_TISSUE":-2.249938046,"A427_LUNG":2.371124554,"A431_SKIN":1.200925691,"A549_LUNG":1.674135724,"A673_BONE":2.369670915,"ABC1_LUNG":2.384145551,"ACCMESO1_PLEURA":1.406917414,"AGS_STOMACH":2.065760836,"AML193_HAEMATOPOIETIC_AND_LYMPHOID_TISSUE":1.376948614,"AMO1_HAEMATOPOIETIC_AND_LYMPHOID_TISSUE":2.384713754,"ASPC1_PANCREAS":2.22687092,"AU565_BREAST":1.638291626,"BC3C_URINARY_TRACT":0.999811557,"BFTC905_URINARY_TRACT":1.576754072,"BFTC909_KIDNEY":1.978141566,"BHY_UPPER_AERODIGESTIVE_TRACT":2.380293628,"BICR16_UPPER_AERODIGESTIVE_TRACT":0.283963102,"BICR22_UPPER_AERODIGESTIVE_TRACT":-0.725880649,"BICR31_UPPER_AERODIGESTIVE_TRACT":2.382240493,"BICR56_UPPER_AERODIGESTIVE_TRACT":2.237072058,"BICR6_UPPER_AERODIGESTIVE_TRACT":1.920638816,"BICR78_UPPER_AERODIGESTIVE_TRACT":-0.643875992,"BIN67_OVARY":2.301567808,"BL70_HAEMATOPOIETIC_AND_LYMPHOID_TISSUE":1.795962162,"BLUE1_HAEMATOPOIETIC_AND_LYMPHOID_TISSUE":0.044202097,"BT12_SOFT_TISSUE":2.370197928,"BT16_SOFT_TISSUE":1.812687105,"BT549_BREAST":2.085862526,"C2BBE1_LARGE_INTESTINE":2.187121948,"C32_SKIN":2.04860561,"C8166_HAEMATOPOIETIC_AND_LYMPHOID_TISSUE":2.380713419,"CADOES1_BONE":-1.717520444,"CAKI1_KIDNEY":2.384713754,"CAKI2_KIDNEY":1.016179544,"CAL27_UPPER_AERODIGESTIVE_TRACT":2.229923034,"CAL29_URINARY_TRACT":1.95541133,"CAL33_UPPER_AERODIGESTIVE_TRACT":2.257521164,"CAL51_BREAST":2.236848063,"CAL78_BONE":1.834070709,"CALU1_LUNG":2.346315361,"CALU6_LUNG":2.134293222,"CAMA1_BREAST":2.207783039,"CAOV3_OVARY":0.927792241,"CAS1_CENTRAL_NERVOUS_SYSTEM":-8.341171279,"CASKI_CERVIX":1.413059676,"CCFSTTG1_CENTRAL_NERVOUS_SYSTEM":0.890291691,"CCK81_LARGE_INTESTINE":1.980324446,"CCLFPEDS0001T_KIDNEY":2.360452375,"CCLFPEDS0003T_SOFT_TISSUE":1.912004471,"CFPAC1_PANCREAS":1.445589653,"CH157MN_CENTRAL_NERVOUS_SYSTEM":2.34493226,"CHAGOK1_LUNG":2.340053238,"CHLA06ATRT_SOFT_TISSUE":2.322405206,"CHLA15_AUTONOMIC_GANGLIA":1.915184146,"CHLA266_SOFT_TISSUE":2.272335761,"CHP212_AUTONOMIC_GANGLIA":1.599257138,"CJM_SKIN":0.728637218,"CL40_LARGE_INTESTINE":0.980554727,"CME1_SOFT_TISSUE":-5.860071907,"CMLT1_HAEMATOPOIETIC_AND_LYMPHOID_TISSUE":2.376807095,"COGAR359_SOFT_TISSUE":0.272735322,"COGE352_BONE":2.319498593,"COGN278_AUTONOMIC_GANGLIA":2.375386612,"COGN305_AUTONOMIC_GANGLIA":2.130114698,"COLO201_LARGE_INTESTINE":2.357163609,"COLO678_LARGE_INTESTINE":1.094492058,"COLO679_SKIN":2.378450281,"COLO792_SKIN":2.360602503,"COLO800_SKIN":-2.314974216,"CORL23_LUNG":2.38452753,"CORL279_LUNG":2.153700047,"CORL47_LUNG":2.311671214,"COV318_OVARY":2.102783467,"COV362_OVARY":2.322967548,"COV434_OVARY":2.383057535,"COV504_OVARY":2.350681088,"COV644_OVARY":2.374292522,"CW9019_SOFT_TISSUE":2.384689312,"D283MED_CENTRAL_NERVOUS_SYSTEM":1.974560671,"D341MED_CENTRAL_NERVOUS_SYSTEM":2.133248163,"D425_CENTRAL_NERVOUS_SYSTEM":2.033006604,"D458_CENTRAL_NERVOUS_SYSTEM":2.359323913,"DANG_PANCREAS":2.230464593,"DAOY_CENTRAL_NERVOUS_SYSTEM":2.372672112,"DB_HAEMATOPOIETIC_AND_LYMPHOID_TISSUE":0.440213273,"DEL_HAEMATOPOIETIC_AND_LYMPHOID_TISSUE":2.22042752,"DETROIT562_UPPER_AERODIGESTIVE_TRACT":0.174779126,"DKMG_CENTRAL_NERVOUS_SYSTEM":-14.01113941,"DLD1_LARGE_INTESTINE":1.064071857,"DU4475_BREAST":0.151190042,"EFE184_ENDOMETRIUM":2.029307704,"EFM19_BREAST":-0.873607967,"EFO21_OVARY":2.259373992,"EFO27_OVARY":2.384199995,"EJM_HAEMATOPOIETIC_AND_LYMPHOID_TISSUE":-1.286607049,"EKVX_LUNG":1.628979405,"EM2_HAEMATOPOIETIC_AND_LYMPHOID_TISSUE":2.368844482,"EN_ENDOMETRIUM":2.375414514,"EOL1_HAEMATOPOIETIC_AND_LYMPHOID_TISSUE":2.190884491,"EPLC272H_LUNG":2.311803124,"ES2_OVARY":2.230446723,"ESO26_OESOPHAGUS":1.911022902,"ESS1_ENDOMETRIUM":2.380531594,"EW8_BONE":0.76246806,"EWS502_BONE":2.313678025,"F36P_HAEMATOPOIETIC_AND_LYMPHOID_TISSUE":2.295411878,"F5_CENTRAL_NERVOUS_SYSTEM":2.380765185,"FADU_UPPER_AERODIGESTIVE_TRACT":1.94989834,"FLO1_OESOPHAGUS":0.72719326,"FU97_STOMACH":-2.727395289,"G292CLONEA141B1_BONE":1.067791497,"G402_SOFT_TISSUE":0.457151751,"GAMG_CENTRAL_NERVOUS_SYSTEM":2.29547615,"GB1_CENTRAL_NERVOUS_SYSTEM":2.272868644,"GCIY_STOMACH":1.628359175,"GCT_SOFT_TISSUE":1.868492696,"GI1_CENTRAL_NERVOUS_SYSTEM":2.108020452,"GSS_STOMACH":1.318405231,"GSU_STOMACH":1.718645796,"H103_UPPER_AERODIGESTIVE_TRACT":0.338645773,"H4_CENTRAL_NERVOUS_SYSTEM":-0.703806054,"HARA_LUNG":1.260159315,"HB1119_HAEMATOPOIETIC_AND_LYMPHOID_TISSUE":2.339401739,"HCC1143_BREAST":1.149744855,"HCC1359_LUNG":1.726644807,"HCC1395_BREAST":2.337120342,"HCC1419_BREAST":2.384713754,"HCC1428_BREAST":2.37195278,"HCC15_LUNG":1.81460405,"HCC1806_BREAST":1.942157962,"HCC1937_BREAST":2.380941932,"HCC1954_BREAST":2.350591677,"HCC202_BREAST":-3.280424593,"HCC2429_LUNG":1.72456953,"HCC2935_LUNG":0.154286575,"HCC366_LUNG":1.28273871,"HCC461_LUNG":1.454280047,"HCC515_LUNG":2.236312541,"HCC56_LARGE_INTESTINE":2.282013565,"HCC827_LUNG":2.373534691,"HCC95_LUNG":2.133745346,"HDMYZ_HAEMATOPOIETIC_AND_LYMPHOID_TISSUE":2.317317494,"HEC151_ENDOMETRIUM":2.214054533,"HEC1A_ENDOMETRIUM":1.216383491,"HEC1B_ENDOMETRIUM":2.305469894,"HEC251_ENDOMETRIUM":1.894466464,"HEC265_ENDOMETRIUM":2.270240819,"HEC50B_ENDOMETRIUM":1.545906786,"HEC59_ENDOMETRIUM":2.238757151,"HEC6_ENDOMETRIUM":0.61729048,"HEL_HAEMATOPOIETIC_AND_LYMPHOID_TISSUE":2.340717931,"HEL9217_HAEMATOPOIETIC_AND_LYMPHOID_TISSUE":2.364469915,"HEYA8_OVARY":2.317151275,"HGC27_STOMACH":-2.554012248,"HLF_LIVER":2.334385852,"HMC18_BREAST":-13.21122233,"HOP62_LUNG":2.346794564,"HS294T_SKIN":2.24737619,"HS578T_BREAST":0.05773155,"HS683_CENTRAL_NERVOUS_SYSTEM":0.840188088,"HS695T_SKIN":2.357908698,"HS729_SOFT_TISSUE":1.776487323,"HS746T_STOMACH":1.839446082,"HS766T_PANCREAS":2.367484105,"HS852T_SKIN":2.336802439,"HS944T_SKIN":2.383202313,"HSB2_HAEMATOPOIETIC_AND_LYMPHOID_TISSUE":2.384713754,"HSC1_SKIN":1.94133159,"HSC2_UPPER_AERODIGESTIVE_TRACT":2.377108331,"HSC3_UPPER_AERODIGESTIVE_TRACT":2.381093945,"HT1080_SOFT_TISSUE":2.339299536,"HT115_LARGE_INTESTINE":1.174583644,"HT1197_URINARY_TRACT":2.381884296,"HT1376_URINARY_TRACT":1.668304444,"HT144_SKIN":2.305133537,"HT29_LARGE_INTESTINE":1.938276114,"HT55_LARGE_INTESTINE":2.175445125,"HUH1_LIVER":1.886676252,"HUH6_LIVER":2.242633868,"HUH7_LIVER":2.319052676,"HUNS1_HAEMATOPOIETIC_AND_LYMPHOID_TISSUE":2.004176124,"HUPT3_PANCREAS":2.107886191,"IALM_LUNG":2.343988567,"IGR1_SKIN":2.25109576,"IGR39_SKIN":2.230955228,"IMR32_AUTONOMIC_GANGLIA":2.341116993,"INA6_HAEMATOPOIETIC_AND_LYMPHOID_TISSUE":2.384464182,"IPC298_SKIN":2.382391873,"ISTMES1_PLEURA":2.337929429,"ISTMES2_PLEURA":1.390211161,"J82_URINARY_TRACT":1.783487483,"JHH1_LIVER":2.364389688,"JHH4_LIVER":2.255059774,"JHH5_LIVER":2.171618229,"JHH7_LIVER":2.214368493,"JHOC5_OVARY":2.17469081,"JHOM1_OVARY":2.382195281,"JHOS2_OVARY":2.383695968,"JHOS4_OVARY":2.375766329,"JHUEM1_ENDOMETRIUM":1.613940644,"JHUEM7_ENDOMETRIUM":1.131517534,"JIMT1_BREAST":2.092985678,"JJN3_HAEMATOPOIETIC_AND_LYMPHOID_TISSUE":0.823568433,"JMSU1_URINARY_TRACT":2.380910668,"JMURTK2_SOFT_TISSUE":2.23229661,"JOPACA1_PANCREAS":2.249146758,"JR_SOFT_TISSUE":1.211185722,"K029AX_SKIN":2.384713754,"KALS1_CENTRAL_NERVOUS_SYSTEM":2.180854147,"KARPAS299_HAEMATOPOIETIC_AND_LYMPHOID_TISSUE":2.377249322,"KARPAS422_HAEMATOPOIETIC_AND_LYMPHOID_TISSUE":2.310670551,"KASUMI1_HAEMATOPOIETIC_AND_LYMPHOID_TISSUE":-6.9715007,"KE39_STOMACH":2.369771296,"KE97_HAEMATOPOIETIC_AND_LYMPHOID_TISSUE":2.143003789,"KELLY_AUTONOMIC_GANGLIA":1.719534023,"KIJK_HAEMATOPOIETIC_AND_LYMPHOID_TISSUE":2.382535009,"KLE_ENDOMETRIUM":1.058020012,"KM12_LARGE_INTESTINE":2.087779841,