{"scores":{"127399_SOFT_TISSUE":2.015929255,"143B_BONE":2.085189039,"2313287_STOMACH":1.567104952,"253J_URINARY_TRACT":0.138903658,"42MGBA_CENTRAL_NERVOUS_SYSTEM":-4.982442311,"5637_URINARY_TRACT":2.204943233,"59M_OVARY":2.245723467,"639V_URINARY_TRACT":2.27122497,"647V_URINARY_TRACT":2.266585877,"697_HAEMATOPOIETIC_AND_LYMPHOID_TISSUE":0.929179154,"769P_KIDNEY":-1.595197062,"786O_KIDNEY":2.213458064,"8305C_THYROID":-8.49475112,"8MGBA_CENTRAL_NERVOUS_SYSTEM":2.006768166,"A2058_SKIN":2.193526203,"A2780_OVARY":2.285555814,"A3KAW_HAEMATOPOIETIC_AND_LYMPHOID_TISSUE":2.229565187,"A427_LUNG":1.51732873,"A431_SKIN":2.142332884,"A549_LUNG":1.674081786,"A673_BONE":1.998423943,"ABC1_LUNG":2.279560202,"ACCMESO1_PLEURA":1.369495379,"AGS_STOMACH":2.285029562,"AML193_HAEMATOPOIETIC_AND_LYMPHOID_TISSUE":2.146998997,"AMO1_HAEMATOPOIETIC_AND_LYMPHOID_TISSUE":0.874622209,"ASPC1_PANCREAS":0.958273682,"AU565_BREAST":2.144964372,"BC3C_URINARY_TRACT":2.217605075,"BFTC905_URINARY_TRACT":1.564777087,"BFTC909_KIDNEY":2.27940877,"BHY_UPPER_AERODIGESTIVE_TRACT":1.564749544,"BICR16_UPPER_AERODIGESTIVE_TRACT":0.967656764,"BICR22_UPPER_AERODIGESTIVE_TRACT":2.285349354,"BICR31_UPPER_AERODIGESTIVE_TRACT":2.283761647,"BICR56_UPPER_AERODIGESTIVE_TRACT":2.196862462,"BICR6_UPPER_AERODIGESTIVE_TRACT":2.127061992,"BICR78_UPPER_AERODIGESTIVE_TRACT":2.260836779,"BIN67_OVARY":1.677716377,"BL70_HAEMATOPOIETIC_AND_LYMPHOID_TISSUE":-6.443369912,"BLUE1_HAEMATOPOIETIC_AND_LYMPHOID_TISSUE":2.245243055,"BT12_SOFT_TISSUE":1.804240163,"BT16_SOFT_TISSUE":2.285561736,"BT549_BREAST":0.29499651,"C2BBE1_LARGE_INTESTINE":2.141403476,"C32_SKIN":1.478135364,"C8166_HAEMATOPOIETIC_AND_LYMPHOID_TISSUE":-8.890517563,"CADOES1_BONE":0.367255927,"CAKI1_KIDNEY":2.261579725,"CAKI2_KIDNEY":2.285535101,"CAL27_UPPER_AERODIGESTIVE_TRACT":2.127066676,"CAL29_URINARY_TRACT":2.076349092,"CAL33_UPPER_AERODIGESTIVE_TRACT":2.023125069,"CAL51_BREAST":2.26207294,"CAL78_BONE":2.220934967,"CALU1_LUNG":2.092612206,"CALU6_LUNG":2.282502271,"CAMA1_BREAST":2.206368113,"CAOV3_OVARY":2.282271566,"CAS1_CENTRAL_NERVOUS_SYSTEM":0.867754402,"CASKI_CERVIX":2.135705791,"CCFSTTG1_CENTRAL_NERVOUS_SYSTEM":-0.629078839,"CCK81_LARGE_INTESTINE":0.208513231,"CCLFPEDS0001T_KIDNEY":1.687341506,"CCLFPEDS0003T_SOFT_TISSUE":2.285561736,"CFPAC1_PANCREAS":2.28453002,"CH157MN_CENTRAL_NERVOUS_SYSTEM":-5.055959512,"CHAGOK1_LUNG":2.111144562,"CHLA06ATRT_SOFT_TISSUE":2.143510438,"CHLA15_AUTONOMIC_GANGLIA":2.038444033,"CHLA266_SOFT_TISSUE":0.438468644,"CHP212_AUTONOMIC_GANGLIA":2.251127413,"CJM_SKIN":2.119019365,"CL40_LARGE_INTESTINE":2.278343634,"CME1_SOFT_TISSUE":2.187085307,"CMLT1_HAEMATOPOIETIC_AND_LYMPHOID_TISSUE":-5.200951247,"COGAR359_SOFT_TISSUE":2.2081244,"COGE352_BONE":2.23362675,"COGN278_AUTONOMIC_GANGLIA":1.627149565,"COGN305_AUTONOMIC_GANGLIA":1.338471246,"COLO201_LARGE_INTESTINE":2.265294239,"COLO678_LARGE_INTESTINE":2.272611514,"COLO679_SKIN":-0.283919335,"COLO792_SKIN":0.545031719,"COLO800_SKIN":2.090842861,"CORL23_LUNG":-0.086103403,"CORL279_LUNG":1.519041789,"CORL47_LUNG":1.503175051,"COV318_OVARY":2.204266283,"COV362_OVARY":1.44328069,"COV434_OVARY":2.225274002,"COV504_OVARY":2.059243932,"COV644_OVARY":2.181674126,"CW9019_SOFT_TISSUE":-20,"D283MED_CENTRAL_NERVOUS_SYSTEM":1.514500644,"D341MED_CENTRAL_NERVOUS_SYSTEM":1.141156247,"D425_CENTRAL_NERVOUS_SYSTEM":-6.407576658,"D458_CENTRAL_NERVOUS_SYSTEM":2.078170622,"DANG_PANCREAS":2.027382699,"DAOY_CENTRAL_NERVOUS_SYSTEM":2.097584822,"DB_HAEMATOPOIETIC_AND_LYMPHOID_TISSUE":1.386370465,"DEL_HAEMATOPOIETIC_AND_LYMPHOID_TISSUE":1.951121871,"DETROIT562_UPPER_AERODIGESTIVE_TRACT":1.852454516,"DKMG_CENTRAL_NERVOUS_SYSTEM":2.165351448,"DLD1_LARGE_INTESTINE":2.269833393,"DU4475_BREAST":2.091793676,"EFE184_ENDOMETRIUM":2.017862313,"EFM19_BREAST":1.976503534,"EFO21_OVARY":2.26194693,"EFO27_OVARY":2.265195991,"EJM_HAEMATOPOIETIC_AND_LYMPHOID_TISSUE":2.172429452,"EKVX_LUNG":2.17578663,"EM2_HAEMATOPOIETIC_AND_LYMPHOID_TISSUE":-15.81367191,"EN_ENDOMETRIUM":1.732579063,"EOL1_HAEMATOPOIETIC_AND_LYMPHOID_TISSUE":2.285561736,"EPLC272H_LUNG":2.154229861,"ES2_OVARY":1.539837626,"ESO26_OESOPHAGUS":2.240568431,"ESS1_ENDOMETRIUM":2.123153852,"EW8_BONE":1.780397963,"EWS502_BONE":1.883230135,"F36P_HAEMATOPOIETIC_AND_LYMPHOID_TISSUE":1.615311039,"F5_CENTRAL_NERVOUS_SYSTEM":2.271339664,"FADU_UPPER_AERODIGESTIVE_TRACT":2.285561736,"FLO1_OESOPHAGUS":2.213474032,"FU97_STOMACH":0.472856443,"G292CLONEA141B1_BONE":2.177774459,"G402_SOFT_TISSUE":2.285322859,"GAMG_CENTRAL_NERVOUS_SYSTEM":2.15215481,"GB1_CENTRAL_NERVOUS_SYSTEM":2.284764133,"GCIY_STOMACH":2.014005441,"GCT_SOFT_TISSUE":0.811585855,"GI1_CENTRAL_NERVOUS_SYSTEM":-0.819140364,"GSS_STOMACH":1.677706934,"GSU_STOMACH":2.262383857,"H103_UPPER_AERODIGESTIVE_TRACT":2.26931687,"H4_CENTRAL_NERVOUS_SYSTEM":1.124615618,"HARA_LUNG":1.808341947,"HB1119_HAEMATOPOIETIC_AND_LYMPHOID_TISSUE":-3.013524719,"HCC1143_BREAST":2.206322463,"HCC1359_LUNG":1.599522344,"HCC1395_BREAST":1.142408288,"HCC1419_BREAST":2.267381945,"HCC1428_BREAST":1.932400624,"HCC15_LUNG":2.285170687,"HCC1806_BREAST":1.919438403,"HCC1937_BREAST":2.27470384,"HCC1954_BREAST":0.232603798,"HCC202_BREAST":2.147993828,"HCC2429_LUNG":1.651402912,"HCC2935_LUNG":-1.306502679,"HCC366_LUNG":1.760388982,"HCC461_LUNG":2.264634202,"HCC515_LUNG":2.094428623,"HCC56_LARGE_INTESTINE":2.203950315,"HCC827_LUNG":1.641385611,"HCC95_LUNG":1.125996083,"HDMYZ_HAEMATOPOIETIC_AND_LYMPHOID_TISSUE":1.117506965,"HEC151_ENDOMETRIUM":0.72908297,"HEC1A_ENDOMETRIUM":-1.660573718,"HEC1B_ENDOMETRIUM":2.276429446,"HEC251_ENDOMETRIUM":2.285561736,"HEC265_ENDOMETRIUM":1.766059649,"HEC50B_ENDOMETRIUM":2.217281342,"HEC59_ENDOMETRIUM":2.285201113,"HEC6_ENDOMETRIUM":1.913085183,"HEL_HAEMATOPOIETIC_AND_LYMPHOID_TISSUE":1.979098876,"HEL9217_HAEMATOPOIETIC_AND_LYMPHOID_TISSUE":1.744936701,"HEYA8_OVARY":2.248648582,"HGC27_STOMACH":0.58070799,"HLF_LIVER":2.099336095,"HMC18_BREAST":2.270071099,"HOP62_LUNG":1.345970367,"HS294T_SKIN":-2.344801062,"HS578T_BREAST":2.227227855,"HS683_CENTRAL_NERVOUS_SYSTEM":-5.639298895,"HS695T_SKIN":2.040547958,"HS729_SOFT_TISSUE":1.652745681,"HS746T_STOMACH":2.137366302,"HS766T_PANCREAS":2.181180784,"HS852T_SKIN":2.076239298,"HS944T_SKIN":-2.439734941,"HSB2_HAEMATOPOIETIC_AND_LYMPHOID_TISSUE":-11.7651842,"HSC1_SKIN":2.216267862,"HSC2_UPPER_AERODIGESTIVE_TRACT":1.957566832,"HSC3_UPPER_AERODIGESTIVE_TRACT":2.285471673,"HT1080_SOFT_TISSUE":2.083523636,"HT115_LARGE_INTESTINE":2.266539969,"HT1197_URINARY_TRACT":2.274905012,"HT1376_URINARY_TRACT":2.280518652,"HT144_SKIN":2.211810691,"HT29_LARGE_INTESTINE":2.212068481,"HT55_LARGE_INTESTINE":1.299839576,"HUH1_LIVER":2.27275881,"HUH6_LIVER":1.916283469,"HUH7_LIVER":2.077712517,"HUNS1_HAEMATOPOIETIC_AND_LYMPHOID_TISSUE":-4.198494033,"HUPT3_PANCREAS":2.21130888,"IALM_LUNG":1.206782444,"IGR1_SKIN":1.023807475,"IGR39_SKIN":-2.085757964,"IMR32_AUTONOMIC_GANGLIA":2.249295333,"INA6_HAEMATOPOIETIC_AND_LYMPHOID_TISSUE":-3.603883854,"IPC298_SKIN":1.203988904,"ISTMES1_PLEURA":2.122065895,"ISTMES2_PLEURA":1.959156853,"J82_URINARY_TRACT":2.285561736,"JHH1_LIVER":2.224566385,"JHH4_LIVER":2.268152916,"JHH5_LIVER":2.28534269,"JHH7_LIVER":1.862907981,"JHOC5_OVARY":1.748069089,"JHOM1_OVARY":1.991395463,"JHOS2_OVARY":2.014482793,"JHOS4_OVARY":2.267827937,"JHUEM1_ENDOMETRIUM":2.081088909,"JHUEM7_ENDOMETRIUM":1.873352954,"JIMT1_BREAST":2.264018115,"JJN3_HAEMATOPOIETIC_AND_LYMPHOID_TISSUE":2.097214196,"JMSU1_URINARY_TRACT":2.125712294,"JMURTK2_SOFT_TISSUE":2.254561447,"JOPACA1_PANCREAS":2.202399872,"JR_SOFT_TISSUE":2.087759107,"K029AX_SKIN":-3.223807337,"KALS1_CENTRAL_NERVOUS_SYSTEM":1.803374964,"KARPAS299_HAEMATOPOIETIC_AND_LYMPHOID_TISSUE":2.26972772,"KARPAS422_HAEMATOPOIETIC_AND_LYMPHOID_TISSUE":-9.081864781,"KASUMI1_HAEMATOPOIETIC_AND_LYMPHOID_TISSUE":-20,"KE39_STOMACH":1.576277589,"KE97_HAEMATOPOIETIC_AND_LYMPHOID_TISSUE":-4.858257028,"KELLY_AUTONOMIC_GANGLIA":1.853660723,"KIJK_HAEMATOPOIETIC_AND_LYMPHOID_TISSUE":2.25601833,"KLE_ENDOMETRIUM":0.623215394,"KM12_LARGE_INTESTINE":2.264833399,