{"scores":{"127399_SOFT_TISSUE":-2.108760034,"143B_BONE":-2.392225455,"2313287_STOMACH":8.353639067,"253J_URINARY_TRACT":-0.263950405,"42MGBA_CENTRAL_NERVOUS_SYSTEM":-2.295254463,"5637_URINARY_TRACT":-2.3100414,"59M_OVARY":-2.431213216,"639V_URINARY_TRACT":-2.427119336,"647V_URINARY_TRACT":-1.716721601,"697_HAEMATOPOIETIC_AND_LYMPHOID_TISSUE":-2.159604862,"769P_KIDNEY":-2.397359579,"786O_KIDNEY":-2.209654601,"8305C_THYROID":-1.711326883,"8MGBA_CENTRAL_NERVOUS_SYSTEM":-2.37765712,"A2058_SKIN":-2.383117313,"A2780_OVARY":-2.398476455,"A3KAW_HAEMATOPOIETIC_AND_LYMPHOID_TISSUE":-2.375514027,"A427_LUNG":-1.940001878,"A431_SKIN":15.05566106,"A549_LUNG":3.326029114,"A673_BONE":-0.50217199,"ABC1_LUNG":-2.117046621,"ACCMESO1_PLEURA":-2.246084591,"AGS_STOMACH":-1.788673726,"AML193_HAEMATOPOIETIC_AND_LYMPHOID_TISSUE":-1.937607434,"AMO1_HAEMATOPOIETIC_AND_LYMPHOID_TISSUE":-2.434588899,"ASPC1_PANCREAS":-2.223048927,"AU565_BREAST":5.600636975,"BC3C_URINARY_TRACT":1.761596564,"BFTC905_URINARY_TRACT":0.230071288,"BFTC909_KIDNEY":-2.063795739,"BHY_UPPER_AERODIGESTIVE_TRACT":-2.316302577,"BICR16_UPPER_AERODIGESTIVE_TRACT":-2.265033117,"BICR22_UPPER_AERODIGESTIVE_TRACT":2.980424082,"BICR31_UPPER_AERODIGESTIVE_TRACT":-2.305240425,"BICR56_UPPER_AERODIGESTIVE_TRACT":-2.405376877,"BICR6_UPPER_AERODIGESTIVE_TRACT":-1.78360885,"BICR78_UPPER_AERODIGESTIVE_TRACT":-2.42701255,"BIN67_OVARY":-1.670578311,"BL70_HAEMATOPOIETIC_AND_LYMPHOID_TISSUE":-2.287657892,"BLUE1_HAEMATOPOIETIC_AND_LYMPHOID_TISSUE":-2.210351315,"BT12_SOFT_TISSUE":-2.410317351,"BT16_SOFT_TISSUE":-0.980975905,"BT549_BREAST":-0.840916208,"C2BBE1_LARGE_INTESTINE":-1.85572753,"C32_SKIN":-2.392265859,"C8166_HAEMATOPOIETIC_AND_LYMPHOID_TISSUE":-2.434588899,"CADOES1_BONE":-2.326824102,"CAKI1_KIDNEY":-2.279907741,"CAKI2_KIDNEY":-2.357967684,"CAL27_UPPER_AERODIGESTIVE_TRACT":0.7896737,"CAL29_URINARY_TRACT":4.290922524,"CAL33_UPPER_AERODIGESTIVE_TRACT":-1.308705825,"CAL51_BREAST":-2.3644384,"CAL78_BONE":-2.370837344,"CALU1_LUNG":-2.124277347,"CALU6_LUNG":-1.523631604,"CAMA1_BREAST":-2.429980596,"CAOV3_OVARY":-2.434588784,"CAS1_CENTRAL_NERVOUS_SYSTEM":-2.40294576,"CASKI_CERVIX":-1.877370224,"CCFSTTG1_CENTRAL_NERVOUS_SYSTEM":-2.360573719,"CCK81_LARGE_INTESTINE":-2.343368669,"CCLFPEDS0001T_KIDNEY":0.33357389,"CCLFPEDS0003T_SOFT_TISSUE":11.25862609,"CFPAC1_PANCREAS":-1.825887109,"CH157MN_CENTRAL_NERVOUS_SYSTEM":-1.986519741,"CHAGOK1_LUNG":-2.432951531,"CHLA06ATRT_SOFT_TISSUE":-2.405876946,"CHLA15_AUTONOMIC_GANGLIA":-2.362131975,"CHLA266_SOFT_TISSUE":-2.330266633,"CHP212_AUTONOMIC_GANGLIA":-2.226716321,"CJM_SKIN":-1.353856542,"CL40_LARGE_INTESTINE":-2.025616026,"CME1_SOFT_TISSUE":-2.343965182,"CMLT1_HAEMATOPOIETIC_AND_LYMPHOID_TISSUE":-2.434588899,"COGAR359_SOFT_TISSUE":-2.189425177,"COGE352_BONE":-2.383754179,"COGN278_AUTONOMIC_GANGLIA":-1.644953899,"COGN305_AUTONOMIC_GANGLIA":4.400657824,"COLO201_LARGE_INTESTINE":-1.942377713,"COLO678_LARGE_INTESTINE":-2.434168905,"COLO679_SKIN":-2.406381925,"COLO792_SKIN":-1.862319058,"COLO800_SKIN":-1.84263417,"CORL23_LUNG":-1.339372553,"CORL279_LUNG":-2.396744679,"CORL47_LUNG":-1.455370781,"COV318_OVARY":-1.889795963,"COV362_OVARY":-2.433862299,"COV434_OVARY":-2.204912921,"COV504_OVARY":0.735347705,"COV644_OVARY":-2.30683179,"CW9019_SOFT_TISSUE":1.081926163,"D283MED_CENTRAL_NERVOUS_SYSTEM":-1.654541666,"D341MED_CENTRAL_NERVOUS_SYSTEM":9.204330651,"D425_CENTRAL_NERVOUS_SYSTEM":20,"D458_CENTRAL_NERVOUS_SYSTEM":3.702672704,"DANG_PANCREAS":-2.431575199,"DAOY_CENTRAL_NERVOUS_SYSTEM":-2.232682377,"DB_HAEMATOPOIETIC_AND_LYMPHOID_TISSUE":-2.250345914,"DEL_HAEMATOPOIETIC_AND_LYMPHOID_TISSUE":-2.31215236,"DETROIT562_UPPER_AERODIGESTIVE_TRACT":1.735723958,"DKMG_CENTRAL_NERVOUS_SYSTEM":-2.42954363,"DLD1_LARGE_INTESTINE":-2.210870704,"DU4475_BREAST":-2.434509342,"EFE184_ENDOMETRIUM":-2.418565837,"EFM19_BREAST":4.475870835,"EFO21_OVARY":-2.327006077,"EFO27_OVARY":-2.414198948,"EJM_HAEMATOPOIETIC_AND_LYMPHOID_TISSUE":-0.211451242,"EKVX_LUNG":-2.338017269,"EM2_HAEMATOPOIETIC_AND_LYMPHOID_TISSUE":-1.972104163,"EN_ENDOMETRIUM":-1.758922403,"EOL1_HAEMATOPOIETIC_AND_LYMPHOID_TISSUE":-1.378088404,"EPLC272H_LUNG":-1.868206542,"ES2_OVARY":-2.261555664,"ESO26_OESOPHAGUS":-2.367150548,"ESS1_ENDOMETRIUM":-2.284462575,"EW8_BONE":-1.012649353,"EWS502_BONE":-2.348604544,"F36P_HAEMATOPOIETIC_AND_LYMPHOID_TISSUE":-1.894166167,"F5_CENTRAL_NERVOUS_SYSTEM":-1.979615138,"FADU_UPPER_AERODIGESTIVE_TRACT":-2.235902346,"FLO1_OESOPHAGUS":1.810952555,"FU97_STOMACH":-2.407768721,"G292CLONEA141B1_BONE":-2.02306139,"G402_SOFT_TISSUE":1.529696535,"GAMG_CENTRAL_NERVOUS_SYSTEM":0.38821966,"GB1_CENTRAL_NERVOUS_SYSTEM":-2.424603606,"GCIY_STOMACH":-1.456047453,"GCT_SOFT_TISSUE":-1.500834974,"GI1_CENTRAL_NERVOUS_SYSTEM":-2.102624751,"GSS_STOMACH":-0.390678778,"GSU_STOMACH":-1.923912151,"H103_UPPER_AERODIGESTIVE_TRACT":-2.346370837,"H4_CENTRAL_NERVOUS_SYSTEM":-2.002892372,"HARA_LUNG":-1.453017884,"HB1119_HAEMATOPOIETIC_AND_LYMPHOID_TISSUE":-2.431509851,"HCC1143_BREAST":-2.434585371,"HCC1359_LUNG":-1.364354827,"HCC1395_BREAST":-2.393379947,"HCC1419_BREAST":-1.0056535,"HCC1428_BREAST":-2.427572088,"HCC15_LUNG":-2.074187165,"HCC1806_BREAST":-2.397559105,"HCC1937_BREAST":-2.384845021,"HCC1954_BREAST":-2.434588899,"HCC202_BREAST":-0.500610014,"HCC2429_LUNG":-0.40551733,"HCC2935_LUNG":3.509632477,"HCC366_LUNG":-1.759789171,"HCC461_LUNG":-2.36094614,"HCC515_LUNG":-2.262135014,"HCC56_LARGE_INTESTINE":-2.160602108,"HCC827_LUNG":-1.15447941,"HCC95_LUNG":-2.119064299,"HDMYZ_HAEMATOPOIETIC_AND_LYMPHOID_TISSUE":-2.245900531,"HEC151_ENDOMETRIUM":-2.434588899,"HEC1A_ENDOMETRIUM":-2.249166574,"HEC1B_ENDOMETRIUM":-2.15266409,"HEC251_ENDOMETRIUM":-2.078270269,"HEC265_ENDOMETRIUM":-1.023538297,"HEC50B_ENDOMETRIUM":-2.207350289,"HEC59_ENDOMETRIUM":-2.329063763,"HEC6_ENDOMETRIUM":-2.395730753,"HEL_HAEMATOPOIETIC_AND_LYMPHOID_TISSUE":-2.187767107,"HEL9217_HAEMATOPOIETIC_AND_LYMPHOID_TISSUE":-2.364897039,"HEYA8_OVARY":-2.404931652,"HGC27_STOMACH":-2.425475957,"HLF_LIVER":-2.420212542,"HMC18_BREAST":1.676762124,"HOP62_LUNG":-2.434372414,"HS294T_SKIN":-2.129376102,"HS578T_BREAST":-2.418635243,"HS683_CENTRAL_NERVOUS_SYSTEM":3.903824267,"HS695T_SKIN":-1.05668132,"HS729_SOFT_TISSUE":-2.329483091,"HS746T_STOMACH":-2.328966946,"HS766T_PANCREAS":-0.756442624,"HS852T_SKIN":-2.327195626,"HS944T_SKIN":-2.046511075,"HSB2_HAEMATOPOIETIC_AND_LYMPHOID_TISSUE":1.671939232,"HSC1_SKIN":-2.032525333,"HSC2_UPPER_AERODIGESTIVE_TRACT":-2.412201009,"HSC3_UPPER_AERODIGESTIVE_TRACT":-2.41126212,"HT1080_SOFT_TISSUE":-2.433078627,"HT115_LARGE_INTESTINE":-2.055946783,"HT1197_URINARY_TRACT":-2.125229311,"HT1376_URINARY_TRACT":0.198282867,"HT144_SKIN":-2.287414128,"HT29_LARGE_INTESTINE":-0.934498631,"HT55_LARGE_INTESTINE":-2.430959478,"HUH1_LIVER":-2.032414201,"HUH6_LIVER":-2.277773319,"HUH7_LIVER":-2.432150093,"HUNS1_HAEMATOPOIETIC_AND_LYMPHOID_TISSUE":-2.234328965,"HUPT3_PANCREAS":-2.134289125,"IALM_LUNG":-1.061001285,"IGR1_SKIN":-2.353794044,"IGR39_SKIN":-2.427951634,"IMR32_AUTONOMIC_GANGLIA":-2.279917325,"INA6_HAEMATOPOIETIC_AND_LYMPHOID_TISSUE":-2.272759604,"IPC298_SKIN":3.113699261,"ISTMES1_PLEURA":-2.33211236,"ISTMES2_PLEURA":-2.397233359,"J82_URINARY_TRACT":-1.692928395,"JHH1_LIVER":-2.321643536,"JHH4_LIVER":-1.264524335,"JHH5_LIVER":-2.344015998,"JHH7_LIVER":-2.366378817,"JHOC5_OVARY":-2.31086147,"JHOM1_OVARY":-2.351954861,"JHOS2_OVARY":-1.970303116,"JHOS4_OVARY":-2.10446712,"JHUEM1_ENDOMETRIUM":-1.667090988,"JHUEM7_ENDOMETRIUM":-2.408024722,"JIMT1_BREAST":-2.422844595,"JJN3_HAEMATOPOIETIC_AND_LYMPHOID_TISSUE":-1.969793779,"JMSU1_URINARY_TRACT":-2.311935299,"JMURTK2_SOFT_TISSUE":-2.408129178,"JOPACA1_PANCREAS":-2.422465876,"JR_SOFT_TISSUE":1.673148896,"K029AX_SKIN":-2.342494396,"KALS1_CENTRAL_NERVOUS_SYSTEM":-2.419101047,"KARPAS299_HAEMATOPOIETIC_AND_LYMPHOID_TISSUE":-2.197815745,"KARPAS422_HAEMATOPOIETIC_AND_LYMPHOID_TISSUE":-2.125201235,"KASUMI1_HAEMATOPOIETIC_AND_LYMPHOID_TISSUE":-2.34637151,"KE39_STOMACH":-1.227542137,"KE97_HAEMATOPOIETIC_AND_LYMPHOID_TISSUE":-2.433973313,