{"scores":{"127399_SOFT_TISSUE":4.90374755,"143B_BONE":5.540278092,"2313287_STOMACH":4.957815377,"253J_URINARY_TRACT":5.114840911,"42MGBA_CENTRAL_NERVOUS_SYSTEM":4.334839992,"5637_URINARY_TRACT":5.451675988,"59M_OVARY":5.475140228,"639V_URINARY_TRACT":4.23201107,"647V_URINARY_TRACT":3.429154199,"697_HAEMATOPOIETIC_AND_LYMPHOID_TISSUE":-10.57990093,"769P_KIDNEY":5.256612664,"786O_KIDNEY":5.501934889,"8305C_THYROID":4.796650938,"8MGBA_CENTRAL_NERVOUS_SYSTEM":5.54233828,"A2058_SKIN":5.501842384,"A2780_OVARY":5.464464219,"A3KAW_HAEMATOPOIETIC_AND_LYMPHOID_TISSUE":5.297060603,"A427_LUNG":3.952068474,"A431_SKIN":5.380628732,"A549_LUNG":5.521013455,"A673_BONE":5.410536744,"ABC1_LUNG":5.055755871,"ACCMESO1_PLEURA":3.778221069,"AGS_STOMACH":5.41758935,"AML193_HAEMATOPOIETIC_AND_LYMPHOID_TISSUE":5.147302483,"AMO1_HAEMATOPOIETIC_AND_LYMPHOID_TISSUE":-16.16160803,"ASPC1_PANCREAS":3.126253288,"AU565_BREAST":5.470935597,"BC3C_URINARY_TRACT":5.541772205,"BFTC905_URINARY_TRACT":5.21823237,"BFTC909_KIDNEY":5.264207062,"BHY_UPPER_AERODIGESTIVE_TRACT":5.097568615,"BICR16_UPPER_AERODIGESTIVE_TRACT":5.058864097,"BICR22_UPPER_AERODIGESTIVE_TRACT":5.169301669,"BICR31_UPPER_AERODIGESTIVE_TRACT":5.338347634,"BICR56_UPPER_AERODIGESTIVE_TRACT":5.50713559,"BICR6_UPPER_AERODIGESTIVE_TRACT":5.526727145,"BICR78_UPPER_AERODIGESTIVE_TRACT":5.445872053,"BIN67_OVARY":5.5103724,"BL70_HAEMATOPOIETIC_AND_LYMPHOID_TISSUE":-11.92061169,"BLUE1_HAEMATOPOIETIC_AND_LYMPHOID_TISSUE":-8.85053309,"BT12_SOFT_TISSUE":4.643405533,"BT16_SOFT_TISSUE":3.750906801,"BT549_BREAST":4.885490283,"C2BBE1_LARGE_INTESTINE":5.541013052,"C32_SKIN":5.527232782,"C8166_HAEMATOPOIETIC_AND_LYMPHOID_TISSUE":5.494537253,"CADOES1_BONE":5.288460065,"CAKI1_KIDNEY":4.851608295,"CAKI2_KIDNEY":5.077895174,"CAL27_UPPER_AERODIGESTIVE_TRACT":5.435869417,"CAL29_URINARY_TRACT":5.372762738,"CAL33_UPPER_AERODIGESTIVE_TRACT":3.158093762,"CAL51_BREAST":4.855597286,"CAL78_BONE":5.403014908,"CALU1_LUNG":3.653462384,"CALU6_LUNG":5.397179794,"CAMA1_BREAST":5.476730103,"CAOV3_OVARY":5.532954513,"CAS1_CENTRAL_NERVOUS_SYSTEM":5.216394711,"CASKI_CERVIX":4.566857451,"CCFSTTG1_CENTRAL_NERVOUS_SYSTEM":5.542143565,"CCK81_LARGE_INTESTINE":5.209177382,"CCLFPEDS0001T_KIDNEY":5.000418097,"CCLFPEDS0003T_SOFT_TISSUE":4.544043934,"CFPAC1_PANCREAS":4.002195485,"CH157MN_CENTRAL_NERVOUS_SYSTEM":5.36822444,"CHAGOK1_LUNG":5.504464207,"CHLA06ATRT_SOFT_TISSUE":5.542308253,"CHLA15_AUTONOMIC_GANGLIA":5.529802993,"CHLA266_SOFT_TISSUE":5.452725595,"CHP212_AUTONOMIC_GANGLIA":5.541567617,"CJM_SKIN":5.515222685,"CL40_LARGE_INTESTINE":2.712380188,"CME1_SOFT_TISSUE":4.986900221,"CMLT1_HAEMATOPOIETIC_AND_LYMPHOID_TISSUE":2.021549935,"COGAR359_SOFT_TISSUE":4.553005841,"COGE352_BONE":5.356045219,"COGN278_AUTONOMIC_GANGLIA":5.455699291,"COGN305_AUTONOMIC_GANGLIA":4.918720326,"COLO201_LARGE_INTESTINE":5.454489276,"COLO678_LARGE_INTESTINE":5.534691136,"COLO679_SKIN":5.521738608,"COLO792_SKIN":5.525315891,"COLO800_SKIN":5.519237792,"CORL23_LUNG":4.410520914,"CORL279_LUNG":5.528152428,"CORL47_LUNG":5.035456703,"COV318_OVARY":5.18382916,"COV362_OVARY":4.245034779,"COV434_OVARY":5.305151384,"COV504_OVARY":5.137691297,"COV644_OVARY":4.946294187,"CW9019_SOFT_TISSUE":5.334729483,"D283MED_CENTRAL_NERVOUS_SYSTEM":5.346854071,"D341MED_CENTRAL_NERVOUS_SYSTEM":5.529429068,"D425_CENTRAL_NERVOUS_SYSTEM":2.810772423,"D458_CENTRAL_NERVOUS_SYSTEM":5.408436702,"DANG_PANCREAS":4.659916022,"DAOY_CENTRAL_NERVOUS_SYSTEM":5.542768752,"DB_HAEMATOPOIETIC_AND_LYMPHOID_TISSUE":-20,"DEL_HAEMATOPOIETIC_AND_LYMPHOID_TISSUE":5.49035544,"DETROIT562_UPPER_AERODIGESTIVE_TRACT":5.069378031,"DKMG_CENTRAL_NERVOUS_SYSTEM":4.727134563,"DLD1_LARGE_INTESTINE":4.704569514,"DU4475_BREAST":2.983717647,"EFE184_ENDOMETRIUM":5.2429578,"EFM19_BREAST":5.505127797,"EFO21_OVARY":4.076908357,"EFO27_OVARY":5.5117131,"EJM_HAEMATOPOIETIC_AND_LYMPHOID_TISSUE":-20,"EKVX_LUNG":5.442489718,"EM2_HAEMATOPOIETIC_AND_LYMPHOID_TISSUE":5.511812645,"EN_ENDOMETRIUM":2.895684044,"EOL1_HAEMATOPOIETIC_AND_LYMPHOID_TISSUE":5.405071467,"EPLC272H_LUNG":5.312437851,"ES2_OVARY":4.597018125,"ESO26_OESOPHAGUS":4.924104033,"ESS1_ENDOMETRIUM":5.378292408,"EW8_BONE":5.451090389,"EWS502_BONE":4.51361547,"F36P_HAEMATOPOIETIC_AND_LYMPHOID_TISSUE":5.509240712,"F5_CENTRAL_NERVOUS_SYSTEM":5.350776957,"FADU_UPPER_AERODIGESTIVE_TRACT":5.540632898,"FLO1_OESOPHAGUS":5.243221939,"FU97_STOMACH":5.496080681,"G292CLONEA141B1_BONE":4.185034686,"G402_SOFT_TISSUE":5.266756635,"GAMG_CENTRAL_NERVOUS_SYSTEM":5.388000911,"GB1_CENTRAL_NERVOUS_SYSTEM":5.201577503,"GCIY_STOMACH":5.247493069,"GCT_SOFT_TISSUE":5.536649774,"GI1_CENTRAL_NERVOUS_SYSTEM":5.345952092,"GSS_STOMACH":3.284120734,"GSU_STOMACH":5.2375453,"H103_UPPER_AERODIGESTIVE_TRACT":3.509827237,"H4_CENTRAL_NERVOUS_SYSTEM":5.393720208,"HARA_LUNG":5.464265291,"HB1119_HAEMATOPOIETIC_AND_LYMPHOID_TISSUE":5.542767878,"HCC1143_BREAST":4.765718526,"HCC1359_LUNG":5.370777049,"HCC1395_BREAST":4.580784838,"HCC1419_BREAST":4.987455098,"HCC1428_BREAST":5.385893884,"HCC15_LUNG":4.458009496,"HCC1806_BREAST":3.09652577,"HCC1937_BREAST":5.081056578,"HCC1954_BREAST":5.135447112,"HCC202_BREAST":5.05555878,"HCC2429_LUNG":4.840175572,"HCC2935_LUNG":5.53270013,"HCC366_LUNG":5.016306084,"HCC461_LUNG":5.439968415,"HCC515_LUNG":5.134306217,"HCC56_LARGE_INTESTINE":5.084247613,"HCC827_LUNG":5.178503061,"HCC95_LUNG":4.3823615,"HDMYZ_HAEMATOPOIETIC_AND_LYMPHOID_TISSUE":5.395907775,"HEC151_ENDOMETRIUM":0.503498695,"HEC1A_ENDOMETRIUM":5.205915636,"HEC1B_ENDOMETRIUM":4.529097649,"HEC251_ENDOMETRIUM":4.520572984,"HEC265_ENDOMETRIUM":5.240875658,"HEC50B_ENDOMETRIUM":5.366625437,"HEC59_ENDOMETRIUM":5.519516856,"HEC6_ENDOMETRIUM":5.489719245,"HEL_HAEMATOPOIETIC_AND_LYMPHOID_TISSUE":4.384844497,"HEL9217_HAEMATOPOIETIC_AND_LYMPHOID_TISSUE":5.312038943,"HEYA8_OVARY":5.537369888,"HGC27_STOMACH":2.592650641,"HLF_LIVER":4.261240499,"HMC18_BREAST":5.529839529,"HOP62_LUNG":5.384393874,"HS294T_SKIN":5.100034936,"HS578T_BREAST":5.266028235,"HS683_CENTRAL_NERVOUS_SYSTEM":4.82564916,"HS695T_SKIN":5.426744078,"HS729_SOFT_TISSUE":5.263352482,"HS746T_STOMACH":5.521993119,"HS766T_PANCREAS":4.860653498,"HS852T_SKIN":4.782929035,"HS944T_SKIN":5.503031866,"HSB2_HAEMATOPOIETIC_AND_LYMPHOID_TISSUE":0.883823266,"HSC1_SKIN":4.921936235,"HSC2_UPPER_AERODIGESTIVE_TRACT":4.966148814,"HSC3_UPPER_AERODIGESTIVE_TRACT":4.382907422,"HT1080_SOFT_TISSUE":5.500566752,"HT115_LARGE_INTESTINE":5.363745112,"HT1197_URINARY_TRACT":3.232494726,"HT1376_URINARY_TRACT":5.127666099,"HT144_SKIN":4.826556592,"HT29_LARGE_INTESTINE":5.506304236,"HT55_LARGE_INTESTINE":5.461704245,"HUH1_LIVER":5.425732638,"HUH6_LIVER":4.964423002,"HUH7_LIVER":3.099245323,"HUNS1_HAEMATOPOIETIC_AND_LYMPHOID_TISSUE":3.138910447,"HUPT3_PANCREAS":3.576907373,"IALM_LUNG":2.240114875,"IGR1_SKIN":5.541819852,"IGR39_SKIN":5.458255466,"IMR32_AUTONOMIC_GANGLIA":4.953536468,"INA6_HAEMATOPOIETIC_AND_LYMPHOID_TISSUE":-13.18231002,"IPC298_SKIN":5.469323582,"ISTMES1_PLEURA":5.20543442,"ISTMES2_PLEURA":5.539339449,"J82_URINARY_TRACT":1.434638105,"JHH1_LIVER":5.339672779,"JHH4_LIVER":0.702913999,"JHH5_LIVER":5.489312872,"JHH7_LIVER":5.47382233,"JHOC5_OVARY":5.509892246,"JHOM1_OVARY":1.1383737,"JHOS2_OVARY":4.701689662,"JHOS4_OVARY":5.439047663,"JHUEM1_ENDOMETRIUM":3.95891434,"JHUEM7_ENDOMETRIUM":5.321324425,"JIMT1_BREAST":5.534210664,"JJN3_HAEMATOPOIETIC_AND_LYMPHOID_TISSUE":-19.12667729,"JMSU1_URINARY_TRACT":5.520413477,"JMURTK2_SOFT_TISSUE":5.51658218,"JOPACA1_PANCREAS":4.344579239,"JR_SOFT_TISSUE":5.395878114,"K029AX_SKIN":3.958598043,"KALS1_CENTRAL_NERVOUS_SYSTEM":5.383105562,"KARPAS299_HAEMATOPOIETIC_AND_LYMPHOID_TISSUE":4.866357733,"KARPAS422_HAEMATOPOIETIC_AND_LYMPHOID_TISSUE":-9.575776557,"KASUMI1_HAEMATOPOIETIC_AND_LYMPHOID_TISSUE":4.558739725,"KE39_STOMACH":4.734943762,"KE97_HAEMATOPOIETIC_AND_LYMPHOID_TISSUE":3.809485679,"KELLY_AUTONOMIC_GANGLIA":5.339505841,"KIJK_HAEMATOPOIETIC_AND_LYMPHOID_TISSUE":4.283591282,"KLE_ENDOMETRIUM":5.252465985,"KM12_LARGE_INTESTINE":5.263519806,"KMBC2_URINARY_TRACT":3.883562244,