{"scores":{"127399_SOFT_TISSUE":0.365119371,"143B_BONE":5.425411721,"2313287_STOMACH":-1.564842562,"253J_URINARY_TRACT":-0.937479665,"42MGBA_CENTRAL_NERVOUS_SYSTEM":1.652831301,"5637_URINARY_TRACT":0.54196252,"59M_OVARY":2.599757252,"639V_URINARY_TRACT":2.209999309,"647V_URINARY_TRACT":-8.250536714,"697_HAEMATOPOIETIC_AND_LYMPHOID_TISSUE":-6.506421978,"769P_KIDNEY":-3.494107375,"786O_KIDNEY":1.489642,"8305C_THYROID":2.590023816,"8MGBA_CENTRAL_NERVOUS_SYSTEM":3.509187369,"A2058_SKIN":3.121832068,"A2780_OVARY":3.807417597,"A3KAW_HAEMATOPOIETIC_AND_LYMPHOID_TISSUE":3.137896008,"A427_LUNG":3.464897919,"A431_SKIN":3.522590617,"A549_LUNG":2.577793269,"A673_BONE":3.806976182,"ABC1_LUNG":3.945800379,"ACCMESO1_PLEURA":4.387163808,"AGS_STOMACH":5.549285441,"AML193_HAEMATOPOIETIC_AND_LYMPHOID_TISSUE":-9.664843885,"AMO1_HAEMATOPOIETIC_AND_LYMPHOID_TISSUE":-3.845989687,"ASPC1_PANCREAS":-4.019571528,"AU565_BREAST":-2.514206708,"BC3C_URINARY_TRACT":0.657207878,"BFTC905_URINARY_TRACT":4.249331155,"BFTC909_KIDNEY":3.901570774,"BHY_UPPER_AERODIGESTIVE_TRACT":-1.045672964,"BICR16_UPPER_AERODIGESTIVE_TRACT":1.688198066,"BICR22_UPPER_AERODIGESTIVE_TRACT":0.350686159,"BICR31_UPPER_AERODIGESTIVE_TRACT":3.226078823,"BICR56_UPPER_AERODIGESTIVE_TRACT":4.975498999,"BICR6_UPPER_AERODIGESTIVE_TRACT":1.379417497,"BICR78_UPPER_AERODIGESTIVE_TRACT":-1.329440023,"BIN67_OVARY":3.683022171,"BL70_HAEMATOPOIETIC_AND_LYMPHOID_TISSUE":-4.202558571,"BLUE1_HAEMATOPOIETIC_AND_LYMPHOID_TISSUE":-2.226370005,"BT12_SOFT_TISSUE":2.451901861,"BT16_SOFT_TISSUE":5.117076392,"BT549_BREAST":4.568075165,"C2BBE1_LARGE_INTESTINE":1.640269633,"C32_SKIN":3.163139554,"C8166_HAEMATOPOIETIC_AND_LYMPHOID_TISSUE":-1.370501832,"CADOES1_BONE":2.312199447,"CAKI1_KIDNEY":2.986080688,"CAKI2_KIDNEY":-0.992406125,"CAL27_UPPER_AERODIGESTIVE_TRACT":-0.530850365,"CAL29_URINARY_TRACT":1.141719868,"CAL33_UPPER_AERODIGESTIVE_TRACT":4.497963771,"CAL51_BREAST":-3.149016877,"CAL78_BONE":3.08580227,"CALU1_LUNG":3.683461175,"CALU6_LUNG":2.243885968,"CAMA1_BREAST":4.922593273,"CAOV3_OVARY":-0.708124821,"CAS1_CENTRAL_NERVOUS_SYSTEM":1.556741231,"CASKI_CERVIX":3.670574085,"CCFSTTG1_CENTRAL_NERVOUS_SYSTEM":3.197768603,"CCK81_LARGE_INTESTINE":-3.726239654,"CCLFPEDS0001T_KIDNEY":-3.559111198,"CCLFPEDS0003T_SOFT_TISSUE":3.597117379,"CFPAC1_PANCREAS":0.698087143,"CH157MN_CENTRAL_NERVOUS_SYSTEM":-1.515822975,"CHAGOK1_LUNG":-5.052869348,"CHLA06ATRT_SOFT_TISSUE":1.208525763,"CHLA15_AUTONOMIC_GANGLIA":2.099212955,"CHLA266_SOFT_TISSUE":2.34261331,"CHP212_AUTONOMIC_GANGLIA":5.235418478,"CJM_SKIN":5.314011909,"CL40_LARGE_INTESTINE":5.69703742,"CME1_SOFT_TISSUE":5.999983238,"CMLT1_HAEMATOPOIETIC_AND_LYMPHOID_TISSUE":-3.678455037,"COGAR359_SOFT_TISSUE":-3.291398259,"COGE352_BONE":-4.079731842,"COGN278_AUTONOMIC_GANGLIA":3.99293191,"COGN305_AUTONOMIC_GANGLIA":2.459563634,"COLO201_LARGE_INTESTINE":-3.357236711,"COLO678_LARGE_INTESTINE":3.09279857,"COLO679_SKIN":3.512738707,"COLO792_SKIN":6.057848926,"COLO800_SKIN":-8.726162863,"CORL23_LUNG":4.059976859,"CORL279_LUNG":-0.000979708,"CORL47_LUNG":-5.26479838,"COV318_OVARY":3.876456543,"COV362_OVARY":1.224147647,"COV434_OVARY":3.815852398,"COV504_OVARY":-1.865396458,"COV644_OVARY":-1.551967004,"CW9019_SOFT_TISSUE":1.137061292,"D283MED_CENTRAL_NERVOUS_SYSTEM":4.135003133,"D341MED_CENTRAL_NERVOUS_SYSTEM":4.518758794,"D425_CENTRAL_NERVOUS_SYSTEM":2.22323779,"D458_CENTRAL_NERVOUS_SYSTEM":1.121884804,"DANG_PANCREAS":3.425433039,"DAOY_CENTRAL_NERVOUS_SYSTEM":3.41654274,"DB_HAEMATOPOIETIC_AND_LYMPHOID_TISSUE":-3.224415189,"DEL_HAEMATOPOIETIC_AND_LYMPHOID_TISSUE":-3.838386346,"DETROIT562_UPPER_AERODIGESTIVE_TRACT":1.452824413,"DKMG_CENTRAL_NERVOUS_SYSTEM":2.215945034,"DLD1_LARGE_INTESTINE":-2.946870449,"DU4475_BREAST":-8.010980346,"EFE184_ENDOMETRIUM":-9.15394682,"EFM19_BREAST":-2.344879957,"EFO21_OVARY":2.530014278,"EFO27_OVARY":-0.258499086,"EJM_HAEMATOPOIETIC_AND_LYMPHOID_TISSUE":-3.318826882,"EKVX_LUNG":-0.01760156,"EM2_HAEMATOPOIETIC_AND_LYMPHOID_TISSUE":1.095951696,"EN_ENDOMETRIUM":2.099193159,"EOL1_HAEMATOPOIETIC_AND_LYMPHOID_TISSUE":-0.353028507,"EPLC272H_LUNG":2.639128335,"ES2_OVARY":1.556809071,"ESO26_OESOPHAGUS":-5.117902134,"ESS1_ENDOMETRIUM":2.848993056,"EW8_BONE":5.096134372,"EWS502_BONE":-2.977895397,"F36P_HAEMATOPOIETIC_AND_LYMPHOID_TISSUE":0.731881155,"F5_CENTRAL_NERVOUS_SYSTEM":3.306155379,"FADU_UPPER_AERODIGESTIVE_TRACT":1.76009824,"FLO1_OESOPHAGUS":0.931291958,"FU97_STOMACH":4.310329493,"G292CLONEA141B1_BONE":3.181852689,"G402_SOFT_TISSUE":-0.254505107,"GAMG_CENTRAL_NERVOUS_SYSTEM":2.418792876,"GB1_CENTRAL_NERVOUS_SYSTEM":3.688789974,"GCIY_STOMACH":-0.219241612,"GCT_SOFT_TISSUE":-1.618633448,"GI1_CENTRAL_NERVOUS_SYSTEM":3.908298153,"GSS_STOMACH":-2.416522147,"GSU_STOMACH":-0.75535006,"H103_UPPER_AERODIGESTIVE_TRACT":2.677365658,"H4_CENTRAL_NERVOUS_SYSTEM":5.329037802,"HARA_LUNG":-8.791513882,"HB1119_HAEMATOPOIETIC_AND_LYMPHOID_TISSUE":-7.064045294,"HCC1143_BREAST":2.966668642,"HCC1359_LUNG":2.808940541,"HCC1395_BREAST":2.289986201,"HCC1419_BREAST":-2.694182329,"HCC1428_BREAST":-4.672454798,"HCC15_LUNG":-3.116271609,"HCC1806_BREAST":-4.973809398,"HCC1937_BREAST":0.058337813,"HCC1954_BREAST":1.547821228,"HCC202_BREAST":-1.960394303,"HCC2429_LUNG":1.389952115,"HCC2935_LUNG":4.504457189,"HCC366_LUNG":2.784491128,"HCC461_LUNG":-3.375318775,"HCC515_LUNG":1.492772813,"HCC56_LARGE_INTESTINE":-1.103274936,"HCC827_LUNG":3.593032657,"HCC95_LUNG":-4.286481085,"HDMYZ_HAEMATOPOIETIC_AND_LYMPHOID_TISSUE":4.86037879,"HEC151_ENDOMETRIUM":4.243950007,"HEC1A_ENDOMETRIUM":2.363265771,"HEC1B_ENDOMETRIUM":-0.962001203,"HEC251_ENDOMETRIUM":-1.04461356,"HEC265_ENDOMETRIUM":-0.422552233,"HEC50B_ENDOMETRIUM":-1.332060304,"HEC59_ENDOMETRIUM":-3.101194722,"HEC6_ENDOMETRIUM":1.447054848,"HEL_HAEMATOPOIETIC_AND_LYMPHOID_TISSUE":-2.612586402,"HEL9217_HAEMATOPOIETIC_AND_LYMPHOID_TISSUE":-11.0926356,"HEYA8_OVARY":-0.275161146,"HGC27_STOMACH":1.303829298,"HLF_LIVER":1.782388451,"HMC18_BREAST":-2.081756312,"HOP62_LUNG":2.649490593,"HS294T_SKIN":0.532324624,"HS578T_BREAST":3.401041846,"HS683_CENTRAL_NERVOUS_SYSTEM":0.355884094,"HS695T_SKIN":2.404292276,"HS729_SOFT_TISSUE":4.334556514,"HS746T_STOMACH":1.599325101,"HS766T_PANCREAS":-0.692745167,"HS852T_SKIN":1.78895685,"HS944T_SKIN":2.542456582,"HSB2_HAEMATOPOIETIC_AND_LYMPHOID_TISSUE":-0.578255312,"HSC1_SKIN":1.958592561,"HSC2_UPPER_AERODIGESTIVE_TRACT":2.29890037,"HSC3_UPPER_AERODIGESTIVE_TRACT":1.869862422,"HT1080_SOFT_TISSUE":3.762564534,"HT115_LARGE_INTESTINE":1.500963654,"HT1197_URINARY_TRACT":3.077439049,"HT1376_URINARY_TRACT":1.915277725,"HT144_SKIN":-0.184893133,"HT29_LARGE_INTESTINE":2.183306277,"HT55_LARGE_INTESTINE":2.146464594,"HUH1_LIVER":0.771823438,"HUH6_LIVER":2.919050162,"HUH7_LIVER":3.409024538,"HUNS1_HAEMATOPOIETIC_AND_LYMPHOID_TISSUE":1.765786054,"HUPT3_PANCREAS":5.860709352,"IALM_LUNG":-2.650868286,"IGR1_SKIN":-2.121081564,"IGR39_SKIN":0.134031151,"IMR32_AUTONOMIC_GANGLIA":4.016910119,"INA6_HAEMATOPOIETIC_AND_LYMPHOID_TISSUE":-0.860791065,"IPC298_SKIN":1.680710641,"ISTMES1_PLEURA":3.738094957,"ISTMES2_PLEURA":3.892192293,"J82_URINARY_TRACT":1.699943883,"JHH1_LIVER":1.986850502,"JHH4_LIVER":2.019073946,"JHH5_LIVER":-0.376629554,"JHH7_LIVER":1.056115256,"JHOC5_OVARY":2.982580137,"JHOM1_OVARY":3.514022906,"JHOS2_OVARY":4.837761868,"JHOS4_OVARY":2.81042058,"JHUEM1_ENDOMETRIUM":3.239447129,"JHUEM7_ENDOMETRIUM":4.513430182,"JIMT1_BREAST":-3.144866196,"JJN3_HAEMATOPOIETIC_AND_LYMPHOID_TISSUE":0.034170531,"JMSU1_URINARY_TRACT":-7.691417401,"JMURTK2_SOFT_TISSUE":1.841552681,"JOPACA1_PANCREAS":-0.380346532,"JR_SOFT_TISSUE":-1.137914909,"K029AX_SKIN":-2.264455816,"KALS1_CENTRAL_NERVOUS_SYSTEM":3.687186957,"KARPAS299_HAEMATOPOIETIC_AND_LYMPHOID_TISSUE":-3.441318284,"KARPAS422_HAEMATOPOIETIC_AND_LYMPHOID_TISSUE":1.152790878,"KASUMI1_HAEMATOPOIETIC_AND_LYMPHOID_TISSUE":0.844402558,"KE39_STOMACH":-2.498068017,"KE97_HAEMATOPOIETIC_AND_LYMPHOID_TISSUE":-4.831535864,"KELLY_AUTONOMIC_GANGLIA":2.483883267,"KIJK_HAEMATOPOIETIC_AND_LYMPHOID_TISSUE":0.879352535,