{"scores":{"127399_SOFT_TISSUE":-4.651479418,"143B_BONE":-5.145134833,"2313287_STOMACH":-5.93664329,"253J_URINARY_TRACT":0.220702626,"42MGBA_CENTRAL_NERVOUS_SYSTEM":-5.908415544,"5637_URINARY_TRACT":-5.004189642,"59M_OVARY":-6.981068504,"639V_URINARY_TRACT":-6.871039402,"647V_URINARY_TRACT":-7.883981303,"697_HAEMATOPOIETIC_AND_LYMPHOID_TISSUE":9.365475103,"769P_KIDNEY":-7.161567001,"786O_KIDNEY":-7.650304605,"8305C_THYROID":-5.938282829,"8MGBA_CENTRAL_NERVOUS_SYSTEM":2.237020034,"A2058_SKIN":-5.031909871,"A2780_OVARY":-7.26710375,"A3KAW_HAEMATOPOIETIC_AND_LYMPHOID_TISSUE":2.793560364,"A427_LUNG":-8.287853462,"A431_SKIN":-3.579065437,"A549_LUNG":-4.560589285,"A673_BONE":-7.382190764,"ABC1_LUNG":-7.758468514,"ACCMESO1_PLEURA":-6.639381335,"AGS_STOMACH":-6.519806865,"AML193_HAEMATOPOIETIC_AND_LYMPHOID_TISSUE":20,"AMO1_HAEMATOPOIETIC_AND_LYMPHOID_TISSUE":-6.632809657,"ASPC1_PANCREAS":-6.233832727,"AU565_BREAST":-5.825495631,"BC3C_URINARY_TRACT":-5.822609941,"BFTC905_URINARY_TRACT":-7.328524835,"BFTC909_KIDNEY":-4.690945069,"BHY_UPPER_AERODIGESTIVE_TRACT":-5.609051296,"BICR16_UPPER_AERODIGESTIVE_TRACT":-1.467071679,"BICR22_UPPER_AERODIGESTIVE_TRACT":-5.670195162,"BICR31_UPPER_AERODIGESTIVE_TRACT":-4.049600251,"BICR56_UPPER_AERODIGESTIVE_TRACT":-2.770666255,"BICR6_UPPER_AERODIGESTIVE_TRACT":-3.367194492,"BICR78_UPPER_AERODIGESTIVE_TRACT":-3.567559584,"BIN67_OVARY":-3.70671427,"BL70_HAEMATOPOIETIC_AND_LYMPHOID_TISSUE":-4.870015264,"BLUE1_HAEMATOPOIETIC_AND_LYMPHOID_TISSUE":6.82242683,"BT12_SOFT_TISSUE":-7.587022232,"BT16_SOFT_TISSUE":-3.465319272,"BT549_BREAST":-8.062720223,"C2BBE1_LARGE_INTESTINE":-7.955783366,"C32_SKIN":-8.169085411,"C8166_HAEMATOPOIETIC_AND_LYMPHOID_TISSUE":7.478012747,"CADOES1_BONE":-6.686225074,"CAKI1_KIDNEY":-3.094924035,"CAKI2_KIDNEY":15.23988069,"CAL27_UPPER_AERODIGESTIVE_TRACT":-4.933778176,"CAL29_URINARY_TRACT":-5.319817381,"CAL33_UPPER_AERODIGESTIVE_TRACT":-4.638555947,"CAL51_BREAST":-3.428712341,"CAL78_BONE":-7.164934839,"CALU1_LUNG":-5.371170176,"CALU6_LUNG":-8.537032802,"CAMA1_BREAST":-9.658253061,"CAOV3_OVARY":-5.312608497,"CAS1_CENTRAL_NERVOUS_SYSTEM":-6.405632978,"CASKI_CERVIX":-6.50702859,"CCFSTTG1_CENTRAL_NERVOUS_SYSTEM":17.86280016,"CCK81_LARGE_INTESTINE":-1.872377177,"CCLFPEDS0001T_KIDNEY":-6.762412976,"CCLFPEDS0003T_SOFT_TISSUE":-3.819160689,"CFPAC1_PANCREAS":-2.523298093,"CH157MN_CENTRAL_NERVOUS_SYSTEM":-4.656773886,"CHAGOK1_LUNG":-7.310193428,"CHLA06ATRT_SOFT_TISSUE":-8.836697401,"CHLA15_AUTONOMIC_GANGLIA":-7.817016549,"CHLA266_SOFT_TISSUE":-6.068419001,"CHP212_AUTONOMIC_GANGLIA":-7.106317082,"CJM_SKIN":-6.674542129,"CL40_LARGE_INTESTINE":-4.317697055,"CME1_SOFT_TISSUE":-6.774695451,"CMLT1_HAEMATOPOIETIC_AND_LYMPHOID_TISSUE":-4.031363663,"COGAR359_SOFT_TISSUE":-4.794468313,"COGE352_BONE":-8.262192781,"COGN278_AUTONOMIC_GANGLIA":-6.852619903,"COGN305_AUTONOMIC_GANGLIA":-5.382138196,"COLO201_LARGE_INTESTINE":-6.855714184,"COLO678_LARGE_INTESTINE":-3.831029365,"COLO679_SKIN":-8.799315123,"COLO792_SKIN":-2.353416104,"COLO800_SKIN":-3.822771528,"CORL23_LUNG":-6.947772318,"CORL279_LUNG":-8.047464515,"CORL47_LUNG":-8.532135377,"COV318_OVARY":-6.995839174,"COV362_OVARY":-0.824034847,"COV434_OVARY":-5.975533508,"COV504_OVARY":-6.166323813,"COV644_OVARY":-9.59788407,"CW9019_SOFT_TISSUE":-6.648420539,"D283MED_CENTRAL_NERVOUS_SYSTEM":-9.187261323,"D341MED_CENTRAL_NERVOUS_SYSTEM":-5.709564581,"D425_CENTRAL_NERVOUS_SYSTEM":-5.218157054,"D458_CENTRAL_NERVOUS_SYSTEM":-7.351777937,"DANG_PANCREAS":-4.943360215,"DAOY_CENTRAL_NERVOUS_SYSTEM":-5.827407879,"DB_HAEMATOPOIETIC_AND_LYMPHOID_TISSUE":-6.199104983,"DEL_HAEMATOPOIETIC_AND_LYMPHOID_TISSUE":6.219405448,"DETROIT562_UPPER_AERODIGESTIVE_TRACT":3.411145478,"DKMG_CENTRAL_NERVOUS_SYSTEM":-8.27121044,"DLD1_LARGE_INTESTINE":-6.060229223,"DU4475_BREAST":-4.286672529,"EFE184_ENDOMETRIUM":-1.692320566,"EFM19_BREAST":-8.535611174,"EFO21_OVARY":-8.080841509,"EFO27_OVARY":-1.426365366,"EJM_HAEMATOPOIETIC_AND_LYMPHOID_TISSUE":1.2517843,"EKVX_LUNG":-5.742530261,"EM2_HAEMATOPOIETIC_AND_LYMPHOID_TISSUE":-1.595245747,"EN_ENDOMETRIUM":-7.266313307,"EOL1_HAEMATOPOIETIC_AND_LYMPHOID_TISSUE":13.43261931,"EPLC272H_LUNG":8.64267886,"ES2_OVARY":-7.627238737,"ESO26_OESOPHAGUS":10.62223314,"ESS1_ENDOMETRIUM":-5.75751924,"EW8_BONE":-8.681663576,"EWS502_BONE":-9.037809058,"F36P_HAEMATOPOIETIC_AND_LYMPHOID_TISSUE":-8.367176035,"F5_CENTRAL_NERVOUS_SYSTEM":-7.179992273,"FADU_UPPER_AERODIGESTIVE_TRACT":-2.841289455,"FLO1_OESOPHAGUS":-6.697789165,"FU97_STOMACH":-8.565218657,"G292CLONEA141B1_BONE":-3.153113703,"G402_SOFT_TISSUE":-5.633345851,"GAMG_CENTRAL_NERVOUS_SYSTEM":-6.161549518,"GB1_CENTRAL_NERVOUS_SYSTEM":-7.386120523,"GCIY_STOMACH":-6.032604054,"GCT_SOFT_TISSUE":-5.627963472,"GI1_CENTRAL_NERVOUS_SYSTEM":-8.345368148,"GSS_STOMACH":-8.414525529,"GSU_STOMACH":-5.348221901,"H103_UPPER_AERODIGESTIVE_TRACT":-4.50473765,"H4_CENTRAL_NERVOUS_SYSTEM":-5.916593844,"HARA_LUNG":-7.170971589,"HB1119_HAEMATOPOIETIC_AND_LYMPHOID_TISSUE":13.14479649,"HCC1143_BREAST":-6.107773135,"HCC1359_LUNG":-7.840867773,"HCC1395_BREAST":10.17518181,"HCC1419_BREAST":-9.074413227,"HCC1428_BREAST":-6.628448116,"HCC15_LUNG":-8.900952175,"HCC1806_BREAST":-6.743553035,"HCC1937_BREAST":0.189442763,"HCC1954_BREAST":-3.05041589,"HCC202_BREAST":-4.635906174,"HCC2429_LUNG":-3.096071932,"HCC2935_LUNG":-7.225512759,"HCC366_LUNG":-2.398496167,"HCC461_LUNG":-6.974566127,"HCC515_LUNG":-6.33661788,"HCC56_LARGE_INTESTINE":5.987726756,"HCC827_LUNG":-6.966687266,"HCC95_LUNG":1.206015017,"HDMYZ_HAEMATOPOIETIC_AND_LYMPHOID_TISSUE":-5.514042817,"HEC151_ENDOMETRIUM":-6.917913298,"HEC1A_ENDOMETRIUM":-5.804456628,"HEC1B_ENDOMETRIUM":-8.932937809,"HEC251_ENDOMETRIUM":-6.226629493,"HEC265_ENDOMETRIUM":-7.616534177,"HEC50B_ENDOMETRIUM":-7.947135711,"HEC59_ENDOMETRIUM":-3.837528444,"HEC6_ENDOMETRIUM":-6.175351184,"HEL_HAEMATOPOIETIC_AND_LYMPHOID_TISSUE":-2.965007344,"HEL9217_HAEMATOPOIETIC_AND_LYMPHOID_TISSUE":3.793965626,"HEYA8_OVARY":-6.956666887,"HGC27_STOMACH":-8.171475333,"HLF_LIVER":-6.059344694,"HMC18_BREAST":-6.907833772,"HOP62_LUNG":-5.633799616,"HS294T_SKIN":-7.827748121,"HS578T_BREAST":-7.473886613,"HS683_CENTRAL_NERVOUS_SYSTEM":-5.65869611,"HS695T_SKIN":-4.174553928,"HS729_SOFT_TISSUE":-5.822846668,"HS746T_STOMACH":-6.128699529,"HS766T_PANCREAS":-5.254722495,"HS852T_SKIN":-6.945731978,"HS944T_SKIN":-6.600784437,"HSB2_HAEMATOPOIETIC_AND_LYMPHOID_TISSUE":-2.660040071,"HSC1_SKIN":-3.494993313,"HSC2_UPPER_AERODIGESTIVE_TRACT":-8.579941992,"HSC3_UPPER_AERODIGESTIVE_TRACT":-5.477249393,"HT1080_SOFT_TISSUE":-5.948944719,"HT115_LARGE_INTESTINE":-5.245859797,"HT1197_URINARY_TRACT":-7.458411242,"HT1376_URINARY_TRACT":-6.67919169,"HT144_SKIN":-4.793792983,"HT29_LARGE_INTESTINE":-6.413459835,"HT55_LARGE_INTESTINE":-7.838059768,"HUH1_LIVER":-7.812066815,"HUH6_LIVER":-7.251805909,"HUH7_LIVER":-7.926988729,"HUNS1_HAEMATOPOIETIC_AND_LYMPHOID_TISSUE":10.49724455,"HUPT3_PANCREAS":-3.477079123,"IALM_LUNG":-7.86536806,"IGR1_SKIN":-5.163215004,"IGR39_SKIN":-6.9219834,"IMR32_AUTONOMIC_GANGLIA":-5.338352662,"INA6_HAEMATOPOIETIC_AND_LYMPHOID_TISSUE":5.268738985,"IPC298_SKIN":-7.220498949,"ISTMES1_PLEURA":-6.619689105,"ISTMES2_PLEURA":0.660273852,"J82_URINARY_TRACT":-6.181461794,"JHH1_LIVER":-8.392563302,"JHH4_LIVER":-6.123437236,"JHH5_LIVER":-7.847322152,"JHH7_LIVER":-6.716314149,"JHOC5_OVARY":-5.043358422,"JHOM1_OVARY":-3.433084163,"JHOS2_OVARY":-8.266413402,"JHOS4_OVARY":-8.950557802,"JHUEM1_ENDOMETRIUM":-3.391087212,"JHUEM7_ENDOMETRIUM":-2.772469783,"JIMT1_BREAST":-7.651519881,"JJN3_HAEMATOPOIETIC_AND_LYMPHOID_TISSUE":-3.887432095,"JMSU1_URINARY_TRACT":-7.612300956,"JMURTK2_SOFT_TISSUE":-7.164337031,"JOPACA1_PANCREAS":-6.251523717,"JR_SOFT_TISSUE":-4.707796915,"K029AX_SKIN":-7.040388318,"KALS1_CENTRAL_NERVOUS_SYSTEM":-2.428846579,"KARPAS299_HAEMATOPOIETIC_AND_LYMPHOID_TISSUE":14.76498747,"KARPAS422_HAEMATOPOIETIC_AND_LYMPHOID_TISSUE":16.09620983,"KASUMI1_HAEMATOPOIETIC_AND_LYMPHOID_TISSUE":-3.461465493,"KE39_STOMACH":-5.600963363,