{"scores":{"127399_SOFT_TISSUE":-0.234016859,"143B_BONE":-2.638630163,"2313287_STOMACH":-1.050154771,"253J_URINARY_TRACT":-4.218860135,"42MGBA_CENTRAL_NERVOUS_SYSTEM":-13.49473934,"5637_URINARY_TRACT":-7.322980112,"59M_OVARY":-4.014080077,"639V_URINARY_TRACT":-4.0460102,"647V_URINARY_TRACT":4.099319308,"697_HAEMATOPOIETIC_AND_LYMPHOID_TISSUE":-2.347536384,"769P_KIDNEY":1.484406938,"786O_KIDNEY":-4.356500133,"8305C_THYROID":-2.001704681,"8MGBA_CENTRAL_NERVOUS_SYSTEM":-7.340759235,"A2058_SKIN":0.780619026,"A2780_OVARY":-0.245150356,"A3KAW_HAEMATOPOIETIC_AND_LYMPHOID_TISSUE":2.995038692,"A427_LUNG":1.47068023,"A431_SKIN":2.995629552,"A549_LUNG":-2.067440619,"A673_BONE":-5.409162276,"ABC1_LUNG":1.059602994,"ACCMESO1_PLEURA":0.141930719,"AGS_STOMACH":2.247733353,"AML193_HAEMATOPOIETIC_AND_LYMPHOID_TISSUE":4.075368664,"AMO1_HAEMATOPOIETIC_AND_LYMPHOID_TISSUE":1.950908601,"ASPC1_PANCREAS":-0.108501228,"AU565_BREAST":1.168370367,"BC3C_URINARY_TRACT":4.117946484,"BFTC905_URINARY_TRACT":3.099417202,"BFTC909_KIDNEY":3.268884333,"BHY_UPPER_AERODIGESTIVE_TRACT":-1.415826172,"BICR16_UPPER_AERODIGESTIVE_TRACT":4.050692516,"BICR22_UPPER_AERODIGESTIVE_TRACT":-3.740955712,"BICR31_UPPER_AERODIGESTIVE_TRACT":-0.360217091,"BICR56_UPPER_AERODIGESTIVE_TRACT":-5.309531751,"BICR6_UPPER_AERODIGESTIVE_TRACT":-0.998519871,"BICR78_UPPER_AERODIGESTIVE_TRACT":-0.723194578,"BIN67_OVARY":-6.340015482,"BL70_HAEMATOPOIETIC_AND_LYMPHOID_TISSUE":-1.404801781,"BLUE1_HAEMATOPOIETIC_AND_LYMPHOID_TISSUE":-9.680222571,"BT12_SOFT_TISSUE":3.683601367,"BT16_SOFT_TISSUE":-3.471719746,"BT549_BREAST":-4.210135333,"C2BBE1_LARGE_INTESTINE":2.021274888,"C32_SKIN":-0.292540833,"C8166_HAEMATOPOIETIC_AND_LYMPHOID_TISSUE":-5.144006633,"CADOES1_BONE":-0.009649745,"CAKI1_KIDNEY":-2.424489589,"CAKI2_KIDNEY":-4.48648148,"CAL27_UPPER_AERODIGESTIVE_TRACT":-0.991413367,"CAL29_URINARY_TRACT":1.41136854,"CAL33_UPPER_AERODIGESTIVE_TRACT":1.174142101,"CAL51_BREAST":-6.044725459,"CAL78_BONE":2.302471782,"CALU1_LUNG":-6.532713581,"CALU6_LUNG":2.310024595,"CAMA1_BREAST":-8.286732909,"CAOV3_OVARY":-0.520817621,"CAS1_CENTRAL_NERVOUS_SYSTEM":-8.812010518,"CASKI_CERVIX":0.745782862,"CCFSTTG1_CENTRAL_NERVOUS_SYSTEM":-2.025086077,"CCK81_LARGE_INTESTINE":2.555392128,"CCLFPEDS0001T_KIDNEY":-0.161277721,"CCLFPEDS0003T_SOFT_TISSUE":-3.399482742,"CFPAC1_PANCREAS":2.024232556,"CH157MN_CENTRAL_NERVOUS_SYSTEM":-5.335354481,"CHAGOK1_LUNG":1.234293556,"CHLA06ATRT_SOFT_TISSUE":-3.030471906,"CHLA15_AUTONOMIC_GANGLIA":-3.660620388,"CHLA266_SOFT_TISSUE":-2.239251481,"CHP212_AUTONOMIC_GANGLIA":-9.648676429,"CJM_SKIN":-3.283511252,"CL40_LARGE_INTESTINE":1.56427238,"CME1_SOFT_TISSUE":-0.641768628,"CMLT1_HAEMATOPOIETIC_AND_LYMPHOID_TISSUE":-8.383932252,"COGAR359_SOFT_TISSUE":-3.97573088,"COGE352_BONE":-4.048289988,"COGN278_AUTONOMIC_GANGLIA":-4.534403627,"COGN305_AUTONOMIC_GANGLIA":-7.958114274,"COLO201_LARGE_INTESTINE":4.419614714,"COLO678_LARGE_INTESTINE":2.948773377,"COLO679_SKIN":-4.607159281,"COLO792_SKIN":-6.05991914,"COLO800_SKIN":-8.165611915,"CORL23_LUNG":2.704264655,"CORL279_LUNG":1.497252971,"CORL47_LUNG":2.351970242,"COV318_OVARY":-2.894075881,"COV362_OVARY":0.426951334,"COV434_OVARY":-0.623057584,"COV504_OVARY":-4.038593627,"COV644_OVARY":3.665915857,"CW9019_SOFT_TISSUE":-0.465224034,"D283MED_CENTRAL_NERVOUS_SYSTEM":-6.625601628,"D341MED_CENTRAL_NERVOUS_SYSTEM":-4.387903802,"D425_CENTRAL_NERVOUS_SYSTEM":-9.560919099,"D458_CENTRAL_NERVOUS_SYSTEM":-4.664492281,"DANG_PANCREAS":-6.818755578,"DAOY_CENTRAL_NERVOUS_SYSTEM":-5.507830108,"DB_HAEMATOPOIETIC_AND_LYMPHOID_TISSUE":-1.250120086,"DEL_HAEMATOPOIETIC_AND_LYMPHOID_TISSUE":-3.950685437,"DETROIT562_UPPER_AERODIGESTIVE_TRACT":2.253694786,"DKMG_CENTRAL_NERVOUS_SYSTEM":-4.289543638,"DLD1_LARGE_INTESTINE":0.789297861,"DU4475_BREAST":2.980289104,"EFE184_ENDOMETRIUM":2.010349987,"EFM19_BREAST":-6.83346524,"EFO21_OVARY":-4.200076881,"EFO27_OVARY":-7.740003574,"EJM_HAEMATOPOIETIC_AND_LYMPHOID_TISSUE":-14.89018771,"EKVX_LUNG":-2.723938533,"EM2_HAEMATOPOIETIC_AND_LYMPHOID_TISSUE":2.644496991,"EN_ENDOMETRIUM":5.437303963,"EOL1_HAEMATOPOIETIC_AND_LYMPHOID_TISSUE":-1.879204171,"EPLC272H_LUNG":-3.429506646,"ES2_OVARY":-4.835061359,"ESO26_OESOPHAGUS":1.261220214,"ESS1_ENDOMETRIUM":-3.565092576,"EW8_BONE":-1.476607654,"EWS502_BONE":-6.833092835,"F36P_HAEMATOPOIETIC_AND_LYMPHOID_TISSUE":1.148328397,"F5_CENTRAL_NERVOUS_SYSTEM":-0.203082627,"FADU_UPPER_AERODIGESTIVE_TRACT":3.636023283,"FLO1_OESOPHAGUS":1.583163216,"FU97_STOMACH":-1.719828732,"G292CLONEA141B1_BONE":-1.608966008,"G402_SOFT_TISSUE":-1.473071831,"GAMG_CENTRAL_NERVOUS_SYSTEM":1.408546033,"GB1_CENTRAL_NERVOUS_SYSTEM":-2.414420381,"GCIY_STOMACH":-5.142625472,"GCT_SOFT_TISSUE":-5.290721481,"GI1_CENTRAL_NERVOUS_SYSTEM":-4.551468174,"GSS_STOMACH":3.319652195,"GSU_STOMACH":3.395714984,"H103_UPPER_AERODIGESTIVE_TRACT":1.134054136,"H4_CENTRAL_NERVOUS_SYSTEM":-1.551932695,"HARA_LUNG":0.181935568,"HB1119_HAEMATOPOIETIC_AND_LYMPHOID_TISSUE":-2.981899758,"HCC1143_BREAST":-1.436607691,"HCC1359_LUNG":-11.16535719,"HCC1395_BREAST":-7.101037876,"HCC1419_BREAST":3.209980267,"HCC1428_BREAST":4.239348001,"HCC15_LUNG":-4.644864184,"HCC1806_BREAST":2.068295929,"HCC1937_BREAST":-3.174263538,"HCC1954_BREAST":-4.370082615,"HCC202_BREAST":4.58725853,"HCC2429_LUNG":-2.586652047,"HCC2935_LUNG":-6.992270437,"HCC366_LUNG":1.189476976,"HCC461_LUNG":-9.146716518,"HCC515_LUNG":-3.942133844,"HCC56_LARGE_INTESTINE":0.943726763,"HCC827_LUNG":-6.263250968,"HCC95_LUNG":2.156130608,"HDMYZ_HAEMATOPOIETIC_AND_LYMPHOID_TISSUE":0.662508689,"HEC151_ENDOMETRIUM":1.420433313,"HEC1A_ENDOMETRIUM":0.676002313,"HEC1B_ENDOMETRIUM":2.528447956,"HEC251_ENDOMETRIUM":-6.843985468,"HEC265_ENDOMETRIUM":2.386319366,"HEC50B_ENDOMETRIUM":2.292272669,"HEC59_ENDOMETRIUM":5.363511204,"HEC6_ENDOMETRIUM":-2.721887045,"HEL_HAEMATOPOIETIC_AND_LYMPHOID_TISSUE":-3.364165396,"HEL9217_HAEMATOPOIETIC_AND_LYMPHOID_TISSUE":-7.06752163,"HEYA8_OVARY":0.845202397,"HGC27_STOMACH":-1.145669919,"HLF_LIVER":-4.614387319,"HMC18_BREAST":3.770136731,"HOP62_LUNG":-0.663326803,"HS294T_SKIN":-1.800404672,"HS578T_BREAST":-5.262715067,"HS683_CENTRAL_NERVOUS_SYSTEM":-8.085990621,"HS695T_SKIN":-8.518299384,"HS729_SOFT_TISSUE":-8.339467162,"HS746T_STOMACH":-1.253171759,"HS766T_PANCREAS":-1.365116169,"HS852T_SKIN":0.654155496,"HS944T_SKIN":1.819695912,"HSB2_HAEMATOPOIETIC_AND_LYMPHOID_TISSUE":1.253252407,"HSC1_SKIN":-5.410126974,"HSC2_UPPER_AERODIGESTIVE_TRACT":-2.105162728,"HSC3_UPPER_AERODIGESTIVE_TRACT":4.078066134,"HT1080_SOFT_TISSUE":-9.271174398,"HT115_LARGE_INTESTINE":3.623576615,"HT1197_URINARY_TRACT":-3.441749214,"HT1376_URINARY_TRACT":0.751549647,"HT144_SKIN":0.76979572,"HT29_LARGE_INTESTINE":1.036203317,"HT55_LARGE_INTESTINE":2.224395294,"HUH1_LIVER":4.026975441,"HUH6_LIVER":4.477160271,"HUH7_LIVER":-8.234966729,"HUNS1_HAEMATOPOIETIC_AND_LYMPHOID_TISSUE":-3.831659969,"HUPT3_PANCREAS":-1.058267734,"IALM_LUNG":-1.013732558,"IGR1_SKIN":1.920128212,"IGR39_SKIN":-7.306700729,"IMR32_AUTONOMIC_GANGLIA":3.423868567,"INA6_HAEMATOPOIETIC_AND_LYMPHOID_TISSUE":-0.218520175,"IPC298_SKIN":2.400117504,"ISTMES1_PLEURA":-1.347358958,"ISTMES2_PLEURA":-2.915517004,"J82_URINARY_TRACT":-4.82048699,"JHH1_LIVER":-0.315412676,"JHH4_LIVER":3.54784277,"JHH5_LIVER":-3.76138623,"JHH7_LIVER":3.816412255,"JHOC5_OVARY":2.773032222,"JHOM1_OVARY":2.781649205,"JHOS2_OVARY":-7.048267516,"JHOS4_OVARY":-6.02011578,"JHUEM1_ENDOMETRIUM":-6.189921262,"JHUEM7_ENDOMETRIUM":3.83484994,"JIMT1_BREAST":2.671720554,"JJN3_HAEMATOPOIETIC_AND_LYMPHOID_TISSUE":0.803780961,"JMSU1_URINARY_TRACT":-2.014914971,"JMURTK2_SOFT_TISSUE":-6.063480481,"JOPACA1_PANCREAS":4.627502477,"JR_SOFT_TISSUE":-4.398583916,"K029AX_SKIN":-7.446131403,"KALS1_CENTRAL_NERVOUS_SYSTEM":-1.396929829,"KARPAS299_HAEMATOPOIETIC_AND_LYMPHOID_TISSUE":-8.612627477,"KARPAS422_HAEMATOPOIETIC_AND_LYMPHOID_TISSUE":-5.541067744,"KASUMI1_HAEMATOPOIETIC_AND_LYMPHOID_TISSUE":0.513029818,"KE39_STOMACH":1.200267288,"KE97_HAEMATOPOIETIC_AND_LYMPHOID_TISSUE":-7.28493256,"KELLY_AUTONOMIC_GANGLIA":-10.18315941,