{"scores":{"127399_SOFT_TISSUE":-2.240362367,"143B_BONE":-2.227635087,"2313287_STOMACH":-1.501787664,"253J_URINARY_TRACT":16.28731999,"42MGBA_CENTRAL_NERVOUS_SYSTEM":-0.532396841,"5637_URINARY_TRACT":-0.615318657,"59M_OVARY":-2.238121404,"639V_URINARY_TRACT":-2.217277004,"647V_URINARY_TRACT":-2.22887415,"697_HAEMATOPOIETIC_AND_LYMPHOID_TISSUE":-2.191174395,"769P_KIDNEY":-2.051889612,"786O_KIDNEY":0.750234777,"8305C_THYROID":-1.02150421,"8MGBA_CENTRAL_NERVOUS_SYSTEM":-2.239345678,"A2058_SKIN":-0.475232987,"A2780_OVARY":-1.753083167,"A3KAW_HAEMATOPOIETIC_AND_LYMPHOID_TISSUE":-1.295881703,"A427_LUNG":-2.130324858,"A431_SKIN":0.398868395,"A549_LUNG":-0.887798344,"A673_BONE":-1.835393823,"ABC1_LUNG":-2.221841319,"ACCMESO1_PLEURA":-1.341492342,"AGS_STOMACH":-1.557802615,"AML193_HAEMATOPOIETIC_AND_LYMPHOID_TISSUE":-1.811044899,"AMO1_HAEMATOPOIETIC_AND_LYMPHOID_TISSUE":-1.506431871,"ASPC1_PANCREAS":-2.201100121,"AU565_BREAST":-2.211776347,"BC3C_URINARY_TRACT":-0.113652074,"BFTC905_URINARY_TRACT":-2.180882346,"BFTC909_KIDNEY":-1.688307511,"BHY_UPPER_AERODIGESTIVE_TRACT":-2.009168804,"BICR16_UPPER_AERODIGESTIVE_TRACT":-1.940042703,"BICR22_UPPER_AERODIGESTIVE_TRACT":-2.110558638,"BICR31_UPPER_AERODIGESTIVE_TRACT":-2.151372272,"BICR56_UPPER_AERODIGESTIVE_TRACT":-0.044437288,"BICR6_UPPER_AERODIGESTIVE_TRACT":-2.239673684,"BICR78_UPPER_AERODIGESTIVE_TRACT":-1.768644038,"BIN67_OVARY":-2.194974314,"BL70_HAEMATOPOIETIC_AND_LYMPHOID_TISSUE":-2.191861899,"BLUE1_HAEMATOPOIETIC_AND_LYMPHOID_TISSUE":-1.425968356,"BT12_SOFT_TISSUE":-2.085457168,"BT16_SOFT_TISSUE":-1.835277631,"BT549_BREAST":-0.221381058,"C2BBE1_LARGE_INTESTINE":-1.443561408,"C32_SKIN":-1.866897531,"C8166_HAEMATOPOIETIC_AND_LYMPHOID_TISSUE":5.927348211,"CADOES1_BONE":-1.836636847,"CAKI1_KIDNEY":6.133566247,"CAKI2_KIDNEY":1.006949465,"CAL27_UPPER_AERODIGESTIVE_TRACT":-2.010130186,"CAL29_URINARY_TRACT":-1.958844571,"CAL33_UPPER_AERODIGESTIVE_TRACT":-2.20372807,"CAL51_BREAST":9.000104033,"CAL78_BONE":-2.054718931,"CALU1_LUNG":1.853392128,"CALU6_LUNG":-2.142969176,"CAMA1_BREAST":-2.107819731,"CAOV3_OVARY":-1.971832088,"CAS1_CENTRAL_NERVOUS_SYSTEM":3.352498379,"CASKI_CERVIX":-1.916102044,"CCFSTTG1_CENTRAL_NERVOUS_SYSTEM":-1.96315616,"CCK81_LARGE_INTESTINE":-2.173937899,"CCLFPEDS0001T_KIDNEY":-2.118380555,"CCLFPEDS0003T_SOFT_TISSUE":-2.191766406,"CFPAC1_PANCREAS":-0.978141769,"CH157MN_CENTRAL_NERVOUS_SYSTEM":9.730527935,"CHAGOK1_LUNG":-2.213462644,"CHLA06ATRT_SOFT_TISSUE":-2.240123779,"CHLA15_AUTONOMIC_GANGLIA":-1.238096395,"CHLA266_SOFT_TISSUE":-2.158763749,"CHP212_AUTONOMIC_GANGLIA":-2.174099672,"CJM_SKIN":-2.233662263,"CL40_LARGE_INTESTINE":-2.234434288,"CME1_SOFT_TISSUE":-2.078718041,"CMLT1_HAEMATOPOIETIC_AND_LYMPHOID_TISSUE":-2.235971639,"COGAR359_SOFT_TISSUE":-2.158514097,"COGE352_BONE":-2.230967177,"COGN278_AUTONOMIC_GANGLIA":-1.978978076,"COGN305_AUTONOMIC_GANGLIA":-1.006902668,"COLO201_LARGE_INTESTINE":-2.077116901,"COLO678_LARGE_INTESTINE":-2.102759232,"COLO679_SKIN":-1.601593246,"COLO792_SKIN":-1.642467235,"COLO800_SKIN":-1.407948523,"CORL23_LUNG":-2.240362367,"CORL279_LUNG":-2.240362367,"CORL47_LUNG":-2.106633244,"COV318_OVARY":-2.203931216,"COV362_OVARY":-2.238731508,"COV434_OVARY":-0.752625912,"COV504_OVARY":8.794839893,"COV644_OVARY":-2.213439315,"CW9019_SOFT_TISSUE":4.583084249,"D283MED_CENTRAL_NERVOUS_SYSTEM":-2.224715046,"D341MED_CENTRAL_NERVOUS_SYSTEM":-1.948870593,"D425_CENTRAL_NERVOUS_SYSTEM":-1.811615949,"D458_CENTRAL_NERVOUS_SYSTEM":-2.062914008,"DANG_PANCREAS":-1.873820957,"DAOY_CENTRAL_NERVOUS_SYSTEM":-2.237671088,"DB_HAEMATOPOIETIC_AND_LYMPHOID_TISSUE":-2.20816183,"DEL_HAEMATOPOIETIC_AND_LYMPHOID_TISSUE":-1.669381364,"DETROIT562_UPPER_AERODIGESTIVE_TRACT":-2.240103204,"DKMG_CENTRAL_NERVOUS_SYSTEM":-2.011054582,"DLD1_LARGE_INTESTINE":-1.826078928,"DU4475_BREAST":-2.132863622,"EFE184_ENDOMETRIUM":-1.943978628,"EFM19_BREAST":-0.613472517,"EFO21_OVARY":-2.041434076,"EFO27_OVARY":-1.404384428,"EJM_HAEMATOPOIETIC_AND_LYMPHOID_TISSUE":-2.143285852,"EKVX_LUNG":-1.122736435,"EM2_HAEMATOPOIETIC_AND_LYMPHOID_TISSUE":-2.044200959,"EN_ENDOMETRIUM":-2.240045177,"EOL1_HAEMATOPOIETIC_AND_LYMPHOID_TISSUE":-2.122140344,"EPLC272H_LUNG":-2.236846893,"ES2_OVARY":-1.97094124,"ESO26_OESOPHAGUS":-2.137614043,"ESS1_ENDOMETRIUM":0.284617773,"EW8_BONE":-2.234898205,"EWS502_BONE":-1.337013528,"F36P_HAEMATOPOIETIC_AND_LYMPHOID_TISSUE":-2.217248325,"F5_CENTRAL_NERVOUS_SYSTEM":-2.226166615,"FADU_UPPER_AERODIGESTIVE_TRACT":-2.171710409,"FLO1_OESOPHAGUS":1.98786799,"FU97_STOMACH":-2.182160085,"G292CLONEA141B1_BONE":-0.001302991,"G402_SOFT_TISSUE":2.649453358,"GAMG_CENTRAL_NERVOUS_SYSTEM":11.64678478,"GB1_CENTRAL_NERVOUS_SYSTEM":-1.763903225,"GCIY_STOMACH":-2.235307031,"GCT_SOFT_TISSUE":0.250681025,"GI1_CENTRAL_NERVOUS_SYSTEM":0.396889792,"GSS_STOMACH":-2.178821616,"GSU_STOMACH":-1.52978242,"H103_UPPER_AERODIGESTIVE_TRACT":-2.144855891,"H4_CENTRAL_NERVOUS_SYSTEM":-1.784671614,"HARA_LUNG":-2.056104759,"HB1119_HAEMATOPOIETIC_AND_LYMPHOID_TISSUE":0.213101619,"HCC1143_BREAST":-1.676050152,"HCC1359_LUNG":-2.15767223,"HCC1395_BREAST":-2.239969645,"HCC1419_BREAST":-1.826829301,"HCC1428_BREAST":-0.978952165,"HCC15_LUNG":-2.240362367,"HCC1806_BREAST":-2.227122094,"HCC1937_BREAST":-2.236936486,"HCC1954_BREAST":-0.567174343,"HCC202_BREAST":-1.956027499,"HCC2429_LUNG":-2.022637514,"HCC2935_LUNG":-1.845009709,"HCC366_LUNG":12.78154992,"HCC461_LUNG":-1.321464261,"HCC515_LUNG":-2.080791518,"HCC56_LARGE_INTESTINE":-1.873813575,"HCC827_LUNG":-2.215582401,"HCC95_LUNG":-2.239198292,"HDMYZ_HAEMATOPOIETIC_AND_LYMPHOID_TISSUE":1.660816938,"HEC151_ENDOMETRIUM":2.70775203,"HEC1A_ENDOMETRIUM":-2.199094058,"HEC1B_ENDOMETRIUM":-2.223304879,"HEC251_ENDOMETRIUM":-2.183800446,"HEC265_ENDOMETRIUM":-2.07432165,"HEC50B_ENDOMETRIUM":-2.141535245,"HEC59_ENDOMETRIUM":-0.803710048,"HEC6_ENDOMETRIUM":-1.098226177,"HEL_HAEMATOPOIETIC_AND_LYMPHOID_TISSUE":-1.154186155,"HEL9217_HAEMATOPOIETIC_AND_LYMPHOID_TISSUE":2.575452153,"HEYA8_OVARY":-2.223993457,"HGC27_STOMACH":-2.1448874,"HLF_LIVER":-1.238138648,"HMC18_BREAST":-2.236705373,"HOP62_LUNG":-0.989969684,"HS294T_SKIN":-2.130694234,"HS578T_BREAST":-2.123375721,"HS683_CENTRAL_NERVOUS_SYSTEM":0.2844297,"HS695T_SKIN":-1.180664427,"HS729_SOFT_TISSUE":-2.24028156,"HS746T_STOMACH":-1.500050752,"HS766T_PANCREAS":2.363700872,"HS852T_SKIN":-1.754831917,"HS944T_SKIN":9.415301116,"HSB2_HAEMATOPOIETIC_AND_LYMPHOID_TISSUE":11.23357782,"HSC1_SKIN":-1.998440395,"HSC2_UPPER_AERODIGESTIVE_TRACT":-2.22167656,"HSC3_UPPER_AERODIGESTIVE_TRACT":-2.131104103,"HT1080_SOFT_TISSUE":0.268382369,"HT115_LARGE_INTESTINE":-1.618951033,"HT1197_URINARY_TRACT":-1.26000682,"HT1376_URINARY_TRACT":-1.462658894,"HT144_SKIN":-0.100149839,"HT29_LARGE_INTESTINE":-2.079757133,"HT55_LARGE_INTESTINE":-1.257750134,"HUH1_LIVER":-2.23107605,"HUH6_LIVER":-1.203015758,"HUH7_LIVER":-2.15410677,"HUNS1_HAEMATOPOIETIC_AND_LYMPHOID_TISSUE":-1.811602185,"HUPT3_PANCREAS":-0.406119417,"IALM_LUNG":-2.045523496,"IGR1_SKIN":-2.19790554,"IGR39_SKIN":-0.187678598,"IMR32_AUTONOMIC_GANGLIA":-2.239641862,"INA6_HAEMATOPOIETIC_AND_LYMPHOID_TISSUE":-2.068682513,"IPC298_SKIN":-1.00982853,"ISTMES1_PLEURA":-2.24017526,"ISTMES2_PLEURA":20,"J82_URINARY_TRACT":0.255083422,"JHH1_LIVER":-1.992054493,"JHH4_LIVER":5.221794204,"JHH5_LIVER":-2.113223326,"JHH7_LIVER":-1.936172407,"JHOC5_OVARY":-1.417707477,"JHOM1_OVARY":0.125579699,"JHOS2_OVARY":-1.68761057,"JHOS4_OVARY":-2.237244714,"JHUEM1_ENDOMETRIUM":-1.672146377,"JHUEM7_ENDOMETRIUM":-2.181695721,"JIMT1_BREAST":-2.222077263,"JJN3_HAEMATOPOIETIC_AND_LYMPHOID_TISSUE":-2.239997011,"JMSU1_URINARY_TRACT":-1.126447801,"JMURTK2_SOFT_TISSUE":-2.204510464,"JOPACA1_PANCREAS":-2.074434036,"JR_SOFT_TISSUE":-2.176236493,"K029AX_SKIN":0.414181782,"KALS1_CENTRAL_NERVOUS_SYSTEM":-2.232680684,"KARPAS299_HAEMATOPOIETIC_AND_LYMPHOID_TISSUE":-2.205954911,"KARPAS422_HAEMATOPOIETIC_AND_LYMPHOID_TISSUE":-0.812931916,"KASUMI1_HAEMATOPOIETIC_AND_LYMPHOID_TISSUE":-1.96609981,"KE39_STOMACH":-1.07913607,"KE97_HAEMATOPOIETIC_AND_LYMPHOID_TISSUE":-2.214005027,