{"scores":{"127399_SOFT_TISSUE":0.743574949,"143B_BONE":1.522241011,"2313287_STOMACH":1.536151158,"253J_URINARY_TRACT":1.023271529,"42MGBA_CENTRAL_NERVOUS_SYSTEM":1.591631898,"5637_URINARY_TRACT":1.851556756,"59M_OVARY":1.67455991,"639V_URINARY_TRACT":1.870808116,"647V_URINARY_TRACT":-1.903371216,"697_HAEMATOPOIETIC_AND_LYMPHOID_TISSUE":1.550019265,"769P_KIDNEY":1.804710977,"786O_KIDNEY":1.802115993,"8305C_THYROID":0.872951538,"8MGBA_CENTRAL_NERVOUS_SYSTEM":1.358965811,"A2058_SKIN":1.179332294,"A2780_OVARY":1.219075291,"A3KAW_HAEMATOPOIETIC_AND_LYMPHOID_TISSUE":1.870889896,"A427_LUNG":1.746905851,"A431_SKIN":1.870894807,"A549_LUNG":1.870859855,"A673_BONE":1.755399346,"ABC1_LUNG":0.809023379,"ACCMESO1_PLEURA":1.494108787,"AGS_STOMACH":0.79483747,"AML193_HAEMATOPOIETIC_AND_LYMPHOID_TISSUE":1.654977585,"AMO1_HAEMATOPOIETIC_AND_LYMPHOID_TISSUE":0.687754676,"ASPC1_PANCREAS":1.843712176,"AU565_BREAST":0.69825817,"BC3C_URINARY_TRACT":1.588994471,"BFTC905_URINARY_TRACT":1.773654837,"BFTC909_KIDNEY":1.061830938,"BHY_UPPER_AERODIGESTIVE_TRACT":1.724640406,"BICR16_UPPER_AERODIGESTIVE_TRACT":-0.725734556,"BICR22_UPPER_AERODIGESTIVE_TRACT":1.387771163,"BICR31_UPPER_AERODIGESTIVE_TRACT":1.762727338,"BICR56_UPPER_AERODIGESTIVE_TRACT":1.83738982,"BICR6_UPPER_AERODIGESTIVE_TRACT":1.808263832,"BICR78_UPPER_AERODIGESTIVE_TRACT":1.867109584,"BIN67_OVARY":0.836087536,"BL70_HAEMATOPOIETIC_AND_LYMPHOID_TISSUE":1.852573132,"BLUE1_HAEMATOPOIETIC_AND_LYMPHOID_TISSUE":1.463262864,"BT12_SOFT_TISSUE":1.665640366,"BT16_SOFT_TISSUE":1.851939051,"BT549_BREAST":1.825982189,"C2BBE1_LARGE_INTESTINE":1.843715246,"C32_SKIN":0.995342925,"C8166_HAEMATOPOIETIC_AND_LYMPHOID_TISSUE":0.917400717,"CADOES1_BONE":1.53445109,"CAKI1_KIDNEY":1.769047101,"CAKI2_KIDNEY":1.059095578,"CAL27_UPPER_AERODIGESTIVE_TRACT":-3.429730614,"CAL29_URINARY_TRACT":1.855746467,"CAL33_UPPER_AERODIGESTIVE_TRACT":1.295826222,"CAL51_BREAST":1.858465853,"CAL78_BONE":0.625795517,"CALU1_LUNG":1.283604954,"CALU6_LUNG":1.519049618,"CAMA1_BREAST":1.663120029,"CAOV3_OVARY":1.84633416,"CAS1_CENTRAL_NERVOUS_SYSTEM":1.450398915,"CASKI_CERVIX":0.585395818,"CCFSTTG1_CENTRAL_NERVOUS_SYSTEM":1.862352096,"CCK81_LARGE_INTESTINE":1.555928894,"CCLFPEDS0001T_KIDNEY":1.753472836,"CCLFPEDS0003T_SOFT_TISSUE":1.64380625,"CFPAC1_PANCREAS":1.097555813,"CH157MN_CENTRAL_NERVOUS_SYSTEM":1.424972954,"CHAGOK1_LUNG":1.808034238,"CHLA06ATRT_SOFT_TISSUE":1.842934505,"CHLA15_AUTONOMIC_GANGLIA":1.599847375,"CHLA266_SOFT_TISSUE":1.388659897,"CHP212_AUTONOMIC_GANGLIA":1.775458762,"CJM_SKIN":0.206694682,"CL40_LARGE_INTESTINE":-0.411941493,"CME1_SOFT_TISSUE":1.833964695,"CMLT1_HAEMATOPOIETIC_AND_LYMPHOID_TISSUE":1.182188175,"COGAR359_SOFT_TISSUE":1.407330326,"COGE352_BONE":1.87064759,"COGN278_AUTONOMIC_GANGLIA":0.954039631,"COGN305_AUTONOMIC_GANGLIA":1.225289413,"COLO201_LARGE_INTESTINE":1.299588674,"COLO678_LARGE_INTESTINE":1.727943933,"COLO679_SKIN":-1.734694613,"COLO792_SKIN":1.082760121,"COLO800_SKIN":0.435569271,"CORL23_LUNG":0.982003804,"CORL279_LUNG":1.034188726,"CORL47_LUNG":1.61124356,"COV318_OVARY":0.902901205,"COV362_OVARY":1.029699991,"COV434_OVARY":1.853660141,"COV504_OVARY":1.561558581,"COV644_OVARY":1.326647325,"CW9019_SOFT_TISSUE":1.267835443,"D283MED_CENTRAL_NERVOUS_SYSTEM":1.79092689,"D341MED_CENTRAL_NERVOUS_SYSTEM":1.867334998,"D425_CENTRAL_NERVOUS_SYSTEM":0.875159307,"D458_CENTRAL_NERVOUS_SYSTEM":1.209928645,"DANG_PANCREAS":-0.267010783,"DAOY_CENTRAL_NERVOUS_SYSTEM":1.82548406,"DB_HAEMATOPOIETIC_AND_LYMPHOID_TISSUE":1.569367548,"DEL_HAEMATOPOIETIC_AND_LYMPHOID_TISSUE":1.61089527,"DETROIT562_UPPER_AERODIGESTIVE_TRACT":1.357613019,"DKMG_CENTRAL_NERVOUS_SYSTEM":0.25890234,"DLD1_LARGE_INTESTINE":1.800752713,"DU4475_BREAST":1.77903025,"EFE184_ENDOMETRIUM":0.847657327,"EFM19_BREAST":1.867404132,"EFO21_OVARY":1.815158863,"EFO27_OVARY":1.574098857,"EJM_HAEMATOPOIETIC_AND_LYMPHOID_TISSUE":0.79808568,"EKVX_LUNG":1.00673711,"EM2_HAEMATOPOIETIC_AND_LYMPHOID_TISSUE":1.429117074,"EN_ENDOMETRIUM":-1.026280496,"EOL1_HAEMATOPOIETIC_AND_LYMPHOID_TISSUE":-0.263410055,"EPLC272H_LUNG":1.600350673,"ES2_OVARY":1.853142342,"ESO26_OESOPHAGUS":1.712705149,"ESS1_ENDOMETRIUM":1.610928455,"EW8_BONE":1.670786165,"EWS502_BONE":1.685577308,"F36P_HAEMATOPOIETIC_AND_LYMPHOID_TISSUE":1.579783467,"F5_CENTRAL_NERVOUS_SYSTEM":0.75176886,"FADU_UPPER_AERODIGESTIVE_TRACT":-0.169454961,"FLO1_OESOPHAGUS":1.065232148,"FU97_STOMACH":-3.106779767,"G292CLONEA141B1_BONE":1.869417923,"G402_SOFT_TISSUE":1.771824232,"GAMG_CENTRAL_NERVOUS_SYSTEM":1.727605047,"GB1_CENTRAL_NERVOUS_SYSTEM":1.829425219,"GCIY_STOMACH":1.662508856,"GCT_SOFT_TISSUE":0.718297389,"GI1_CENTRAL_NERVOUS_SYSTEM":1.724777235,"GSS_STOMACH":1.223531775,"GSU_STOMACH":1.861275873,"H103_UPPER_AERODIGESTIVE_TRACT":-1.202552923,"H4_CENTRAL_NERVOUS_SYSTEM":1.758565529,"HARA_LUNG":-5.957704312,"HB1119_HAEMATOPOIETIC_AND_LYMPHOID_TISSUE":1.73245755,"HCC1143_BREAST":1.418146092,"HCC1359_LUNG":-4.126376261,"HCC1395_BREAST":1.857576342,"HCC1419_BREAST":1.865922259,"HCC1428_BREAST":1.674551256,"HCC15_LUNG":-0.197988376,"HCC1806_BREAST":0.86047296,"HCC1937_BREAST":1.679202405,"HCC1954_BREAST":1.741765415,"HCC202_BREAST":1.838806242,"HCC2429_LUNG":1.393331713,"HCC2935_LUNG":-1.206229556,"HCC366_LUNG":1.349879997,"HCC461_LUNG":0.463475765,"HCC515_LUNG":-2.589632049,"HCC56_LARGE_INTESTINE":1.797725281,"HCC827_LUNG":-0.186057959,"HCC95_LUNG":1.064339668,"HDMYZ_HAEMATOPOIETIC_AND_LYMPHOID_TISSUE":1.705290777,"HEC151_ENDOMETRIUM":0.516759173,"HEC1A_ENDOMETRIUM":1.377533045,"HEC1B_ENDOMETRIUM":1.560462875,"HEC251_ENDOMETRIUM":1.415415257,"HEC265_ENDOMETRIUM":-2.600316423,"HEC50B_ENDOMETRIUM":-1.105361606,"HEC59_ENDOMETRIUM":1.605303262,"HEC6_ENDOMETRIUM":1.838801224,"HEL_HAEMATOPOIETIC_AND_LYMPHOID_TISSUE":0.511356221,"HEL9217_HAEMATOPOIETIC_AND_LYMPHOID_TISSUE":-8.456297438,"HEYA8_OVARY":1.568864478,"HGC27_STOMACH":1.862218673,"HLF_LIVER":1.865088396,"HMC18_BREAST":0.568144718,"HOP62_LUNG":1.564390042,"HS294T_SKIN":1.865201062,"HS578T_BREAST":1.816974559,"HS683_CENTRAL_NERVOUS_SYSTEM":1.857788894,"HS695T_SKIN":1.67204202,"HS729_SOFT_TISSUE":1.578356094,"HS746T_STOMACH":1.078361517,"HS766T_PANCREAS":1.811650097,"HS852T_SKIN":0.435312267,"HS944T_SKIN":1.846683203,"HSB2_HAEMATOPOIETIC_AND_LYMPHOID_TISSUE":-1.147363589,"HSC1_SKIN":1.228169763,"HSC2_UPPER_AERODIGESTIVE_TRACT":1.332941421,"HSC3_UPPER_AERODIGESTIVE_TRACT":-18.73608512,"HT1080_SOFT_TISSUE":1.421564374,"HT115_LARGE_INTESTINE":1.66514585,"HT1197_URINARY_TRACT":0.16703869,"HT1376_URINARY_TRACT":0.594381945,"HT144_SKIN":1.376799759,"HT29_LARGE_INTESTINE":1.667163601,"HT55_LARGE_INTESTINE":1.401286456,"HUH1_LIVER":1.680262363,"HUH6_LIVER":1.800202147,"HUH7_LIVER":0.89395129,"HUNS1_HAEMATOPOIETIC_AND_LYMPHOID_TISSUE":1.850143885,"HUPT3_PANCREAS":1.867605487,"IALM_LUNG":1.870928321,"IGR1_SKIN":1.759645013,"IGR39_SKIN":1.660522476,"IMR32_AUTONOMIC_GANGLIA":1.400866296,"INA6_HAEMATOPOIETIC_AND_LYMPHOID_TISSUE":1.722066739,"IPC298_SKIN":0.863291549,"ISTMES1_PLEURA":1.373679043,"ISTMES2_PLEURA":1.550262288,"J82_URINARY_TRACT":0.500051086,"JHH1_LIVER":1.361323797,"JHH4_LIVER":1.845757477,"JHH5_LIVER":1.788631337,"JHH7_LIVER":1.4267983,"JHOC5_OVARY":-5.44165581,"JHOM1_OVARY":1.866701636,"JHOS2_OVARY":0.817256274,"JHOS4_OVARY":1.43294093,"JHUEM1_ENDOMETRIUM":-3.438424689,"JHUEM7_ENDOMETRIUM":1.234508443,"JIMT1_BREAST":1.867051698,"JJN3_HAEMATOPOIETIC_AND_LYMPHOID_TISSUE":1.77627384,"JMSU1_URINARY_TRACT":1.869994604,"JMURTK2_SOFT_TISSUE":1.469089563,"JOPACA1_PANCREAS":1.520508767,"JR_SOFT_TISSUE":1.588468962,"K029AX_SKIN":0.90202208,"KALS1_CENTRAL_NERVOUS_SYSTEM":-2.026995743,"KARPAS299_HAEMATOPOIETIC_AND_LYMPHOID_TISSUE":1.608889687,"KARPAS422_HAEMATOPOIETIC_AND_LYMPHOID_TISSUE":1.835496349,"KASUMI1_HAEMATOPOIETIC_AND_LYMPHOID_TISSUE":1.782147463,"KE39_STOMACH":1.844843829,"KE97_HAEMATOPOIETIC_AND_LYMPHOID_TISSUE":-0.331123208,"KELLY_AUTONOMIC_GANGLIA":1.801095437,"KIJK_HAEMATOPOIETIC_AND_LYMPHOID_TISSUE":-3.379212256,"KLE_ENDOMETRIUM":1.854725196,"KM12_LARGE_INTESTINE":1.867435592,