{"scores":{"127399_SOFT_TISSUE":0.929802731,"143B_BONE":2.132634839,"2313287_STOMACH":1.764887904,"253J_URINARY_TRACT":2.02655024,"42MGBA_CENTRAL_NERVOUS_SYSTEM":2.206237204,"5637_URINARY_TRACT":2.149542705,"59M_OVARY":1.913140868,"639V_URINARY_TRACT":1.292317238,"647V_URINARY_TRACT":-1.576481244,"697_HAEMATOPOIETIC_AND_LYMPHOID_TISSUE":1.929915512,"769P_KIDNEY":2.195946057,"786O_KIDNEY":2.119654356,"8305C_THYROID":-2.558748579,"8MGBA_CENTRAL_NERVOUS_SYSTEM":1.776024111,"A2058_SKIN":2.201455594,"A2780_OVARY":-20,"A3KAW_HAEMATOPOIETIC_AND_LYMPHOID_TISSUE":2.005466483,"A427_LUNG":2.096594708,"A431_SKIN":2.172181859,"A549_LUNG":0.811999916,"A673_BONE":0.550541879,"ABC1_LUNG":2.153331184,"ACCMESO1_PLEURA":2.205578046,"AGS_STOMACH":2.080953512,"AML193_HAEMATOPOIETIC_AND_LYMPHOID_TISSUE":1.976726237,"AMO1_HAEMATOPOIETIC_AND_LYMPHOID_TISSUE":1.92030791,"ASPC1_PANCREAS":2.160199081,"AU565_BREAST":2.051480254,"BC3C_URINARY_TRACT":0.828836371,"BFTC905_URINARY_TRACT":2.150974524,"BFTC909_KIDNEY":1.252913787,"BHY_UPPER_AERODIGESTIVE_TRACT":0.00513466,"BICR16_UPPER_AERODIGESTIVE_TRACT":1.919058514,"BICR22_UPPER_AERODIGESTIVE_TRACT":1.781588449,"BICR31_UPPER_AERODIGESTIVE_TRACT":2.198544334,"BICR56_UPPER_AERODIGESTIVE_TRACT":-3.440749682,"BICR6_UPPER_AERODIGESTIVE_TRACT":-2.675963389,"BICR78_UPPER_AERODIGESTIVE_TRACT":-2.998220274,"BIN67_OVARY":1.675177112,"BL70_HAEMATOPOIETIC_AND_LYMPHOID_TISSUE":1.955414475,"BLUE1_HAEMATOPOIETIC_AND_LYMPHOID_TISSUE":1.727865721,"BT12_SOFT_TISSUE":1.970815175,"BT16_SOFT_TISSUE":2.04304114,"BT549_BREAST":2.119929553,"C2BBE1_LARGE_INTESTINE":-2.452150313,"C32_SKIN":0.712798758,"C8166_HAEMATOPOIETIC_AND_LYMPHOID_TISSUE":1.083677044,"CADOES1_BONE":0.361097203,"CAKI1_KIDNEY":1.933971747,"CAKI2_KIDNEY":1.537637709,"CAL27_UPPER_AERODIGESTIVE_TRACT":1.089883077,"CAL29_URINARY_TRACT":-0.001463434,"CAL33_UPPER_AERODIGESTIVE_TRACT":1.699774279,"CAL51_BREAST":-12.43889599,"CAL78_BONE":2.205465519,"CALU1_LUNG":2.202934193,"CALU6_LUNG":1.812354515,"CAMA1_BREAST":2.167848915,"CAOV3_OVARY":-0.173140848,"CAS1_CENTRAL_NERVOUS_SYSTEM":1.954405894,"CASKI_CERVIX":2.11221496,"CCFSTTG1_CENTRAL_NERVOUS_SYSTEM":2.194954344,"CCK81_LARGE_INTESTINE":2.126749496,"CCLFPEDS0001T_KIDNEY":2.139206124,"CCLFPEDS0003T_SOFT_TISSUE":1.573569989,"CFPAC1_PANCREAS":1.539177327,"CH157MN_CENTRAL_NERVOUS_SYSTEM":2.177522001,"CHAGOK1_LUNG":2.179732152,"CHLA06ATRT_SOFT_TISSUE":2.111133433,"CHLA15_AUTONOMIC_GANGLIA":2.046311934,"CHLA266_SOFT_TISSUE":2.152418992,"CHP212_AUTONOMIC_GANGLIA":0.781715544,"CJM_SKIN":1.894161246,"CL40_LARGE_INTESTINE":0.785016773,"CME1_SOFT_TISSUE":1.607027059,"CMLT1_HAEMATOPOIETIC_AND_LYMPHOID_TISSUE":1.356297418,"COGAR359_SOFT_TISSUE":2.186059354,"COGE352_BONE":2.08764416,"COGN278_AUTONOMIC_GANGLIA":-6.305621912,"COGN305_AUTONOMIC_GANGLIA":1.778898049,"COLO201_LARGE_INTESTINE":2.201396335,"COLO678_LARGE_INTESTINE":2.196064969,"COLO679_SKIN":2.184269079,"COLO792_SKIN":1.023486421,"COLO800_SKIN":2.18021181,"CORL23_LUNG":2.078066246,"CORL279_LUNG":2.20433294,"CORL47_LUNG":2.166901443,"COV318_OVARY":1.202910861,"COV362_OVARY":1.713305047,"COV434_OVARY":2.153003004,"COV504_OVARY":1.307182411,"COV644_OVARY":2.06371939,"CW9019_SOFT_TISSUE":-20,"D283MED_CENTRAL_NERVOUS_SYSTEM":2.041236507,"D341MED_CENTRAL_NERVOUS_SYSTEM":2.202199608,"D425_CENTRAL_NERVOUS_SYSTEM":1.367497414,"D458_CENTRAL_NERVOUS_SYSTEM":1.677093875,"DANG_PANCREAS":2.206154394,"DAOY_CENTRAL_NERVOUS_SYSTEM":2.073440133,"DB_HAEMATOPOIETIC_AND_LYMPHOID_TISSUE":1.611992472,"DEL_HAEMATOPOIETIC_AND_LYMPHOID_TISSUE":1.695865073,"DETROIT562_UPPER_AERODIGESTIVE_TRACT":2.18316109,"DKMG_CENTRAL_NERVOUS_SYSTEM":1.417980519,"DLD1_LARGE_INTESTINE":2.196275167,"DU4475_BREAST":1.210959937,"EFE184_ENDOMETRIUM":2.05481555,"EFM19_BREAST":1.545311707,"EFO21_OVARY":2.148528649,"EFO27_OVARY":2.090965322,"EJM_HAEMATOPOIETIC_AND_LYMPHOID_TISSUE":2.164463183,"EKVX_LUNG":2.168002034,"EM2_HAEMATOPOIETIC_AND_LYMPHOID_TISSUE":2.195429105,"EN_ENDOMETRIUM":2.188700184,"EOL1_HAEMATOPOIETIC_AND_LYMPHOID_TISSUE":1.823424233,"EPLC272H_LUNG":-6.475371542,"ES2_OVARY":2.163165579,"ESO26_OESOPHAGUS":1.265304884,"ESS1_ENDOMETRIUM":1.62061958,"EW8_BONE":1.619076557,"EWS502_BONE":1.752892103,"F36P_HAEMATOPOIETIC_AND_LYMPHOID_TISSUE":2.201564817,"F5_CENTRAL_NERVOUS_SYSTEM":1.986981735,"FADU_UPPER_AERODIGESTIVE_TRACT":0.690632179,"FLO1_OESOPHAGUS":2.133245278,"FU97_STOMACH":1.581363149,"G292CLONEA141B1_BONE":2.206203844,"G402_SOFT_TISSUE":1.482958235,"GAMG_CENTRAL_NERVOUS_SYSTEM":0.398934705,"GB1_CENTRAL_NERVOUS_SYSTEM":2.196096818,"GCIY_STOMACH":2.181899744,"GCT_SOFT_TISSUE":1.994988631,"GI1_CENTRAL_NERVOUS_SYSTEM":1.193601295,"GSS_STOMACH":2.201294327,"GSU_STOMACH":2.03789781,"H103_UPPER_AERODIGESTIVE_TRACT":0.952204751,"H4_CENTRAL_NERVOUS_SYSTEM":-0.504550751,"HARA_LUNG":-3.876803157,"HB1119_HAEMATOPOIETIC_AND_LYMPHOID_TISSUE":1.853539612,"HCC1143_BREAST":0.62000499,"HCC1359_LUNG":2.082868833,"HCC1395_BREAST":2.163009376,"HCC1419_BREAST":1.812058943,"HCC1428_BREAST":2.042159124,"HCC15_LUNG":2.138934073,"HCC1806_BREAST":2.051439131,"HCC1937_BREAST":2.176239275,"HCC1954_BREAST":2.010072267,"HCC202_BREAST":1.577259306,"HCC2429_LUNG":0.712306012,"HCC2935_LUNG":1.809557053,"HCC366_LUNG":2.042427886,"HCC461_LUNG":1.9451168,"HCC515_LUNG":2.181547319,"HCC56_LARGE_INTESTINE":0.913647901,"HCC827_LUNG":0.411281138,"HCC95_LUNG":-8.970583221,"HDMYZ_HAEMATOPOIETIC_AND_LYMPHOID_TISSUE":2.20616702,"HEC151_ENDOMETRIUM":-1.622737434,"HEC1A_ENDOMETRIUM":2.11994164,"HEC1B_ENDOMETRIUM":2.125241948,"HEC251_ENDOMETRIUM":2.082889078,"HEC265_ENDOMETRIUM":2.034652808,"HEC50B_ENDOMETRIUM":2.099063378,"HEC59_ENDOMETRIUM":-1.754820828,"HEC6_ENDOMETRIUM":1.705449924,"HEL_HAEMATOPOIETIC_AND_LYMPHOID_TISSUE":1.472618071,"HEL9217_HAEMATOPOIETIC_AND_LYMPHOID_TISSUE":0.878832456,"HEYA8_OVARY":1.475890615,"HGC27_STOMACH":-0.383927362,"HLF_LIVER":1.794398969,"HMC18_BREAST":1.172251143,"HOP62_LUNG":2.187524118,"HS294T_SKIN":2.036988159,"HS578T_BREAST":1.758247438,"HS683_CENTRAL_NERVOUS_SYSTEM":1.141785282,"HS695T_SKIN":2.206226085,"HS729_SOFT_TISSUE":2.17303096,"HS746T_STOMACH":1.091322384,"HS766T_PANCREAS":0.431374337,"HS852T_SKIN":1.913560296,"HS944T_SKIN":2.187517829,"HSB2_HAEMATOPOIETIC_AND_LYMPHOID_TISSUE":1.651761047,"HSC1_SKIN":-3.036934093,"HSC2_UPPER_AERODIGESTIVE_TRACT":2.197410794,"HSC3_UPPER_AERODIGESTIVE_TRACT":2.205648401,"HT1080_SOFT_TISSUE":2.007295042,"HT115_LARGE_INTESTINE":-0.197187317,"HT1197_URINARY_TRACT":-8.149669455,"HT1376_URINARY_TRACT":0.505014012,"HT144_SKIN":2.141098204,"HT29_LARGE_INTESTINE":1.718657996,"HT55_LARGE_INTESTINE":2.182930455,"HUH1_LIVER":-0.885915061,"HUH6_LIVER":1.25016524,"HUH7_LIVER":-0.366910719,"HUNS1_HAEMATOPOIETIC_AND_LYMPHOID_TISSUE":1.457384008,"HUPT3_PANCREAS":2.196545359,"IALM_LUNG":0.108127977,"IGR1_SKIN":2.041090525,"IGR39_SKIN":2.203399736,"IMR32_AUTONOMIC_GANGLIA":1.267464912,"INA6_HAEMATOPOIETIC_AND_LYMPHOID_TISSUE":1.594064417,"IPC298_SKIN":2.203938085,"ISTMES1_PLEURA":0.8023315,"ISTMES2_PLEURA":2.119930267,"J82_URINARY_TRACT":2.206241024,"JHH1_LIVER":-1.896733206,"JHH4_LIVER":2.169456058,"JHH5_LIVER":0.291839582,"JHH7_LIVER":1.753880561,"JHOC5_OVARY":2.068976374,"JHOM1_OVARY":1.356720879,"JHOS2_OVARY":1.525876665,"JHOS4_OVARY":0.287765377,"JHUEM1_ENDOMETRIUM":0.994616673,"JHUEM7_ENDOMETRIUM":2.09700765,"JIMT1_BREAST":-11.37743694,"JJN3_HAEMATOPOIETIC_AND_LYMPHOID_TISSUE":2.074389304,"JMSU1_URINARY_TRACT":2.101100874,"JMURTK2_SOFT_TISSUE":1.422066647,"JOPACA1_PANCREAS":2.202663939,"JR_SOFT_TISSUE":1.175786433,"K029AX_SKIN":2.060422645,"KALS1_CENTRAL_NERVOUS_SYSTEM":2.204752619,"KARPAS299_HAEMATOPOIETIC_AND_LYMPHOID_TISSUE":2.198884575,"KARPAS422_HAEMATOPOIETIC_AND_LYMPHOID_TISSUE":2.159501558,"KASUMI1_HAEMATOPOIETIC_AND_LYMPHOID_TISSUE":1.430900864,"KE39_STOMACH":2.197951949,"KE97_HAEMATOPOIETIC_AND_LYMPHOID_TISSUE":-3.082950291,"KELLY_AUTONOMIC_GANGLIA":0.954998941,"KIJK_HAEMATOPOIETIC_AND_LYMPHOID_TISSUE":2.148925493,"KLE_ENDOMETRIUM":0.888911057,"KM12_LARGE_INTESTINE":1.918863352,