{"scores":{"127399_SOFT_TISSUE":2.255591955,"143B_BONE":2.088743557,"2313287_STOMACH":2.335589943,"253J_URINARY_TRACT":2.204448861,"42MGBA_CENTRAL_NERVOUS_SYSTEM":1.561709807,"5637_URINARY_TRACT":2.364165674,"59M_OVARY":2.459517266,"639V_URINARY_TRACT":1.8479805,"647V_URINARY_TRACT":2.450871119,"697_HAEMATOPOIETIC_AND_LYMPHOID_TISSUE":2.429830526,"769P_KIDNEY":2.117518112,"786O_KIDNEY":-11.62418452,"8305C_THYROID":2.476564926,"8MGBA_CENTRAL_NERVOUS_SYSTEM":2.347956194,"A2058_SKIN":2.109380594,"A2780_OVARY":2.233177364,"A3KAW_HAEMATOPOIETIC_AND_LYMPHOID_TISSUE":0.082722734,"A427_LUNG":2.400942765,"A431_SKIN":2.351688369,"A549_LUNG":2.470302489,"A673_BONE":2.161794583,"ABC1_LUNG":2.359339395,"ACCMESO1_PLEURA":2.299817167,"AGS_STOMACH":1.988446349,"AML193_HAEMATOPOIETIC_AND_LYMPHOID_TISSUE":2.472504376,"AMO1_HAEMATOPOIETIC_AND_LYMPHOID_TISSUE":2.074473111,"ASPC1_PANCREAS":2.111954917,"AU565_BREAST":2.423384623,"BC3C_URINARY_TRACT":2.444147399,"BFTC905_URINARY_TRACT":1.643300571,"BFTC909_KIDNEY":-4.317545301,"BHY_UPPER_AERODIGESTIVE_TRACT":-2.739190789,"BICR16_UPPER_AERODIGESTIVE_TRACT":1.546780835,"BICR22_UPPER_AERODIGESTIVE_TRACT":2.460599275,"BICR31_UPPER_AERODIGESTIVE_TRACT":2.441896246,"BICR56_UPPER_AERODIGESTIVE_TRACT":2.20109497,"BICR6_UPPER_AERODIGESTIVE_TRACT":2.325283805,"BICR78_UPPER_AERODIGESTIVE_TRACT":2.272474369,"BIN67_OVARY":2.07367207,"BL70_HAEMATOPOIETIC_AND_LYMPHOID_TISSUE":2.454273283,"BLUE1_HAEMATOPOIETIC_AND_LYMPHOID_TISSUE":2.107186648,"BT12_SOFT_TISSUE":1.396127793,"BT16_SOFT_TISSUE":1.822909427,"BT549_BREAST":2.194530144,"C2BBE1_LARGE_INTESTINE":2.301555981,"C32_SKIN":1.825755305,"C8166_HAEMATOPOIETIC_AND_LYMPHOID_TISSUE":2.056725517,"CADOES1_BONE":2.436058701,"CAKI1_KIDNEY":-2.300569441,"CAKI2_KIDNEY":1.866804383,"CAL27_UPPER_AERODIGESTIVE_TRACT":2.351577654,"CAL29_URINARY_TRACT":1.549574059,"CAL33_UPPER_AERODIGESTIVE_TRACT":2.455973705,"CAL51_BREAST":2.470972109,"CAL78_BONE":1.806438541,"CALU1_LUNG":1.578740655,"CALU6_LUNG":2.46420929,"CAMA1_BREAST":1.577008105,"CAOV3_OVARY":1.935551476,"CAS1_CENTRAL_NERVOUS_SYSTEM":-1.014912917,"CASKI_CERVIX":2.467233322,"CCFSTTG1_CENTRAL_NERVOUS_SYSTEM":1.649270889,"CCK81_LARGE_INTESTINE":2.397889449,"CCLFPEDS0001T_KIDNEY":-2.983217799,"CCLFPEDS0003T_SOFT_TISSUE":1.294758256,"CFPAC1_PANCREAS":1.877164113,"CH157MN_CENTRAL_NERVOUS_SYSTEM":2.47686215,"CHAGOK1_LUNG":2.239580076,"CHLA06ATRT_SOFT_TISSUE":0.397383864,"CHLA15_AUTONOMIC_GANGLIA":2.475581215,"CHLA266_SOFT_TISSUE":2.402114198,"CHP212_AUTONOMIC_GANGLIA":-12.01224704,"CJM_SKIN":1.718336556,"CL40_LARGE_INTESTINE":2.458435146,"CME1_SOFT_TISSUE":-0.024260341,"CMLT1_HAEMATOPOIETIC_AND_LYMPHOID_TISSUE":-0.962946144,"COGAR359_SOFT_TISSUE":1.186813261,"COGE352_BONE":2.462597699,"COGN278_AUTONOMIC_GANGLIA":2.364813096,"COGN305_AUTONOMIC_GANGLIA":-1.770698619,"COLO201_LARGE_INTESTINE":-0.067258373,"COLO678_LARGE_INTESTINE":2.476277722,"COLO679_SKIN":1.855910185,"COLO792_SKIN":-0.166354743,"COLO800_SKIN":0.544121024,"CORL23_LUNG":-3.867501953,"CORL279_LUNG":2.313778008,"CORL47_LUNG":2.399848606,"COV318_OVARY":0.84151739,"COV362_OVARY":0.281812015,"COV434_OVARY":2.238986243,"COV504_OVARY":0.74788422,"COV644_OVARY":0.837216546,"CW9019_SOFT_TISSUE":2.370990544,"D283MED_CENTRAL_NERVOUS_SYSTEM":2.008749991,"D341MED_CENTRAL_NERVOUS_SYSTEM":2.143581387,"D425_CENTRAL_NERVOUS_SYSTEM":1.736705416,"D458_CENTRAL_NERVOUS_SYSTEM":1.003150653,"DANG_PANCREAS":-0.612609227,"DAOY_CENTRAL_NERVOUS_SYSTEM":2.260564313,"DB_HAEMATOPOIETIC_AND_LYMPHOID_TISSUE":1.926884772,"DEL_HAEMATOPOIETIC_AND_LYMPHOID_TISSUE":-16.05382237,"DETROIT562_UPPER_AERODIGESTIVE_TRACT":2.230198339,"DKMG_CENTRAL_NERVOUS_SYSTEM":1.25870984,"DLD1_LARGE_INTESTINE":-0.41451454,"DU4475_BREAST":2.44135037,"EFE184_ENDOMETRIUM":2.448205283,"EFM19_BREAST":2.347288118,"EFO21_OVARY":2.105836761,"EFO27_OVARY":1.459737932,"EJM_HAEMATOPOIETIC_AND_LYMPHOID_TISSUE":0.548942562,"EKVX_LUNG":2.333999654,"EM2_HAEMATOPOIETIC_AND_LYMPHOID_TISSUE":1.8845045,"EN_ENDOMETRIUM":2.468994611,"EOL1_HAEMATOPOIETIC_AND_LYMPHOID_TISSUE":0.984245786,"EPLC272H_LUNG":1.759120353,"ES2_OVARY":2.044145783,"ESO26_OESOPHAGUS":2.251533773,"ESS1_ENDOMETRIUM":2.420877685,"EW8_BONE":2.169618156,"EWS502_BONE":1.397432241,"F36P_HAEMATOPOIETIC_AND_LYMPHOID_TISSUE":2.059507279,"F5_CENTRAL_NERVOUS_SYSTEM":1.825872877,"FADU_UPPER_AERODIGESTIVE_TRACT":2.462195008,"FLO1_OESOPHAGUS":2.213081674,"FU97_STOMACH":2.322966687,"G292CLONEA141B1_BONE":0.863428273,"G402_SOFT_TISSUE":2.372007742,"GAMG_CENTRAL_NERVOUS_SYSTEM":-0.084266296,"GB1_CENTRAL_NERVOUS_SYSTEM":1.402499735,"GCIY_STOMACH":2.00768619,"GCT_SOFT_TISSUE":2.379582997,"GI1_CENTRAL_NERVOUS_SYSTEM":2.159137082,"GSS_STOMACH":2.309694639,"GSU_STOMACH":2.457008643,"H103_UPPER_AERODIGESTIVE_TRACT":1.99428838,"H4_CENTRAL_NERVOUS_SYSTEM":1.224452152,"HARA_LUNG":2.324262688,"HB1119_HAEMATOPOIETIC_AND_LYMPHOID_TISSUE":1.653650305,"HCC1143_BREAST":2.440641572,"HCC1359_LUNG":2.427249175,"HCC1395_BREAST":2.361908683,"HCC1419_BREAST":2.461705334,"HCC1428_BREAST":0.980923393,"HCC15_LUNG":-3.860817167,"HCC1806_BREAST":2.365729573,"HCC1937_BREAST":2.205426411,"HCC1954_BREAST":0.917064903,"HCC202_BREAST":2.450462211,"HCC2429_LUNG":2.072099367,"HCC2935_LUNG":2.473985887,"HCC366_LUNG":2.262418233,"HCC461_LUNG":2.472690096,"HCC515_LUNG":1.40632807,"HCC56_LARGE_INTESTINE":2.286186152,"HCC827_LUNG":2.127282649,"HCC95_LUNG":2.473544473,"HDMYZ_HAEMATOPOIETIC_AND_LYMPHOID_TISSUE":-15.03130066,"HEC151_ENDOMETRIUM":0.256321564,"HEC1A_ENDOMETRIUM":-3.242511872,"HEC1B_ENDOMETRIUM":-0.368176044,"HEC251_ENDOMETRIUM":-3.995391203,"HEC265_ENDOMETRIUM":2.439225632,"HEC50B_ENDOMETRIUM":2.112042532,"HEC59_ENDOMETRIUM":2.308273812,"HEC6_ENDOMETRIUM":2.35117613,"HEL_HAEMATOPOIETIC_AND_LYMPHOID_TISSUE":1.472706625,"HEL9217_HAEMATOPOIETIC_AND_LYMPHOID_TISSUE":0.377999589,"HEYA8_OVARY":2.152137895,"HGC27_STOMACH":1.895977743,"HLF_LIVER":2.454300637,"HMC18_BREAST":2.383627929,"HOP62_LUNG":2.468131852,"HS294T_SKIN":-0.173936895,"HS578T_BREAST":1.127155771,"HS683_CENTRAL_NERVOUS_SYSTEM":0.498904155,"HS695T_SKIN":2.280742226,"HS729_SOFT_TISSUE":0.264021522,"HS746T_STOMACH":1.872992905,"HS766T_PANCREAS":2.220940135,"HS852T_SKIN":1.874159825,"HS944T_SKIN":2.005118373,"HSB2_HAEMATOPOIETIC_AND_LYMPHOID_TISSUE":-0.193050526,"HSC1_SKIN":2.006561104,"HSC2_UPPER_AERODIGESTIVE_TRACT":1.372743953,"HSC3_UPPER_AERODIGESTIVE_TRACT":2.404072767,"HT1080_SOFT_TISSUE":1.987542736,"HT115_LARGE_INTESTINE":2.347139983,"HT1197_URINARY_TRACT":2.03193804,"HT1376_URINARY_TRACT":2.448816752,"HT144_SKIN":-2.528881702,"HT29_LARGE_INTESTINE":2.253470998,"HT55_LARGE_INTESTINE":2.086847521,"HUH1_LIVER":2.36849874,"HUH6_LIVER":2.422135739,"HUH7_LIVER":2.290459192,"HUNS1_HAEMATOPOIETIC_AND_LYMPHOID_TISSUE":0.007627279,"HUPT3_PANCREAS":-0.496628163,"IALM_LUNG":0.465522158,"IGR1_SKIN":2.002095347,"IGR39_SKIN":2.472959078,"IMR32_AUTONOMIC_GANGLIA":2.220764475,"INA6_HAEMATOPOIETIC_AND_LYMPHOID_TISSUE":2.275122859,"IPC298_SKIN":1.937842548,"ISTMES1_PLEURA":2.397877446,"ISTMES2_PLEURA":-4.57177753,"J82_URINARY_TRACT":2.316053182,"JHH1_LIVER":2.450682275,"JHH4_LIVER":2.226157982,"JHH5_LIVER":1.772465484,"JHH7_LIVER":2.31543941,"JHOC5_OVARY":2.290791797,"JHOM1_OVARY":-1.419625969,"JHOS2_OVARY":2.418400647,"JHOS4_OVARY":2.463593575,"JHUEM1_ENDOMETRIUM":2.364882731,"JHUEM7_ENDOMETRIUM":2.439172568,"JIMT1_BREAST":-0.601776629,"JJN3_HAEMATOPOIETIC_AND_LYMPHOID_TISSUE":2.471694259,"JMSU1_URINARY_TRACT":1.742161829,"JMURTK2_SOFT_TISSUE":2.188541181,"JOPACA1_PANCREAS":1.728750805,"JR_SOFT_TISSUE":2.007425485,"K029AX_SKIN":2.431463443,"KALS1_CENTRAL_NERVOUS_SYSTEM":2.037605477,"KARPAS299_HAEMATOPOIETIC_AND_LYMPHOID_TISSUE":2.460520928,"KARPAS422_HAEMATOPOIETIC_AND_LYMPHOID_TISSUE":0.133901676,"KASUMI1_HAEMATOPOIETIC_AND_LYMPHOID_TISSUE":2.331710032,"KE39_STOMACH":2.332233161,"KE97_HAEMATOPOIETIC_AND_LYMPHOID_TISSUE":-1.060109555,"KELLY_AUTONOMIC_GANGLIA":2.066305295,"KIJK_HAEMATOPOIETIC_AND_LYMPHOID_TISSUE":-1.36753449,"KLE_ENDOMETRIUM":2.211080749,"KM12_LARGE_INTESTINE":1.937735137,