{"scores":{"127399_SOFT_TISSUE":3.043101622,"143B_BONE":3.330983488,"2313287_STOMACH":3.425477257,"253J_URINARY_TRACT":3.475654047,"42MGBA_CENTRAL_NERVOUS_SYSTEM":3.086582699,"5637_URINARY_TRACT":3.263389079,"59M_OVARY":3.449793081,"639V_URINARY_TRACT":3.412871726,"647V_URINARY_TRACT":3.175643821,"697_HAEMATOPOIETIC_AND_LYMPHOID_TISSUE":2.984049859,"769P_KIDNEY":2.609091576,"786O_KIDNEY":2.601870903,"8305C_THYROID":2.993553157,"8MGBA_CENTRAL_NERVOUS_SYSTEM":3.126195262,"A2058_SKIN":3.35900281,"A2780_OVARY":3.461605427,"A3KAW_HAEMATOPOIETIC_AND_LYMPHOID_TISSUE":3.202220057,"A427_LUNG":2.843762929,"A431_SKIN":3.474696104,"A549_LUNG":3.382690061,"A673_BONE":3.458219962,"ABC1_LUNG":-0.729379933,"ACCMESO1_PLEURA":3.346281299,"AGS_STOMACH":1.650540767,"AML193_HAEMATOPOIETIC_AND_LYMPHOID_TISSUE":-0.446320025,"AMO1_HAEMATOPOIETIC_AND_LYMPHOID_TISSUE":-11.08071529,"ASPC1_PANCREAS":3.448973606,"AU565_BREAST":3.475654047,"BC3C_URINARY_TRACT":3.257991078,"BFTC905_URINARY_TRACT":3.068990338,"BFTC909_KIDNEY":3.105959513,"BHY_UPPER_AERODIGESTIVE_TRACT":3.297895077,"BICR16_UPPER_AERODIGESTIVE_TRACT":3.457252414,"BICR22_UPPER_AERODIGESTIVE_TRACT":3.422991567,"BICR31_UPPER_AERODIGESTIVE_TRACT":0.935905407,"BICR56_UPPER_AERODIGESTIVE_TRACT":2.288773393,"BICR6_UPPER_AERODIGESTIVE_TRACT":2.300803176,"BICR78_UPPER_AERODIGESTIVE_TRACT":1.063520257,"BIN67_OVARY":3.47525942,"BL70_HAEMATOPOIETIC_AND_LYMPHOID_TISSUE":3.368974649,"BLUE1_HAEMATOPOIETIC_AND_LYMPHOID_TISSUE":3.023543221,"BT12_SOFT_TISSUE":3.049494643,"BT16_SOFT_TISSUE":3.464785098,"BT549_BREAST":3.409096109,"C2BBE1_LARGE_INTESTINE":3.466818377,"C32_SKIN":2.175893363,"C8166_HAEMATOPOIETIC_AND_LYMPHOID_TISSUE":2.445987204,"CADOES1_BONE":3.319501601,"CAKI1_KIDNEY":3.471521927,"CAKI2_KIDNEY":3.282713412,"CAL27_UPPER_AERODIGESTIVE_TRACT":3.443932078,"CAL29_URINARY_TRACT":3.475654047,"CAL33_UPPER_AERODIGESTIVE_TRACT":3.338796459,"CAL51_BREAST":3.267670862,"CAL78_BONE":2.014642092,"CALU1_LUNG":2.973503553,"CALU6_LUNG":2.674789077,"CAMA1_BREAST":0.998628995,"CAOV3_OVARY":3.172295499,"CAS1_CENTRAL_NERVOUS_SYSTEM":3.40992777,"CASKI_CERVIX":3.475405817,"CCFSTTG1_CENTRAL_NERVOUS_SYSTEM":2.89902138,"CCK81_LARGE_INTESTINE":3.424764232,"CCLFPEDS0001T_KIDNEY":3.123915954,"CCLFPEDS0003T_SOFT_TISSUE":0.561523412,"CFPAC1_PANCREAS":3.461981371,"CH157MN_CENTRAL_NERVOUS_SYSTEM":3.463392917,"CHAGOK1_LUNG":2.690673428,"CHLA06ATRT_SOFT_TISSUE":3.449428098,"CHLA15_AUTONOMIC_GANGLIA":2.915569595,"CHLA266_SOFT_TISSUE":3.460220031,"CHP212_AUTONOMIC_GANGLIA":1.987704477,"CJM_SKIN":3.322442114,"CL40_LARGE_INTESTINE":2.883154729,"CME1_SOFT_TISSUE":3.458863342,"CMLT1_HAEMATOPOIETIC_AND_LYMPHOID_TISSUE":1.922160749,"COGAR359_SOFT_TISSUE":1.33674599,"COGE352_BONE":0.567983012,"COGN278_AUTONOMIC_GANGLIA":3.003636914,"COGN305_AUTONOMIC_GANGLIA":2.383726571,"COLO201_LARGE_INTESTINE":-0.067252543,"COLO678_LARGE_INTESTINE":3.395084589,"COLO679_SKIN":3.121085519,"COLO792_SKIN":3.467616589,"COLO800_SKIN":3.368600978,"CORL23_LUNG":0.721706209,"CORL279_LUNG":2.526047822,"CORL47_LUNG":2.720595116,"COV318_OVARY":2.97612315,"COV362_OVARY":-1.003897574,"COV434_OVARY":2.984651949,"COV504_OVARY":3.230770581,"COV644_OVARY":2.311113345,"CW9019_SOFT_TISSUE":3.475646477,"D283MED_CENTRAL_NERVOUS_SYSTEM":1.923288542,"D341MED_CENTRAL_NERVOUS_SYSTEM":3.105532581,"D425_CENTRAL_NERVOUS_SYSTEM":3.269255689,"D458_CENTRAL_NERVOUS_SYSTEM":2.178196221,"DANG_PANCREAS":3.368871619,"DAOY_CENTRAL_NERVOUS_SYSTEM":3.469526748,"DB_HAEMATOPOIETIC_AND_LYMPHOID_TISSUE":2.546532545,"DEL_HAEMATOPOIETIC_AND_LYMPHOID_TISSUE":3.360709042,"DETROIT562_UPPER_AERODIGESTIVE_TRACT":3.070162987,"DKMG_CENTRAL_NERVOUS_SYSTEM":0.569160332,"DLD1_LARGE_INTESTINE":-20,"DU4475_BREAST":0.220507272,"EFE184_ENDOMETRIUM":3.262101666,"EFM19_BREAST":3.428133525,"EFO21_OVARY":2.915356044,"EFO27_OVARY":3.367017005,"EJM_HAEMATOPOIETIC_AND_LYMPHOID_TISSUE":-6.968593553,"EKVX_LUNG":3.451549861,"EM2_HAEMATOPOIETIC_AND_LYMPHOID_TISSUE":-20,"EN_ENDOMETRIUM":3.444952881,"EOL1_HAEMATOPOIETIC_AND_LYMPHOID_TISSUE":3.451079632,"EPLC272H_LUNG":2.461896253,"ES2_OVARY":3.415006431,"ESO26_OESOPHAGUS":3.468714753,"ESS1_ENDOMETRIUM":3.366170382,"EW8_BONE":0.689613193,"EWS502_BONE":2.50891024,"F36P_HAEMATOPOIETIC_AND_LYMPHOID_TISSUE":-8.301742612,"F5_CENTRAL_NERVOUS_SYSTEM":3.475622239,"FADU_UPPER_AERODIGESTIVE_TRACT":3.263321875,"FLO1_OESOPHAGUS":3.372271825,"FU97_STOMACH":3.053203014,"G292CLONEA141B1_BONE":2.881753843,"G402_SOFT_TISSUE":3.458299389,"GAMG_CENTRAL_NERVOUS_SYSTEM":2.434486804,"GB1_CENTRAL_NERVOUS_SYSTEM":3.118358193,"GCIY_STOMACH":2.966305903,"GCT_SOFT_TISSUE":3.093653769,"GI1_CENTRAL_NERVOUS_SYSTEM":3.296560927,"GSS_STOMACH":3.030779493,"GSU_STOMACH":3.380308981,"H103_UPPER_AERODIGESTIVE_TRACT":2.880708876,"H4_CENTRAL_NERVOUS_SYSTEM":3.474044691,"HARA_LUNG":3.435400175,"HB1119_HAEMATOPOIETIC_AND_LYMPHOID_TISSUE":2.17453715,"HCC1143_BREAST":3.474970271,"HCC1359_LUNG":3.475521504,"HCC1395_BREAST":3.475127574,"HCC1419_BREAST":3.157396629,"HCC1428_BREAST":-0.887286612,"HCC15_LUNG":3.446172668,"HCC1806_BREAST":3.408918488,"HCC1937_BREAST":3.427565926,"HCC1954_BREAST":3.310369366,"HCC202_BREAST":1.464361282,"HCC2429_LUNG":3.425957471,"HCC2935_LUNG":3.306898294,"HCC366_LUNG":2.779372002,"HCC461_LUNG":2.820586591,"HCC515_LUNG":3.127985965,"HCC56_LARGE_INTESTINE":3.413507466,"HCC827_LUNG":2.414110907,"HCC95_LUNG":1.360679044,"HDMYZ_HAEMATOPOIETIC_AND_LYMPHOID_TISSUE":3.393812261,"HEC151_ENDOMETRIUM":2.712090919,"HEC1A_ENDOMETRIUM":2.923295176,"HEC1B_ENDOMETRIUM":3.457760241,"HEC251_ENDOMETRIUM":-17.04602561,"HEC265_ENDOMETRIUM":3.34819404,"HEC50B_ENDOMETRIUM":3.272720064,"HEC59_ENDOMETRIUM":2.646185369,"HEC6_ENDOMETRIUM":2.596024919,"HEL_HAEMATOPOIETIC_AND_LYMPHOID_TISSUE":2.267205649,"HEL9217_HAEMATOPOIETIC_AND_LYMPHOID_TISSUE":-2.77853412,"HEYA8_OVARY":3.307211369,"HGC27_STOMACH":3.441569174,"HLF_LIVER":3.215134616,"HMC18_BREAST":3.473899322,"HOP62_LUNG":3.174933886,"HS294T_SKIN":3.297579051,"HS578T_BREAST":3.354313037,"HS683_CENTRAL_NERVOUS_SYSTEM":3.279225175,"HS695T_SKIN":3.195047448,"HS729_SOFT_TISSUE":3.290323,"HS746T_STOMACH":3.429790035,"HS766T_PANCREAS":3.465224678,"HS852T_SKIN":3.453172506,"HS944T_SKIN":1.71655479,"HSB2_HAEMATOPOIETIC_AND_LYMPHOID_TISSUE":3.203900665,"HSC1_SKIN":3.427740821,"HSC2_UPPER_AERODIGESTIVE_TRACT":2.060385177,"HSC3_UPPER_AERODIGESTIVE_TRACT":3.447532662,"HT1080_SOFT_TISSUE":3.475295356,"HT115_LARGE_INTESTINE":3.437344748,"HT1197_URINARY_TRACT":0.770818153,"HT1376_URINARY_TRACT":2.856212177,"HT144_SKIN":2.276726089,"HT29_LARGE_INTESTINE":2.286247787,"HT55_LARGE_INTESTINE":3.346353332,"HUH1_LIVER":3.471740271,"HUH6_LIVER":1.337071369,"HUH7_LIVER":3.27270207,"HUNS1_HAEMATOPOIETIC_AND_LYMPHOID_TISSUE":2.232707656,"HUPT3_PANCREAS":1.28002351,"IALM_LUNG":3.298543361,"IGR1_SKIN":3.444258781,"IGR39_SKIN":3.392350428,"IMR32_AUTONOMIC_GANGLIA":3.45895519,"INA6_HAEMATOPOIETIC_AND_LYMPHOID_TISSUE":1.751167128,"IPC298_SKIN":3.473057769,"ISTMES1_PLEURA":0.525742966,"ISTMES2_PLEURA":2.508654733,"J82_URINARY_TRACT":2.714547687,"JHH1_LIVER":-6.788209218,"JHH4_LIVER":3.467046897,"JHH5_LIVER":3.457251474,"JHH7_LIVER":3.473971354,"JHOC5_OVARY":3.406120555,"JHOM1_OVARY":3.366872402,"JHOS2_OVARY":3.365985085,"JHOS4_OVARY":3.473610162,"JHUEM1_ENDOMETRIUM":3.454782871,"JHUEM7_ENDOMETRIUM":3.459005795,"JIMT1_BREAST":2.927153491,"JJN3_HAEMATOPOIETIC_AND_LYMPHOID_TISSUE":3.346643726,"JMSU1_URINARY_TRACT":3.470244314,"JMURTK2_SOFT_TISSUE":3.37474097,"JOPACA1_PANCREAS":3.137611148,"JR_SOFT_TISSUE":2.572132792,"K029AX_SKIN":-6.076222112,"KALS1_CENTRAL_NERVOUS_SYSTEM":3.474380908,"KARPAS299_HAEMATOPOIETIC_AND_LYMPHOID_TISSUE":3.375888106,"KARPAS422_HAEMATOPOIETIC_AND_LYMPHOID_TISSUE":3.210132409,"KASUMI1_HAEMATOPOIETIC_AND_LYMPHOID_TISSUE":1.006038541,"KE39_STOMACH":3.109278251,"KE97_HAEMATOPOIETIC_AND_LYMPHOID_TISSUE":3.470250303,"KELLY_AUTONOMIC_GANGLIA":3.403725377,"KIJK_HAEMATOPOIETIC_AND_LYMPHOID_TISSUE":2.26730669,"KLE_ENDOMETRIUM":3.474632725,"KM12_LARGE_INTESTINE":1.779669227,