{"scores":{"127399_SOFT_TISSUE":-0.073509397,"143B_BONE":1.550585702,"2313287_STOMACH":1.554757251,"253J_URINARY_TRACT":-8.147302379,"42MGBA_CENTRAL_NERVOUS_SYSTEM":1.258937053,"5637_URINARY_TRACT":1.552509586,"59M_OVARY":0.957012769,"639V_URINARY_TRACT":0.993364354,"647V_URINARY_TRACT":1.382585537,"697_HAEMATOPOIETIC_AND_LYMPHOID_TISSUE":1.548469579,"769P_KIDNEY":0.656437686,"786O_KIDNEY":1.477987663,"8305C_THYROID":1.669647034,"8MGBA_CENTRAL_NERVOUS_SYSTEM":-1.196851952,"A2058_SKIN":1.886801772,"A2780_OVARY":0.105293811,"A3KAW_HAEMATOPOIETIC_AND_LYMPHOID_TISSUE":1.738002516,"A427_LUNG":0.088070408,"A431_SKIN":-1.830437998,"A549_LUNG":1.83483743,"A673_BONE":-1.868840055,"ABC1_LUNG":0.846309244,"ACCMESO1_PLEURA":0.772406465,"AGS_STOMACH":1.489911527,"AML193_HAEMATOPOIETIC_AND_LYMPHOID_TISSUE":1.915799894,"AMO1_HAEMATOPOIETIC_AND_LYMPHOID_TISSUE":1.65686641,"ASPC1_PANCREAS":0.94771548,"AU565_BREAST":1.475535851,"BC3C_URINARY_TRACT":1.743510465,"BFTC905_URINARY_TRACT":-3.099935643,"BFTC909_KIDNEY":1.442256767,"BHY_UPPER_AERODIGESTIVE_TRACT":1.64751385,"BICR16_UPPER_AERODIGESTIVE_TRACT":1.82718385,"BICR22_UPPER_AERODIGESTIVE_TRACT":1.612708893,"BICR31_UPPER_AERODIGESTIVE_TRACT":1.089493428,"BICR56_UPPER_AERODIGESTIVE_TRACT":-4.935111422,"BICR6_UPPER_AERODIGESTIVE_TRACT":1.003604951,"BICR78_UPPER_AERODIGESTIVE_TRACT":1.884041607,"BIN67_OVARY":-2.519196453,"BL70_HAEMATOPOIETIC_AND_LYMPHOID_TISSUE":-1.803000515,"BLUE1_HAEMATOPOIETIC_AND_LYMPHOID_TISSUE":1.599436439,"BT12_SOFT_TISSUE":1.299181497,"BT16_SOFT_TISSUE":-1.053819678,"BT549_BREAST":0.761697866,"C2BBE1_LARGE_INTESTINE":-0.419308449,"C32_SKIN":-1.322592276,"C8166_HAEMATOPOIETIC_AND_LYMPHOID_TISSUE":1.814347291,"CADOES1_BONE":1.771593485,"CAKI1_KIDNEY":1.261641193,"CAKI2_KIDNEY":-1.549010344,"CAL27_UPPER_AERODIGESTIVE_TRACT":1.430358278,"CAL29_URINARY_TRACT":-0.369607864,"CAL33_UPPER_AERODIGESTIVE_TRACT":-1.693750331,"CAL51_BREAST":0.324386771,"CAL78_BONE":-4.687639366,"CALU1_LUNG":1.897384988,"CALU6_LUNG":-0.658451688,"CAMA1_BREAST":0.500615391,"CAOV3_OVARY":1.91669127,"CAS1_CENTRAL_NERVOUS_SYSTEM":0.680639491,"CASKI_CERVIX":0.699938807,"CCFSTTG1_CENTRAL_NERVOUS_SYSTEM":1.35801517,"CCK81_LARGE_INTESTINE":0.659826664,"CCLFPEDS0001T_KIDNEY":0.729940169,"CCLFPEDS0003T_SOFT_TISSUE":0.176105334,"CFPAC1_PANCREAS":1.43332792,"CH157MN_CENTRAL_NERVOUS_SYSTEM":1.515249141,"CHAGOK1_LUNG":1.590388143,"CHLA06ATRT_SOFT_TISSUE":1.023314759,"CHLA15_AUTONOMIC_GANGLIA":1.823530854,"CHLA266_SOFT_TISSUE":-3.791036551,"CHP212_AUTONOMIC_GANGLIA":1.135664356,"CJM_SKIN":1.328928955,"CL40_LARGE_INTESTINE":0.36211821,"CME1_SOFT_TISSUE":0.193280072,"CMLT1_HAEMATOPOIETIC_AND_LYMPHOID_TISSUE":-1.104061442,"COGAR359_SOFT_TISSUE":-0.571140035,"COGE352_BONE":1.22707927,"COGN278_AUTONOMIC_GANGLIA":1.130543874,"COGN305_AUTONOMIC_GANGLIA":1.860469002,"COLO201_LARGE_INTESTINE":1.731406895,"COLO678_LARGE_INTESTINE":1.159150767,"COLO679_SKIN":1.643700973,"COLO792_SKIN":1.846096978,"COLO800_SKIN":0.947529586,"CORL23_LUNG":-0.920192548,"CORL279_LUNG":-0.275606276,"CORL47_LUNG":1.889378505,"COV318_OVARY":1.839084892,"COV362_OVARY":1.178332206,"COV434_OVARY":1.473733532,"COV504_OVARY":1.902084793,"COV644_OVARY":1.547051115,"CW9019_SOFT_TISSUE":1.379761357,"D283MED_CENTRAL_NERVOUS_SYSTEM":1.91383601,"D341MED_CENTRAL_NERVOUS_SYSTEM":1.411635122,"D425_CENTRAL_NERVOUS_SYSTEM":-0.288436674,"D458_CENTRAL_NERVOUS_SYSTEM":-0.729039541,"DANG_PANCREAS":1.916814504,"DAOY_CENTRAL_NERVOUS_SYSTEM":1.504412353,"DB_HAEMATOPOIETIC_AND_LYMPHOID_TISSUE":0.702819164,"DEL_HAEMATOPOIETIC_AND_LYMPHOID_TISSUE":1.520067683,"DETROIT562_UPPER_AERODIGESTIVE_TRACT":0.97932878,"DKMG_CENTRAL_NERVOUS_SYSTEM":-10.90449704,"DLD1_LARGE_INTESTINE":1.808084035,"DU4475_BREAST":1.748091797,"EFE184_ENDOMETRIUM":-1.830788134,"EFM19_BREAST":0.337942823,"EFO21_OVARY":1.903723903,"EFO27_OVARY":1.913400693,"EJM_HAEMATOPOIETIC_AND_LYMPHOID_TISSUE":1.733905624,"EKVX_LUNG":0.246330255,"EM2_HAEMATOPOIETIC_AND_LYMPHOID_TISSUE":1.865906829,"EN_ENDOMETRIUM":1.559870317,"EOL1_HAEMATOPOIETIC_AND_LYMPHOID_TISSUE":1.778141365,"EPLC272H_LUNG":-1.838805705,"ES2_OVARY":1.283602744,"ESO26_OESOPHAGUS":1.784433666,"ESS1_ENDOMETRIUM":1.858817084,"EW8_BONE":-5.136719896,"EWS502_BONE":0.772864669,"F36P_HAEMATOPOIETIC_AND_LYMPHOID_TISSUE":0.290106014,"F5_CENTRAL_NERVOUS_SYSTEM":1.042856993,"FADU_UPPER_AERODIGESTIVE_TRACT":1.50536035,"FLO1_OESOPHAGUS":1.802125081,"FU97_STOMACH":0.951440673,"G292CLONEA141B1_BONE":-3.460792428,"G402_SOFT_TISSUE":-0.707217356,"GAMG_CENTRAL_NERVOUS_SYSTEM":-0.692132481,"GB1_CENTRAL_NERVOUS_SYSTEM":1.739586117,"GCIY_STOMACH":1.712775597,"GCT_SOFT_TISSUE":1.366126542,"GI1_CENTRAL_NERVOUS_SYSTEM":1.747011972,"GSS_STOMACH":1.916331969,"GSU_STOMACH":1.836893509,"H103_UPPER_AERODIGESTIVE_TRACT":1.302562103,"H4_CENTRAL_NERVOUS_SYSTEM":1.172447287,"HARA_LUNG":1.367764543,"HB1119_HAEMATOPOIETIC_AND_LYMPHOID_TISSUE":1.833317137,"HCC1143_BREAST":0.03773987,"HCC1359_LUNG":0.631113147,"HCC1395_BREAST":-4.993805699,"HCC1419_BREAST":1.887388521,"HCC1428_BREAST":1.906201628,"HCC15_LUNG":1.048870666,"HCC1806_BREAST":-1.22016959,"HCC1937_BREAST":1.362855428,"HCC1954_BREAST":-1.900943936,"HCC202_BREAST":1.452297248,"HCC2429_LUNG":0.677002302,"HCC2935_LUNG":-0.125472076,"HCC366_LUNG":-13.69713146,"HCC461_LUNG":1.905698509,"HCC515_LUNG":0.127863131,"HCC56_LARGE_INTESTINE":1.912607885,"HCC827_LUNG":0.528868086,"HCC95_LUNG":1.908879231,"HDMYZ_HAEMATOPOIETIC_AND_LYMPHOID_TISSUE":1.869298388,"HEC151_ENDOMETRIUM":1.598687348,"HEC1A_ENDOMETRIUM":1.888814733,"HEC1B_ENDOMETRIUM":-2.266676908,"HEC251_ENDOMETRIUM":1.100648197,"HEC265_ENDOMETRIUM":1.890409598,"HEC50B_ENDOMETRIUM":1.804534535,"HEC59_ENDOMETRIUM":1.421080756,"HEC6_ENDOMETRIUM":1.83821015,"HEL_HAEMATOPOIETIC_AND_LYMPHOID_TISSUE":1.571406766,"HEL9217_HAEMATOPOIETIC_AND_LYMPHOID_TISSUE":0.731086882,"HEYA8_OVARY":1.447597389,"HGC27_STOMACH":1.903034748,"HLF_LIVER":-1.563212011,"HMC18_BREAST":-3.460025945,"HOP62_LUNG":1.394930437,"HS294T_SKIN":1.465211549,"HS578T_BREAST":0.547795606,"HS683_CENTRAL_NERVOUS_SYSTEM":-10.69766286,"HS695T_SKIN":1.549429711,"HS729_SOFT_TISSUE":0.865951939,"HS746T_STOMACH":1.126504491,"HS766T_PANCREAS":1.888886307,"HS852T_SKIN":0.652215519,"HS944T_SKIN":0.923327356,"HSB2_HAEMATOPOIETIC_AND_LYMPHOID_TISSUE":0.293467896,"HSC1_SKIN":1.322318399,"HSC2_UPPER_AERODIGESTIVE_TRACT":1.780523608,"HSC3_UPPER_AERODIGESTIVE_TRACT":0.467507039,"HT1080_SOFT_TISSUE":-0.224931788,"HT115_LARGE_INTESTINE":1.839689315,"HT1197_URINARY_TRACT":-0.159220582,"HT1376_URINARY_TRACT":1.893472087,"HT144_SKIN":-3.637212771,"HT29_LARGE_INTESTINE":-3.278289874,"HT55_LARGE_INTESTINE":1.872171568,"HUH1_LIVER":-0.90585389,"HUH6_LIVER":1.427906494,"HUH7_LIVER":0.994075867,"HUNS1_HAEMATOPOIETIC_AND_LYMPHOID_TISSUE":1.910340369,"HUPT3_PANCREAS":1.084136167,"IALM_LUNG":1.770744384,"IGR1_SKIN":-6.437011079,"IGR39_SKIN":1.067193328,"IMR32_AUTONOMIC_GANGLIA":1.724025642,"INA6_HAEMATOPOIETIC_AND_LYMPHOID_TISSUE":1.416694464,"IPC298_SKIN":1.897068378,"ISTMES1_PLEURA":-4.363962324,"ISTMES2_PLEURA":1.900376639,"J82_URINARY_TRACT":1.443551978,"JHH1_LIVER":1.912969302,"JHH4_LIVER":-2.929471459,"JHH5_LIVER":1.648906896,"JHH7_LIVER":0.527549585,"JHOC5_OVARY":1.076924373,"JHOM1_OVARY":-1.431044478,"JHOS2_OVARY":1.720749179,"JHOS4_OVARY":1.080606005,"JHUEM1_ENDOMETRIUM":1.895051866,"JHUEM7_ENDOMETRIUM":1.084722336,"JIMT1_BREAST":-2.873379006,"JJN3_HAEMATOPOIETIC_AND_LYMPHOID_TISSUE":1.830893472,"JMSU1_URINARY_TRACT":1.677252673,"JMURTK2_SOFT_TISSUE":0.195619041,"JOPACA1_PANCREAS":1.65598653,"JR_SOFT_TISSUE":1.704910413,"K029AX_SKIN":1.888660762,"KALS1_CENTRAL_NERVOUS_SYSTEM":1.90378929,"KARPAS299_HAEMATOPOIETIC_AND_LYMPHOID_TISSUE":1.764220032,"KARPAS422_HAEMATOPOIETIC_AND_LYMPHOID_TISSUE":1.905655154,"KASUMI1_HAEMATOPOIETIC_AND_LYMPHOID_TISSUE":1.777777445,"KE39_STOMACH":1.62530152,"KE97_HAEMATOPOIETIC_AND_LYMPHOID_TISSUE":-5.023355262,"KELLY_AUTONOMIC_GANGLIA":1.484257949,"KIJK_HAEMATOPOIETIC_AND_LYMPHOID_TISSUE":1.495796862,"KLE_ENDOMETRIUM":0.871927791,