{"scores":{"127399_SOFT_TISSUE":-1.525228963,"143B_BONE":2.056570908,"2313287_STOMACH":-1.199423486,"253J_URINARY_TRACT":1.24003175,"42MGBA_CENTRAL_NERVOUS_SYSTEM":1.915430975,"5637_URINARY_TRACT":0.186779902,"59M_OVARY":0.990564798,"639V_URINARY_TRACT":2.205975135,"647V_URINARY_TRACT":1.329040461,"697_HAEMATOPOIETIC_AND_LYMPHOID_TISSUE":2.196234687,"769P_KIDNEY":1.982574144,"786O_KIDNEY":2.207966195,"8305C_THYROID":1.918104598,"8MGBA_CENTRAL_NERVOUS_SYSTEM":2.246669291,"A2058_SKIN":1.849215809,"A2780_OVARY":1.541040203,"A3KAW_HAEMATOPOIETIC_AND_LYMPHOID_TISSUE":-1.15056285,"A427_LUNG":2.137032677,"A431_SKIN":2.268805784,"A549_LUNG":-1.851325987,"A673_BONE":2.275775825,"ABC1_LUNG":0.84829626,"ACCMESO1_PLEURA":1.364969913,"AGS_STOMACH":2.292705727,"AML193_HAEMATOPOIETIC_AND_LYMPHOID_TISSUE":0.601564242,"AMO1_HAEMATOPOIETIC_AND_LYMPHOID_TISSUE":1.867339444,"ASPC1_PANCREAS":2.322063046,"AU565_BREAST":2.319880916,"BC3C_URINARY_TRACT":1.574838448,"BFTC905_URINARY_TRACT":2.049640654,"BFTC909_KIDNEY":2.011501622,"BHY_UPPER_AERODIGESTIVE_TRACT":2.008976831,"BICR16_UPPER_AERODIGESTIVE_TRACT":0.710860935,"BICR22_UPPER_AERODIGESTIVE_TRACT":1.64780114,"BICR31_UPPER_AERODIGESTIVE_TRACT":1.587578128,"BICR56_UPPER_AERODIGESTIVE_TRACT":2.249128211,"BICR6_UPPER_AERODIGESTIVE_TRACT":-3.363110343,"BICR78_UPPER_AERODIGESTIVE_TRACT":0.362485356,"BIN67_OVARY":-6.342941681,"BL70_HAEMATOPOIETIC_AND_LYMPHOID_TISSUE":2.166987032,"BLUE1_HAEMATOPOIETIC_AND_LYMPHOID_TISSUE":1.885816009,"BT12_SOFT_TISSUE":-2.355466886,"BT16_SOFT_TISSUE":1.923482693,"BT549_BREAST":2.319186087,"C2BBE1_LARGE_INTESTINE":1.473734064,"C32_SKIN":2.313064275,"C8166_HAEMATOPOIETIC_AND_LYMPHOID_TISSUE":-4.034429462,"CADOES1_BONE":-3.161667112,"CAKI1_KIDNEY":1.725562913,"CAKI2_KIDNEY":2.320737178,"CAL27_UPPER_AERODIGESTIVE_TRACT":0.292094788,"CAL29_URINARY_TRACT":2.320733666,"CAL33_UPPER_AERODIGESTIVE_TRACT":2.307208198,"CAL51_BREAST":2.241144294,"CAL78_BONE":0.632145439,"CALU1_LUNG":2.153797524,"CALU6_LUNG":1.400989367,"CAMA1_BREAST":2.118432065,"CAOV3_OVARY":1.271461967,"CAS1_CENTRAL_NERVOUS_SYSTEM":1.519826626,"CASKI_CERVIX":0.585367626,"CCFSTTG1_CENTRAL_NERVOUS_SYSTEM":0.738121409,"CCK81_LARGE_INTESTINE":-11.14189303,"CCLFPEDS0001T_KIDNEY":1.466687727,"CCLFPEDS0003T_SOFT_TISSUE":-5.615573102,"CFPAC1_PANCREAS":2.009442258,"CH157MN_CENTRAL_NERVOUS_SYSTEM":2.290586576,"CHAGOK1_LUNG":0.94794296,"CHLA06ATRT_SOFT_TISSUE":-0.814828535,"CHLA15_AUTONOMIC_GANGLIA":1.981721338,"CHLA266_SOFT_TISSUE":-0.836092847,"CHP212_AUTONOMIC_GANGLIA":-0.26789814,"CJM_SKIN":1.460107595,"CL40_LARGE_INTESTINE":2.095491918,"CME1_SOFT_TISSUE":2.259518768,"CMLT1_HAEMATOPOIETIC_AND_LYMPHOID_TISSUE":0.613445709,"COGAR359_SOFT_TISSUE":1.732966353,"COGE352_BONE":0.499807474,"COGN278_AUTONOMIC_GANGLIA":2.320103417,"COGN305_AUTONOMIC_GANGLIA":-2.235046143,"COLO201_LARGE_INTESTINE":2.153342023,"COLO678_LARGE_INTESTINE":0.496286197,"COLO679_SKIN":-0.412507211,"COLO792_SKIN":-2.158349667,"COLO800_SKIN":0.455220655,"CORL23_LUNG":-2.034611893,"CORL279_LUNG":-6.225444461,"CORL47_LUNG":0.317464544,"COV318_OVARY":0.780750816,"COV362_OVARY":-1.028396308,"COV434_OVARY":1.292130913,"COV504_OVARY":0.669735072,"COV644_OVARY":-0.75386625,"CW9019_SOFT_TISSUE":1.725137805,"D283MED_CENTRAL_NERVOUS_SYSTEM":-1.99859684,"D341MED_CENTRAL_NERVOUS_SYSTEM":1.13835514,"D425_CENTRAL_NERVOUS_SYSTEM":1.487029783,"D458_CENTRAL_NERVOUS_SYSTEM":-2.922589103,"DANG_PANCREAS":2.214569025,"DAOY_CENTRAL_NERVOUS_SYSTEM":0.966419582,"DB_HAEMATOPOIETIC_AND_LYMPHOID_TISSUE":0.04358034,"DEL_HAEMATOPOIETIC_AND_LYMPHOID_TISSUE":0.152650792,"DETROIT562_UPPER_AERODIGESTIVE_TRACT":1.712510807,"DKMG_CENTRAL_NERVOUS_SYSTEM":2.321517518,"DLD1_LARGE_INTESTINE":2.227468771,"DU4475_BREAST":2.272519814,"EFE184_ENDOMETRIUM":2.297328374,"EFM19_BREAST":-2.650588787,"EFO21_OVARY":1.445141401,"EFO27_OVARY":2.289313736,"EJM_HAEMATOPOIETIC_AND_LYMPHOID_TISSUE":0.820335915,"EKVX_LUNG":0.728663853,"EM2_HAEMATOPOIETIC_AND_LYMPHOID_TISSUE":2.305259024,"EN_ENDOMETRIUM":1.529792616,"EOL1_HAEMATOPOIETIC_AND_LYMPHOID_TISSUE":0.227205751,"EPLC272H_LUNG":2.129806153,"ES2_OVARY":-0.51814222,"ESO26_OESOPHAGUS":-3.954418509,"ESS1_ENDOMETRIUM":1.58850948,"EW8_BONE":2.231493627,"EWS502_BONE":-1.048115679,"F36P_HAEMATOPOIETIC_AND_LYMPHOID_TISSUE":-8.272112007,"F5_CENTRAL_NERVOUS_SYSTEM":0.403785274,"FADU_UPPER_AERODIGESTIVE_TRACT":0.01339426,"FLO1_OESOPHAGUS":1.8482565,"FU97_STOMACH":-11.72258757,"G292CLONEA141B1_BONE":2.156761341,"G402_SOFT_TISSUE":2.321127398,"GAMG_CENTRAL_NERVOUS_SYSTEM":2.292035432,"GB1_CENTRAL_NERVOUS_SYSTEM":1.08814511,"GCIY_STOMACH":2.164864753,"GCT_SOFT_TISSUE":1.583739772,"GI1_CENTRAL_NERVOUS_SYSTEM":0.766064927,"GSS_STOMACH":0.585173322,"GSU_STOMACH":1.581103995,"H103_UPPER_AERODIGESTIVE_TRACT":1.714615059,"H4_CENTRAL_NERVOUS_SYSTEM":2.184526022,"HARA_LUNG":1.854115979,"HB1119_HAEMATOPOIETIC_AND_LYMPHOID_TISSUE":1.651261891,"HCC1143_BREAST":2.05652498,"HCC1359_LUNG":1.840017189,"HCC1395_BREAST":0.490019354,"HCC1419_BREAST":2.278943041,"HCC1428_BREAST":-2.545662614,"HCC15_LUNG":-0.403238702,"HCC1806_BREAST":2.323218627,"HCC1937_BREAST":-1.674379455,"HCC1954_BREAST":-0.728837555,"HCC202_BREAST":1.200080123,"HCC2429_LUNG":1.747309172,"HCC2935_LUNG":1.632040364,"HCC366_LUNG":0.392590598,"HCC461_LUNG":0.873924687,"HCC515_LUNG":0.075402649,"HCC56_LARGE_INTESTINE":1.620702049,"HCC827_LUNG":1.812589427,"HCC95_LUNG":-4.494649761,"HDMYZ_HAEMATOPOIETIC_AND_LYMPHOID_TISSUE":0.150485282,"HEC151_ENDOMETRIUM":1.981156032,"HEC1A_ENDOMETRIUM":-0.174096167,"HEC1B_ENDOMETRIUM":1.844081697,"HEC251_ENDOMETRIUM":1.791151398,"HEC265_ENDOMETRIUM":1.467772877,"HEC50B_ENDOMETRIUM":2.203140687,"HEC59_ENDOMETRIUM":-18.68835615,"HEC6_ENDOMETRIUM":-0.191982397,"HEL_HAEMATOPOIETIC_AND_LYMPHOID_TISSUE":2.314748484,"HEL9217_HAEMATOPOIETIC_AND_LYMPHOID_TISSUE":0.123155344,"HEYA8_OVARY":1.731219498,"HGC27_STOMACH":-3.404051973,"HLF_LIVER":2.215896202,"HMC18_BREAST":0.826727637,"HOP62_LUNG":-2.466253975,"HS294T_SKIN":2.276246957,"HS578T_BREAST":0.277055909,"HS683_CENTRAL_NERVOUS_SYSTEM":0.729880418,"HS695T_SKIN":1.985518908,"HS729_SOFT_TISSUE":0.231078269,"HS746T_STOMACH":1.499109018,"HS766T_PANCREAS":1.080340784,"HS852T_SKIN":0.0712177,"HS944T_SKIN":0.655719614,"HSB2_HAEMATOPOIETIC_AND_LYMPHOID_TISSUE":0.975342146,"HSC1_SKIN":2.302852871,"HSC2_UPPER_AERODIGESTIVE_TRACT":1.656497502,"HSC3_UPPER_AERODIGESTIVE_TRACT":2.121003288,"HT1080_SOFT_TISSUE":1.865731152,"HT115_LARGE_INTESTINE":2.297234152,"HT1197_URINARY_TRACT":-5.377212161,"HT1376_URINARY_TRACT":1.68263681,"HT144_SKIN":1.972400239,"HT29_LARGE_INTESTINE":2.036590716,"HT55_LARGE_INTESTINE":2.310319062,"HUH1_LIVER":2.192332188,"HUH6_LIVER":-4.254466826,"HUH7_LIVER":-0.190706883,"HUNS1_HAEMATOPOIETIC_AND_LYMPHOID_TISSUE":2.296554183,"HUPT3_PANCREAS":-6.0549269,"IALM_LUNG":-0.056609703,"IGR1_SKIN":2.307840638,"IGR39_SKIN":2.169636551,"IMR32_AUTONOMIC_GANGLIA":1.680159128,"INA6_HAEMATOPOIETIC_AND_LYMPHOID_TISSUE":1.755253465,"IPC298_SKIN":2.268426538,"ISTMES1_PLEURA":0.317604321,"ISTMES2_PLEURA":-0.00073838,"J82_URINARY_TRACT":-2.376764985,"JHH1_LIVER":2.069733798,"JHH4_LIVER":-4.07236371,"JHH5_LIVER":1.43004548,"JHH7_LIVER":2.041413346,"JHOC5_OVARY":2.203492029,"JHOM1_OVARY":0.740412954,"JHOS2_OVARY":2.133633836,"JHOS4_OVARY":0.606275707,"JHUEM1_ENDOMETRIUM":-9.68019215,"JHUEM7_ENDOMETRIUM":2.316230125,"JIMT1_BREAST":1.336638422,"JJN3_HAEMATOPOIETIC_AND_LYMPHOID_TISSUE":1.424006305,"JMSU1_URINARY_TRACT":2.191157717,"JMURTK2_SOFT_TISSUE":1.194845037,"JOPACA1_PANCREAS":1.123915029,"JR_SOFT_TISSUE":-9.679864334,"K029AX_SKIN":1.391471685,"KALS1_CENTRAL_NERVOUS_SYSTEM":2.000783226,"KARPAS299_HAEMATOPOIETIC_AND_LYMPHOID_TISSUE":1.894444364,"KARPAS422_HAEMATOPOIETIC_AND_LYMPHOID_TISSUE":2.320461869,"KASUMI1_HAEMATOPOIETIC_AND_LYMPHOID_TISSUE":0.576708513,"KE39_STOMACH":-1.870743305,"KE97_HAEMATOPOIETIC_AND_LYMPHOID_TISSUE":2.307741757,"KELLY_AUTONOMIC_GANGLIA":-10.85595561,"KIJK_HAEMATOPOIETIC_AND_LYMPHOID_TISSUE":2.311613781,"KLE_ENDOMETRIUM":0.820769456,