{"scores":{"127399_SOFT_TISSUE":2.294822514,"143B_BONE":2.625284455,"2313287_STOMACH":0.710350876,"253J_URINARY_TRACT":2.640836593,"42MGBA_CENTRAL_NERVOUS_SYSTEM":2.53370653,"5637_URINARY_TRACT":-0.496060491,"59M_OVARY":-4.334162146,"639V_URINARY_TRACT":-1.726375091,"647V_URINARY_TRACT":2.349807888,"697_HAEMATOPOIETIC_AND_LYMPHOID_TISSUE":-2.961022359,"769P_KIDNEY":2.653421776,"786O_KIDNEY":2.855503696,"8305C_THYROID":2.610946867,"8MGBA_CENTRAL_NERVOUS_SYSTEM":2.846347141,"A2058_SKIN":3.075590681,"A2780_OVARY":-3.307808506,"A3KAW_HAEMATOPOIETIC_AND_LYMPHOID_TISSUE":2.078213239,"A427_LUNG":2.499925264,"A431_SKIN":-5.315602418,"A549_LUNG":-1.045953403,"A673_BONE":1.709464687,"ABC1_LUNG":1.663701215,"ACCMESO1_PLEURA":-2.027256665,"AGS_STOMACH":-0.082163539,"AML193_HAEMATOPOIETIC_AND_LYMPHOID_TISSUE":3.201617117,"AMO1_HAEMATOPOIETIC_AND_LYMPHOID_TISSUE":-2.303127571,"ASPC1_PANCREAS":-1.938396927,"AU565_BREAST":2.497468839,"BC3C_URINARY_TRACT":2.159584209,"BFTC905_URINARY_TRACT":2.088622644,"BFTC909_KIDNEY":-6.556594933,"BHY_UPPER_AERODIGESTIVE_TRACT":0.593206377,"BICR16_UPPER_AERODIGESTIVE_TRACT":-4.302169019,"BICR22_UPPER_AERODIGESTIVE_TRACT":-4.950449553,"BICR31_UPPER_AERODIGESTIVE_TRACT":-0.277813335,"BICR56_UPPER_AERODIGESTIVE_TRACT":-1.446390009,"BICR6_UPPER_AERODIGESTIVE_TRACT":-2.572566599,"BICR78_UPPER_AERODIGESTIVE_TRACT":-1.586409127,"BIN67_OVARY":2.488215212,"BL70_HAEMATOPOIETIC_AND_LYMPHOID_TISSUE":0.809148081,"BLUE1_HAEMATOPOIETIC_AND_LYMPHOID_TISSUE":3.208099898,"BT12_SOFT_TISSUE":0.492769864,"BT16_SOFT_TISSUE":3.141346078,"BT549_BREAST":-1.133941431,"C2BBE1_LARGE_INTESTINE":1.699832711,"C32_SKIN":2.97275565,"C8166_HAEMATOPOIETIC_AND_LYMPHOID_TISSUE":2.120203662,"CADOES1_BONE":-1.463544215,"CAKI1_KIDNEY":1.922859889,"CAKI2_KIDNEY":3.172978678,"CAL27_UPPER_AERODIGESTIVE_TRACT":-11.00506458,"CAL29_URINARY_TRACT":-3.050486025,"CAL33_UPPER_AERODIGESTIVE_TRACT":-9.711968423,"CAL51_BREAST":0.123184471,"CAL78_BONE":1.942753692,"CALU1_LUNG":1.926390117,"CALU6_LUNG":2.431406555,"CAMA1_BREAST":2.443537052,"CAOV3_OVARY":1.684142369,"CAS1_CENTRAL_NERVOUS_SYSTEM":-8.124533927,"CASKI_CERVIX":2.44774661,"CCFSTTG1_CENTRAL_NERVOUS_SYSTEM":1.342943651,"CCK81_LARGE_INTESTINE":-1.152508285,"CCLFPEDS0001T_KIDNEY":2.707933252,"CCLFPEDS0003T_SOFT_TISSUE":2.826290352,"CFPAC1_PANCREAS":1.464882279,"CH157MN_CENTRAL_NERVOUS_SYSTEM":0.58109906,"CHAGOK1_LUNG":1.965101013,"CHLA06ATRT_SOFT_TISSUE":2.197881852,"CHLA15_AUTONOMIC_GANGLIA":2.687231085,"CHLA266_SOFT_TISSUE":-3.959570877,"CHP212_AUTONOMIC_GANGLIA":1.468291953,"CJM_SKIN":-4.636610163,"CL40_LARGE_INTESTINE":2.930214052,"CME1_SOFT_TISSUE":1.485127307,"CMLT1_HAEMATOPOIETIC_AND_LYMPHOID_TISSUE":0.653761715,"COGAR359_SOFT_TISSUE":1.418131819,"COGE352_BONE":1.676059865,"COGN278_AUTONOMIC_GANGLIA":0.997215257,"COGN305_AUTONOMIC_GANGLIA":0.998068797,"COLO201_LARGE_INTESTINE":3.209244539,"COLO678_LARGE_INTESTINE":3.199071772,"COLO679_SKIN":1.357641263,"COLO792_SKIN":3.086411655,"COLO800_SKIN":3.159031749,"CORL23_LUNG":2.914467774,"CORL279_LUNG":0.212387491,"CORL47_LUNG":0.481486158,"COV318_OVARY":3.163765961,"COV362_OVARY":3.092882846,"COV434_OVARY":-1.831849646,"COV504_OVARY":-1.230651698,"COV644_OVARY":2.901636406,"CW9019_SOFT_TISSUE":-1.349179959,"D283MED_CENTRAL_NERVOUS_SYSTEM":-2.958444902,"D341MED_CENTRAL_NERVOUS_SYSTEM":2.550795006,"D425_CENTRAL_NERVOUS_SYSTEM":-3.678226908,"D458_CENTRAL_NERVOUS_SYSTEM":1.07106471,"DANG_PANCREAS":-1.076060878,"DAOY_CENTRAL_NERVOUS_SYSTEM":2.555320813,"DB_HAEMATOPOIETIC_AND_LYMPHOID_TISSUE":3.197025028,"DEL_HAEMATOPOIETIC_AND_LYMPHOID_TISSUE":2.790338571,"DETROIT562_UPPER_AERODIGESTIVE_TRACT":-3.8877942,"DKMG_CENTRAL_NERVOUS_SYSTEM":2.501741244,"DLD1_LARGE_INTESTINE":3.014576522,"DU4475_BREAST":3.011567078,"EFE184_ENDOMETRIUM":2.999524623,"EFM19_BREAST":-0.470054504,"EFO21_OVARY":2.742466735,"EFO27_OVARY":0.801848276,"EJM_HAEMATOPOIETIC_AND_LYMPHOID_TISSUE":3.140563341,"EKVX_LUNG":0.759196371,"EM2_HAEMATOPOIETIC_AND_LYMPHOID_TISSUE":-3.708427078,"EN_ENDOMETRIUM":-2.046464831,"EOL1_HAEMATOPOIETIC_AND_LYMPHOID_TISSUE":2.257542428,"EPLC272H_LUNG":-5.465539905,"ES2_OVARY":3.201277207,"ESO26_OESOPHAGUS":1.948607096,"ESS1_ENDOMETRIUM":-4.02232861,"EW8_BONE":2.119385406,"EWS502_BONE":2.74898609,"F36P_HAEMATOPOIETIC_AND_LYMPHOID_TISSUE":1.56847702,"F5_CENTRAL_NERVOUS_SYSTEM":1.247210714,"FADU_UPPER_AERODIGESTIVE_TRACT":2.822423421,"FLO1_OESOPHAGUS":2.206258093,"FU97_STOMACH":1.533175372,"G292CLONEA141B1_BONE":-20,"G402_SOFT_TISSUE":0.113907152,"GAMG_CENTRAL_NERVOUS_SYSTEM":-20,"GB1_CENTRAL_NERVOUS_SYSTEM":-4.972476936,"GCIY_STOMACH":1.296229339,"GCT_SOFT_TISSUE":3.139226341,"GI1_CENTRAL_NERVOUS_SYSTEM":-11.03505478,"GSS_STOMACH":0.990918823,"GSU_STOMACH":3.171491823,"H103_UPPER_AERODIGESTIVE_TRACT":1.845067037,"H4_CENTRAL_NERVOUS_SYSTEM":-1.38939673,"HARA_LUNG":-4.012092082,"HB1119_HAEMATOPOIETIC_AND_LYMPHOID_TISSUE":0.611311314,"HCC1143_BREAST":-7.82697749,"HCC1359_LUNG":-3.464677646,"HCC1395_BREAST":-1.862953823,"HCC1419_BREAST":3.159845309,"HCC1428_BREAST":2.378654953,"HCC15_LUNG":-0.156493006,"HCC1806_BREAST":3.027855319,"HCC1937_BREAST":2.215789069,"HCC1954_BREAST":2.760953553,"HCC202_BREAST":-0.017657326,"HCC2429_LUNG":-0.784100521,"HCC2935_LUNG":-2.232897204,"HCC366_LUNG":3.207154028,"HCC461_LUNG":2.553477421,"HCC515_LUNG":2.328313024,"HCC56_LARGE_INTESTINE":1.872204311,"HCC827_LUNG":2.942759935,"HCC95_LUNG":-11.66315157,"HDMYZ_HAEMATOPOIETIC_AND_LYMPHOID_TISSUE":-1.075979013,"HEC151_ENDOMETRIUM":2.210462464,"HEC1A_ENDOMETRIUM":1.72702495,"HEC1B_ENDOMETRIUM":-2.293075008,"HEC251_ENDOMETRIUM":2.289476845,"HEC265_ENDOMETRIUM":3.026189075,"HEC50B_ENDOMETRIUM":2.280945271,"HEC59_ENDOMETRIUM":3.098242298,"HEC6_ENDOMETRIUM":2.235686611,"HEL_HAEMATOPOIETIC_AND_LYMPHOID_TISSUE":3.209593983,"HEL9217_HAEMATOPOIETIC_AND_LYMPHOID_TISSUE":2.542654514,"HEYA8_OVARY":2.852295466,"HGC27_STOMACH":-3.169965434,"HLF_LIVER":-5.242724942,"HMC18_BREAST":1.611506512,"HOP62_LUNG":3.142563213,"HS294T_SKIN":1.454289949,"HS578T_BREAST":-2.887508225,"HS683_CENTRAL_NERVOUS_SYSTEM":1.877767195,"HS695T_SKIN":1.257355207,"HS729_SOFT_TISSUE":1.118463351,"HS746T_STOMACH":3.17192427,"HS766T_PANCREAS":2.675999945,"HS852T_SKIN":2.921347738,"HS944T_SKIN":2.609838074,"HSB2_HAEMATOPOIETIC_AND_LYMPHOID_TISSUE":2.084407799,"HSC1_SKIN":-2.658350802,"HSC2_UPPER_AERODIGESTIVE_TRACT":2.765879533,"HSC3_UPPER_AERODIGESTIVE_TRACT":-13.00227362,"HT1080_SOFT_TISSUE":1.754149878,"HT115_LARGE_INTESTINE":1.336089863,"HT1197_URINARY_TRACT":1.518515146,"HT1376_URINARY_TRACT":2.821074321,"HT144_SKIN":1.504695531,"HT29_LARGE_INTESTINE":0.156197169,"HT55_LARGE_INTESTINE":2.53558449,"HUH1_LIVER":-0.904643749,"HUH6_LIVER":-11.36562584,"HUH7_LIVER":2.831722274,"HUNS1_HAEMATOPOIETIC_AND_LYMPHOID_TISSUE":2.462537974,"HUPT3_PANCREAS":2.741682776,"IALM_LUNG":-6.311587611,"IGR1_SKIN":2.732115143,"IGR39_SKIN":2.885742308,"IMR32_AUTONOMIC_GANGLIA":2.586527703,"INA6_HAEMATOPOIETIC_AND_LYMPHOID_TISSUE":1.628803744,"IPC298_SKIN":2.677761544,"ISTMES1_PLEURA":0.189968812,"ISTMES2_PLEURA":-4.505712447,"J82_URINARY_TRACT":2.17974221,"JHH1_LIVER":0.513957802,"JHH4_LIVER":-0.405963945,"JHH5_LIVER":-0.878928724,"JHH7_LIVER":2.885755416,"JHOC5_OVARY":1.249556906,"JHOM1_OVARY":2.118730228,"JHOS2_OVARY":-2.540494166,"JHOS4_OVARY":2.142670811,"JHUEM1_ENDOMETRIUM":3.118069423,"JHUEM7_ENDOMETRIUM":1.115912636,"JIMT1_BREAST":1.845681858,"JJN3_HAEMATOPOIETIC_AND_LYMPHOID_TISSUE":3.033235424,"JMSU1_URINARY_TRACT":-20,"JMURTK2_SOFT_TISSUE":-15.72355129,"JOPACA1_PANCREAS":2.658059971,"JR_SOFT_TISSUE":-2.905173273,"K029AX_SKIN":3.157586262,"KALS1_CENTRAL_NERVOUS_SYSTEM":0.688526642,"KARPAS299_HAEMATOPOIETIC_AND_LYMPHOID_TISSUE":3.135033069,"KARPAS422_HAEMATOPOIETIC_AND_LYMPHOID_TISSUE":2.872552073,"KASUMI1_HAEMATOPOIETIC_AND_LYMPHOID_TISSUE":2.812193391,"KE39_STOMACH":1.260813182,"KE97_HAEMATOPOIETIC_AND_LYMPHOID_TISSUE":1.620771113,"KELLY_AUTONOMIC_GANGLIA":-1.349245052,"KIJK_HAEMATOPOIETIC_AND_LYMPHOID_TISSUE":1.821939779,"KLE_ENDOMETRIUM":0.591839681,