{"scores":{"127399_SOFT_TISSUE":5.077258231,"143B_BONE":4.136097405,"2313287_STOMACH":2.622402108,"253J_URINARY_TRACT":5.032029943,"42MGBA_CENTRAL_NERVOUS_SYSTEM":3.137544887,"5637_URINARY_TRACT":3.449700018,"59M_OVARY":-2.047848459,"639V_URINARY_TRACT":4.413516616,"647V_URINARY_TRACT":2.302644492,"697_HAEMATOPOIETIC_AND_LYMPHOID_TISSUE":-5.965421556,"769P_KIDNEY":3.355551451,"786O_KIDNEY":2.352874287,"8305C_THYROID":3.48326199,"8MGBA_CENTRAL_NERVOUS_SYSTEM":2.863239279,"A2058_SKIN":3.253157259,"A2780_OVARY":4.665099082,"A3KAW_HAEMATOPOIETIC_AND_LYMPHOID_TISSUE":-0.119032829,"A427_LUNG":3.903184664,"A431_SKIN":-2.378439972,"A549_LUNG":3.318867453,"A673_BONE":2.832484166,"ABC1_LUNG":4.555924936,"ACCMESO1_PLEURA":2.904251619,"AGS_STOMACH":5.425735904,"AML193_HAEMATOPOIETIC_AND_LYMPHOID_TISSUE":4.443482821,"AMO1_HAEMATOPOIETIC_AND_LYMPHOID_TISSUE":0.059314917,"ASPC1_PANCREAS":-1.783588949,"AU565_BREAST":-1.495186833,"BC3C_URINARY_TRACT":0.567127084,"BFTC905_URINARY_TRACT":2.748580578,"BFTC909_KIDNEY":2.666463233,"BHY_UPPER_AERODIGESTIVE_TRACT":5.217493483,"BICR16_UPPER_AERODIGESTIVE_TRACT":3.605056176,"BICR22_UPPER_AERODIGESTIVE_TRACT":3.082548711,"BICR31_UPPER_AERODIGESTIVE_TRACT":1.697183185,"BICR56_UPPER_AERODIGESTIVE_TRACT":4.504543742,"BICR6_UPPER_AERODIGESTIVE_TRACT":3.9393696,"BICR78_UPPER_AERODIGESTIVE_TRACT":4.101638908,"BIN67_OVARY":0.999165938,"BL70_HAEMATOPOIETIC_AND_LYMPHOID_TISSUE":-5.829550511,"BLUE1_HAEMATOPOIETIC_AND_LYMPHOID_TISSUE":-9.88540956,"BT12_SOFT_TISSUE":2.213945022,"BT16_SOFT_TISSUE":2.489930578,"BT549_BREAST":3.487418653,"C2BBE1_LARGE_INTESTINE":3.837783704,"C32_SKIN":0.560151236,"C8166_HAEMATOPOIETIC_AND_LYMPHOID_TISSUE":-0.29163643,"CADOES1_BONE":3.508332193,"CAKI1_KIDNEY":2.515734922,"CAKI2_KIDNEY":1.05317649,"CAL27_UPPER_AERODIGESTIVE_TRACT":2.758085639,"CAL29_URINARY_TRACT":1.196080628,"CAL33_UPPER_AERODIGESTIVE_TRACT":3.149997327,"CAL51_BREAST":2.256119576,"CAL78_BONE":4.167235514,"CALU1_LUNG":0.910801275,"CALU6_LUNG":3.848759101,"CAMA1_BREAST":4.188818859,"CAOV3_OVARY":3.69871949,"CAS1_CENTRAL_NERVOUS_SYSTEM":0.895925815,"CASKI_CERVIX":3.211720899,"CCFSTTG1_CENTRAL_NERVOUS_SYSTEM":2.562237728,"CCK81_LARGE_INTESTINE":2.248739694,"CCLFPEDS0001T_KIDNEY":-3.742626789,"CCLFPEDS0003T_SOFT_TISSUE":-0.16422227,"CFPAC1_PANCREAS":3.372860509,"CH157MN_CENTRAL_NERVOUS_SYSTEM":2.365977435,"CHAGOK1_LUNG":0.251986583,"CHLA06ATRT_SOFT_TISSUE":1.63153352,"CHLA15_AUTONOMIC_GANGLIA":4.085348746,"CHLA266_SOFT_TISSUE":3.573082852,"CHP212_AUTONOMIC_GANGLIA":3.768365742,"CJM_SKIN":-2.074322611,"CL40_LARGE_INTESTINE":2.878961662,"CME1_SOFT_TISSUE":3.734174442,"CMLT1_HAEMATOPOIETIC_AND_LYMPHOID_TISSUE":0.595644473,"COGAR359_SOFT_TISSUE":3.899063125,"COGE352_BONE":0.363130783,"COGN278_AUTONOMIC_GANGLIA":4.335788617,"COGN305_AUTONOMIC_GANGLIA":3.435901654,"COLO201_LARGE_INTESTINE":1.221694874,"COLO678_LARGE_INTESTINE":-0.37607311,"COLO679_SKIN":1.924910339,"COLO792_SKIN":1.901621675,"COLO800_SKIN":-4.992262951,"CORL23_LUNG":0.314539573,"CORL279_LUNG":3.270470605,"CORL47_LUNG":4.206173984,"COV318_OVARY":3.258108379,"COV362_OVARY":3.79508283,"COV434_OVARY":2.582586467,"COV504_OVARY":1.49277429,"COV644_OVARY":2.420843643,"CW9019_SOFT_TISSUE":1.411566429,"D283MED_CENTRAL_NERVOUS_SYSTEM":2.331479819,"D341MED_CENTRAL_NERVOUS_SYSTEM":4.260699653,"D425_CENTRAL_NERVOUS_SYSTEM":-0.764613851,"D458_CENTRAL_NERVOUS_SYSTEM":0.645388078,"DANG_PANCREAS":1.528710911,"DAOY_CENTRAL_NERVOUS_SYSTEM":3.976595102,"DB_HAEMATOPOIETIC_AND_LYMPHOID_TISSUE":-5.731724218,"DEL_HAEMATOPOIETIC_AND_LYMPHOID_TISSUE":-1.360236614,"DETROIT562_UPPER_AERODIGESTIVE_TRACT":-0.243761265,"DKMG_CENTRAL_NERVOUS_SYSTEM":2.663414998,"DLD1_LARGE_INTESTINE":0.713565668,"DU4475_BREAST":0.682553997,"EFE184_ENDOMETRIUM":2.052468677,"EFM19_BREAST":-3.499565727,"EFO21_OVARY":3.617114642,"EFO27_OVARY":-1.871965631,"EJM_HAEMATOPOIETIC_AND_LYMPHOID_TISSUE":2.043835253,"EKVX_LUNG":3.130582066,"EM2_HAEMATOPOIETIC_AND_LYMPHOID_TISSUE":-0.829175919,"EN_ENDOMETRIUM":2.167168704,"EOL1_HAEMATOPOIETIC_AND_LYMPHOID_TISSUE":5.492154757,"EPLC272H_LUNG":-0.804126781,"ES2_OVARY":1.439319276,"ESO26_OESOPHAGUS":-13.66671151,"ESS1_ENDOMETRIUM":0.165838674,"EW8_BONE":2.501646951,"EWS502_BONE":-3.353470334,"F36P_HAEMATOPOIETIC_AND_LYMPHOID_TISSUE":-11.0417614,"F5_CENTRAL_NERVOUS_SYSTEM":2.100998508,"FADU_UPPER_AERODIGESTIVE_TRACT":4.542804786,"FLO1_OESOPHAGUS":0.194791959,"FU97_STOMACH":3.956957702,"G292CLONEA141B1_BONE":2.704582091,"G402_SOFT_TISSUE":3.860416209,"GAMG_CENTRAL_NERVOUS_SYSTEM":1.856432863,"GB1_CENTRAL_NERVOUS_SYSTEM":3.069169276,"GCIY_STOMACH":0.625873283,"GCT_SOFT_TISSUE":0.273704185,"GI1_CENTRAL_NERVOUS_SYSTEM":4.131893624,"GSS_STOMACH":0.335047783,"GSU_STOMACH":3.17874177,"H103_UPPER_AERODIGESTIVE_TRACT":2.77984187,"H4_CENTRAL_NERVOUS_SYSTEM":3.858698573,"HARA_LUNG":-5.667815317,"HB1119_HAEMATOPOIETIC_AND_LYMPHOID_TISSUE":3.095619571,"HCC1143_BREAST":-0.015815341,"HCC1359_LUNG":3.169208986,"HCC1395_BREAST":2.665364532,"HCC1419_BREAST":0.167211848,"HCC1428_BREAST":1.147631432,"HCC15_LUNG":-3.337453427,"HCC1806_BREAST":-4.755562441,"HCC1937_BREAST":-5.218013788,"HCC1954_BREAST":-1.091753427,"HCC202_BREAST":-2.388222551,"HCC2429_LUNG":3.648807552,"HCC2935_LUNG":0.252299898,"HCC366_LUNG":-0.812309689,"HCC461_LUNG":0.624536158,"HCC515_LUNG":0.90765854,"HCC56_LARGE_INTESTINE":3.014485416,"HCC827_LUNG":2.807335929,"HCC95_LUNG":-2.755414522,"HDMYZ_HAEMATOPOIETIC_AND_LYMPHOID_TISSUE":2.841248291,"HEC151_ENDOMETRIUM":2.48776065,"HEC1A_ENDOMETRIUM":1.694175029,"HEC1B_ENDOMETRIUM":2.660028939,"HEC251_ENDOMETRIUM":4.111031576,"HEC265_ENDOMETRIUM":3.695565914,"HEC50B_ENDOMETRIUM":5.046566682,"HEC59_ENDOMETRIUM":0.320008582,"HEC6_ENDOMETRIUM":2.72047981,"HEL_HAEMATOPOIETIC_AND_LYMPHOID_TISSUE":2.04226126,"HEL9217_HAEMATOPOIETIC_AND_LYMPHOID_TISSUE":-0.042779926,"HEYA8_OVARY":0.541076228,"HGC27_STOMACH":0.315459998,"HLF_LIVER":3.098937959,"HMC18_BREAST":-2.269535286,"HOP62_LUNG":2.373816395,"HS294T_SKIN":-3.347075958,"HS578T_BREAST":2.371706985,"HS683_CENTRAL_NERVOUS_SYSTEM":1.008995649,"HS695T_SKIN":1.06658521,"HS729_SOFT_TISSUE":3.421988109,"HS746T_STOMACH":3.373726225,"HS766T_PANCREAS":4.264716152,"HS852T_SKIN":1.013380055,"HS944T_SKIN":1.273727398,"HSB2_HAEMATOPOIETIC_AND_LYMPHOID_TISSUE":0.622510669,"HSC1_SKIN":2.36194337,"HSC2_UPPER_AERODIGESTIVE_TRACT":3.536392737,"HSC3_UPPER_AERODIGESTIVE_TRACT":2.337398502,"HT1080_SOFT_TISSUE":1.325140349,"HT115_LARGE_INTESTINE":-0.705308158,"HT1197_URINARY_TRACT":1.064374836,"HT1376_URINARY_TRACT":2.828149579,"HT144_SKIN":1.551585785,"HT29_LARGE_INTESTINE":3.101176724,"HT55_LARGE_INTESTINE":2.19214105,"HUH1_LIVER":4.345358667,"HUH6_LIVER":2.278619874,"HUH7_LIVER":3.446904003,"HUNS1_HAEMATOPOIETIC_AND_LYMPHOID_TISSUE":-3.788879564,"HUPT3_PANCREAS":2.956659433,"IALM_LUNG":3.166986944,"IGR1_SKIN":-4.159385971,"IGR39_SKIN":1.924825078,"IMR32_AUTONOMIC_GANGLIA":3.796642975,"INA6_HAEMATOPOIETIC_AND_LYMPHOID_TISSUE":-4.227556574,"IPC298_SKIN":-3.931502707,"ISTMES1_PLEURA":2.210319966,"ISTMES2_PLEURA":2.384273334,"J82_URINARY_TRACT":0.524839435,"JHH1_LIVER":0.188313718,"JHH4_LIVER":4.047488821,"JHH5_LIVER":3.953949385,"JHH7_LIVER":2.665061602,"JHOC5_OVARY":4.177448548,"JHOM1_OVARY":2.535448239,"JHOS2_OVARY":3.1437032,"JHOS4_OVARY":3.737784833,"JHUEM1_ENDOMETRIUM":1.770450874,"JHUEM7_ENDOMETRIUM":2.798317538,"JIMT1_BREAST":4.069286671,"JJN3_HAEMATOPOIETIC_AND_LYMPHOID_TISSUE":-0.793508682,"JMSU1_URINARY_TRACT":-3.466882237,"JMURTK2_SOFT_TISSUE":3.334152822,"JOPACA1_PANCREAS":3.754293799,"JR_SOFT_TISSUE":3.189513554,"K029AX_SKIN":1.214208978,"KALS1_CENTRAL_NERVOUS_SYSTEM":3.723668155,"KARPAS299_HAEMATOPOIETIC_AND_LYMPHOID_TISSUE":-4.508758709,"KARPAS422_HAEMATOPOIETIC_AND_LYMPHOID_TISSUE":-1.139359951,"KASUMI1_HAEMATOPOIETIC_AND_LYMPHOID_TISSUE":-2.147498309,"KE39_STOMACH":0.831539224,"KE97_HAEMATOPOIETIC_AND_LYMPHOID_TISSUE":-3.251057922,"KELLY_AUTONOMIC_GANGLIA":4.007822353,"KIJK_HAEMATOPOIETIC_AND_LYMPHOID_TISSUE":-6.97056376,"KLE_ENDOMETRIUM":2.887392157,