{"scores":{"127399_SOFT_TISSUE":-0.257982498,"143B_BONE":-0.499706465,"2313287_STOMACH":-1.505767917,"253J_URINARY_TRACT":-1.505416865,"42MGBA_CENTRAL_NERVOUS_SYSTEM":-1.660873573,"5637_URINARY_TRACT":-1.516468626,"59M_OVARY":-1.168670735,"639V_URINARY_TRACT":2.093874499,"647V_URINARY_TRACT":-0.216569315,"697_HAEMATOPOIETIC_AND_LYMPHOID_TISSUE":-1.448361004,"769P_KIDNEY":-0.095873936,"786O_KIDNEY":0.537120803,"8305C_THYROID":-2.554062019,"8MGBA_CENTRAL_NERVOUS_SYSTEM":-0.024755328,"A2058_SKIN":-2.540795973,"A2780_OVARY":0.851188477,"A3KAW_HAEMATOPOIETIC_AND_LYMPHOID_TISSUE":-2.1211562,"A427_LUNG":-1.009177213,"A431_SKIN":0.046746906,"A549_LUNG":9.680814527,"A673_BONE":-1.634224122,"ABC1_LUNG":-1.350198727,"ACCMESO1_PLEURA":-1.724091246,"AGS_STOMACH":-2.549477498,"AML193_HAEMATOPOIETIC_AND_LYMPHOID_TISSUE":-0.541108061,"AMO1_HAEMATOPOIETIC_AND_LYMPHOID_TISSUE":-2.316002628,"ASPC1_PANCREAS":-1.771143432,"AU565_BREAST":-2.427335315,"BC3C_URINARY_TRACT":-0.866579475,"BFTC905_URINARY_TRACT":-2.081937222,"BFTC909_KIDNEY":-2.461263483,"BHY_UPPER_AERODIGESTIVE_TRACT":1.078973645,"BICR16_UPPER_AERODIGESTIVE_TRACT":-2.488555077,"BICR22_UPPER_AERODIGESTIVE_TRACT":-1.524167356,"BICR31_UPPER_AERODIGESTIVE_TRACT":-2.250067038,"BICR56_UPPER_AERODIGESTIVE_TRACT":-2.305680959,"BICR6_UPPER_AERODIGESTIVE_TRACT":-2.495957354,"BICR78_UPPER_AERODIGESTIVE_TRACT":-2.542951189,"BIN67_OVARY":3.176403704,"BL70_HAEMATOPOIETIC_AND_LYMPHOID_TISSUE":-1.464647019,"BLUE1_HAEMATOPOIETIC_AND_LYMPHOID_TISSUE":-2.514533327,"BT12_SOFT_TISSUE":-0.042334942,"BT16_SOFT_TISSUE":0.19465332,"BT549_BREAST":-2.271961341,"C2BBE1_LARGE_INTESTINE":2.547523712,"C32_SKIN":-2.53401415,"C8166_HAEMATOPOIETIC_AND_LYMPHOID_TISSUE":-2.385545532,"CADOES1_BONE":-0.145681149,"CAKI1_KIDNEY":3.342812523,"CAKI2_KIDNEY":3.871870311,"CAL27_UPPER_AERODIGESTIVE_TRACT":-2.251780515,"CAL29_URINARY_TRACT":-0.535496099,"CAL33_UPPER_AERODIGESTIVE_TRACT":-2.428469031,"CAL51_BREAST":-2.232435856,"CAL78_BONE":4.579136937,"CALU1_LUNG":-2.348841467,"CALU6_LUNG":-2.537469171,"CAMA1_BREAST":-2.559271143,"CAOV3_OVARY":0.077494796,"CAS1_CENTRAL_NERVOUS_SYSTEM":1.338494946,"CASKI_CERVIX":-0.68900996,"CCFSTTG1_CENTRAL_NERVOUS_SYSTEM":-1.241209076,"CCK81_LARGE_INTESTINE":-2.101071455,"CCLFPEDS0001T_KIDNEY":4.113950883,"CCLFPEDS0003T_SOFT_TISSUE":0.588858822,"CFPAC1_PANCREAS":-1.18953991,"CH157MN_CENTRAL_NERVOUS_SYSTEM":-2.352804743,"CHAGOK1_LUNG":1.349374995,"CHLA06ATRT_SOFT_TISSUE":6.208072826,"CHLA15_AUTONOMIC_GANGLIA":-2.45810566,"CHLA266_SOFT_TISSUE":4.98833309,"CHP212_AUTONOMIC_GANGLIA":-2.089165251,"CJM_SKIN":-2.276701732,"CL40_LARGE_INTESTINE":-2.464186599,"CME1_SOFT_TISSUE":0.478671818,"CMLT1_HAEMATOPOIETIC_AND_LYMPHOID_TISSUE":-1.160030217,"COGAR359_SOFT_TISSUE":4.343471279,"COGE352_BONE":-0.44566584,"COGN278_AUTONOMIC_GANGLIA":-1.803164289,"COGN305_AUTONOMIC_GANGLIA":-2.493715872,"COLO201_LARGE_INTESTINE":-0.31531218,"COLO678_LARGE_INTESTINE":-2.119779063,"COLO679_SKIN":-1.952101154,"COLO792_SKIN":0.16090302,"COLO800_SKIN":-1.725810005,"CORL23_LUNG":-2.441972013,"CORL279_LUNG":-2.391375166,"CORL47_LUNG":-2.296623878,"COV318_OVARY":-2.484507086,"COV362_OVARY":-2.526659927,"COV434_OVARY":4.523134984,"COV504_OVARY":0.697567774,"COV644_OVARY":-2.064014679,"CW9019_SOFT_TISSUE":-1.000693197,"D283MED_CENTRAL_NERVOUS_SYSTEM":-2.545925741,"D341MED_CENTRAL_NERVOUS_SYSTEM":-1.556989936,"D425_CENTRAL_NERVOUS_SYSTEM":-2.37214272,"D458_CENTRAL_NERVOUS_SYSTEM":-1.13963871,"DANG_PANCREAS":-2.268988544,"DAOY_CENTRAL_NERVOUS_SYSTEM":0.8919196,"DB_HAEMATOPOIETIC_AND_LYMPHOID_TISSUE":-1.190873775,"DEL_HAEMATOPOIETIC_AND_LYMPHOID_TISSUE":-0.109823695,"DETROIT562_UPPER_AERODIGESTIVE_TRACT":-0.888867791,"DKMG_CENTRAL_NERVOUS_SYSTEM":-2.224502663,"DLD1_LARGE_INTESTINE":-1.43840708,"DU4475_BREAST":-2.456861498,"EFE184_ENDOMETRIUM":-2.187458833,"EFM19_BREAST":-2.496522635,"EFO21_OVARY":6.458134095,"EFO27_OVARY":-2.017793265,"EJM_HAEMATOPOIETIC_AND_LYMPHOID_TISSUE":-2.459917949,"EKVX_LUNG":-2.269119535,"EM2_HAEMATOPOIETIC_AND_LYMPHOID_TISSUE":4.911530645,"EN_ENDOMETRIUM":0.107957821,"EOL1_HAEMATOPOIETIC_AND_LYMPHOID_TISSUE":-1.701234505,"EPLC272H_LUNG":2.594596671,"ES2_OVARY":-0.994374685,"ESO26_OESOPHAGUS":-1.304087823,"ESS1_ENDOMETRIUM":2.41522041,"EW8_BONE":-2.353289181,"EWS502_BONE":-1.482405432,"F36P_HAEMATOPOIETIC_AND_LYMPHOID_TISSUE":-1.297469463,"F5_CENTRAL_NERVOUS_SYSTEM":2.645628225,"FADU_UPPER_AERODIGESTIVE_TRACT":-1.894963035,"FLO1_OESOPHAGUS":-1.833142381,"FU97_STOMACH":-0.540191298,"G292CLONEA141B1_BONE":0.505741,"G402_SOFT_TISSUE":3.030176429,"GAMG_CENTRAL_NERVOUS_SYSTEM":-2.525428926,"GB1_CENTRAL_NERVOUS_SYSTEM":-2.220396174,"GCIY_STOMACH":-0.391884295,"GCT_SOFT_TISSUE":-2.327766112,"GI1_CENTRAL_NERVOUS_SYSTEM":-2.130155288,"GSS_STOMACH":0.261674108,"GSU_STOMACH":-1.301223148,"H103_UPPER_AERODIGESTIVE_TRACT":-1.466672129,"H4_CENTRAL_NERVOUS_SYSTEM":-2.514472226,"HARA_LUNG":-2.134028381,"HB1119_HAEMATOPOIETIC_AND_LYMPHOID_TISSUE":-2.533965165,"HCC1143_BREAST":3.873534385,"HCC1359_LUNG":-1.232136307,"HCC1395_BREAST":-1.367249914,"HCC1419_BREAST":-1.86787366,"HCC1428_BREAST":-2.520624276,"HCC15_LUNG":-2.226797668,"HCC1806_BREAST":-1.736444395,"HCC1937_BREAST":-1.218971684,"HCC1954_BREAST":-1.108942137,"HCC202_BREAST":-2.538639006,"HCC2429_LUNG":-2.558956232,"HCC2935_LUNG":-2.535991908,"HCC366_LUNG":-2.306685934,"HCC461_LUNG":-2.369541366,"HCC515_LUNG":-2.499683209,"HCC56_LARGE_INTESTINE":-2.064481923,"HCC827_LUNG":-2.09330349,"HCC95_LUNG":-2.478280571,"HDMYZ_HAEMATOPOIETIC_AND_LYMPHOID_TISSUE":-0.535957926,"HEC151_ENDOMETRIUM":-0.319648981,"HEC1A_ENDOMETRIUM":0.264647703,"HEC1B_ENDOMETRIUM":-2.309357951,"HEC251_ENDOMETRIUM":-0.868411397,"HEC265_ENDOMETRIUM":0.436718668,"HEC50B_ENDOMETRIUM":-1.401798127,"HEC59_ENDOMETRIUM":2.049311755,"HEC6_ENDOMETRIUM":1.540661021,"HEL_HAEMATOPOIETIC_AND_LYMPHOID_TISSUE":-2.544831574,"HEL9217_HAEMATOPOIETIC_AND_LYMPHOID_TISSUE":-2.546791189,"HEYA8_OVARY":-1.688696984,"HGC27_STOMACH":-1.731537353,"HLF_LIVER":-1.404052738,"HMC18_BREAST":6.861849942,"HOP62_LUNG":-2.296903052,"HS294T_SKIN":2.011834856,"HS578T_BREAST":0.849229735,"HS683_CENTRAL_NERVOUS_SYSTEM":-2.325509279,"HS695T_SKIN":-1.267043417,"HS729_SOFT_TISSUE":-2.195102821,"HS746T_STOMACH":-2.00528578,"HS766T_PANCREAS":-0.886410461,"HS852T_SKIN":-2.078606891,"HS944T_SKIN":-0.048313763,"HSB2_HAEMATOPOIETIC_AND_LYMPHOID_TISSUE":-2.406728475,"HSC1_SKIN":-1.141909463,"HSC2_UPPER_AERODIGESTIVE_TRACT":3.026453448,"HSC3_UPPER_AERODIGESTIVE_TRACT":-0.209694284,"HT1080_SOFT_TISSUE":0.792392574,"HT115_LARGE_INTESTINE":-0.690213138,"HT1197_URINARY_TRACT":-2.105996777,"HT1376_URINARY_TRACT":-1.145171576,"HT144_SKIN":-2.167439402,"HT29_LARGE_INTESTINE":-0.783098542,"HT55_LARGE_INTESTINE":-1.608192662,"HUH1_LIVER":-0.15818393,"HUH6_LIVER":-2.427665841,"HUH7_LIVER":-2.281674189,"HUNS1_HAEMATOPOIETIC_AND_LYMPHOID_TISSUE":-1.58903956,"HUPT3_PANCREAS":-2.221826817,"IALM_LUNG":0.249401356,"IGR1_SKIN":-0.525718696,"IGR39_SKIN":-0.499288903,"IMR32_AUTONOMIC_GANGLIA":-1.462597569,"INA6_HAEMATOPOIETIC_AND_LYMPHOID_TISSUE":-2.507314853,"IPC298_SKIN":1.009151309,"ISTMES1_PLEURA":-1.501017433,"ISTMES2_PLEURA":-1.923462346,"J82_URINARY_TRACT":-1.143992661,"JHH1_LIVER":2.167354265,"JHH4_LIVER":2.798322582,"JHH5_LIVER":0.22655582,"JHH7_LIVER":3.231265855,"JHOC5_OVARY":-1.467205742,"JHOM1_OVARY":-0.914731865,"JHOS2_OVARY":-2.255105485,"JHOS4_OVARY":-1.763165447,"JHUEM1_ENDOMETRIUM":-2.233461029,"JHUEM7_ENDOMETRIUM":-0.855818297,"JIMT1_BREAST":-2.094467147,"JJN3_HAEMATOPOIETIC_AND_LYMPHOID_TISSUE":-2.198836367,"JMSU1_URINARY_TRACT":-1.58197875,"JMURTK2_SOFT_TISSUE":8.974134953,"JOPACA1_PANCREAS":-2.507734105,"JR_SOFT_TISSUE":-2.064574538,"K029AX_SKIN":-1.572740673,"KALS1_CENTRAL_NERVOUS_SYSTEM":0.715703771,"KARPAS299_HAEMATOPOIETIC_AND_LYMPHOID_TISSUE":-1.839353282,"KARPAS422_HAEMATOPOIETIC_AND_LYMPHOID_TISSUE":-2.552507982,"KASUMI1_HAEMATOPOIETIC_AND_LYMPHOID_TISSUE":-0.387421709,"KE39_STOMACH":1.345933547,"KE97_HAEMATOPOIETIC_AND_LYMPHOID_TISSUE":4.014066638,