{"scores":{"127399_SOFT_TISSUE":2.266429642,"143B_BONE":2.670303045,"2313287_STOMACH":0.115584545,"253J_URINARY_TRACT":2.478200779,"42MGBA_CENTRAL_NERVOUS_SYSTEM":0.788376915,"5637_URINARY_TRACT":1.555959913,"59M_OVARY":2.66698845,"639V_URINARY_TRACT":1.223584387,"647V_URINARY_TRACT":-4.329732215,"697_HAEMATOPOIETIC_AND_LYMPHOID_TISSUE":2.576170198,"769P_KIDNEY":1.480638537,"786O_KIDNEY":2.364481024,"8305C_THYROID":2.35904942,"8MGBA_CENTRAL_NERVOUS_SYSTEM":2.295085013,"A2058_SKIN":2.628727579,"A2780_OVARY":-0.241679678,"A3KAW_HAEMATOPOIETIC_AND_LYMPHOID_TISSUE":2.655151169,"A427_LUNG":2.491375993,"A431_SKIN":0.501052795,"A549_LUNG":2.67248268,"A673_BONE":2.635856902,"ABC1_LUNG":2.400612088,"ACCMESO1_PLEURA":2.435072083,"AGS_STOMACH":2.649160595,"AML193_HAEMATOPOIETIC_AND_LYMPHOID_TISSUE":2.607063995,"AMO1_HAEMATOPOIETIC_AND_LYMPHOID_TISSUE":2.34999856,"ASPC1_PANCREAS":2.588649213,"AU565_BREAST":2.60598871,"BC3C_URINARY_TRACT":0.609976576,"BFTC905_URINARY_TRACT":2.666922089,"BFTC909_KIDNEY":0.353081056,"BHY_UPPER_AERODIGESTIVE_TRACT":2.664969863,"BICR16_UPPER_AERODIGESTIVE_TRACT":1.15826208,"BICR22_UPPER_AERODIGESTIVE_TRACT":-3.8420055,"BICR31_UPPER_AERODIGESTIVE_TRACT":-4.194864418,"BICR56_UPPER_AERODIGESTIVE_TRACT":2.588379906,"BICR6_UPPER_AERODIGESTIVE_TRACT":1.007699555,"BICR78_UPPER_AERODIGESTIVE_TRACT":2.460858976,"BIN67_OVARY":1.692256837,"BL70_HAEMATOPOIETIC_AND_LYMPHOID_TISSUE":2.673415262,"BLUE1_HAEMATOPOIETIC_AND_LYMPHOID_TISSUE":2.651868935,"BT12_SOFT_TISSUE":2.666220946,"BT16_SOFT_TISSUE":-2.634824298,"BT549_BREAST":1.787124499,"C2BBE1_LARGE_INTESTINE":-10.93817569,"C32_SKIN":2.060741983,"C8166_HAEMATOPOIETIC_AND_LYMPHOID_TISSUE":2.466795124,"CADOES1_BONE":1.097177648,"CAKI1_KIDNEY":-4.239990908,"CAKI2_KIDNEY":2.672542626,"CAL27_UPPER_AERODIGESTIVE_TRACT":2.197935189,"CAL29_URINARY_TRACT":2.077518581,"CAL33_UPPER_AERODIGESTIVE_TRACT":2.587449274,"CAL51_BREAST":2.556506777,"CAL78_BONE":2.668465257,"CALU1_LUNG":2.028718616,"CALU6_LUNG":2.635502493,"CAMA1_BREAST":2.643392818,"CAOV3_OVARY":-6.941378356,"CAS1_CENTRAL_NERVOUS_SYSTEM":-0.324265795,"CASKI_CERVIX":1.18701411,"CCFSTTG1_CENTRAL_NERVOUS_SYSTEM":2.528835261,"CCK81_LARGE_INTESTINE":2.667243999,"CCLFPEDS0001T_KIDNEY":2.630800861,"CCLFPEDS0003T_SOFT_TISSUE":2.64827953,"CFPAC1_PANCREAS":2.662915818,"CH157MN_CENTRAL_NERVOUS_SYSTEM":2.624252491,"CHAGOK1_LUNG":2.438934968,"CHLA06ATRT_SOFT_TISSUE":2.450525058,"CHLA15_AUTONOMIC_GANGLIA":0.404383682,"CHLA266_SOFT_TISSUE":2.25359041,"CHP212_AUTONOMIC_GANGLIA":2.673229419,"CJM_SKIN":2.628088994,"CL40_LARGE_INTESTINE":2.45451541,"CME1_SOFT_TISSUE":2.652885769,"CMLT1_HAEMATOPOIETIC_AND_LYMPHOID_TISSUE":1.216004785,"COGAR359_SOFT_TISSUE":2.614971344,"COGE352_BONE":2.493954778,"COGN278_AUTONOMIC_GANGLIA":0.180389326,"COGN305_AUTONOMIC_GANGLIA":2.491852494,"COLO201_LARGE_INTESTINE":2.672941062,"COLO678_LARGE_INTESTINE":1.866862266,"COLO679_SKIN":2.602390391,"COLO792_SKIN":-5.366858067,"COLO800_SKIN":1.853148169,"CORL23_LUNG":1.242490431,"CORL279_LUNG":1.652635641,"CORL47_LUNG":2.665378186,"COV318_OVARY":2.598985965,"COV362_OVARY":2.330070237,"COV434_OVARY":2.659673267,"COV504_OVARY":-2.950461577,"COV644_OVARY":-3.559802953,"CW9019_SOFT_TISSUE":-5.262354906,"D283MED_CENTRAL_NERVOUS_SYSTEM":2.456434332,"D341MED_CENTRAL_NERVOUS_SYSTEM":2.661755255,"D425_CENTRAL_NERVOUS_SYSTEM":1.711123444,"D458_CENTRAL_NERVOUS_SYSTEM":2.226767595,"DANG_PANCREAS":2.562108051,"DAOY_CENTRAL_NERVOUS_SYSTEM":2.437519899,"DB_HAEMATOPOIETIC_AND_LYMPHOID_TISSUE":2.609946906,"DEL_HAEMATOPOIETIC_AND_LYMPHOID_TISSUE":-7.137613385,"DETROIT562_UPPER_AERODIGESTIVE_TRACT":0.765290055,"DKMG_CENTRAL_NERVOUS_SYSTEM":-5.25278493,"DLD1_LARGE_INTESTINE":1.597707604,"DU4475_BREAST":2.605954842,"EFE184_ENDOMETRIUM":2.639730627,"EFM19_BREAST":2.61481257,"EFO21_OVARY":2.673425948,"EFO27_OVARY":-0.696102723,"EJM_HAEMATOPOIETIC_AND_LYMPHOID_TISSUE":1.245725987,"EKVX_LUNG":1.178255504,"EM2_HAEMATOPOIETIC_AND_LYMPHOID_TISSUE":-10.79154426,"EN_ENDOMETRIUM":2.628886981,"EOL1_HAEMATOPOIETIC_AND_LYMPHOID_TISSUE":-20,"EPLC272H_LUNG":-0.904879566,"ES2_OVARY":2.672852139,"ESO26_OESOPHAGUS":-0.004012413,"ESS1_ENDOMETRIUM":2.559770642,"EW8_BONE":1.572247508,"EWS502_BONE":2.660873933,"F36P_HAEMATOPOIETIC_AND_LYMPHOID_TISSUE":-18.00894812,"F5_CENTRAL_NERVOUS_SYSTEM":2.434837648,"FADU_UPPER_AERODIGESTIVE_TRACT":2.646770205,"FLO1_OESOPHAGUS":2.672191809,"FU97_STOMACH":2.034444797,"G292CLONEA141B1_BONE":2.578576153,"G402_SOFT_TISSUE":1.318016401,"GAMG_CENTRAL_NERVOUS_SYSTEM":-2.384449625,"GB1_CENTRAL_NERVOUS_SYSTEM":1.969866258,"GCIY_STOMACH":2.516381839,"GCT_SOFT_TISSUE":2.634886563,"GI1_CENTRAL_NERVOUS_SYSTEM":-2.501250439,"GSS_STOMACH":2.554366324,"GSU_STOMACH":2.36483694,"H103_UPPER_AERODIGESTIVE_TRACT":1.830991952,"H4_CENTRAL_NERVOUS_SYSTEM":-2.183124898,"HARA_LUNG":0.742625231,"HB1119_HAEMATOPOIETIC_AND_LYMPHOID_TISSUE":-1.494125471,"HCC1143_BREAST":1.28662269,"HCC1359_LUNG":2.073329713,"HCC1395_BREAST":2.66608471,"HCC1419_BREAST":2.459379004,"HCC1428_BREAST":2.656064087,"HCC15_LUNG":2.159916509,"HCC1806_BREAST":2.420237979,"HCC1937_BREAST":2.604437405,"HCC1954_BREAST":2.148068106,"HCC202_BREAST":1.435220127,"HCC2429_LUNG":2.238809285,"HCC2935_LUNG":2.152862363,"HCC366_LUNG":2.412695479,"HCC461_LUNG":2.650287011,"HCC515_LUNG":2.48917486,"HCC56_LARGE_INTESTINE":2.101041203,"HCC827_LUNG":1.559670856,"HCC95_LUNG":-1.215261942,"HDMYZ_HAEMATOPOIETIC_AND_LYMPHOID_TISSUE":1.884355933,"HEC151_ENDOMETRIUM":2.43962902,"HEC1A_ENDOMETRIUM":2.350691794,"HEC1B_ENDOMETRIUM":2.569587835,"HEC251_ENDOMETRIUM":2.64657477,"HEC265_ENDOMETRIUM":2.311342106,"HEC50B_ENDOMETRIUM":2.622766108,"HEC59_ENDOMETRIUM":2.640655062,"HEC6_ENDOMETRIUM":2.29371702,"HEL_HAEMATOPOIETIC_AND_LYMPHOID_TISSUE":-4.718391589,"HEL9217_HAEMATOPOIETIC_AND_LYMPHOID_TISSUE":-5.065481364,"HEYA8_OVARY":2.273331011,"HGC27_STOMACH":2.624463881,"HLF_LIVER":2.596681157,"HMC18_BREAST":1.782074317,"HOP62_LUNG":2.47593383,"HS294T_SKIN":2.430099925,"HS578T_BREAST":1.884877727,"HS683_CENTRAL_NERVOUS_SYSTEM":-3.261104854,"HS695T_SKIN":2.467632626,"HS729_SOFT_TISSUE":2.488463374,"HS746T_STOMACH":-0.449832923,"HS766T_PANCREAS":1.516649177,"HS852T_SKIN":1.537611701,"HS944T_SKIN":2.624733623,"HSB2_HAEMATOPOIETIC_AND_LYMPHOID_TISSUE":-6.035697518,"HSC1_SKIN":-4.075748507,"HSC2_UPPER_AERODIGESTIVE_TRACT":2.469673767,"HSC3_UPPER_AERODIGESTIVE_TRACT":2.67099091,"HT1080_SOFT_TISSUE":2.518035303,"HT115_LARGE_INTESTINE":-2.887464623,"HT1197_URINARY_TRACT":2.075734801,"HT1376_URINARY_TRACT":1.910404446,"HT144_SKIN":2.673504345,"HT29_LARGE_INTESTINE":-1.83872299,"HT55_LARGE_INTESTINE":1.138292022,"HUH1_LIVER":2.006611611,"HUH6_LIVER":-2.921228567,"HUH7_LIVER":2.671895154,"HUNS1_HAEMATOPOIETIC_AND_LYMPHOID_TISSUE":2.653642183,"HUPT3_PANCREAS":2.636932913,"IALM_LUNG":2.574115623,"IGR1_SKIN":2.673109407,"IGR39_SKIN":2.6521646,"IMR32_AUTONOMIC_GANGLIA":2.673038013,"INA6_HAEMATOPOIETIC_AND_LYMPHOID_TISSUE":1.714489642,"IPC298_SKIN":2.599342065,"ISTMES1_PLEURA":1.083129919,"ISTMES2_PLEURA":0.290428916,"J82_URINARY_TRACT":0.953866202,"JHH1_LIVER":0.607360363,"JHH4_LIVER":2.673529529,"JHH5_LIVER":-2.83236496,"JHH7_LIVER":2.290738127,"JHOC5_OVARY":2.673483149,"JHOM1_OVARY":1.81658418,"JHOS2_OVARY":1.603431751,"JHOS4_OVARY":2.193256708,"JHUEM1_ENDOMETRIUM":2.607806834,"JHUEM7_ENDOMETRIUM":2.025231909,"JIMT1_BREAST":1.280284093,"JJN3_HAEMATOPOIETIC_AND_LYMPHOID_TISSUE":2.669593476,"JMSU1_URINARY_TRACT":2.332166509,"JMURTK2_SOFT_TISSUE":-6.027824053,"JOPACA1_PANCREAS":1.980172372,"JR_SOFT_TISSUE":1.105029299,"K029AX_SKIN":0.595475126,"KALS1_CENTRAL_NERVOUS_SYSTEM":2.617280211,"KARPAS299_HAEMATOPOIETIC_AND_LYMPHOID_TISSUE":-12.97235509,"KARPAS422_HAEMATOPOIETIC_AND_LYMPHOID_TISSUE":2.584437801,"KASUMI1_HAEMATOPOIETIC_AND_LYMPHOID_TISSUE":-4.374624539,"KE39_STOMACH":2.255745026,"KE97_HAEMATOPOIETIC_AND_LYMPHOID_TISSUE":1.865773984,"KELLY_AUTONOMIC_GANGLIA":-1.64513419,"KIJK_HAEMATOPOIETIC_AND_LYMPHOID_TISSUE":-4.896350793,"KLE_ENDOMETRIUM":2.347603021,"KM12_LARGE_INTESTINE":2.669149291,