{"scores":{"127399_SOFT_TISSUE":3.795347295,"143B_BONE":3.666184391,"2313287_STOMACH":-2.135743277,"253J_URINARY_TRACT":4.026211777,"42MGBA_CENTRAL_NERVOUS_SYSTEM":0.609099251,"5637_URINARY_TRACT":-13.51366956,"59M_OVARY":1.861654895,"639V_URINARY_TRACT":4.039857355,"647V_URINARY_TRACT":3.250448689,"697_HAEMATOPOIETIC_AND_LYMPHOID_TISSUE":3.572050913,"769P_KIDNEY":1.291483376,"786O_KIDNEY":3.861639433,"8305C_THYROID":4.046925752,"8MGBA_CENTRAL_NERVOUS_SYSTEM":0.808631221,"A2058_SKIN":-7.336783607,"A2780_OVARY":3.065115173,"A3KAW_HAEMATOPOIETIC_AND_LYMPHOID_TISSUE":3.841002619,"A427_LUNG":3.991201637,"A431_SKIN":4.011283087,"A549_LUNG":3.098861855,"A673_BONE":1.865394406,"ABC1_LUNG":3.851136259,"ACCMESO1_PLEURA":3.610171274,"AGS_STOMACH":0.484795906,"AML193_HAEMATOPOIETIC_AND_LYMPHOID_TISSUE":4.001297272,"AMO1_HAEMATOPOIETIC_AND_LYMPHOID_TISSUE":3.985471031,"ASPC1_PANCREAS":3.969790068,"AU565_BREAST":2.195155652,"BC3C_URINARY_TRACT":3.531332208,"BFTC905_URINARY_TRACT":2.433117932,"BFTC909_KIDNEY":4.046986573,"BHY_UPPER_AERODIGESTIVE_TRACT":1.680900204,"BICR16_UPPER_AERODIGESTIVE_TRACT":-2.842069789,"BICR22_UPPER_AERODIGESTIVE_TRACT":2.965910668,"BICR31_UPPER_AERODIGESTIVE_TRACT":3.546033852,"BICR56_UPPER_AERODIGESTIVE_TRACT":2.063279022,"BICR6_UPPER_AERODIGESTIVE_TRACT":3.937804281,"BICR78_UPPER_AERODIGESTIVE_TRACT":2.717920933,"BIN67_OVARY":3.367337434,"BL70_HAEMATOPOIETIC_AND_LYMPHOID_TISSUE":3.732318458,"BLUE1_HAEMATOPOIETIC_AND_LYMPHOID_TISSUE":1.576710909,"BT12_SOFT_TISSUE":2.85793445,"BT16_SOFT_TISSUE":3.9415963,"BT549_BREAST":3.683193055,"C2BBE1_LARGE_INTESTINE":4.002934259,"C32_SKIN":-4.645065893,"C8166_HAEMATOPOIETIC_AND_LYMPHOID_TISSUE":3.69403582,"CADOES1_BONE":-1.244238233,"CAKI1_KIDNEY":1.509412263,"CAKI2_KIDNEY":-2.000121953,"CAL27_UPPER_AERODIGESTIVE_TRACT":3.091070922,"CAL29_URINARY_TRACT":3.719555479,"CAL33_UPPER_AERODIGESTIVE_TRACT":3.439666382,"CAL51_BREAST":4.017776098,"CAL78_BONE":2.319901007,"CALU1_LUNG":3.985372373,"CALU6_LUNG":2.912798943,"CAMA1_BREAST":4.027552523,"CAOV3_OVARY":3.854236074,"CAS1_CENTRAL_NERVOUS_SYSTEM":-1.38185476,"CASKI_CERVIX":2.727867743,"CCFSTTG1_CENTRAL_NERVOUS_SYSTEM":3.566563718,"CCK81_LARGE_INTESTINE":3.082084501,"CCLFPEDS0001T_KIDNEY":3.006307914,"CCLFPEDS0003T_SOFT_TISSUE":1.737815335,"CFPAC1_PANCREAS":-3.07834127,"CH157MN_CENTRAL_NERVOUS_SYSTEM":3.715058232,"CHAGOK1_LUNG":3.170891447,"CHLA06ATRT_SOFT_TISSUE":4.003501671,"CHLA15_AUTONOMIC_GANGLIA":1.50495017,"CHLA266_SOFT_TISSUE":3.836670846,"CHP212_AUTONOMIC_GANGLIA":-1.189816005,"CJM_SKIN":2.740028464,"CL40_LARGE_INTESTINE":-7.371722494,"CME1_SOFT_TISSUE":0.66831653,"CMLT1_HAEMATOPOIETIC_AND_LYMPHOID_TISSUE":3.050824346,"COGAR359_SOFT_TISSUE":3.565702793,"COGE352_BONE":3.851961792,"COGN278_AUTONOMIC_GANGLIA":1.872284876,"COGN305_AUTONOMIC_GANGLIA":-1.368047547,"COLO201_LARGE_INTESTINE":-20,"COLO678_LARGE_INTESTINE":4.032760393,"COLO679_SKIN":-2.071102702,"COLO792_SKIN":-3.166157247,"COLO800_SKIN":-6.752711909,"CORL23_LUNG":-12.76366728,"CORL279_LUNG":2.576857592,"CORL47_LUNG":3.169689356,"COV318_OVARY":2.039681433,"COV362_OVARY":3.808178894,"COV434_OVARY":3.871780693,"COV504_OVARY":4.045886581,"COV644_OVARY":3.713404071,"CW9019_SOFT_TISSUE":-0.913092091,"D283MED_CENTRAL_NERVOUS_SYSTEM":1.472144008,"D341MED_CENTRAL_NERVOUS_SYSTEM":3.661361883,"D425_CENTRAL_NERVOUS_SYSTEM":3.837017246,"D458_CENTRAL_NERVOUS_SYSTEM":3.516624112,"DANG_PANCREAS":0.074640544,"DAOY_CENTRAL_NERVOUS_SYSTEM":1.846026619,"DB_HAEMATOPOIETIC_AND_LYMPHOID_TISSUE":3.972662613,"DEL_HAEMATOPOIETIC_AND_LYMPHOID_TISSUE":3.954620285,"DETROIT562_UPPER_AERODIGESTIVE_TRACT":3.181978506,"DKMG_CENTRAL_NERVOUS_SYSTEM":0.268255446,"DLD1_LARGE_INTESTINE":3.645696606,"DU4475_BREAST":-3.543413448,"EFE184_ENDOMETRIUM":3.662486163,"EFM19_BREAST":3.083789231,"EFO21_OVARY":3.974368353,"EFO27_OVARY":2.187854288,"EJM_HAEMATOPOIETIC_AND_LYMPHOID_TISSUE":3.705585899,"EKVX_LUNG":3.016015761,"EM2_HAEMATOPOIETIC_AND_LYMPHOID_TISSUE":3.131471236,"EN_ENDOMETRIUM":3.413476643,"EOL1_HAEMATOPOIETIC_AND_LYMPHOID_TISSUE":4.046475117,"EPLC272H_LUNG":-3.848154451,"ES2_OVARY":3.553404121,"ESO26_OESOPHAGUS":3.989324568,"ESS1_ENDOMETRIUM":3.959831672,"EW8_BONE":3.671580552,"EWS502_BONE":3.599175054,"F36P_HAEMATOPOIETIC_AND_LYMPHOID_TISSUE":3.675667125,"F5_CENTRAL_NERVOUS_SYSTEM":3.249719411,"FADU_UPPER_AERODIGESTIVE_TRACT":3.708653958,"FLO1_OESOPHAGUS":2.111552575,"FU97_STOMACH":0.58284944,"G292CLONEA141B1_BONE":3.994659314,"G402_SOFT_TISSUE":-7.319199787,"GAMG_CENTRAL_NERVOUS_SYSTEM":4.033080455,"GB1_CENTRAL_NERVOUS_SYSTEM":3.994703945,"GCIY_STOMACH":3.361071589,"GCT_SOFT_TISSUE":4.028183461,"GI1_CENTRAL_NERVOUS_SYSTEM":4.012336755,"GSS_STOMACH":-20,"GSU_STOMACH":1.530190666,"H103_UPPER_AERODIGESTIVE_TRACT":3.471300394,"H4_CENTRAL_NERVOUS_SYSTEM":2.283591279,"HARA_LUNG":2.272631605,"HB1119_HAEMATOPOIETIC_AND_LYMPHOID_TISSUE":2.530859151,"HCC1143_BREAST":-11.22590517,"HCC1359_LUNG":3.874500451,"HCC1395_BREAST":-0.462405297,"HCC1419_BREAST":2.228712472,"HCC1428_BREAST":3.733303513,"HCC15_LUNG":4.046225494,"HCC1806_BREAST":3.640948101,"HCC1937_BREAST":2.122330321,"HCC1954_BREAST":-0.532484885,"HCC202_BREAST":3.642140815,"HCC2429_LUNG":0.059239606,"HCC2935_LUNG":3.626161721,"HCC366_LUNG":2.672318844,"HCC461_LUNG":3.90494445,"HCC515_LUNG":3.948984,"HCC56_LARGE_INTESTINE":-10.34259263,"HCC827_LUNG":2.734049946,"HCC95_LUNG":3.838763284,"HDMYZ_HAEMATOPOIETIC_AND_LYMPHOID_TISSUE":3.601716234,"HEC151_ENDOMETRIUM":0.104412483,"HEC1A_ENDOMETRIUM":-7.306888911,"HEC1B_ENDOMETRIUM":3.41153351,"HEC251_ENDOMETRIUM":-1.578785699,"HEC265_ENDOMETRIUM":2.409798654,"HEC50B_ENDOMETRIUM":0.985156927,"HEC59_ENDOMETRIUM":3.483332525,"HEC6_ENDOMETRIUM":1.996655678,"HEL_HAEMATOPOIETIC_AND_LYMPHOID_TISSUE":4.025929537,"HEL9217_HAEMATOPOIETIC_AND_LYMPHOID_TISSUE":2.79657114,"HEYA8_OVARY":3.959853354,"HGC27_STOMACH":3.470082006,"HLF_LIVER":4.045608868,"HMC18_BREAST":2.133893265,"HOP62_LUNG":2.673630663,"HS294T_SKIN":-8.170934794,"HS578T_BREAST":3.990440804,"HS683_CENTRAL_NERVOUS_SYSTEM":1.82395754,"HS695T_SKIN":-4.348172365,"HS729_SOFT_TISSUE":2.543221235,"HS746T_STOMACH":3.032937217,"HS766T_PANCREAS":3.522589228,"HS852T_SKIN":-4.889883561,"HS944T_SKIN":-1.068806512,"HSB2_HAEMATOPOIETIC_AND_LYMPHOID_TISSUE":3.132132986,"HSC1_SKIN":-0.188440215,"HSC2_UPPER_AERODIGESTIVE_TRACT":-1.032672107,"HSC3_UPPER_AERODIGESTIVE_TRACT":3.867579417,"HT1080_SOFT_TISSUE":1.673763916,"HT115_LARGE_INTESTINE":-4.984706562,"HT1197_URINARY_TRACT":2.334039649,"HT1376_URINARY_TRACT":3.225402347,"HT144_SKIN":-10.45779152,"HT29_LARGE_INTESTINE":-20,"HT55_LARGE_INTESTINE":-4.818923769,"HUH1_LIVER":3.751913109,"HUH6_LIVER":2.376411788,"HUH7_LIVER":1.157808143,"HUNS1_HAEMATOPOIETIC_AND_LYMPHOID_TISSUE":4.039531267,"HUPT3_PANCREAS":3.844318597,"IALM_LUNG":1.076115794,"IGR1_SKIN":-2.133721769,"IGR39_SKIN":3.890714692,"IMR32_AUTONOMIC_GANGLIA":-3.61549842,"INA6_HAEMATOPOIETIC_AND_LYMPHOID_TISSUE":4.029171648,"IPC298_SKIN":-11.29487323,"ISTMES1_PLEURA":0.248880373,"ISTMES2_PLEURA":2.814237681,"J82_URINARY_TRACT":1.39379039,"JHH1_LIVER":3.507536857,"JHH4_LIVER":0.250180655,"JHH5_LIVER":3.264208122,"JHH7_LIVER":-0.002820743,"JHOC5_OVARY":3.723521066,"JHOM1_OVARY":3.673382085,"JHOS2_OVARY":3.945482912,"JHOS4_OVARY":2.983955908,"JHUEM1_ENDOMETRIUM":3.936069127,"JHUEM7_ENDOMETRIUM":3.011208692,"JIMT1_BREAST":3.566885595,"JJN3_HAEMATOPOIETIC_AND_LYMPHOID_TISSUE":3.751339086,"JMSU1_URINARY_TRACT":0.788041438,"JMURTK2_SOFT_TISSUE":-3.641615871,"JOPACA1_PANCREAS":-16.43949242,"JR_SOFT_TISSUE":3.681035359,"K029AX_SKIN":-12.06975161,"KALS1_CENTRAL_NERVOUS_SYSTEM":2.125852993,"KARPAS299_HAEMATOPOIETIC_AND_LYMPHOID_TISSUE":4.006840482,"KARPAS422_HAEMATOPOIETIC_AND_LYMPHOID_TISSUE":4.036373979,"KASUMI1_HAEMATOPOIETIC_AND_LYMPHOID_TISSUE":1.04659266,"KE39_STOMACH":3.081164905,"KE97_HAEMATOPOIETIC_AND_LYMPHOID_TISSUE":4.022628373,"KELLY_AUTONOMIC_GANGLIA":2.738565196,"KIJK_HAEMATOPOIETIC_AND_LYMPHOID_TISSUE":3.050707074,"KLE_ENDOMETRIUM":1.486275602,"KM12_LARGE_INTESTINE":-2.510358191,