{"scores":{"127399_SOFT_TISSUE":3.254014494,"143B_BONE":3.24553058,"2313287_STOMACH":-6.481868342,"253J_URINARY_TRACT":3.262299898,"42MGBA_CENTRAL_NERVOUS_SYSTEM":3.129183215,"5637_URINARY_TRACT":3.12371497,"59M_OVARY":1.709804271,"639V_URINARY_TRACT":2.757725856,"647V_URINARY_TRACT":1.955237629,"697_HAEMATOPOIETIC_AND_LYMPHOID_TISSUE":1.134802179,"769P_KIDNEY":2.840494556,"786O_KIDNEY":3.080124804,"8305C_THYROID":2.501275423,"8MGBA_CENTRAL_NERVOUS_SYSTEM":3.267823967,"A2058_SKIN":2.389106157,"A2780_OVARY":3.106370483,"A3KAW_HAEMATOPOIETIC_AND_LYMPHOID_TISSUE":3.247550713,"A427_LUNG":2.494322432,"A431_SKIN":2.907918077,"A549_LUNG":1.898463511,"A673_BONE":2.678259073,"ABC1_LUNG":3.076278831,"ACCMESO1_PLEURA":3.185045821,"AGS_STOMACH":2.350474136,"AML193_HAEMATOPOIETIC_AND_LYMPHOID_TISSUE":3.228606585,"AMO1_HAEMATOPOIETIC_AND_LYMPHOID_TISSUE":3.056715879,"ASPC1_PANCREAS":3.242720867,"AU565_BREAST":-20,"BC3C_URINARY_TRACT":3.26585082,"BFTC905_URINARY_TRACT":3.268387163,"BFTC909_KIDNEY":3.271335353,"BHY_UPPER_AERODIGESTIVE_TRACT":2.779029522,"BICR16_UPPER_AERODIGESTIVE_TRACT":3.271352147,"BICR22_UPPER_AERODIGESTIVE_TRACT":3.258119333,"BICR31_UPPER_AERODIGESTIVE_TRACT":3.238916395,"BICR56_UPPER_AERODIGESTIVE_TRACT":3.107596534,"BICR6_UPPER_AERODIGESTIVE_TRACT":2.746126078,"BICR78_UPPER_AERODIGESTIVE_TRACT":-0.451551613,"BIN67_OVARY":3.026950053,"BL70_HAEMATOPOIETIC_AND_LYMPHOID_TISSUE":2.936127959,"BLUE1_HAEMATOPOIETIC_AND_LYMPHOID_TISSUE":2.868719743,"BT12_SOFT_TISSUE":3.14273056,"BT16_SOFT_TISSUE":1.89695878,"BT549_BREAST":3.220381674,"C2BBE1_LARGE_INTESTINE":3.246407403,"C32_SKIN":3.080207962,"C8166_HAEMATOPOIETIC_AND_LYMPHOID_TISSUE":0.389222353,"CADOES1_BONE":0.998958931,"CAKI1_KIDNEY":2.122154419,"CAKI2_KIDNEY":3.052450133,"CAL27_UPPER_AERODIGESTIVE_TRACT":3.087695726,"CAL29_URINARY_TRACT":2.660585595,"CAL33_UPPER_AERODIGESTIVE_TRACT":3.119230239,"CAL51_BREAST":2.13032711,"CAL78_BONE":2.354109086,"CALU1_LUNG":2.190306776,"CALU6_LUNG":3.039165273,"CAMA1_BREAST":-16.16423777,"CAOV3_OVARY":0.773303935,"CAS1_CENTRAL_NERVOUS_SYSTEM":2.012611624,"CASKI_CERVIX":2.914356484,"CCFSTTG1_CENTRAL_NERVOUS_SYSTEM":3.137726448,"CCK81_LARGE_INTESTINE":3.260584742,"CCLFPEDS0001T_KIDNEY":3.214953716,"CCLFPEDS0003T_SOFT_TISSUE":2.937280885,"CFPAC1_PANCREAS":3.015721616,"CH157MN_CENTRAL_NERVOUS_SYSTEM":3.117133612,"CHAGOK1_LUNG":3.1661481,"CHLA06ATRT_SOFT_TISSUE":3.268887707,"CHLA15_AUTONOMIC_GANGLIA":3.176140988,"CHLA266_SOFT_TISSUE":2.06495972,"CHP212_AUTONOMIC_GANGLIA":2.994150283,"CJM_SKIN":1.440204684,"CL40_LARGE_INTESTINE":1.831921842,"CME1_SOFT_TISSUE":2.665184161,"CMLT1_HAEMATOPOIETIC_AND_LYMPHOID_TISSUE":1.198905301,"COGAR359_SOFT_TISSUE":3.216963868,"COGE352_BONE":2.185380192,"COGN278_AUTONOMIC_GANGLIA":3.266047456,"COGN305_AUTONOMIC_GANGLIA":3.260738047,"COLO201_LARGE_INTESTINE":3.195909928,"COLO678_LARGE_INTESTINE":2.670997866,"COLO679_SKIN":-0.61276893,"COLO792_SKIN":0.529161551,"COLO800_SKIN":3.198855893,"CORL23_LUNG":0.044366283,"CORL279_LUNG":0.591032982,"CORL47_LUNG":3.23313693,"COV318_OVARY":3.231854443,"COV362_OVARY":3.172567346,"COV434_OVARY":2.905377323,"COV504_OVARY":2.674441917,"COV644_OVARY":2.994040495,"CW9019_SOFT_TISSUE":3.006056994,"D283MED_CENTRAL_NERVOUS_SYSTEM":3.131150969,"D341MED_CENTRAL_NERVOUS_SYSTEM":2.714407008,"D425_CENTRAL_NERVOUS_SYSTEM":3.209439599,"D458_CENTRAL_NERVOUS_SYSTEM":3.087321403,"DANG_PANCREAS":3.152842057,"DAOY_CENTRAL_NERVOUS_SYSTEM":3.086947619,"DB_HAEMATOPOIETIC_AND_LYMPHOID_TISSUE":1.786568947,"DEL_HAEMATOPOIETIC_AND_LYMPHOID_TISSUE":3.074562838,"DETROIT562_UPPER_AERODIGESTIVE_TRACT":0.854654776,"DKMG_CENTRAL_NERVOUS_SYSTEM":1.865572696,"DLD1_LARGE_INTESTINE":1.338254287,"DU4475_BREAST":3.222727614,"EFE184_ENDOMETRIUM":1.47249357,"EFM19_BREAST":-20,"EFO21_OVARY":3.24410822,"EFO27_OVARY":3.238494446,"EJM_HAEMATOPOIETIC_AND_LYMPHOID_TISSUE":3.271352147,"EKVX_LUNG":2.970286544,"EM2_HAEMATOPOIETIC_AND_LYMPHOID_TISSUE":3.254650787,"EN_ENDOMETRIUM":3.271352147,"EOL1_HAEMATOPOIETIC_AND_LYMPHOID_TISSUE":3.176388077,"EPLC272H_LUNG":2.927522494,"ES2_OVARY":3.160573947,"ESO26_OESOPHAGUS":3.24608659,"ESS1_ENDOMETRIUM":2.905560916,"EW8_BONE":2.640894171,"EWS502_BONE":2.919811832,"F36P_HAEMATOPOIETIC_AND_LYMPHOID_TISSUE":2.456807302,"F5_CENTRAL_NERVOUS_SYSTEM":2.849586988,"FADU_UPPER_AERODIGESTIVE_TRACT":1.424835307,"FLO1_OESOPHAGUS":2.414283924,"FU97_STOMACH":3.261539409,"G292CLONEA141B1_BONE":2.991445762,"G402_SOFT_TISSUE":-2.026810716,"GAMG_CENTRAL_NERVOUS_SYSTEM":2.460456806,"GB1_CENTRAL_NERVOUS_SYSTEM":2.838100247,"GCIY_STOMACH":2.011556711,"GCT_SOFT_TISSUE":1.589151962,"GI1_CENTRAL_NERVOUS_SYSTEM":3.163732026,"GSS_STOMACH":2.174345749,"GSU_STOMACH":3.207938836,"H103_UPPER_AERODIGESTIVE_TRACT":3.269221307,"H4_CENTRAL_NERVOUS_SYSTEM":2.328966153,"HARA_LUNG":3.271351628,"HB1119_HAEMATOPOIETIC_AND_LYMPHOID_TISSUE":0.881943168,"HCC1143_BREAST":2.59140454,"HCC1359_LUNG":3.133023859,"HCC1395_BREAST":2.979727212,"HCC1419_BREAST":-20,"HCC1428_BREAST":-20,"HCC15_LUNG":2.627317512,"HCC1806_BREAST":3.257946489,"HCC1937_BREAST":2.978481544,"HCC1954_BREAST":1.334232053,"HCC202_BREAST":-0.84126463,"HCC2429_LUNG":3.223415909,"HCC2935_LUNG":3.149711152,"HCC366_LUNG":3.26847492,"HCC461_LUNG":2.34955931,"HCC515_LUNG":3.261312541,"HCC56_LARGE_INTESTINE":3.128449127,"HCC827_LUNG":1.524609879,"HCC95_LUNG":1.920853903,"HDMYZ_HAEMATOPOIETIC_AND_LYMPHOID_TISSUE":2.534008022,"HEC151_ENDOMETRIUM":2.77260821,"HEC1A_ENDOMETRIUM":2.213786846,"HEC1B_ENDOMETRIUM":3.249510985,"HEC251_ENDOMETRIUM":2.761977952,"HEC265_ENDOMETRIUM":3.260782149,"HEC50B_ENDOMETRIUM":3.072856027,"HEC59_ENDOMETRIUM":3.226677444,"HEC6_ENDOMETRIUM":3.1510185,"HEL_HAEMATOPOIETIC_AND_LYMPHOID_TISSUE":2.767409491,"HEL9217_HAEMATOPOIETIC_AND_LYMPHOID_TISSUE":3.271352147,"HEYA8_OVARY":3.03908353,"HGC27_STOMACH":2.569133257,"HLF_LIVER":3.165167513,"HMC18_BREAST":2.544307495,"HOP62_LUNG":3.27097969,"HS294T_SKIN":3.20678852,"HS578T_BREAST":2.14874902,"HS683_CENTRAL_NERVOUS_SYSTEM":3.264360133,"HS695T_SKIN":2.656345295,"HS729_SOFT_TISSUE":3.08248056,"HS746T_STOMACH":3.265218782,"HS766T_PANCREAS":2.786782933,"HS852T_SKIN":3.248897712,"HS944T_SKIN":2.790178395,"HSB2_HAEMATOPOIETIC_AND_LYMPHOID_TISSUE":3.271352147,"HSC1_SKIN":2.872937819,"HSC2_UPPER_AERODIGESTIVE_TRACT":3.245844225,"HSC3_UPPER_AERODIGESTIVE_TRACT":3.118198721,"HT1080_SOFT_TISSUE":3.271121981,"HT115_LARGE_INTESTINE":2.64558297,"HT1197_URINARY_TRACT":-6.327020897,"HT1376_URINARY_TRACT":0.532173516,"HT144_SKIN":3.263103238,"HT29_LARGE_INTESTINE":3.218527739,"HT55_LARGE_INTESTINE":2.519217882,"HUH1_LIVER":3.106955037,"HUH6_LIVER":2.994274643,"HUH7_LIVER":3.192287275,"HUNS1_HAEMATOPOIETIC_AND_LYMPHOID_TISSUE":2.999829214,"HUPT3_PANCREAS":2.720774905,"IALM_LUNG":-3.015054584,"IGR1_SKIN":1.469260429,"IGR39_SKIN":3.101235483,"IMR32_AUTONOMIC_GANGLIA":2.73220355,"INA6_HAEMATOPOIETIC_AND_LYMPHOID_TISSUE":-0.689030775,"IPC298_SKIN":3.043021554,"ISTMES1_PLEURA":2.55342237,"ISTMES2_PLEURA":2.284792291,"J82_URINARY_TRACT":2.822208455,"JHH1_LIVER":3.253984101,"JHH4_LIVER":3.210116759,"JHH5_LIVER":3.223350377,"JHH7_LIVER":2.729155611,"JHOC5_OVARY":2.580803554,"JHOM1_OVARY":3.238390251,"JHOS2_OVARY":2.713584893,"JHOS4_OVARY":3.266756824,"JHUEM1_ENDOMETRIUM":2.991890587,"JHUEM7_ENDOMETRIUM":2.889668903,"JIMT1_BREAST":3.247391054,"JJN3_HAEMATOPOIETIC_AND_LYMPHOID_TISSUE":3.271323709,"JMSU1_URINARY_TRACT":3.08815633,"JMURTK2_SOFT_TISSUE":3.167496265,"JOPACA1_PANCREAS":0.273591941,"JR_SOFT_TISSUE":1.89993058,"K029AX_SKIN":3.199044578,"KALS1_CENTRAL_NERVOUS_SYSTEM":2.374888134,"KARPAS299_HAEMATOPOIETIC_AND_LYMPHOID_TISSUE":3.166595133,"KARPAS422_HAEMATOPOIETIC_AND_LYMPHOID_TISSUE":2.804723425,"KASUMI1_HAEMATOPOIETIC_AND_LYMPHOID_TISSUE":2.97460015,"KE39_STOMACH":3.216592136,"KE97_HAEMATOPOIETIC_AND_LYMPHOID_TISSUE":-3.328673934,"KELLY_AUTONOMIC_GANGLIA":3.240703416,"KIJK_HAEMATOPOIETIC_AND_LYMPHOID_TISSUE":2.714014706,"KLE_ENDOMETRIUM":3.249524899,"KM12_LARGE_INTESTINE":3.127276649,"KMBC2_URINARY_TRACT":2.590406363,