{"scores":{"127399_SOFT_TISSUE":2.870957678,"143B_BONE":2.697808529,"2313287_STOMACH":2.237259416,"253J_URINARY_TRACT":2.709204636,"42MGBA_CENTRAL_NERVOUS_SYSTEM":-10.7128701,"5637_URINARY_TRACT":2.980455898,"59M_OVARY":2.53907906,"639V_URINARY_TRACT":2.947322245,"647V_URINARY_TRACT":2.923197314,"697_HAEMATOPOIETIC_AND_LYMPHOID_TISSUE":1.34894212,"769P_KIDNEY":2.601611567,"786O_KIDNEY":2.602720039,"8305C_THYROID":2.379154192,"8MGBA_CENTRAL_NERVOUS_SYSTEM":2.312837214,"A2058_SKIN":2.826854398,"A2780_OVARY":2.856602422,"A3KAW_HAEMATOPOIETIC_AND_LYMPHOID_TISSUE":2.96009653,"A427_LUNG":1.445147415,"A431_SKIN":2.974768966,"A549_LUNG":2.962575902,"A673_BONE":-0.062594812,"ABC1_LUNG":2.716037411,"ACCMESO1_PLEURA":2.980842067,"AGS_STOMACH":2.887701877,"AML193_HAEMATOPOIETIC_AND_LYMPHOID_TISSUE":2.614597895,"AMO1_HAEMATOPOIETIC_AND_LYMPHOID_TISSUE":2.63244923,"ASPC1_PANCREAS":2.502388959,"AU565_BREAST":2.90984374,"BC3C_URINARY_TRACT":2.559295036,"BFTC905_URINARY_TRACT":2.979154039,"BFTC909_KIDNEY":2.961018861,"BHY_UPPER_AERODIGESTIVE_TRACT":2.874189114,"BICR16_UPPER_AERODIGESTIVE_TRACT":1.12045679,"BICR22_UPPER_AERODIGESTIVE_TRACT":2.841752486,"BICR31_UPPER_AERODIGESTIVE_TRACT":2.793327319,"BICR56_UPPER_AERODIGESTIVE_TRACT":2.976615006,"BICR6_UPPER_AERODIGESTIVE_TRACT":2.633669795,"BICR78_UPPER_AERODIGESTIVE_TRACT":2.574259462,"BIN67_OVARY":1.135615157,"BL70_HAEMATOPOIETIC_AND_LYMPHOID_TISSUE":2.703834366,"BLUE1_HAEMATOPOIETIC_AND_LYMPHOID_TISSUE":0.586605006,"BT12_SOFT_TISSUE":2.23556234,"BT16_SOFT_TISSUE":2.780771399,"BT549_BREAST":2.963537914,"C2BBE1_LARGE_INTESTINE":2.979629491,"C32_SKIN":2.935591566,"C8166_HAEMATOPOIETIC_AND_LYMPHOID_TISSUE":2.793088489,"CADOES1_BONE":2.981088075,"CAKI1_KIDNEY":2.934655469,"CAKI2_KIDNEY":2.882131386,"CAL27_UPPER_AERODIGESTIVE_TRACT":2.978979025,"CAL29_URINARY_TRACT":2.882674082,"CAL33_UPPER_AERODIGESTIVE_TRACT":1.298653368,"CAL51_BREAST":2.677255051,"CAL78_BONE":2.388578507,"CALU1_LUNG":2.561530588,"CALU6_LUNG":2.908534484,"CAMA1_BREAST":2.95913674,"CAOV3_OVARY":2.760879511,"CAS1_CENTRAL_NERVOUS_SYSTEM":1.393732311,"CASKI_CERVIX":-6.954048799,"CCFSTTG1_CENTRAL_NERVOUS_SYSTEM":2.909243146,"CCK81_LARGE_INTESTINE":2.469483168,"CCLFPEDS0001T_KIDNEY":2.487706209,"CCLFPEDS0003T_SOFT_TISSUE":2.793972523,"CFPAC1_PANCREAS":2.837252074,"CH157MN_CENTRAL_NERVOUS_SYSTEM":2.098367992,"CHAGOK1_LUNG":2.877338481,"CHLA06ATRT_SOFT_TISSUE":2.981022342,"CHLA15_AUTONOMIC_GANGLIA":2.607577859,"CHLA266_SOFT_TISSUE":2.676427568,"CHP212_AUTONOMIC_GANGLIA":1.54836921,"CJM_SKIN":2.938187363,"CL40_LARGE_INTESTINE":2.825339284,"CME1_SOFT_TISSUE":2.8117267,"CMLT1_HAEMATOPOIETIC_AND_LYMPHOID_TISSUE":2.981088075,"COGAR359_SOFT_TISSUE":2.288468818,"COGE352_BONE":-9.388881181,"COGN278_AUTONOMIC_GANGLIA":0.791802374,"COGN305_AUTONOMIC_GANGLIA":2.019247719,"COLO201_LARGE_INTESTINE":2.666741488,"COLO678_LARGE_INTESTINE":2.396772004,"COLO679_SKIN":2.935368999,"COLO792_SKIN":2.767294206,"COLO800_SKIN":2.165473842,"CORL23_LUNG":2.972906579,"CORL279_LUNG":2.954324868,"CORL47_LUNG":2.665577248,"COV318_OVARY":2.900921161,"COV362_OVARY":1.925978229,"COV434_OVARY":0.736653652,"COV504_OVARY":2.036523211,"COV644_OVARY":2.902847375,"CW9019_SOFT_TISSUE":-0.338534049,"D283MED_CENTRAL_NERVOUS_SYSTEM":1.837835272,"D341MED_CENTRAL_NERVOUS_SYSTEM":2.656298747,"D425_CENTRAL_NERVOUS_SYSTEM":2.623914515,"D458_CENTRAL_NERVOUS_SYSTEM":2.622264019,"DANG_PANCREAS":2.944227234,"DAOY_CENTRAL_NERVOUS_SYSTEM":2.865856497,"DB_HAEMATOPOIETIC_AND_LYMPHOID_TISSUE":2.941277034,"DEL_HAEMATOPOIETIC_AND_LYMPHOID_TISSUE":-7.464034528,"DETROIT562_UPPER_AERODIGESTIVE_TRACT":2.371664311,"DKMG_CENTRAL_NERVOUS_SYSTEM":2.97015873,"DLD1_LARGE_INTESTINE":2.888420653,"DU4475_BREAST":1.430774324,"EFE184_ENDOMETRIUM":2.794732291,"EFM19_BREAST":2.348038052,"EFO21_OVARY":2.673912781,"EFO27_OVARY":1.748843013,"EJM_HAEMATOPOIETIC_AND_LYMPHOID_TISSUE":2.980629786,"EKVX_LUNG":2.17729115,"EM2_HAEMATOPOIETIC_AND_LYMPHOID_TISSUE":2.327587634,"EN_ENDOMETRIUM":1.996180723,"EOL1_HAEMATOPOIETIC_AND_LYMPHOID_TISSUE":2.829406686,"EPLC272H_LUNG":2.895136585,"ES2_OVARY":2.794042269,"ESO26_OESOPHAGUS":2.198748277,"ESS1_ENDOMETRIUM":0.986983818,"EW8_BONE":-11.49584893,"EWS502_BONE":-5.530883297,"F36P_HAEMATOPOIETIC_AND_LYMPHOID_TISSUE":1.977949266,"F5_CENTRAL_NERVOUS_SYSTEM":-0.339627008,"FADU_UPPER_AERODIGESTIVE_TRACT":2.973351209,"FLO1_OESOPHAGUS":2.815500435,"FU97_STOMACH":2.937936407,"G292CLONEA141B1_BONE":2.47652833,"G402_SOFT_TISSUE":-3.291536329,"GAMG_CENTRAL_NERVOUS_SYSTEM":2.922568742,"GB1_CENTRAL_NERVOUS_SYSTEM":2.803544252,"GCIY_STOMACH":2.27267903,"GCT_SOFT_TISSUE":2.253629341,"GI1_CENTRAL_NERVOUS_SYSTEM":2.883454818,"GSS_STOMACH":2.1117513,"GSU_STOMACH":-2.059972762,"H103_UPPER_AERODIGESTIVE_TRACT":2.783104612,"H4_CENTRAL_NERVOUS_SYSTEM":-8.152545371,"HARA_LUNG":2.664743896,"HB1119_HAEMATOPOIETIC_AND_LYMPHOID_TISSUE":2.935766517,"HCC1143_BREAST":2.96572062,"HCC1359_LUNG":2.963972443,"HCC1395_BREAST":2.741519462,"HCC1419_BREAST":2.938802885,"HCC1428_BREAST":2.197873296,"HCC15_LUNG":2.365993925,"HCC1806_BREAST":2.946542468,"HCC1937_BREAST":2.922590371,"HCC1954_BREAST":2.871573126,"HCC202_BREAST":2.927241748,"HCC2429_LUNG":-4.432246962,"HCC2935_LUNG":2.785153256,"HCC366_LUNG":2.950404029,"HCC461_LUNG":2.740130513,"HCC515_LUNG":2.418092008,"HCC56_LARGE_INTESTINE":2.897974115,"HCC827_LUNG":2.687796492,"HCC95_LUNG":0.93546509,"HDMYZ_HAEMATOPOIETIC_AND_LYMPHOID_TISSUE":2.47743359,"HEC151_ENDOMETRIUM":2.872549025,"HEC1A_ENDOMETRIUM":-3.380219538,"HEC1B_ENDOMETRIUM":2.149622512,"HEC251_ENDOMETRIUM":2.980636394,"HEC265_ENDOMETRIUM":2.880666998,"HEC50B_ENDOMETRIUM":2.731842724,"HEC59_ENDOMETRIUM":2.057641533,"HEC6_ENDOMETRIUM":2.731203874,"HEL_HAEMATOPOIETIC_AND_LYMPHOID_TISSUE":2.650844378,"HEL9217_HAEMATOPOIETIC_AND_LYMPHOID_TISSUE":2.887616039,"HEYA8_OVARY":2.836648172,"HGC27_STOMACH":2.292098049,"HLF_LIVER":2.891049474,"HMC18_BREAST":2.973787828,"HOP62_LUNG":2.608454227,"HS294T_SKIN":2.685908175,"HS578T_BREAST":0.773418175,"HS683_CENTRAL_NERVOUS_SYSTEM":2.810424614,"HS695T_SKIN":2.882321826,"HS729_SOFT_TISSUE":2.914803958,"HS746T_STOMACH":2.973939722,"HS766T_PANCREAS":2.305984675,"HS852T_SKIN":2.432078002,"HS944T_SKIN":2.375909693,"HSB2_HAEMATOPOIETIC_AND_LYMPHOID_TISSUE":2.297328616,"HSC1_SKIN":2.922320359,"HSC2_UPPER_AERODIGESTIVE_TRACT":2.710195722,"HSC3_UPPER_AERODIGESTIVE_TRACT":1.019870943,"HT1080_SOFT_TISSUE":2.972659849,"HT115_LARGE_INTESTINE":2.863980339,"HT1197_URINARY_TRACT":2.761534382,"HT1376_URINARY_TRACT":2.917952512,"HT144_SKIN":2.549323028,"HT29_LARGE_INTESTINE":1.562801745,"HT55_LARGE_INTESTINE":2.342927653,"HUH1_LIVER":2.032361912,"HUH6_LIVER":2.702752194,"HUH7_LIVER":2.785042717,"HUNS1_HAEMATOPOIETIC_AND_LYMPHOID_TISSUE":1.677537085,"HUPT3_PANCREAS":2.963067699,"IALM_LUNG":2.702795659,"IGR1_SKIN":1.680940421,"IGR39_SKIN":2.578446282,"IMR32_AUTONOMIC_GANGLIA":1.946831816,"INA6_HAEMATOPOIETIC_AND_LYMPHOID_TISSUE":2.452889258,"IPC298_SKIN":2.963174145,"ISTMES1_PLEURA":2.978728478,"ISTMES2_PLEURA":2.817553314,"J82_URINARY_TRACT":2.596353615,"JHH1_LIVER":2.932419354,"JHH4_LIVER":1.076268574,"JHH5_LIVER":2.664154017,"JHH7_LIVER":2.761027775,"JHOC5_OVARY":1.185158492,"JHOM1_OVARY":2.980610362,"JHOS2_OVARY":2.768502608,"JHOS4_OVARY":2.662322882,"JHUEM1_ENDOMETRIUM":2.973759571,"JHUEM7_ENDOMETRIUM":0.828118175,"JIMT1_BREAST":2.521871229,"JJN3_HAEMATOPOIETIC_AND_LYMPHOID_TISSUE":2.500942644,"JMSU1_URINARY_TRACT":2.786712545,"JMURTK2_SOFT_TISSUE":2.791330879,"JOPACA1_PANCREAS":2.859640992,"JR_SOFT_TISSUE":2.954003992,"K029AX_SKIN":2.776064282,"KALS1_CENTRAL_NERVOUS_SYSTEM":2.791464427,"KARPAS299_HAEMATOPOIETIC_AND_LYMPHOID_TISSUE":2.857194676,"KARPAS422_HAEMATOPOIETIC_AND_LYMPHOID_TISSUE":2.038991157,"KASUMI1_HAEMATOPOIETIC_AND_LYMPHOID_TISSUE":2.980974284,"KE39_STOMACH":2.676665622,"KE97_HAEMATOPOIETIC_AND_LYMPHOID_TISSUE":1.772579637,"KELLY_AUTONOMIC_GANGLIA":2.919975947,"KIJK_HAEMATOPOIETIC_AND_LYMPHOID_TISSUE":-9.889068231,"KLE_ENDOMETRIUM":2.446203255,"KM12_LARGE_INTESTINE":0.642404749,