{"scores":{"127399_SOFT_TISSUE":-0.382178998,"143B_BONE":-1.717860997,"2313287_STOMACH":2.06156111,"253J_URINARY_TRACT":-1.706572405,"42MGBA_CENTRAL_NERVOUS_SYSTEM":-0.984451612,"5637_URINARY_TRACT":-1.739752703,"59M_OVARY":-1.751020071,"639V_URINARY_TRACT":-1.750928055,"647V_URINARY_TRACT":-1.752555415,"697_HAEMATOPOIETIC_AND_LYMPHOID_TISSUE":-1.752658057,"769P_KIDNEY":-1.729715933,"786O_KIDNEY":-1.732911743,"8305C_THYROID":-1.316490623,"8MGBA_CENTRAL_NERVOUS_SYSTEM":0.091197593,"A2058_SKIN":-1.254314469,"A2780_OVARY":-1.178924288,"A3KAW_HAEMATOPOIETIC_AND_LYMPHOID_TISSUE":-1.651813173,"A427_LUNG":0.390429562,"A431_SKIN":-1.632672186,"A549_LUNG":-1.240835756,"A673_BONE":-1.483975776,"ABC1_LUNG":-1.745003422,"ACCMESO1_PLEURA":-1.09696472,"AGS_STOMACH":1.064868142,"AML193_HAEMATOPOIETIC_AND_LYMPHOID_TISSUE":-1.675023573,"AMO1_HAEMATOPOIETIC_AND_LYMPHOID_TISSUE":-0.9080007,"ASPC1_PANCREAS":-0.38123274,"AU565_BREAST":-0.388162468,"BC3C_URINARY_TRACT":-1.753457879,"BFTC905_URINARY_TRACT":-0.602421801,"BFTC909_KIDNEY":-1.728046589,"BHY_UPPER_AERODIGESTIVE_TRACT":-1.579957106,"BICR16_UPPER_AERODIGESTIVE_TRACT":-1.728814302,"BICR22_UPPER_AERODIGESTIVE_TRACT":-1.715094974,"BICR31_UPPER_AERODIGESTIVE_TRACT":5.75597953,"BICR56_UPPER_AERODIGESTIVE_TRACT":-0.145851074,"BICR6_UPPER_AERODIGESTIVE_TRACT":-1.506840715,"BICR78_UPPER_AERODIGESTIVE_TRACT":-1.543107603,"BIN67_OVARY":-1.6388201,"BL70_HAEMATOPOIETIC_AND_LYMPHOID_TISSUE":-1.135774483,"BLUE1_HAEMATOPOIETIC_AND_LYMPHOID_TISSUE":-1.378814608,"BT12_SOFT_TISSUE":-1.686906709,"BT16_SOFT_TISSUE":0.082886404,"BT549_BREAST":-1.219706672,"C2BBE1_LARGE_INTESTINE":0.582632659,"C32_SKIN":0.060180429,"C8166_HAEMATOPOIETIC_AND_LYMPHOID_TISSUE":-0.852577686,"CADOES1_BONE":-1.727072515,"CAKI1_KIDNEY":0.961728487,"CAKI2_KIDNEY":-1.604066193,"CAL27_UPPER_AERODIGESTIVE_TRACT":-1.731745958,"CAL29_URINARY_TRACT":-1.545294095,"CAL33_UPPER_AERODIGESTIVE_TRACT":0.383027269,"CAL51_BREAST":-0.45406295,"CAL78_BONE":-0.32680607,"CALU1_LUNG":-1.554102188,"CALU6_LUNG":-1.211177374,"CAMA1_BREAST":6.415053602,"CAOV3_OVARY":-1.51030459,"CAS1_CENTRAL_NERVOUS_SYSTEM":-1.732511268,"CASKI_CERVIX":-0.77079533,"CCFSTTG1_CENTRAL_NERVOUS_SYSTEM":-1.65850978,"CCK81_LARGE_INTESTINE":-0.679246102,"CCLFPEDS0001T_KIDNEY":-1.751843028,"CCLFPEDS0003T_SOFT_TISSUE":-1.488581924,"CFPAC1_PANCREAS":-1.706560088,"CH157MN_CENTRAL_NERVOUS_SYSTEM":-1.09883559,"CHAGOK1_LUNG":-1.635711665,"CHLA06ATRT_SOFT_TISSUE":-1.710879708,"CHLA15_AUTONOMIC_GANGLIA":-1.700573723,"CHLA266_SOFT_TISSUE":-1.645091543,"CHP212_AUTONOMIC_GANGLIA":-1.749062658,"CJM_SKIN":-1.077836786,"CL40_LARGE_INTESTINE":-0.292548382,"CME1_SOFT_TISSUE":-0.416311136,"CMLT1_HAEMATOPOIETIC_AND_LYMPHOID_TISSUE":-1.621651249,"COGAR359_SOFT_TISSUE":-1.362609199,"COGE352_BONE":0.15769635,"COGN278_AUTONOMIC_GANGLIA":-0.970156341,"COGN305_AUTONOMIC_GANGLIA":-1.749563968,"COLO201_LARGE_INTESTINE":0.300310199,"COLO678_LARGE_INTESTINE":4.072938924,"COLO679_SKIN":-0.717852489,"COLO792_SKIN":-1.7382188,"COLO800_SKIN":-1.714106797,"CORL23_LUNG":-1.610095527,"CORL279_LUNG":-1.65314866,"CORL47_LUNG":-0.466433927,"COV318_OVARY":0.131527285,"COV362_OVARY":-1.098853834,"COV434_OVARY":-1.331784029,"COV504_OVARY":-1.246980928,"COV644_OVARY":-1.740668386,"CW9019_SOFT_TISSUE":-1.230093709,"D283MED_CENTRAL_NERVOUS_SYSTEM":-0.614904925,"D341MED_CENTRAL_NERVOUS_SYSTEM":-1.708421748,"D425_CENTRAL_NERVOUS_SYSTEM":-1.441303072,"D458_CENTRAL_NERVOUS_SYSTEM":-1.412333538,"DANG_PANCREAS":1.326372283,"DAOY_CENTRAL_NERVOUS_SYSTEM":-1.642020532,"DB_HAEMATOPOIETIC_AND_LYMPHOID_TISSUE":-1.750174886,"DEL_HAEMATOPOIETIC_AND_LYMPHOID_TISSUE":-1.525118484,"DETROIT562_UPPER_AERODIGESTIVE_TRACT":-1.723484002,"DKMG_CENTRAL_NERVOUS_SYSTEM":-1.417058704,"DLD1_LARGE_INTESTINE":-1.753586973,"DU4475_BREAST":-1.710222837,"EFE184_ENDOMETRIUM":2.125515919,"EFM19_BREAST":-1.703530974,"EFO21_OVARY":0.029613251,"EFO27_OVARY":-0.588609016,"EJM_HAEMATOPOIETIC_AND_LYMPHOID_TISSUE":-1.205748737,"EKVX_LUNG":-1.707467363,"EM2_HAEMATOPOIETIC_AND_LYMPHOID_TISSUE":-1.630813659,"EN_ENDOMETRIUM":-1.604974369,"EOL1_HAEMATOPOIETIC_AND_LYMPHOID_TISSUE":-1.378139771,"EPLC272H_LUNG":-1.752457243,"ES2_OVARY":-1.239604618,"ESO26_OESOPHAGUS":1.922766399,"ESS1_ENDOMETRIUM":-1.752790498,"EW8_BONE":-1.203069636,"EWS502_BONE":6.494581388,"F36P_HAEMATOPOIETIC_AND_LYMPHOID_TISSUE":2.060137499,"F5_CENTRAL_NERVOUS_SYSTEM":-1.489019564,"FADU_UPPER_AERODIGESTIVE_TRACT":-1.565927708,"FLO1_OESOPHAGUS":-0.926180435,"FU97_STOMACH":-1.373226479,"G292CLONEA141B1_BONE":-1.558763589,"G402_SOFT_TISSUE":-1.199448143,"GAMG_CENTRAL_NERVOUS_SYSTEM":-1.570025408,"GB1_CENTRAL_NERVOUS_SYSTEM":-1.683899099,"GCIY_STOMACH":-1.750425191,"GCT_SOFT_TISSUE":-0.648234185,"GI1_CENTRAL_NERVOUS_SYSTEM":1.593590716,"GSS_STOMACH":4.886285889,"GSU_STOMACH":-1.468805271,"H103_UPPER_AERODIGESTIVE_TRACT":-0.511059692,"H4_CENTRAL_NERVOUS_SYSTEM":-1.685709703,"HARA_LUNG":-1.752331313,"HB1119_HAEMATOPOIETIC_AND_LYMPHOID_TISSUE":0.088909941,"HCC1143_BREAST":-1.305362272,"HCC1359_LUNG":-1.73173189,"HCC1395_BREAST":-1.680592732,"HCC1419_BREAST":1.152499344,"HCC1428_BREAST":3.696980709,"HCC15_LUNG":-1.548184041,"HCC1806_BREAST":1.11469843,"HCC1937_BREAST":-1.081756554,"HCC1954_BREAST":-1.52986238,"HCC202_BREAST":2.060273052,"HCC2429_LUNG":-1.75356179,"HCC2935_LUNG":-1.751649342,"HCC366_LUNG":2.587032669,"HCC461_LUNG":-1.173509143,"HCC515_LUNG":-1.752381291,"HCC56_LARGE_INTESTINE":-1.741482104,"HCC827_LUNG":1.661344872,"HCC95_LUNG":-0.016107924,"HDMYZ_HAEMATOPOIETIC_AND_LYMPHOID_TISSUE":-1.062622332,"HEC151_ENDOMETRIUM":-0.601601971,"HEC1A_ENDOMETRIUM":-0.800611777,"HEC1B_ENDOMETRIUM":-0.496243279,"HEC251_ENDOMETRIUM":-1.544632737,"HEC265_ENDOMETRIUM":-1.195384104,"HEC50B_ENDOMETRIUM":0.418604455,"HEC59_ENDOMETRIUM":-0.174988504,"HEC6_ENDOMETRIUM":-1.441174805,"HEL_HAEMATOPOIETIC_AND_LYMPHOID_TISSUE":1.024961683,"HEL9217_HAEMATOPOIETIC_AND_LYMPHOID_TISSUE":-1.744807995,"HEYA8_OVARY":-1.660086072,"HGC27_STOMACH":-1.650775141,"HLF_LIVER":-1.744601882,"HMC18_BREAST":-1.037232849,"HOP62_LUNG":-1.720021561,"HS294T_SKIN":-1.651882255,"HS578T_BREAST":-1.647474698,"HS683_CENTRAL_NERVOUS_SYSTEM":-1.589856849,"HS695T_SKIN":-1.288300184,"HS729_SOFT_TISSUE":-1.75302371,"HS746T_STOMACH":-1.505153324,"HS766T_PANCREAS":-1.140964198,"HS852T_SKIN":-1.750386035,"HS944T_SKIN":-1.511417116,"HSB2_HAEMATOPOIETIC_AND_LYMPHOID_TISSUE":-1.337113072,"HSC1_SKIN":-1.723910728,"HSC2_UPPER_AERODIGESTIVE_TRACT":-1.686763114,"HSC3_UPPER_AERODIGESTIVE_TRACT":-0.246417783,"HT1080_SOFT_TISSUE":-1.595246654,"HT115_LARGE_INTESTINE":-1.47088948,"HT1197_URINARY_TRACT":-1.708214956,"HT1376_URINARY_TRACT":-1.75360684,"HT144_SKIN":-0.921098624,"HT29_LARGE_INTESTINE":-1.686102388,"HT55_LARGE_INTESTINE":2.45710668,"HUH1_LIVER":-1.664021396,"HUH6_LIVER":1.004041287,"HUH7_LIVER":-1.254601688,"HUNS1_HAEMATOPOIETIC_AND_LYMPHOID_TISSUE":-1.318820438,"HUPT3_PANCREAS":-1.753596993,"IALM_LUNG":-1.753332071,"IGR1_SKIN":-1.741516681,"IGR39_SKIN":-1.631606684,"IMR32_AUTONOMIC_GANGLIA":-1.740848969,"INA6_HAEMATOPOIETIC_AND_LYMPHOID_TISSUE":-0.022142185,"IPC298_SKIN":-1.720153792,"ISTMES1_PLEURA":2.700289737,"ISTMES2_PLEURA":-1.59880832,"J82_URINARY_TRACT":-0.774693364,"JHH1_LIVER":1.739807095,"JHH4_LIVER":-1.717461011,"JHH5_LIVER":-0.994494934,"JHH7_LIVER":-0.67066201,"JHOC5_OVARY":-0.778724646,"JHOM1_OVARY":-1.73827065,"JHOS2_OVARY":3.00161108,"JHOS4_OVARY":1.462291494,"JHUEM1_ENDOMETRIUM":-0.75436525,"JHUEM7_ENDOMETRIUM":0.835995206,"JIMT1_BREAST":-1.336956321,"JJN3_HAEMATOPOIETIC_AND_LYMPHOID_TISSUE":0.064874353,"JMSU1_URINARY_TRACT":-1.64291234,"JMURTK2_SOFT_TISSUE":-1.728414289,"JOPACA1_PANCREAS":-1.04706897,"JR_SOFT_TISSUE":-1.601741515,"K029AX_SKIN":-1.633925684,"KALS1_CENTRAL_NERVOUS_SYSTEM":-1.644200104,"KARPAS299_HAEMATOPOIETIC_AND_LYMPHOID_TISSUE":-1.549072737,"KARPAS422_HAEMATOPOIETIC_AND_LYMPHOID_TISSUE":-1.616030157,"KASUMI1_HAEMATOPOIETIC_AND_LYMPHOID_TISSUE":-1.256752743,"KE39_STOMACH":-0.979271419,"KE97_HAEMATOPOIETIC_AND_LYMPHOID_TISSUE":-1.75360684,