{"scores":{"127399_SOFT_TISSUE":-1.584995146,"143B_BONE":3.85408085,"2313287_STOMACH":-1.338175395,"253J_URINARY_TRACT":-1.04470634,"42MGBA_CENTRAL_NERVOUS_SYSTEM":-2.043857402,"5637_URINARY_TRACT":-1.616527225,"59M_OVARY":2.863936514,"639V_URINARY_TRACT":-1.926926247,"647V_URINARY_TRACT":0.100170177,"697_HAEMATOPOIETIC_AND_LYMPHOID_TISSUE":-1.591338545,"769P_KIDNEY":-1.904098281,"786O_KIDNEY":-1.701097631,"8305C_THYROID":-0.910665825,"8MGBA_CENTRAL_NERVOUS_SYSTEM":-1.653929734,"A2058_SKIN":-1.799892724,"A2780_OVARY":-0.98867649,"A3KAW_HAEMATOPOIETIC_AND_LYMPHOID_TISSUE":-1.75784449,"A427_LUNG":-1.849858222,"A431_SKIN":2.861811453,"A549_LUNG":-1.608712991,"A673_BONE":-1.400030884,"ABC1_LUNG":-1.51418524,"ACCMESO1_PLEURA":-1.835832408,"AGS_STOMACH":2.039810528,"AML193_HAEMATOPOIETIC_AND_LYMPHOID_TISSUE":-1.066780747,"AMO1_HAEMATOPOIETIC_AND_LYMPHOID_TISSUE":-1.70687224,"ASPC1_PANCREAS":-2.011086452,"AU565_BREAST":-2.030061197,"BC3C_URINARY_TRACT":-1.044738934,"BFTC905_URINARY_TRACT":-1.616645107,"BFTC909_KIDNEY":0.784969309,"BHY_UPPER_AERODIGESTIVE_TRACT":-1.78057174,"BICR16_UPPER_AERODIGESTIVE_TRACT":-1.876005904,"BICR22_UPPER_AERODIGESTIVE_TRACT":-2.032613072,"BICR31_UPPER_AERODIGESTIVE_TRACT":-0.863001792,"BICR56_UPPER_AERODIGESTIVE_TRACT":-1.968376645,"BICR6_UPPER_AERODIGESTIVE_TRACT":-1.987704071,"BICR78_UPPER_AERODIGESTIVE_TRACT":-2.019998208,"BIN67_OVARY":-1.970266025,"BL70_HAEMATOPOIETIC_AND_LYMPHOID_TISSUE":-0.778915117,"BLUE1_HAEMATOPOIETIC_AND_LYMPHOID_TISSUE":-1.80076729,"BT12_SOFT_TISSUE":-0.816154001,"BT16_SOFT_TISSUE":-1.067243471,"BT549_BREAST":8.705017294,"C2BBE1_LARGE_INTESTINE":-0.656342195,"C32_SKIN":-2.037086844,"C8166_HAEMATOPOIETIC_AND_LYMPHOID_TISSUE":-0.061326692,"CADOES1_BONE":-2.044725619,"CAKI1_KIDNEY":-1.94605175,"CAKI2_KIDNEY":2.963027278,"CAL27_UPPER_AERODIGESTIVE_TRACT":2.176854346,"CAL29_URINARY_TRACT":-1.990606152,"CAL33_UPPER_AERODIGESTIVE_TRACT":0.160865246,"CAL51_BREAST":-0.212503914,"CAL78_BONE":-0.468661163,"CALU1_LUNG":0.02279269,"CALU6_LUNG":-0.699790235,"CAMA1_BREAST":-2.032712038,"CAOV3_OVARY":-1.993951872,"CAS1_CENTRAL_NERVOUS_SYSTEM":-0.139706422,"CASKI_CERVIX":-2.043553349,"CCFSTTG1_CENTRAL_NERVOUS_SYSTEM":4.998594743,"CCK81_LARGE_INTESTINE":-1.978003286,"CCLFPEDS0001T_KIDNEY":0.348527716,"CCLFPEDS0003T_SOFT_TISSUE":-2.035023825,"CFPAC1_PANCREAS":-0.43823254,"CH157MN_CENTRAL_NERVOUS_SYSTEM":1.212682533,"CHAGOK1_LUNG":-1.756605842,"CHLA06ATRT_SOFT_TISSUE":-1.595651146,"CHLA15_AUTONOMIC_GANGLIA":-1.342180862,"CHLA266_SOFT_TISSUE":-2.002772483,"CHP212_AUTONOMIC_GANGLIA":-2.018160434,"CJM_SKIN":-1.550433235,"CL40_LARGE_INTESTINE":-1.606914877,"CME1_SOFT_TISSUE":-1.662257529,"CMLT1_HAEMATOPOIETIC_AND_LYMPHOID_TISSUE":-1.198724281,"COGAR359_SOFT_TISSUE":-1.57585094,"COGE352_BONE":-1.958573609,"COGN278_AUTONOMIC_GANGLIA":-1.779162004,"COGN305_AUTONOMIC_GANGLIA":-1.935686213,"COLO201_LARGE_INTESTINE":-1.56623,"COLO678_LARGE_INTESTINE":-1.958012578,"COLO679_SKIN":-1.690870349,"COLO792_SKIN":-1.907529843,"COLO800_SKIN":-1.809439024,"CORL23_LUNG":-1.784183511,"CORL279_LUNG":-0.688180747,"CORL47_LUNG":-1.162531283,"COV318_OVARY":-1.883103625,"COV362_OVARY":9.146109555,"COV434_OVARY":-2.046037736,"COV504_OVARY":-0.719507148,"COV644_OVARY":-2.013674317,"CW9019_SOFT_TISSUE":-2.047946461,"D283MED_CENTRAL_NERVOUS_SYSTEM":-1.933991753,"D341MED_CENTRAL_NERVOUS_SYSTEM":-2.047225785,"D425_CENTRAL_NERVOUS_SYSTEM":-2.037557642,"D458_CENTRAL_NERVOUS_SYSTEM":-1.987529912,"DANG_PANCREAS":-2.001387824,"DAOY_CENTRAL_NERVOUS_SYSTEM":-1.135818389,"DB_HAEMATOPOIETIC_AND_LYMPHOID_TISSUE":-2.027353751,"DEL_HAEMATOPOIETIC_AND_LYMPHOID_TISSUE":-1.856840734,"DETROIT562_UPPER_AERODIGESTIVE_TRACT":-2.047946461,"DKMG_CENTRAL_NERVOUS_SYSTEM":20,"DLD1_LARGE_INTESTINE":-1.812717858,"DU4475_BREAST":-1.781178436,"EFE184_ENDOMETRIUM":-1.941756049,"EFM19_BREAST":-1.872380582,"EFO21_OVARY":-1.77365958,"EFO27_OVARY":-0.595290102,"EJM_HAEMATOPOIETIC_AND_LYMPHOID_TISSUE":-1.988042352,"EKVX_LUNG":-1.915832887,"EM2_HAEMATOPOIETIC_AND_LYMPHOID_TISSUE":-1.631054793,"EN_ENDOMETRIUM":-1.19146073,"EOL1_HAEMATOPOIETIC_AND_LYMPHOID_TISSUE":-0.770689563,"EPLC272H_LUNG":-1.946046826,"ES2_OVARY":-1.323209331,"ESO26_OESOPHAGUS":-1.648329091,"ESS1_ENDOMETRIUM":-1.895122985,"EW8_BONE":-2.034419779,"EWS502_BONE":-1.628730533,"F36P_HAEMATOPOIETIC_AND_LYMPHOID_TISSUE":-1.932643881,"F5_CENTRAL_NERVOUS_SYSTEM":-1.492338773,"FADU_UPPER_AERODIGESTIVE_TRACT":1.245229299,"FLO1_OESOPHAGUS":0.307231451,"FU97_STOMACH":-1.974063347,"G292CLONEA141B1_BONE":-1.846450033,"G402_SOFT_TISSUE":-1.917790293,"GAMG_CENTRAL_NERVOUS_SYSTEM":-1.910061601,"GB1_CENTRAL_NERVOUS_SYSTEM":0.227599402,"GCIY_STOMACH":-1.991756991,"GCT_SOFT_TISSUE":1.280946228,"GI1_CENTRAL_NERVOUS_SYSTEM":-1.758750654,"GSS_STOMACH":-1.473497706,"GSU_STOMACH":-1.963744783,"H103_UPPER_AERODIGESTIVE_TRACT":-1.1623657,"H4_CENTRAL_NERVOUS_SYSTEM":8.67714525,"HARA_LUNG":-2.044833465,"HB1119_HAEMATOPOIETIC_AND_LYMPHOID_TISSUE":-2.046442808,"HCC1143_BREAST":-2.034154836,"HCC1359_LUNG":-1.784482885,"HCC1395_BREAST":-1.409059205,"HCC1419_BREAST":-2.029704182,"HCC1428_BREAST":-2.040703779,"HCC15_LUNG":-1.670841663,"HCC1806_BREAST":-0.159743301,"HCC1937_BREAST":-2.009636563,"HCC1954_BREAST":-0.559417459,"HCC202_BREAST":-2.047877156,"HCC2429_LUNG":-2.044188407,"HCC2935_LUNG":0.833493568,"HCC366_LUNG":-1.659355427,"HCC461_LUNG":-1.551772568,"HCC515_LUNG":-1.66302434,"HCC56_LARGE_INTESTINE":-2.028974455,"HCC827_LUNG":-1.538931126,"HCC95_LUNG":-0.844874717,"HDMYZ_HAEMATOPOIETIC_AND_LYMPHOID_TISSUE":2.056177338,"HEC151_ENDOMETRIUM":-2.035590044,"HEC1A_ENDOMETRIUM":-0.381686987,"HEC1B_ENDOMETRIUM":-1.989951444,"HEC251_ENDOMETRIUM":-0.390835867,"HEC265_ENDOMETRIUM":-0.895680476,"HEC50B_ENDOMETRIUM":-2.01500826,"HEC59_ENDOMETRIUM":-2.044430932,"HEC6_ENDOMETRIUM":-2.047447199,"HEL_HAEMATOPOIETIC_AND_LYMPHOID_TISSUE":-2.047912846,"HEL9217_HAEMATOPOIETIC_AND_LYMPHOID_TISSUE":-1.960129576,"HEYA8_OVARY":-1.119137006,"HGC27_STOMACH":-1.982290968,"HLF_LIVER":-1.357800463,"HMC18_BREAST":-1.667872642,"HOP62_LUNG":-2.043108987,"HS294T_SKIN":-1.497151694,"HS578T_BREAST":-1.716319364,"HS683_CENTRAL_NERVOUS_SYSTEM":2.416057586,"HS695T_SKIN":-1.618432119,"HS729_SOFT_TISSUE":-0.729921758,"HS746T_STOMACH":-1.96500415,"HS766T_PANCREAS":-2.01674352,"HS852T_SKIN":3.415088637,"HS944T_SKIN":0.200811034,"HSB2_HAEMATOPOIETIC_AND_LYMPHOID_TISSUE":1.274049034,"HSC1_SKIN":-2.042278059,"HSC2_UPPER_AERODIGESTIVE_TRACT":-1.69056757,"HSC3_UPPER_AERODIGESTIVE_TRACT":-2.041417372,"HT1080_SOFT_TISSUE":4.292640235,"HT115_LARGE_INTESTINE":-2.035633355,"HT1197_URINARY_TRACT":-2.039107463,"HT1376_URINARY_TRACT":0.223372794,"HT144_SKIN":-2.018421809,"HT29_LARGE_INTESTINE":-2.042359641,"HT55_LARGE_INTESTINE":-2.038300423,"HUH1_LIVER":-1.220001119,"HUH6_LIVER":-1.920747534,"HUH7_LIVER":-1.781780189,"HUNS1_HAEMATOPOIETIC_AND_LYMPHOID_TISSUE":-1.986309856,"HUPT3_PANCREAS":-1.682447716,"IALM_LUNG":-2.047759228,"IGR1_SKIN":-2.005381477,"IGR39_SKIN":-1.049369166,"IMR32_AUTONOMIC_GANGLIA":-0.766712166,"INA6_HAEMATOPOIETIC_AND_LYMPHOID_TISSUE":-1.070907467,"IPC298_SKIN":0.47420185,"ISTMES1_PLEURA":0.918595881,"ISTMES2_PLEURA":-1.319383417,"J82_URINARY_TRACT":-1.686870834,"JHH1_LIVER":-1.373492509,"JHH4_LIVER":1.33751365,"JHH5_LIVER":-1.779795468,"JHH7_LIVER":-1.654987014,"JHOC5_OVARY":-2.043985788,"JHOM1_OVARY":-2.036087668,"JHOS2_OVARY":0.176685563,"JHOS4_OVARY":-2.008618233,"JHUEM1_ENDOMETRIUM":-0.9426566,"JHUEM7_ENDOMETRIUM":-1.796107506,"JIMT1_BREAST":-1.743453871,"JJN3_HAEMATOPOIETIC_AND_LYMPHOID_TISSUE":-1.967450206,"JMSU1_URINARY_TRACT":-1.829393407,"JMURTK2_SOFT_TISSUE":-2.046067056,"JOPACA1_PANCREAS":-1.898041891,"JR_SOFT_TISSUE":-1.985785557,"K029AX_SKIN":-2.002902215,"KALS1_CENTRAL_NERVOUS_SYSTEM":-0.779260975,"KARPAS299_HAEMATOPOIETIC_AND_LYMPHOID_TISSUE":-1.370050257,"KARPAS422_HAEMATOPOIETIC_AND_LYMPHOID_TISSUE":-1.660525578,"KASUMI1_HAEMATOPOIETIC_AND_LYMPHOID_TISSUE":-1.821319055,"KE39_STOMACH":-1.953620041,"KE97_HAEMATOPOIETIC_AND_LYMPHOID_TISSUE":3.963132704,