{"scores":{"127399_SOFT_TISSUE":2.377147346,"143B_BONE":0.868779054,"2313287_STOMACH":2.018501992,"253J_URINARY_TRACT":1.674865415,"42MGBA_CENTRAL_NERVOUS_SYSTEM":-0.070076868,"5637_URINARY_TRACT":2.290021942,"59M_OVARY":0.486416111,"639V_URINARY_TRACT":2.315782798,"647V_URINARY_TRACT":2.366507402,"697_HAEMATOPOIETIC_AND_LYMPHOID_TISSUE":1.262702028,"769P_KIDNEY":-0.547122836,"786O_KIDNEY":2.012342506,"8305C_THYROID":2.37380831,"8MGBA_CENTRAL_NERVOUS_SYSTEM":2.170856238,"A2058_SKIN":2.332371375,"A2780_OVARY":2.314429209,"A3KAW_HAEMATOPOIETIC_AND_LYMPHOID_TISSUE":-0.184905915,"A427_LUNG":2.180279869,"A431_SKIN":2.160357533,"A549_LUNG":1.736091781,"A673_BONE":2.377335091,"ABC1_LUNG":2.302472033,"ACCMESO1_PLEURA":2.256722921,"AGS_STOMACH":-1.09138718,"AML193_HAEMATOPOIETIC_AND_LYMPHOID_TISSUE":0.759994092,"AMO1_HAEMATOPOIETIC_AND_LYMPHOID_TISSUE":1.741291902,"ASPC1_PANCREAS":2.163857647,"AU565_BREAST":1.988061418,"BC3C_URINARY_TRACT":2.30884244,"BFTC905_URINARY_TRACT":1.700860061,"BFTC909_KIDNEY":1.992206055,"BHY_UPPER_AERODIGESTIVE_TRACT":2.351812956,"BICR16_UPPER_AERODIGESTIVE_TRACT":2.289163792,"BICR22_UPPER_AERODIGESTIVE_TRACT":2.159859076,"BICR31_UPPER_AERODIGESTIVE_TRACT":1.675407145,"BICR56_UPPER_AERODIGESTIVE_TRACT":2.175698796,"BICR6_UPPER_AERODIGESTIVE_TRACT":1.968357034,"BICR78_UPPER_AERODIGESTIVE_TRACT":1.085212107,"BIN67_OVARY":2.277450637,"BL70_HAEMATOPOIETIC_AND_LYMPHOID_TISSUE":2.377335091,"BLUE1_HAEMATOPOIETIC_AND_LYMPHOID_TISSUE":2.363962944,"BT12_SOFT_TISSUE":2.354570994,"BT16_SOFT_TISSUE":2.134673937,"BT549_BREAST":2.237526719,"C2BBE1_LARGE_INTESTINE":2.32250396,"C32_SKIN":2.324504512,"C8166_HAEMATOPOIETIC_AND_LYMPHOID_TISSUE":2.179976379,"CADOES1_BONE":2.372578964,"CAKI1_KIDNEY":2.026868296,"CAKI2_KIDNEY":1.113888092,"CAL27_UPPER_AERODIGESTIVE_TRACT":2.377335091,"CAL29_URINARY_TRACT":2.121722455,"CAL33_UPPER_AERODIGESTIVE_TRACT":2.377309688,"CAL51_BREAST":2.328481486,"CAL78_BONE":2.142729777,"CALU1_LUNG":2.221833116,"CALU6_LUNG":2.369030203,"CAMA1_BREAST":1.800495478,"CAOV3_OVARY":2.277506011,"CAS1_CENTRAL_NERVOUS_SYSTEM":1.957414312,"CASKI_CERVIX":1.393645807,"CCFSTTG1_CENTRAL_NERVOUS_SYSTEM":2.195326433,"CCK81_LARGE_INTESTINE":2.377335091,"CCLFPEDS0001T_KIDNEY":2.371631929,"CCLFPEDS0003T_SOFT_TISSUE":2.376110307,"CFPAC1_PANCREAS":1.775418343,"CH157MN_CENTRAL_NERVOUS_SYSTEM":1.906511516,"CHAGOK1_LUNG":1.260767674,"CHLA06ATRT_SOFT_TISSUE":2.368297914,"CHLA15_AUTONOMIC_GANGLIA":2.251157992,"CHLA266_SOFT_TISSUE":1.543594857,"CHP212_AUTONOMIC_GANGLIA":2.155101799,"CJM_SKIN":1.173555971,"CL40_LARGE_INTESTINE":1.285674729,"CME1_SOFT_TISSUE":1.464961413,"CMLT1_HAEMATOPOIETIC_AND_LYMPHOID_TISSUE":0.46560525,"COGAR359_SOFT_TISSUE":2.30824353,"COGE352_BONE":2.348687335,"COGN278_AUTONOMIC_GANGLIA":2.271054908,"COGN305_AUTONOMIC_GANGLIA":2.099178851,"COLO201_LARGE_INTESTINE":1.334342447,"COLO678_LARGE_INTESTINE":2.267016964,"COLO679_SKIN":2.143524469,"COLO792_SKIN":2.337594101,"COLO800_SKIN":2.350076064,"CORL23_LUNG":-9.302212008,"CORL279_LUNG":-12.77241507,"CORL47_LUNG":2.368896711,"COV318_OVARY":2.090074043,"COV362_OVARY":2.293029518,"COV434_OVARY":2.377304719,"COV504_OVARY":2.338883423,"COV644_OVARY":1.705482917,"CW9019_SOFT_TISSUE":1.923999091,"D283MED_CENTRAL_NERVOUS_SYSTEM":2.300766871,"D341MED_CENTRAL_NERVOUS_SYSTEM":2.045820183,"D425_CENTRAL_NERVOUS_SYSTEM":2.373484988,"D458_CENTRAL_NERVOUS_SYSTEM":1.820194437,"DANG_PANCREAS":2.336762938,"DAOY_CENTRAL_NERVOUS_SYSTEM":2.17747147,"DB_HAEMATOPOIETIC_AND_LYMPHOID_TISSUE":1.515107906,"DEL_HAEMATOPOIETIC_AND_LYMPHOID_TISSUE":2.281831559,"DETROIT562_UPPER_AERODIGESTIVE_TRACT":1.224528598,"DKMG_CENTRAL_NERVOUS_SYSTEM":1.40311669,"DLD1_LARGE_INTESTINE":2.315625013,"DU4475_BREAST":0.798168272,"EFE184_ENDOMETRIUM":-1.543798607,"EFM19_BREAST":2.147516697,"EFO21_OVARY":2.372919131,"EFO27_OVARY":2.129626098,"EJM_HAEMATOPOIETIC_AND_LYMPHOID_TISSUE":2.249699125,"EKVX_LUNG":2.328629799,"EM2_HAEMATOPOIETIC_AND_LYMPHOID_TISSUE":2.246860447,"EN_ENDOMETRIUM":1.473198415,"EOL1_HAEMATOPOIETIC_AND_LYMPHOID_TISSUE":-20,"EPLC272H_LUNG":2.069480544,"ES2_OVARY":2.201824976,"ESO26_OESOPHAGUS":1.126664284,"ESS1_ENDOMETRIUM":2.206945181,"EW8_BONE":2.30628425,"EWS502_BONE":2.368251469,"F36P_HAEMATOPOIETIC_AND_LYMPHOID_TISSUE":1.955126705,"F5_CENTRAL_NERVOUS_SYSTEM":1.306154175,"FADU_UPPER_AERODIGESTIVE_TRACT":2.332837619,"FLO1_OESOPHAGUS":1.955605513,"FU97_STOMACH":0.599507546,"G292CLONEA141B1_BONE":2.291157824,"G402_SOFT_TISSUE":2.375108906,"GAMG_CENTRAL_NERVOUS_SYSTEM":2.336801795,"GB1_CENTRAL_NERVOUS_SYSTEM":2.377330971,"GCIY_STOMACH":1.861459789,"GCT_SOFT_TISSUE":2.060630876,"GI1_CENTRAL_NERVOUS_SYSTEM":2.377273238,"GSS_STOMACH":-1.669131964,"GSU_STOMACH":2.281808515,"H103_UPPER_AERODIGESTIVE_TRACT":2.329354385,"H4_CENTRAL_NERVOUS_SYSTEM":1.740562983,"HARA_LUNG":2.210461481,"HB1119_HAEMATOPOIETIC_AND_LYMPHOID_TISSUE":-0.176405688,"HCC1143_BREAST":2.129031026,"HCC1359_LUNG":2.369519239,"HCC1395_BREAST":2.373676271,"HCC1419_BREAST":0.993662805,"HCC1428_BREAST":1.892899404,"HCC15_LUNG":2.376484162,"HCC1806_BREAST":1.116644439,"HCC1937_BREAST":2.370949028,"HCC1954_BREAST":2.375134396,"HCC202_BREAST":2.357117289,"HCC2429_LUNG":2.040178424,"HCC2935_LUNG":1.748688062,"HCC366_LUNG":2.193305151,"HCC461_LUNG":0.24111245,"HCC515_LUNG":1.999941078,"HCC56_LARGE_INTESTINE":2.033036004,"HCC827_LUNG":2.213632124,"HCC95_LUNG":1.606136881,"HDMYZ_HAEMATOPOIETIC_AND_LYMPHOID_TISSUE":1.175272224,"HEC151_ENDOMETRIUM":2.377335091,"HEC1A_ENDOMETRIUM":1.736141902,"HEC1B_ENDOMETRIUM":1.932483703,"HEC251_ENDOMETRIUM":0.728378178,"HEC265_ENDOMETRIUM":0.511940429,"HEC50B_ENDOMETRIUM":2.243605609,"HEC59_ENDOMETRIUM":2.193429377,"HEC6_ENDOMETRIUM":2.28968637,"HEL_HAEMATOPOIETIC_AND_LYMPHOID_TISSUE":0.438935336,"HEL9217_HAEMATOPOIETIC_AND_LYMPHOID_TISSUE":2.376165443,"HEYA8_OVARY":2.251802963,"HGC27_STOMACH":1.885724844,"HLF_LIVER":1.816075205,"HMC18_BREAST":2.072642744,"HOP62_LUNG":2.243446337,"HS294T_SKIN":2.347688083,"HS578T_BREAST":2.255006116,"HS683_CENTRAL_NERVOUS_SYSTEM":2.212559913,"HS695T_SKIN":1.310931423,"HS729_SOFT_TISSUE":2.359183573,"HS746T_STOMACH":2.324786871,"HS766T_PANCREAS":1.797417955,"HS852T_SKIN":1.892275232,"HS944T_SKIN":2.144144726,"HSB2_HAEMATOPOIETIC_AND_LYMPHOID_TISSUE":-8.8688374,"HSC1_SKIN":2.373684611,"HSC2_UPPER_AERODIGESTIVE_TRACT":2.327973726,"HSC3_UPPER_AERODIGESTIVE_TRACT":2.262247975,"HT1080_SOFT_TISSUE":0.519706849,"HT115_LARGE_INTESTINE":2.267071499,"HT1197_URINARY_TRACT":2.377335091,"HT1376_URINARY_TRACT":2.333550033,"HT144_SKIN":1.501227908,"HT29_LARGE_INTESTINE":1.947406972,"HT55_LARGE_INTESTINE":1.623316396,"HUH1_LIVER":2.26970345,"HUH6_LIVER":2.271702256,"HUH7_LIVER":2.377020325,"HUNS1_HAEMATOPOIETIC_AND_LYMPHOID_TISSUE":2.375037532,"HUPT3_PANCREAS":2.252863112,"IALM_LUNG":0.838831333,"IGR1_SKIN":2.190311766,"IGR39_SKIN":1.00206781,"IMR32_AUTONOMIC_GANGLIA":1.798417167,"INA6_HAEMATOPOIETIC_AND_LYMPHOID_TISSUE":2.280009573,"IPC298_SKIN":2.195643942,"ISTMES1_PLEURA":2.374410431,"ISTMES2_PLEURA":2.069676457,"J82_URINARY_TRACT":1.035539074,"JHH1_LIVER":2.329403287,"JHH4_LIVER":2.016450321,"JHH5_LIVER":1.912445236,"JHH7_LIVER":1.239512837,"JHOC5_OVARY":2.015324306,"JHOM1_OVARY":1.790838158,"JHOS2_OVARY":2.290946496,"JHOS4_OVARY":2.311213619,"JHUEM1_ENDOMETRIUM":-20,"JHUEM7_ENDOMETRIUM":2.287295422,"JIMT1_BREAST":2.16946862,"JJN3_HAEMATOPOIETIC_AND_LYMPHOID_TISSUE":2.154003805,"JMSU1_URINARY_TRACT":2.309510182,"JMURTK2_SOFT_TISSUE":2.333800706,"JOPACA1_PANCREAS":2.06413597,"JR_SOFT_TISSUE":1.984403867,"K029AX_SKIN":2.193589306,"KALS1_CENTRAL_NERVOUS_SYSTEM":2.368302203,"KARPAS299_HAEMATOPOIETIC_AND_LYMPHOID_TISSUE":2.016912755,"KARPAS422_HAEMATOPOIETIC_AND_LYMPHOID_TISSUE":2.3416007,"KASUMI1_HAEMATOPOIETIC_AND_LYMPHOID_TISSUE":1.889818197,"KE39_STOMACH":2.330375285,"KE97_HAEMATOPOIETIC_AND_LYMPHOID_TISSUE":-1.241680996,"KELLY_AUTONOMIC_GANGLIA":2.301545705,"KIJK_HAEMATOPOIETIC_AND_LYMPHOID_TISSUE":0.935033467,"KLE_ENDOMETRIUM":1.912028948,"KM12_LARGE_INTESTINE":2.009560672,