{"scores":{"127399_SOFT_TISSUE":4.040748655,"143B_BONE":5.227417411,"2313287_STOMACH":5.198403245,"253J_URINARY_TRACT":5.325940198,"42MGBA_CENTRAL_NERVOUS_SYSTEM":3.129438921,"5637_URINARY_TRACT":4.964219513,"59M_OVARY":5.193018776,"639V_URINARY_TRACT":5.091396933,"647V_URINARY_TRACT":4.405073466,"697_HAEMATOPOIETIC_AND_LYMPHOID_TISSUE":0.175380774,"769P_KIDNEY":4.970002553,"786O_KIDNEY":4.358522005,"8305C_THYROID":5.114258907,"8MGBA_CENTRAL_NERVOUS_SYSTEM":5.33170959,"A2058_SKIN":4.916557913,"A2780_OVARY":5.338876149,"A3KAW_HAEMATOPOIETIC_AND_LYMPHOID_TISSUE":-5.117693003,"A427_LUNG":4.200918928,"A431_SKIN":4.833053415,"A549_LUNG":3.420562569,"A673_BONE":2.523308655,"ABC1_LUNG":5.070547779,"ACCMESO1_PLEURA":4.803781811,"AGS_STOMACH":4.154157734,"AML193_HAEMATOPOIETIC_AND_LYMPHOID_TISSUE":4.125635481,"AMO1_HAEMATOPOIETIC_AND_LYMPHOID_TISSUE":-11.48145761,"ASPC1_PANCREAS":-2.135362659,"AU565_BREAST":5.318467976,"BC3C_URINARY_TRACT":5.238542116,"BFTC905_URINARY_TRACT":5.293820896,"BFTC909_KIDNEY":5.062545914,"BHY_UPPER_AERODIGESTIVE_TRACT":5.187491695,"BICR16_UPPER_AERODIGESTIVE_TRACT":5.288936719,"BICR22_UPPER_AERODIGESTIVE_TRACT":5.096398756,"BICR31_UPPER_AERODIGESTIVE_TRACT":5.108289727,"BICR56_UPPER_AERODIGESTIVE_TRACT":5.16365932,"BICR6_UPPER_AERODIGESTIVE_TRACT":5.332742016,"BICR78_UPPER_AERODIGESTIVE_TRACT":4.800000332,"BIN67_OVARY":5.321612795,"BL70_HAEMATOPOIETIC_AND_LYMPHOID_TISSUE":-3.816647396,"BLUE1_HAEMATOPOIETIC_AND_LYMPHOID_TISSUE":-20,"BT12_SOFT_TISSUE":5.255319002,"BT16_SOFT_TISSUE":5.331967533,"BT549_BREAST":5.316549464,"C2BBE1_LARGE_INTESTINE":5.174501901,"C32_SKIN":3.90552458,"C8166_HAEMATOPOIETIC_AND_LYMPHOID_TISSUE":5.339875052,"CADOES1_BONE":4.080436511,"CAKI1_KIDNEY":4.806694249,"CAKI2_KIDNEY":2.141780258,"CAL27_UPPER_AERODIGESTIVE_TRACT":5.138935356,"CAL29_URINARY_TRACT":3.501597144,"CAL33_UPPER_AERODIGESTIVE_TRACT":4.048432283,"CAL51_BREAST":5.175037713,"CAL78_BONE":4.70953036,"CALU1_LUNG":5.339753304,"CALU6_LUNG":4.878843233,"CAMA1_BREAST":4.295695257,"CAOV3_OVARY":5.19309208,"CAS1_CENTRAL_NERVOUS_SYSTEM":5.170828081,"CASKI_CERVIX":4.64401363,"CCFSTTG1_CENTRAL_NERVOUS_SYSTEM":5.029522385,"CCK81_LARGE_INTESTINE":3.719931293,"CCLFPEDS0001T_KIDNEY":3.956179376,"CCLFPEDS0003T_SOFT_TISSUE":4.636155488,"CFPAC1_PANCREAS":4.97697558,"CH157MN_CENTRAL_NERVOUS_SYSTEM":5.33858243,"CHAGOK1_LUNG":4.765661134,"CHLA06ATRT_SOFT_TISSUE":5.087399465,"CHLA15_AUTONOMIC_GANGLIA":3.355370975,"CHLA266_SOFT_TISSUE":4.545935735,"CHP212_AUTONOMIC_GANGLIA":2.5530239,"CJM_SKIN":5.299369365,"CL40_LARGE_INTESTINE":5.152476206,"CME1_SOFT_TISSUE":4.821881572,"CMLT1_HAEMATOPOIETIC_AND_LYMPHOID_TISSUE":4.674335468,"COGAR359_SOFT_TISSUE":5.291651923,"COGE352_BONE":4.940399679,"COGN278_AUTONOMIC_GANGLIA":5.290967703,"COGN305_AUTONOMIC_GANGLIA":2.531045494,"COLO201_LARGE_INTESTINE":4.959800366,"COLO678_LARGE_INTESTINE":4.612704404,"COLO679_SKIN":4.072746696,"COLO792_SKIN":5.248250044,"COLO800_SKIN":5.232887631,"CORL23_LUNG":5.250533057,"CORL279_LUNG":3.877727812,"CORL47_LUNG":4.247624737,"COV318_OVARY":4.682635002,"COV362_OVARY":5.289721658,"COV434_OVARY":5.337517705,"COV504_OVARY":4.95166797,"COV644_OVARY":4.4690167,"CW9019_SOFT_TISSUE":5.283961998,"D283MED_CENTRAL_NERVOUS_SYSTEM":3.202025972,"D341MED_CENTRAL_NERVOUS_SYSTEM":2.970012359,"D425_CENTRAL_NERVOUS_SYSTEM":-5.500922553,"D458_CENTRAL_NERVOUS_SYSTEM":4.498145334,"DANG_PANCREAS":4.51423076,"DAOY_CENTRAL_NERVOUS_SYSTEM":3.430701157,"DB_HAEMATOPOIETIC_AND_LYMPHOID_TISSUE":-5.615577832,"DEL_HAEMATOPOIETIC_AND_LYMPHOID_TISSUE":5.002623057,"DETROIT562_UPPER_AERODIGESTIVE_TRACT":5.023896857,"DKMG_CENTRAL_NERVOUS_SYSTEM":5.338767764,"DLD1_LARGE_INTESTINE":5.325727386,"DU4475_BREAST":5.099455781,"EFE184_ENDOMETRIUM":2.248187157,"EFM19_BREAST":1.208947724,"EFO21_OVARY":4.703046455,"EFO27_OVARY":5.226919763,"EJM_HAEMATOPOIETIC_AND_LYMPHOID_TISSUE":-19.54893698,"EKVX_LUNG":5.246010134,"EM2_HAEMATOPOIETIC_AND_LYMPHOID_TISSUE":2.628919587,"EN_ENDOMETRIUM":4.745803615,"EOL1_HAEMATOPOIETIC_AND_LYMPHOID_TISSUE":-2.229478184,"EPLC272H_LUNG":3.959609761,"ES2_OVARY":5.05707576,"ESO26_OESOPHAGUS":5.299854135,"ESS1_ENDOMETRIUM":5.21275087,"EW8_BONE":5.005937875,"EWS502_BONE":5.111793604,"F36P_HAEMATOPOIETIC_AND_LYMPHOID_TISSUE":3.554803407,"F5_CENTRAL_NERVOUS_SYSTEM":3.308714671,"FADU_UPPER_AERODIGESTIVE_TRACT":5.325584514,"FLO1_OESOPHAGUS":5.335029602,"FU97_STOMACH":4.772464389,"G292CLONEA141B1_BONE":4.778738364,"G402_SOFT_TISSUE":4.263115638,"GAMG_CENTRAL_NERVOUS_SYSTEM":4.851408951,"GB1_CENTRAL_NERVOUS_SYSTEM":4.817229561,"GCIY_STOMACH":5.21605661,"GCT_SOFT_TISSUE":5.329807551,"GI1_CENTRAL_NERVOUS_SYSTEM":3.957960579,"GSS_STOMACH":5.302705904,"GSU_STOMACH":5.031035928,"H103_UPPER_AERODIGESTIVE_TRACT":5.041739189,"H4_CENTRAL_NERVOUS_SYSTEM":4.57953757,"HARA_LUNG":4.625529765,"HB1119_HAEMATOPOIETIC_AND_LYMPHOID_TISSUE":5.337980088,"HCC1143_BREAST":5.180900026,"HCC1359_LUNG":4.747695103,"HCC1395_BREAST":5.046095159,"HCC1419_BREAST":4.722139653,"HCC1428_BREAST":4.603208564,"HCC15_LUNG":4.653992622,"HCC1806_BREAST":5.276553802,"HCC1937_BREAST":4.611162176,"HCC1954_BREAST":5.249054482,"HCC202_BREAST":5.180785534,"HCC2429_LUNG":5.145740223,"HCC2935_LUNG":3.942374198,"HCC366_LUNG":5.300344898,"HCC461_LUNG":5.157869562,"HCC515_LUNG":3.915096168,"HCC56_LARGE_INTESTINE":5.305193431,"HCC827_LUNG":5.237691136,"HCC95_LUNG":4.876101511,"HDMYZ_HAEMATOPOIETIC_AND_LYMPHOID_TISSUE":4.884702836,"HEC151_ENDOMETRIUM":5.309007104,"HEC1A_ENDOMETRIUM":2.174188438,"HEC1B_ENDOMETRIUM":4.197543655,"HEC251_ENDOMETRIUM":5.327877604,"HEC265_ENDOMETRIUM":4.373101093,"HEC50B_ENDOMETRIUM":5.001784596,"HEC59_ENDOMETRIUM":4.779394793,"HEC6_ENDOMETRIUM":4.489442071,"HEL_HAEMATOPOIETIC_AND_LYMPHOID_TISSUE":5.329086788,"HEL9217_HAEMATOPOIETIC_AND_LYMPHOID_TISSUE":4.061688983,"HEYA8_OVARY":4.857611158,"HGC27_STOMACH":5.122963299,"HLF_LIVER":5.002924168,"HMC18_BREAST":5.123507549,"HOP62_LUNG":5.029210602,"HS294T_SKIN":5.333692023,"HS578T_BREAST":5.260839265,"HS683_CENTRAL_NERVOUS_SYSTEM":5.315783927,"HS695T_SKIN":5.079542851,"HS729_SOFT_TISSUE":5.336291584,"HS746T_STOMACH":5.052321157,"HS766T_PANCREAS":5.230595098,"HS852T_SKIN":4.587797606,"HS944T_SKIN":5.312825967,"HSB2_HAEMATOPOIETIC_AND_LYMPHOID_TISSUE":3.604849966,"HSC1_SKIN":5.325264862,"HSC2_UPPER_AERODIGESTIVE_TRACT":3.889126454,"HSC3_UPPER_AERODIGESTIVE_TRACT":4.651593768,"HT1080_SOFT_TISSUE":5.220207961,"HT115_LARGE_INTESTINE":5.041579247,"HT1197_URINARY_TRACT":4.715860657,"HT1376_URINARY_TRACT":5.000673721,"HT144_SKIN":4.658194601,"HT29_LARGE_INTESTINE":5.014010683,"HT55_LARGE_INTESTINE":5.189034811,"HUH1_LIVER":5.336940684,"HUH6_LIVER":5.335697168,"HUH7_LIVER":4.995357718,"HUNS1_HAEMATOPOIETIC_AND_LYMPHOID_TISSUE":3.444197653,"HUPT3_PANCREAS":4.978458992,"IALM_LUNG":5.252324253,"IGR1_SKIN":5.306114469,"IGR39_SKIN":5.127684724,"IMR32_AUTONOMIC_GANGLIA":4.33458707,"INA6_HAEMATOPOIETIC_AND_LYMPHOID_TISSUE":-11.0149197,"IPC298_SKIN":5.069594328,"ISTMES1_PLEURA":3.071392783,"ISTMES2_PLEURA":5.304180872,"J82_URINARY_TRACT":4.355661791,"JHH1_LIVER":4.664828628,"JHH4_LIVER":5.113159288,"JHH5_LIVER":4.489707818,"JHH7_LIVER":5.156980246,"JHOC5_OVARY":5.331451895,"JHOM1_OVARY":4.216655725,"JHOS2_OVARY":5.206766773,"JHOS4_OVARY":4.86556026,"JHUEM1_ENDOMETRIUM":5.336147794,"JHUEM7_ENDOMETRIUM":4.329466376,"JIMT1_BREAST":5.293406937,"JJN3_HAEMATOPOIETIC_AND_LYMPHOID_TISSUE":5.26328795,"JMSU1_URINARY_TRACT":5.335773839,"JMURTK2_SOFT_TISSUE":2.773403328,"JOPACA1_PANCREAS":5.211770707,"JR_SOFT_TISSUE":4.922052858,"K029AX_SKIN":5.33342864,"KALS1_CENTRAL_NERVOUS_SYSTEM":5.338554635,"KARPAS299_HAEMATOPOIETIC_AND_LYMPHOID_TISSUE":4.943333119,"KARPAS422_HAEMATOPOIETIC_AND_LYMPHOID_TISSUE":4.404899012,"KASUMI1_HAEMATOPOIETIC_AND_LYMPHOID_TISSUE":4.395410666,"KE39_STOMACH":4.858760773,"KE97_HAEMATOPOIETIC_AND_LYMPHOID_TISSUE":0.609836872,"KELLY_AUTONOMIC_GANGLIA":4.49447238,"KIJK_HAEMATOPOIETIC_AND_LYMPHOID_TISSUE":5.323652932,"KLE_ENDOMETRIUM":4.826800709,"KM12_LARGE_INTESTINE":5.191805043,