{"scores":{"127399_SOFT_TISSUE":1.776604817,"143B_BONE":1.72432254,"2313287_STOMACH":0.699380454,"253J_URINARY_TRACT":-12.46956489,"42MGBA_CENTRAL_NERVOUS_SYSTEM":1.650681128,"5637_URINARY_TRACT":1.558936132,"59M_OVARY":1.865488032,"639V_URINARY_TRACT":1.653358052,"647V_URINARY_TRACT":1.745270799,"697_HAEMATOPOIETIC_AND_LYMPHOID_TISSUE":1.719556911,"769P_KIDNEY":0.92908677,"786O_KIDNEY":1.85356131,"8305C_THYROID":1.883908644,"8MGBA_CENTRAL_NERVOUS_SYSTEM":1.295063768,"A2058_SKIN":-4.83863565,"A2780_OVARY":-2.693279758,"A3KAW_HAEMATOPOIETIC_AND_LYMPHOID_TISSUE":0.412910304,"A427_LUNG":1.88031607,"A431_SKIN":1.387836995,"A549_LUNG":1.759322515,"A673_BONE":1.530064075,"ABC1_LUNG":-6.811735972,"ACCMESO1_PLEURA":1.884409126,"AGS_STOMACH":1.464624474,"AML193_HAEMATOPOIETIC_AND_LYMPHOID_TISSUE":1.829435778,"AMO1_HAEMATOPOIETIC_AND_LYMPHOID_TISSUE":1.582809862,"ASPC1_PANCREAS":1.177872277,"AU565_BREAST":1.483048274,"BC3C_URINARY_TRACT":-1.272159326,"BFTC905_URINARY_TRACT":1.299956862,"BFTC909_KIDNEY":-0.67149255,"BHY_UPPER_AERODIGESTIVE_TRACT":0.236519504,"BICR16_UPPER_AERODIGESTIVE_TRACT":1.72705747,"BICR22_UPPER_AERODIGESTIVE_TRACT":1.87383981,"BICR31_UPPER_AERODIGESTIVE_TRACT":1.029773629,"BICR56_UPPER_AERODIGESTIVE_TRACT":-7.834932915,"BICR6_UPPER_AERODIGESTIVE_TRACT":1.76059684,"BICR78_UPPER_AERODIGESTIVE_TRACT":1.780362011,"BIN67_OVARY":1.321824925,"BL70_HAEMATOPOIETIC_AND_LYMPHOID_TISSUE":1.850992121,"BLUE1_HAEMATOPOIETIC_AND_LYMPHOID_TISSUE":1.865386335,"BT12_SOFT_TISSUE":1.038122623,"BT16_SOFT_TISSUE":1.840459136,"BT549_BREAST":1.796308995,"C2BBE1_LARGE_INTESTINE":1.657505113,"C32_SKIN":-2.540588386,"C8166_HAEMATOPOIETIC_AND_LYMPHOID_TISSUE":1.843883137,"CADOES1_BONE":1.702490089,"CAKI1_KIDNEY":-1.558925883,"CAKI2_KIDNEY":0.749427163,"CAL27_UPPER_AERODIGESTIVE_TRACT":1.620652743,"CAL29_URINARY_TRACT":1.6722639,"CAL33_UPPER_AERODIGESTIVE_TRACT":1.466536215,"CAL51_BREAST":1.758376773,"CAL78_BONE":1.270217165,"CALU1_LUNG":1.073748572,"CALU6_LUNG":0.901621646,"CAMA1_BREAST":1.864940141,"CAOV3_OVARY":1.334546801,"CAS1_CENTRAL_NERVOUS_SYSTEM":1.817335974,"CASKI_CERVIX":1.649571741,"CCFSTTG1_CENTRAL_NERVOUS_SYSTEM":1.860798414,"CCK81_LARGE_INTESTINE":1.551006758,"CCLFPEDS0001T_KIDNEY":1.831341643,"CCLFPEDS0003T_SOFT_TISSUE":0.504695631,"CFPAC1_PANCREAS":1.883861626,"CH157MN_CENTRAL_NERVOUS_SYSTEM":1.860943762,"CHAGOK1_LUNG":1.821029842,"CHLA06ATRT_SOFT_TISSUE":1.856207287,"CHLA15_AUTONOMIC_GANGLIA":-3.702207249,"CHLA266_SOFT_TISSUE":1.027926278,"CHP212_AUTONOMIC_GANGLIA":-3.503076467,"CJM_SKIN":1.516203503,"CL40_LARGE_INTESTINE":1.845860868,"CME1_SOFT_TISSUE":1.860340908,"CMLT1_HAEMATOPOIETIC_AND_LYMPHOID_TISSUE":1.487391279,"COGAR359_SOFT_TISSUE":-6.592631168,"COGE352_BONE":-0.663326291,"COGN278_AUTONOMIC_GANGLIA":-0.478278719,"COGN305_AUTONOMIC_GANGLIA":-2.236937338,"COLO201_LARGE_INTESTINE":1.00115962,"COLO678_LARGE_INTESTINE":1.726623151,"COLO679_SKIN":-12.99318189,"COLO792_SKIN":1.87847151,"COLO800_SKIN":0.57752885,"CORL23_LUNG":1.111696925,"CORL279_LUNG":0.255766491,"CORL47_LUNG":1.594803117,"COV318_OVARY":1.884551728,"COV362_OVARY":1.505849248,"COV434_OVARY":-0.0594937,"COV504_OVARY":1.423443416,"COV644_OVARY":1.79233419,"CW9019_SOFT_TISSUE":1.537338759,"D283MED_CENTRAL_NERVOUS_SYSTEM":1.680560813,"D341MED_CENTRAL_NERVOUS_SYSTEM":1.869084681,"D425_CENTRAL_NERVOUS_SYSTEM":1.652605343,"D458_CENTRAL_NERVOUS_SYSTEM":-3.034933479,"DANG_PANCREAS":-2.573710528,"DAOY_CENTRAL_NERVOUS_SYSTEM":-0.57676817,"DB_HAEMATOPOIETIC_AND_LYMPHOID_TISSUE":1.84869126,"DEL_HAEMATOPOIETIC_AND_LYMPHOID_TISSUE":1.85492047,"DETROIT562_UPPER_AERODIGESTIVE_TRACT":1.245159335,"DKMG_CENTRAL_NERVOUS_SYSTEM":0.516711663,"DLD1_LARGE_INTESTINE":1.847294663,"DU4475_BREAST":0.240790753,"EFE184_ENDOMETRIUM":-0.425665414,"EFM19_BREAST":-0.334738175,"EFO21_OVARY":-1.090388145,"EFO27_OVARY":1.377969908,"EJM_HAEMATOPOIETIC_AND_LYMPHOID_TISSUE":-0.246299233,"EKVX_LUNG":-5.697817162,"EM2_HAEMATOPOIETIC_AND_LYMPHOID_TISSUE":1.542735556,"EN_ENDOMETRIUM":1.564671761,"EOL1_HAEMATOPOIETIC_AND_LYMPHOID_TISSUE":1.884524577,"EPLC272H_LUNG":1.875579114,"ES2_OVARY":1.329988943,"ESO26_OESOPHAGUS":1.823245597,"ESS1_ENDOMETRIUM":1.842255312,"EW8_BONE":0.324065907,"EWS502_BONE":-2.622590616,"F36P_HAEMATOPOIETIC_AND_LYMPHOID_TISSUE":1.690642692,"F5_CENTRAL_NERVOUS_SYSTEM":-2.122589741,"FADU_UPPER_AERODIGESTIVE_TRACT":0.954176594,"FLO1_OESOPHAGUS":1.416462053,"FU97_STOMACH":1.715012163,"G292CLONEA141B1_BONE":1.747351939,"G402_SOFT_TISSUE":1.710123301,"GAMG_CENTRAL_NERVOUS_SYSTEM":1.064235778,"GB1_CENTRAL_NERVOUS_SYSTEM":-0.119664688,"GCIY_STOMACH":0.382767099,"GCT_SOFT_TISSUE":1.807630857,"GI1_CENTRAL_NERVOUS_SYSTEM":1.851965544,"GSS_STOMACH":-0.083577623,"GSU_STOMACH":0.438699292,"H103_UPPER_AERODIGESTIVE_TRACT":1.884092784,"H4_CENTRAL_NERVOUS_SYSTEM":-0.495967848,"HARA_LUNG":-7.325806601,"HB1119_HAEMATOPOIETIC_AND_LYMPHOID_TISSUE":0.7892118,"HCC1143_BREAST":1.130964655,"HCC1359_LUNG":1.735976736,"HCC1395_BREAST":1.87170493,"HCC1419_BREAST":1.269623778,"HCC1428_BREAST":0.904242741,"HCC15_LUNG":1.778993939,"HCC1806_BREAST":1.742129293,"HCC1937_BREAST":-0.337074257,"HCC1954_BREAST":1.647029415,"HCC202_BREAST":1.870631807,"HCC2429_LUNG":1.406649385,"HCC2935_LUNG":1.881345244,"HCC366_LUNG":-0.284005496,"HCC461_LUNG":1.786133486,"HCC515_LUNG":1.868601274,"HCC56_LARGE_INTESTINE":1.705415048,"HCC827_LUNG":1.728825961,"HCC95_LUNG":1.263372215,"HDMYZ_HAEMATOPOIETIC_AND_LYMPHOID_TISSUE":1.528263907,"HEC151_ENDOMETRIUM":1.595311519,"HEC1A_ENDOMETRIUM":-0.338580878,"HEC1B_ENDOMETRIUM":1.879788916,"HEC251_ENDOMETRIUM":1.349024239,"HEC265_ENDOMETRIUM":1.703797289,"HEC50B_ENDOMETRIUM":0.857769098,"HEC59_ENDOMETRIUM":1.872249844,"HEC6_ENDOMETRIUM":1.880628097,"HEL_HAEMATOPOIETIC_AND_LYMPHOID_TISSUE":1.766420187,"HEL9217_HAEMATOPOIETIC_AND_LYMPHOID_TISSUE":0.819149873,"HEYA8_OVARY":1.883337372,"HGC27_STOMACH":0.564726995,"HLF_LIVER":1.263290835,"HMC18_BREAST":-1.286853919,"HOP62_LUNG":1.473052754,"HS294T_SKIN":-1.926293063,"HS578T_BREAST":1.427564777,"HS683_CENTRAL_NERVOUS_SYSTEM":1.851754658,"HS695T_SKIN":1.850113809,"HS729_SOFT_TISSUE":0.910232718,"HS746T_STOMACH":1.798135227,"HS766T_PANCREAS":0.329470154,"HS852T_SKIN":-1.109397929,"HS944T_SKIN":-4.629360545,"HSB2_HAEMATOPOIETIC_AND_LYMPHOID_TISSUE":1.411118287,"HSC1_SKIN":1.632841599,"HSC2_UPPER_AERODIGESTIVE_TRACT":-3.688566958,"HSC3_UPPER_AERODIGESTIVE_TRACT":1.731659121,"HT1080_SOFT_TISSUE":1.133354025,"HT115_LARGE_INTESTINE":1.870875953,"HT1197_URINARY_TRACT":0.594530439,"HT1376_URINARY_TRACT":1.435187389,"HT144_SKIN":1.446222074,"HT29_LARGE_INTESTINE":1.800131513,"HT55_LARGE_INTESTINE":1.864308065,"HUH1_LIVER":1.727202756,"HUH6_LIVER":1.879971917,"HUH7_LIVER":1.680582013,"HUNS1_HAEMATOPOIETIC_AND_LYMPHOID_TISSUE":-2.026232602,"HUPT3_PANCREAS":-1.457027179,"IALM_LUNG":-3.424409305,"IGR1_SKIN":1.582715382,"IGR39_SKIN":-1.603185985,"IMR32_AUTONOMIC_GANGLIA":1.750696365,"INA6_HAEMATOPOIETIC_AND_LYMPHOID_TISSUE":0.419945693,"IPC298_SKIN":1.799145999,"ISTMES1_PLEURA":1.770033386,"ISTMES2_PLEURA":1.639799032,"J82_URINARY_TRACT":-3.046827981,"JHH1_LIVER":-0.921044887,"JHH4_LIVER":-7.596722983,"JHH5_LIVER":1.034365922,"JHH7_LIVER":-1.881650063,"JHOC5_OVARY":-0.759445554,"JHOM1_OVARY":1.788098613,"JHOS2_OVARY":1.839322751,"JHOS4_OVARY":0.942160737,"JHUEM1_ENDOMETRIUM":0.935307836,"JHUEM7_ENDOMETRIUM":1.783107884,"JIMT1_BREAST":1.883427783,"JJN3_HAEMATOPOIETIC_AND_LYMPHOID_TISSUE":1.601468043,"JMSU1_URINARY_TRACT":1.797841409,"JMURTK2_SOFT_TISSUE":-7.711905508,"JOPACA1_PANCREAS":1.839810134,"JR_SOFT_TISSUE":-3.991198427,"K029AX_SKIN":1.244175382,"KALS1_CENTRAL_NERVOUS_SYSTEM":-0.862913349,"KARPAS299_HAEMATOPOIETIC_AND_LYMPHOID_TISSUE":1.873226567,"KARPAS422_HAEMATOPOIETIC_AND_LYMPHOID_TISSUE":0.901421952,"KASUMI1_HAEMATOPOIETIC_AND_LYMPHOID_TISSUE":1.854247931,"KE39_STOMACH":1.644942494,"KE97_HAEMATOPOIETIC_AND_LYMPHOID_TISSUE":1.884551728,"KELLY_AUTONOMIC_GANGLIA":-2.045921992,"KIJK_HAEMATOPOIETIC_AND_LYMPHOID_TISSUE":1.799297899,"KLE_ENDOMETRIUM":1.791566971,