{"scores":{"127399_SOFT_TISSUE":3.03495379,"143B_BONE":1.23242636,"2313287_STOMACH":1.38370131,"253J_URINARY_TRACT":-3.085475428,"42MGBA_CENTRAL_NERVOUS_SYSTEM":-2.874776279,"5637_URINARY_TRACT":0.178634304,"59M_OVARY":2.137233203,"639V_URINARY_TRACT":2.020628751,"647V_URINARY_TRACT":1.162460174,"697_HAEMATOPOIETIC_AND_LYMPHOID_TISSUE":2.714356965,"769P_KIDNEY":1.406030176,"786O_KIDNEY":-0.146825422,"8305C_THYROID":-0.329304711,"8MGBA_CENTRAL_NERVOUS_SYSTEM":1.083612327,"A2058_SKIN":0.944221461,"A2780_OVARY":0.106677171,"A3KAW_HAEMATOPOIETIC_AND_LYMPHOID_TISSUE":1.004271757,"A427_LUNG":2.235918555,"A431_SKIN":-3.538072577,"A549_LUNG":-1.34178387,"A673_BONE":1.661804668,"ABC1_LUNG":0.448750465,"ACCMESO1_PLEURA":-7.828973796,"AGS_STOMACH":0.759558397,"AML193_HAEMATOPOIETIC_AND_LYMPHOID_TISSUE":3.119488006,"AMO1_HAEMATOPOIETIC_AND_LYMPHOID_TISSUE":2.223240462,"ASPC1_PANCREAS":0.568562288,"AU565_BREAST":0.690661202,"BC3C_URINARY_TRACT":1.993908827,"BFTC905_URINARY_TRACT":0.394393604,"BFTC909_KIDNEY":1.595229094,"BHY_UPPER_AERODIGESTIVE_TRACT":-1.138315941,"BICR16_UPPER_AERODIGESTIVE_TRACT":2.728834248,"BICR22_UPPER_AERODIGESTIVE_TRACT":-0.455189546,"BICR31_UPPER_AERODIGESTIVE_TRACT":3.041283112,"BICR56_UPPER_AERODIGESTIVE_TRACT":-1.569035558,"BICR6_UPPER_AERODIGESTIVE_TRACT":0.9800034,"BICR78_UPPER_AERODIGESTIVE_TRACT":-0.080778889,"BIN67_OVARY":0.192596959,"BL70_HAEMATOPOIETIC_AND_LYMPHOID_TISSUE":0.991370315,"BLUE1_HAEMATOPOIETIC_AND_LYMPHOID_TISSUE":1.118214121,"BT12_SOFT_TISSUE":2.460690573,"BT16_SOFT_TISSUE":0.198976896,"BT549_BREAST":2.593840789,"C2BBE1_LARGE_INTESTINE":1.851333784,"C32_SKIN":2.609680381,"C8166_HAEMATOPOIETIC_AND_LYMPHOID_TISSUE":1.40596268,"CADOES1_BONE":0.181979025,"CAKI1_KIDNEY":-6.435676282,"CAKI2_KIDNEY":-1.095768241,"CAL27_UPPER_AERODIGESTIVE_TRACT":-4.51103543,"CAL29_URINARY_TRACT":1.520916865,"CAL33_UPPER_AERODIGESTIVE_TRACT":-0.003018022,"CAL51_BREAST":0.496308775,"CAL78_BONE":0.077564072,"CALU1_LUNG":-2.527050679,"CALU6_LUNG":2.988448086,"CAMA1_BREAST":2.756496835,"CAOV3_OVARY":0.37452588,"CAS1_CENTRAL_NERVOUS_SYSTEM":1.451084448,"CASKI_CERVIX":-1.547681762,"CCFSTTG1_CENTRAL_NERVOUS_SYSTEM":2.925288833,"CCK81_LARGE_INTESTINE":0.675391997,"CCLFPEDS0001T_KIDNEY":2.03186246,"CCLFPEDS0003T_SOFT_TISSUE":2.256157569,"CFPAC1_PANCREAS":-3.739594184,"CH157MN_CENTRAL_NERVOUS_SYSTEM":-5.016816115,"CHAGOK1_LUNG":2.386902343,"CHLA06ATRT_SOFT_TISSUE":3.128873121,"CHLA15_AUTONOMIC_GANGLIA":-5.306788299,"CHLA266_SOFT_TISSUE":-1.22762432,"CHP212_AUTONOMIC_GANGLIA":-0.029732337,"CJM_SKIN":-4.212120033,"CL40_LARGE_INTESTINE":1.434266427,"CME1_SOFT_TISSUE":0.637689149,"CMLT1_HAEMATOPOIETIC_AND_LYMPHOID_TISSUE":1.218796982,"COGAR359_SOFT_TISSUE":1.80032537,"COGE352_BONE":2.886848945,"COGN278_AUTONOMIC_GANGLIA":2.111116146,"COGN305_AUTONOMIC_GANGLIA":2.939893319,"COLO201_LARGE_INTESTINE":0.625068991,"COLO678_LARGE_INTESTINE":-0.365591655,"COLO679_SKIN":2.904483038,"COLO792_SKIN":-0.089543004,"COLO800_SKIN":-1.224018392,"CORL23_LUNG":2.394693814,"CORL279_LUNG":-1.644025343,"CORL47_LUNG":-1.80765796,"COV318_OVARY":-2.264587622,"COV362_OVARY":2.405468788,"COV434_OVARY":1.165067437,"COV504_OVARY":0.263632824,"COV644_OVARY":-0.184231582,"CW9019_SOFT_TISSUE":-0.366037017,"D283MED_CENTRAL_NERVOUS_SYSTEM":2.763355256,"D341MED_CENTRAL_NERVOUS_SYSTEM":2.492539929,"D425_CENTRAL_NERVOUS_SYSTEM":0.886077283,"D458_CENTRAL_NERVOUS_SYSTEM":1.469536443,"DANG_PANCREAS":2.283315427,"DAOY_CENTRAL_NERVOUS_SYSTEM":2.624403333,"DB_HAEMATOPOIETIC_AND_LYMPHOID_TISSUE":1.385096281,"DEL_HAEMATOPOIETIC_AND_LYMPHOID_TISSUE":2.143647625,"DETROIT562_UPPER_AERODIGESTIVE_TRACT":1.969596047,"DKMG_CENTRAL_NERVOUS_SYSTEM":-1.612987854,"DLD1_LARGE_INTESTINE":1.732600373,"DU4475_BREAST":2.962283246,"EFE184_ENDOMETRIUM":1.155537451,"EFM19_BREAST":3.034404559,"EFO21_OVARY":-0.899858262,"EFO27_OVARY":-5.249174023,"EJM_HAEMATOPOIETIC_AND_LYMPHOID_TISSUE":2.879078121,"EKVX_LUNG":-0.356107733,"EM2_HAEMATOPOIETIC_AND_LYMPHOID_TISSUE":2.469314941,"EN_ENDOMETRIUM":2.294569326,"EOL1_HAEMATOPOIETIC_AND_LYMPHOID_TISSUE":1.065355291,"EPLC272H_LUNG":-1.435564154,"ES2_OVARY":1.72673351,"ESO26_OESOPHAGUS":2.097330821,"ESS1_ENDOMETRIUM":0.641396482,"EW8_BONE":1.508556412,"EWS502_BONE":2.120671885,"F36P_HAEMATOPOIETIC_AND_LYMPHOID_TISSUE":2.263223391,"F5_CENTRAL_NERVOUS_SYSTEM":-0.168765123,"FADU_UPPER_AERODIGESTIVE_TRACT":2.023092483,"FLO1_OESOPHAGUS":1.209914315,"FU97_STOMACH":2.960883986,"G292CLONEA141B1_BONE":-3.303361481,"G402_SOFT_TISSUE":1.328772354,"GAMG_CENTRAL_NERVOUS_SYSTEM":-0.627276571,"GB1_CENTRAL_NERVOUS_SYSTEM":-9.228433938,"GCIY_STOMACH":-0.227387819,"GCT_SOFT_TISSUE":-5.265077269,"GI1_CENTRAL_NERVOUS_SYSTEM":1.733840267,"GSS_STOMACH":1.58771811,"GSU_STOMACH":2.561104995,"H103_UPPER_AERODIGESTIVE_TRACT":1.910284741,"H4_CENTRAL_NERVOUS_SYSTEM":0.166136204,"HARA_LUNG":-0.532387491,"HB1119_HAEMATOPOIETIC_AND_LYMPHOID_TISSUE":2.107668832,"HCC1143_BREAST":2.977318419,"HCC1359_LUNG":2.970415449,"HCC1395_BREAST":1.907152242,"HCC1419_BREAST":2.985111719,"HCC1428_BREAST":2.162533604,"HCC15_LUNG":0.177444645,"HCC1806_BREAST":0.291546636,"HCC1937_BREAST":1.701708678,"HCC1954_BREAST":-1.032646092,"HCC202_BREAST":3.126937787,"HCC2429_LUNG":2.54582423,"HCC2935_LUNG":1.149316912,"HCC366_LUNG":-6.118297481,"HCC461_LUNG":-2.468994849,"HCC515_LUNG":-4.468130335,"HCC56_LARGE_INTESTINE":3.140441403,"HCC827_LUNG":1.157629687,"HCC95_LUNG":-0.331242904,"HDMYZ_HAEMATOPOIETIC_AND_LYMPHOID_TISSUE":1.663772623,"HEC151_ENDOMETRIUM":0.496034558,"HEC1A_ENDOMETRIUM":-5.614154099,"HEC1B_ENDOMETRIUM":3.055033576,"HEC251_ENDOMETRIUM":1.679509327,"HEC265_ENDOMETRIUM":0.968061542,"HEC50B_ENDOMETRIUM":0.799393352,"HEC59_ENDOMETRIUM":0.029332502,"HEC6_ENDOMETRIUM":2.679101551,"HEL_HAEMATOPOIETIC_AND_LYMPHOID_TISSUE":2.121744874,"HEL9217_HAEMATOPOIETIC_AND_LYMPHOID_TISSUE":1.312022299,"HEYA8_OVARY":0.402088129,"HGC27_STOMACH":2.372172444,"HLF_LIVER":-1.04126513,"HMC18_BREAST":2.770640439,"HOP62_LUNG":1.781784931,"HS294T_SKIN":1.835660314,"HS578T_BREAST":2.458832373,"HS683_CENTRAL_NERVOUS_SYSTEM":-4.8929045,"HS695T_SKIN":1.777436096,"HS729_SOFT_TISSUE":2.114114387,"HS746T_STOMACH":2.108195489,"HS766T_PANCREAS":2.869990463,"HS852T_SKIN":-7.159130983,"HS944T_SKIN":-1.110118883,"HSB2_HAEMATOPOIETIC_AND_LYMPHOID_TISSUE":1.573508534,"HSC1_SKIN":-0.625367756,"HSC2_UPPER_AERODIGESTIVE_TRACT":-0.31434577,"HSC3_UPPER_AERODIGESTIVE_TRACT":0.817564487,"HT1080_SOFT_TISSUE":1.520336254,"HT115_LARGE_INTESTINE":0.50091667,"HT1197_URINARY_TRACT":-6.210717101,"HT1376_URINARY_TRACT":-0.791988703,"HT144_SKIN":1.603367704,"HT29_LARGE_INTESTINE":-0.255252457,"HT55_LARGE_INTESTINE":0.543710848,"HUH1_LIVER":2.530864748,"HUH6_LIVER":2.588833465,"HUH7_LIVER":2.199400911,"HUNS1_HAEMATOPOIETIC_AND_LYMPHOID_TISSUE":1.72724377,"HUPT3_PANCREAS":-4.41667348,"IALM_LUNG":0.367723421,"IGR1_SKIN":-2.377205744,"IGR39_SKIN":-6.015864744,"IMR32_AUTONOMIC_GANGLIA":0.193780114,"INA6_HAEMATOPOIETIC_AND_LYMPHOID_TISSUE":2.482660137,"IPC298_SKIN":-2.421616525,"ISTMES1_PLEURA":-3.554259063,"ISTMES2_PLEURA":-6.592700246,"J82_URINARY_TRACT":-2.415478228,"JHH1_LIVER":2.834876479,"JHH4_LIVER":-3.785319469,"JHH5_LIVER":1.461265205,"JHH7_LIVER":2.684004482,"JHOC5_OVARY":0.541974058,"JHOM1_OVARY":-1.508795982,"JHOS2_OVARY":2.99772504,"JHOS4_OVARY":2.719831957,"JHUEM1_ENDOMETRIUM":-0.611561311,"JHUEM7_ENDOMETRIUM":0.996304718,"JIMT1_BREAST":-7.06179187,"JJN3_HAEMATOPOIETIC_AND_LYMPHOID_TISSUE":2.728001965,"JMSU1_URINARY_TRACT":-1.217070983,"JMURTK2_SOFT_TISSUE":1.805314494,"JOPACA1_PANCREAS":-5.300132901,"JR_SOFT_TISSUE":-1.643160419,"K029AX_SKIN":-4.698330101,"KALS1_CENTRAL_NERVOUS_SYSTEM":1.465632243,"KARPAS299_HAEMATOPOIETIC_AND_LYMPHOID_TISSUE":2.915621645,"KARPAS422_HAEMATOPOIETIC_AND_LYMPHOID_TISSUE":0.808006394,"KASUMI1_HAEMATOPOIETIC_AND_LYMPHOID_TISSUE":1.936156136,"KE39_STOMACH":-1.233507995,"KE97_HAEMATOPOIETIC_AND_LYMPHOID_TISSUE":-0.265715689,"KELLY_AUTONOMIC_GANGLIA":1.118731919,"KIJK_HAEMATOPOIETIC_AND_LYMPHOID_TISSUE":2.69599473,