{"scores":{"127399_SOFT_TISSUE":1.870765587,"143B_BONE":3.194919528,"2313287_STOMACH":3.242490608,"253J_URINARY_TRACT":2.690221366,"42MGBA_CENTRAL_NERVOUS_SYSTEM":3.242496525,"5637_URINARY_TRACT":1.992518747,"59M_OVARY":1.88603262,"639V_URINARY_TRACT":3.079125872,"647V_URINARY_TRACT":-3.55267477,"697_HAEMATOPOIETIC_AND_LYMPHOID_TISSUE":3.184603416,"769P_KIDNEY":3.23981648,"786O_KIDNEY":3.223477431,"8305C_THYROID":3.229888322,"8MGBA_CENTRAL_NERVOUS_SYSTEM":3.176515328,"A2058_SKIN":-13.43948168,"A2780_OVARY":3.025613005,"A3KAW_HAEMATOPOIETIC_AND_LYMPHOID_TISSUE":3.23569541,"A427_LUNG":2.138593465,"A431_SKIN":3.191065277,"A549_LUNG":3.218421765,"A673_BONE":2.963131675,"ABC1_LUNG":3.194422646,"ACCMESO1_PLEURA":3.216090923,"AGS_STOMACH":3.049010098,"AML193_HAEMATOPOIETIC_AND_LYMPHOID_TISSUE":2.533116042,"AMO1_HAEMATOPOIETIC_AND_LYMPHOID_TISSUE":3.22903949,"ASPC1_PANCREAS":3.213983973,"AU565_BREAST":2.800936927,"BC3C_URINARY_TRACT":3.114497807,"BFTC905_URINARY_TRACT":2.963329294,"BFTC909_KIDNEY":2.958652826,"BHY_UPPER_AERODIGESTIVE_TRACT":3.114030017,"BICR16_UPPER_AERODIGESTIVE_TRACT":2.085896392,"BICR22_UPPER_AERODIGESTIVE_TRACT":1.027334482,"BICR31_UPPER_AERODIGESTIVE_TRACT":2.428881437,"BICR56_UPPER_AERODIGESTIVE_TRACT":2.009971262,"BICR6_UPPER_AERODIGESTIVE_TRACT":2.262458073,"BICR78_UPPER_AERODIGESTIVE_TRACT":2.982861499,"BIN67_OVARY":3.139647296,"BL70_HAEMATOPOIETIC_AND_LYMPHOID_TISSUE":3.042992718,"BLUE1_HAEMATOPOIETIC_AND_LYMPHOID_TISSUE":1.694411693,"BT12_SOFT_TISSUE":3.238916434,"BT16_SOFT_TISSUE":3.043989857,"BT549_BREAST":0.707732291,"C2BBE1_LARGE_INTESTINE":3.185262489,"C32_SKIN":1.714656426,"C8166_HAEMATOPOIETIC_AND_LYMPHOID_TISSUE":3.241789768,"CADOES1_BONE":1.577487867,"CAKI1_KIDNEY":2.908285586,"CAKI2_KIDNEY":3.096606559,"CAL27_UPPER_AERODIGESTIVE_TRACT":2.490108815,"CAL29_URINARY_TRACT":2.055473744,"CAL33_UPPER_AERODIGESTIVE_TRACT":0.797995884,"CAL51_BREAST":2.761233397,"CAL78_BONE":2.882788701,"CALU1_LUNG":2.985329439,"CALU6_LUNG":3.238052432,"CAMA1_BREAST":-11.02321101,"CAOV3_OVARY":0.355828803,"CAS1_CENTRAL_NERVOUS_SYSTEM":3.240803811,"CASKI_CERVIX":1.329328249,"CCFSTTG1_CENTRAL_NERVOUS_SYSTEM":3.22825917,"CCK81_LARGE_INTESTINE":2.229290282,"CCLFPEDS0001T_KIDNEY":2.975698143,"CCLFPEDS0003T_SOFT_TISSUE":0.290419688,"CFPAC1_PANCREAS":2.939302197,"CH157MN_CENTRAL_NERVOUS_SYSTEM":3.241862067,"CHAGOK1_LUNG":-1.37138245,"CHLA06ATRT_SOFT_TISSUE":3.203493839,"CHLA15_AUTONOMIC_GANGLIA":3.138001015,"CHLA266_SOFT_TISSUE":3.217755899,"CHP212_AUTONOMIC_GANGLIA":-3.123510599,"CJM_SKIN":2.987953663,"CL40_LARGE_INTESTINE":2.533677673,"CME1_SOFT_TISSUE":2.29779851,"CMLT1_HAEMATOPOIETIC_AND_LYMPHOID_TISSUE":3.157517921,"COGAR359_SOFT_TISSUE":2.418407874,"COGE352_BONE":3.182520773,"COGN278_AUTONOMIC_GANGLIA":1.231775108,"COGN305_AUTONOMIC_GANGLIA":-0.556782871,"COLO201_LARGE_INTESTINE":2.249569814,"COLO678_LARGE_INTESTINE":3.232943576,"COLO679_SKIN":-2.134398049,"COLO792_SKIN":-20,"COLO800_SKIN":2.439383433,"CORL23_LUNG":3.190273597,"CORL279_LUNG":3.218619338,"CORL47_LUNG":3.071963647,"COV318_OVARY":2.731564416,"COV362_OVARY":2.747937942,"COV434_OVARY":3.223266897,"COV504_OVARY":2.938666942,"COV644_OVARY":3.145178892,"CW9019_SOFT_TISSUE":3.15302718,"D283MED_CENTRAL_NERVOUS_SYSTEM":2.632552823,"D341MED_CENTRAL_NERVOUS_SYSTEM":2.733271806,"D425_CENTRAL_NERVOUS_SYSTEM":3.198479674,"D458_CENTRAL_NERVOUS_SYSTEM":3.064489232,"DANG_PANCREAS":3.106377211,"DAOY_CENTRAL_NERVOUS_SYSTEM":3.177033471,"DB_HAEMATOPOIETIC_AND_LYMPHOID_TISSUE":3.072960536,"DEL_HAEMATOPOIETIC_AND_LYMPHOID_TISSUE":3.24117218,"DETROIT562_UPPER_AERODIGESTIVE_TRACT":3.126295829,"DKMG_CENTRAL_NERVOUS_SYSTEM":3.067454838,"DLD1_LARGE_INTESTINE":3.214535471,"DU4475_BREAST":2.882994677,"EFE184_ENDOMETRIUM":2.762056019,"EFM19_BREAST":-4.566876831,"EFO21_OVARY":3.203935199,"EFO27_OVARY":1.74190291,"EJM_HAEMATOPOIETIC_AND_LYMPHOID_TISSUE":3.220003194,"EKVX_LUNG":3.097357073,"EM2_HAEMATOPOIETIC_AND_LYMPHOID_TISSUE":3.24180051,"EN_ENDOMETRIUM":3.24251867,"EOL1_HAEMATOPOIETIC_AND_LYMPHOID_TISSUE":2.687432115,"EPLC272H_LUNG":3.180827833,"ES2_OVARY":3.050852099,"ESO26_OESOPHAGUS":1.247521638,"ESS1_ENDOMETRIUM":-1.236638915,"EW8_BONE":2.829561323,"EWS502_BONE":3.226864607,"F36P_HAEMATOPOIETIC_AND_LYMPHOID_TISSUE":3.064607906,"F5_CENTRAL_NERVOUS_SYSTEM":2.85045485,"FADU_UPPER_AERODIGESTIVE_TRACT":3.230797087,"FLO1_OESOPHAGUS":-2.421399878,"FU97_STOMACH":3.086609923,"G292CLONEA141B1_BONE":2.886449423,"G402_SOFT_TISSUE":3.154242356,"GAMG_CENTRAL_NERVOUS_SYSTEM":3.145794255,"GB1_CENTRAL_NERVOUS_SYSTEM":3.23851876,"GCIY_STOMACH":-4.505396111,"GCT_SOFT_TISSUE":3.240752196,"GI1_CENTRAL_NERVOUS_SYSTEM":3.195814623,"GSS_STOMACH":3.220986063,"GSU_STOMACH":3.230412168,"H103_UPPER_AERODIGESTIVE_TRACT":1.760369751,"H4_CENTRAL_NERVOUS_SYSTEM":3.192627713,"HARA_LUNG":3.151088732,"HB1119_HAEMATOPOIETIC_AND_LYMPHOID_TISSUE":3.210076922,"HCC1143_BREAST":2.311109671,"HCC1359_LUNG":2.680676943,"HCC1395_BREAST":2.758817341,"HCC1419_BREAST":-20,"HCC1428_BREAST":1.305256742,"HCC15_LUNG":2.270497743,"HCC1806_BREAST":3.191614276,"HCC1937_BREAST":-0.639666427,"HCC1954_BREAST":-4.411336595,"HCC202_BREAST":0.068166038,"HCC2429_LUNG":3.215632205,"HCC2935_LUNG":1.917089893,"HCC366_LUNG":-1.809892739,"HCC461_LUNG":3.028269489,"HCC515_LUNG":1.727525949,"HCC56_LARGE_INTESTINE":3.100459925,"HCC827_LUNG":2.726805218,"HCC95_LUNG":3.219060796,"HDMYZ_HAEMATOPOIETIC_AND_LYMPHOID_TISSUE":2.082075551,"HEC151_ENDOMETRIUM":3.019742533,"HEC1A_ENDOMETRIUM":2.379468743,"HEC1B_ENDOMETRIUM":3.189482275,"HEC251_ENDOMETRIUM":2.541318414,"HEC265_ENDOMETRIUM":3.239880005,"HEC50B_ENDOMETRIUM":1.56318148,"HEC59_ENDOMETRIUM":-0.168435789,"HEC6_ENDOMETRIUM":3.19064337,"HEL_HAEMATOPOIETIC_AND_LYMPHOID_TISSUE":3.22524941,"HEL9217_HAEMATOPOIETIC_AND_LYMPHOID_TISSUE":3.242187206,"HEYA8_OVARY":3.124786775,"HGC27_STOMACH":3.127522639,"HLF_LIVER":2.973177042,"HMC18_BREAST":3.242333277,"HOP62_LUNG":3.201863415,"HS294T_SKIN":3.071915481,"HS578T_BREAST":3.167630456,"HS683_CENTRAL_NERVOUS_SYSTEM":2.943289995,"HS695T_SKIN":3.059908422,"HS729_SOFT_TISSUE":3.224088293,"HS746T_STOMACH":3.109590827,"HS766T_PANCREAS":3.23257196,"HS852T_SKIN":1.686270532,"HS944T_SKIN":-10.41990742,"HSB2_HAEMATOPOIETIC_AND_LYMPHOID_TISSUE":-2.620824712,"HSC1_SKIN":2.221222633,"HSC2_UPPER_AERODIGESTIVE_TRACT":2.664241288,"HSC3_UPPER_AERODIGESTIVE_TRACT":2.21214217,"HT1080_SOFT_TISSUE":2.9914072,"HT115_LARGE_INTESTINE":3.021298952,"HT1197_URINARY_TRACT":3.180830706,"HT1376_URINARY_TRACT":1.502645278,"HT144_SKIN":2.59067697,"HT29_LARGE_INTESTINE":3.235413953,"HT55_LARGE_INTESTINE":3.153331957,"HUH1_LIVER":3.220739278,"HUH6_LIVER":3.163475955,"HUH7_LIVER":3.241784015,"HUNS1_HAEMATOPOIETIC_AND_LYMPHOID_TISSUE":3.100581591,"HUPT3_PANCREAS":2.472646899,"IALM_LUNG":2.790842781,"IGR1_SKIN":-16.3805582,"IGR39_SKIN":3.239903134,"IMR32_AUTONOMIC_GANGLIA":3.006211775,"INA6_HAEMATOPOIETIC_AND_LYMPHOID_TISSUE":3.236399517,"IPC298_SKIN":1.243778373,"ISTMES1_PLEURA":-0.320161039,"ISTMES2_PLEURA":3.01202226,"J82_URINARY_TRACT":2.497607326,"JHH1_LIVER":2.792665636,"JHH4_LIVER":3.228135175,"JHH5_LIVER":3.240828215,"JHH7_LIVER":3.154108895,"JHOC5_OVARY":2.954163213,"JHOM1_OVARY":1.277267831,"JHOS2_OVARY":3.011294084,"JHOS4_OVARY":3.115227474,"JHUEM1_ENDOMETRIUM":2.98289708,"JHUEM7_ENDOMETRIUM":3.240364744,"JIMT1_BREAST":-0.187716798,"JJN3_HAEMATOPOIETIC_AND_LYMPHOID_TISSUE":3.120429413,"JMSU1_URINARY_TRACT":0.774634623,"JMURTK2_SOFT_TISSUE":2.357110198,"JOPACA1_PANCREAS":2.828383104,"JR_SOFT_TISSUE":2.47397335,"K029AX_SKIN":-19.49387839,"KALS1_CENTRAL_NERVOUS_SYSTEM":2.612272832,"KARPAS299_HAEMATOPOIETIC_AND_LYMPHOID_TISSUE":3.174364411,"KARPAS422_HAEMATOPOIETIC_AND_LYMPHOID_TISSUE":3.197883277,"KASUMI1_HAEMATOPOIETIC_AND_LYMPHOID_TISSUE":2.782823201,"KE39_STOMACH":2.318654948,"KE97_HAEMATOPOIETIC_AND_LYMPHOID_TISSUE":2.554583461,"KELLY_AUTONOMIC_GANGLIA":3.128438948,"KIJK_HAEMATOPOIETIC_AND_LYMPHOID_TISSUE":1.923043601,"KLE_ENDOMETRIUM":2.907320922,"KM12_LARGE_INTESTINE":3.188543796,