{"scores":{"127399_SOFT_TISSUE":1.888466336,"143B_BONE":-1.48735642,"2313287_STOMACH":-1.543604258,"253J_URINARY_TRACT":1.8000326,"42MGBA_CENTRAL_NERVOUS_SYSTEM":-0.60053652,"5637_URINARY_TRACT":0.544375425,"59M_OVARY":1.602042705,"639V_URINARY_TRACT":1.880735429,"647V_URINARY_TRACT":1.822833439,"697_HAEMATOPOIETIC_AND_LYMPHOID_TISSUE":1.885679865,"769P_KIDNEY":1.818243089,"786O_KIDNEY":1.111955056,"8305C_THYROID":1.880241766,"8MGBA_CENTRAL_NERVOUS_SYSTEM":1.801819289,"A2058_SKIN":1.853879113,"A2780_OVARY":0.965039796,"A3KAW_HAEMATOPOIETIC_AND_LYMPHOID_TISSUE":0.603702743,"A427_LUNG":1.782865387,"A431_SKIN":1.877432458,"A549_LUNG":1.790712012,"A673_BONE":1.8198702,"ABC1_LUNG":-1.531343919,"ACCMESO1_PLEURA":1.746315841,"AGS_STOMACH":1.882948746,"AML193_HAEMATOPOIETIC_AND_LYMPHOID_TISSUE":1.445488774,"AMO1_HAEMATOPOIETIC_AND_LYMPHOID_TISSUE":1.8031419,"ASPC1_PANCREAS":-2.571027518,"AU565_BREAST":0.604671857,"BC3C_URINARY_TRACT":0.273381662,"BFTC905_URINARY_TRACT":1.37557022,"BFTC909_KIDNEY":1.890239688,"BHY_UPPER_AERODIGESTIVE_TRACT":1.673789623,"BICR16_UPPER_AERODIGESTIVE_TRACT":1.508658657,"BICR22_UPPER_AERODIGESTIVE_TRACT":1.379107319,"BICR31_UPPER_AERODIGESTIVE_TRACT":1.60684577,"BICR56_UPPER_AERODIGESTIVE_TRACT":0.249556442,"BICR6_UPPER_AERODIGESTIVE_TRACT":1.837778832,"BICR78_UPPER_AERODIGESTIVE_TRACT":1.74881423,"BIN67_OVARY":-4.033963482,"BL70_HAEMATOPOIETIC_AND_LYMPHOID_TISSUE":1.757629076,"BLUE1_HAEMATOPOIETIC_AND_LYMPHOID_TISSUE":1.1387421,"BT12_SOFT_TISSUE":-1.365561038,"BT16_SOFT_TISSUE":1.890282886,"BT549_BREAST":1.886187426,"C2BBE1_LARGE_INTESTINE":1.887472236,"C32_SKIN":1.612372289,"C8166_HAEMATOPOIETIC_AND_LYMPHOID_TISSUE":1.883118073,"CADOES1_BONE":0.21973655,"CAKI1_KIDNEY":0.845473346,"CAKI2_KIDNEY":1.874788563,"CAL27_UPPER_AERODIGESTIVE_TRACT":1.601585071,"CAL29_URINARY_TRACT":1.872057781,"CAL33_UPPER_AERODIGESTIVE_TRACT":1.490399701,"CAL51_BREAST":1.814474776,"CAL78_BONE":1.882669737,"CALU1_LUNG":1.455878267,"CALU6_LUNG":1.853355762,"CAMA1_BREAST":1.476897041,"CAOV3_OVARY":1.884829494,"CAS1_CENTRAL_NERVOUS_SYSTEM":1.844849878,"CASKI_CERVIX":1.73655121,"CCFSTTG1_CENTRAL_NERVOUS_SYSTEM":-1.100627124,"CCK81_LARGE_INTESTINE":0.267268174,"CCLFPEDS0001T_KIDNEY":1.88974272,"CCLFPEDS0003T_SOFT_TISSUE":1.564113616,"CFPAC1_PANCREAS":0.519666461,"CH157MN_CENTRAL_NERVOUS_SYSTEM":1.621978611,"CHAGOK1_LUNG":1.890015576,"CHLA06ATRT_SOFT_TISSUE":1.376772233,"CHLA15_AUTONOMIC_GANGLIA":0.489391602,"CHLA266_SOFT_TISSUE":1.613845842,"CHP212_AUTONOMIC_GANGLIA":1.770717925,"CJM_SKIN":0.947057999,"CL40_LARGE_INTESTINE":1.886180127,"CME1_SOFT_TISSUE":1.856313098,"CMLT1_HAEMATOPOIETIC_AND_LYMPHOID_TISSUE":1.851832826,"COGAR359_SOFT_TISSUE":1.879207926,"COGE352_BONE":-1.179479488,"COGN278_AUTONOMIC_GANGLIA":1.880575279,"COGN305_AUTONOMIC_GANGLIA":1.628491685,"COLO201_LARGE_INTESTINE":1.794408516,"COLO678_LARGE_INTESTINE":0.479166155,"COLO679_SKIN":1.890282886,"COLO792_SKIN":-1.116956512,"COLO800_SKIN":1.026545698,"CORL23_LUNG":1.303710214,"CORL279_LUNG":1.87877385,"CORL47_LUNG":1.871745021,"COV318_OVARY":0.409321479,"COV362_OVARY":1.886441921,"COV434_OVARY":1.636248383,"COV504_OVARY":1.408526668,"COV644_OVARY":1.773785809,"CW9019_SOFT_TISSUE":1.771633483,"D283MED_CENTRAL_NERVOUS_SYSTEM":1.270870627,"D341MED_CENTRAL_NERVOUS_SYSTEM":1.562120405,"D425_CENTRAL_NERVOUS_SYSTEM":1.831720797,"D458_CENTRAL_NERVOUS_SYSTEM":1.822134629,"DANG_PANCREAS":1.856395027,"DAOY_CENTRAL_NERVOUS_SYSTEM":1.7620463,"DB_HAEMATOPOIETIC_AND_LYMPHOID_TISSUE":1.165409444,"DEL_HAEMATOPOIETIC_AND_LYMPHOID_TISSUE":1.368170252,"DETROIT562_UPPER_AERODIGESTIVE_TRACT":1.662907781,"DKMG_CENTRAL_NERVOUS_SYSTEM":1.776775594,"DLD1_LARGE_INTESTINE":1.788812004,"DU4475_BREAST":1.146005565,"EFE184_ENDOMETRIUM":1.515587113,"EFM19_BREAST":1.67865913,"EFO21_OVARY":1.747179462,"EFO27_OVARY":0.568585586,"EJM_HAEMATOPOIETIC_AND_LYMPHOID_TISSUE":1.487337826,"EKVX_LUNG":-3.841062061,"EM2_HAEMATOPOIETIC_AND_LYMPHOID_TISSUE":-0.257044117,"EN_ENDOMETRIUM":-0.553867881,"EOL1_HAEMATOPOIETIC_AND_LYMPHOID_TISSUE":1.063861228,"EPLC272H_LUNG":1.876480689,"ES2_OVARY":0.923973699,"ESO26_OESOPHAGUS":1.759897468,"ESS1_ENDOMETRIUM":1.759211113,"EW8_BONE":-2.051304408,"EWS502_BONE":1.714853161,"F36P_HAEMATOPOIETIC_AND_LYMPHOID_TISSUE":1.460438352,"F5_CENTRAL_NERVOUS_SYSTEM":1.886947509,"FADU_UPPER_AERODIGESTIVE_TRACT":0.944353028,"FLO1_OESOPHAGUS":-2.286595057,"FU97_STOMACH":-4.404602462,"G292CLONEA141B1_BONE":1.632179623,"G402_SOFT_TISSUE":1.098939459,"GAMG_CENTRAL_NERVOUS_SYSTEM":1.552590982,"GB1_CENTRAL_NERVOUS_SYSTEM":-5.308352062,"GCIY_STOMACH":-3.445228847,"GCT_SOFT_TISSUE":1.881168287,"GI1_CENTRAL_NERVOUS_SYSTEM":1.86612565,"GSS_STOMACH":-6.911642093,"GSU_STOMACH":1.292056471,"H103_UPPER_AERODIGESTIVE_TRACT":1.864496196,"H4_CENTRAL_NERVOUS_SYSTEM":1.458275802,"HARA_LUNG":-3.016434366,"HB1119_HAEMATOPOIETIC_AND_LYMPHOID_TISSUE":1.773704864,"HCC1143_BREAST":1.675203237,"HCC1359_LUNG":1.889083094,"HCC1395_BREAST":1.850901496,"HCC1419_BREAST":-5.130692832,"HCC1428_BREAST":0.230229467,"HCC15_LUNG":1.81951668,"HCC1806_BREAST":1.475618323,"HCC1937_BREAST":1.841501495,"HCC1954_BREAST":1.869989939,"HCC202_BREAST":0.105901414,"HCC2429_LUNG":1.732558408,"HCC2935_LUNG":1.89018125,"HCC366_LUNG":1.884768648,"HCC461_LUNG":1.579716483,"HCC515_LUNG":1.688487059,"HCC56_LARGE_INTESTINE":-0.402823179,"HCC827_LUNG":1.840011356,"HCC95_LUNG":-0.550912332,"HDMYZ_HAEMATOPOIETIC_AND_LYMPHOID_TISSUE":0.849649497,"HEC151_ENDOMETRIUM":1.58923922,"HEC1A_ENDOMETRIUM":1.883635553,"HEC1B_ENDOMETRIUM":1.571393421,"HEC251_ENDOMETRIUM":1.35430843,"HEC265_ENDOMETRIUM":1.278303748,"HEC50B_ENDOMETRIUM":-3.733101983,"HEC59_ENDOMETRIUM":-8.548109606,"HEC6_ENDOMETRIUM":1.608334674,"HEL_HAEMATOPOIETIC_AND_LYMPHOID_TISSUE":1.887877254,"HEL9217_HAEMATOPOIETIC_AND_LYMPHOID_TISSUE":1.890282886,"HEYA8_OVARY":1.88670286,"HGC27_STOMACH":1.08318459,"HLF_LIVER":1.882801157,"HMC18_BREAST":1.889424558,"HOP62_LUNG":1.419397563,"HS294T_SKIN":1.802882164,"HS578T_BREAST":1.688087689,"HS683_CENTRAL_NERVOUS_SYSTEM":1.554003413,"HS695T_SKIN":1.067023255,"HS729_SOFT_TISSUE":1.616212653,"HS746T_STOMACH":1.878458553,"HS766T_PANCREAS":1.793510102,"HS852T_SKIN":1.395752912,"HS944T_SKIN":1.870555375,"HSB2_HAEMATOPOIETIC_AND_LYMPHOID_TISSUE":-0.489900972,"HSC1_SKIN":0.683946219,"HSC2_UPPER_AERODIGESTIVE_TRACT":1.703648975,"HSC3_UPPER_AERODIGESTIVE_TRACT":1.247337566,"HT1080_SOFT_TISSUE":1.52781238,"HT115_LARGE_INTESTINE":1.889487178,"HT1197_URINARY_TRACT":-9.982314736,"HT1376_URINARY_TRACT":-1.450301451,"HT144_SKIN":0.318997477,"HT29_LARGE_INTESTINE":1.34675942,"HT55_LARGE_INTESTINE":0.994946597,"HUH1_LIVER":0.88556653,"HUH6_LIVER":0.418802309,"HUH7_LIVER":1.72799093,"HUNS1_HAEMATOPOIETIC_AND_LYMPHOID_TISSUE":1.88611664,"HUPT3_PANCREAS":-3.127535969,"IALM_LUNG":-1.214540002,"IGR1_SKIN":1.874575712,"IGR39_SKIN":1.790944141,"IMR32_AUTONOMIC_GANGLIA":1.423458328,"INA6_HAEMATOPOIETIC_AND_LYMPHOID_TISSUE":1.153736573,"IPC298_SKIN":-3.107817867,"ISTMES1_PLEURA":0.985207934,"ISTMES2_PLEURA":1.869407026,"J82_URINARY_TRACT":1.846809906,"JHH1_LIVER":-1.016737018,"JHH4_LIVER":-1.894816243,"JHH5_LIVER":-0.341210589,"JHH7_LIVER":-4.46817338,"JHOC5_OVARY":0.052570696,"JHOM1_OVARY":1.006850406,"JHOS2_OVARY":1.269559757,"JHOS4_OVARY":1.881514478,"JHUEM1_ENDOMETRIUM":-6.834291381,"JHUEM7_ENDOMETRIUM":1.890282886,"JIMT1_BREAST":1.52467813,"JJN3_HAEMATOPOIETIC_AND_LYMPHOID_TISSUE":1.887843977,"JMSU1_URINARY_TRACT":1.889157757,"JMURTK2_SOFT_TISSUE":0.995286512,"JOPACA1_PANCREAS":0.702177545,"JR_SOFT_TISSUE":-0.547054253,"K029AX_SKIN":1.874491515,"KALS1_CENTRAL_NERVOUS_SYSTEM":1.781962046,"KARPAS299_HAEMATOPOIETIC_AND_LYMPHOID_TISSUE":1.827354591,"KARPAS422_HAEMATOPOIETIC_AND_LYMPHOID_TISSUE":1.890282886,"KASUMI1_HAEMATOPOIETIC_AND_LYMPHOID_TISSUE":1.248137958,"KE39_STOMACH":1.072129378,"KE97_HAEMATOPOIETIC_AND_LYMPHOID_TISSUE":1.876487677,"KELLY_AUTONOMIC_GANGLIA":1.418358446,"KIJK_HAEMATOPOIETIC_AND_LYMPHOID_TISSUE":1.284996613,"KLE_ENDOMETRIUM":1.372597839,"KM12_LARGE_INTESTINE":-5.944312515,