{"scores":{"127399_SOFT_TISSUE":6.116651882,"143B_BONE":6.114893591,"2313287_STOMACH":6.209391574,"253J_URINARY_TRACT":6.184884073,"42MGBA_CENTRAL_NERVOUS_SYSTEM":5.996590203,"5637_URINARY_TRACT":5.506041523,"59M_OVARY":6.204655112,"639V_URINARY_TRACT":6.211301441,"647V_URINARY_TRACT":5.891456355,"697_HAEMATOPOIETIC_AND_LYMPHOID_TISSUE":5.203565506,"769P_KIDNEY":-20,"786O_KIDNEY":-20,"8305C_THYROID":4.058696264,"8MGBA_CENTRAL_NERVOUS_SYSTEM":5.397969257,"A2058_SKIN":4.894240179,"A2780_OVARY":6.216836297,"A3KAW_HAEMATOPOIETIC_AND_LYMPHOID_TISSUE":3.922006368,"A427_LUNG":5.114003899,"A431_SKIN":4.728057904,"A549_LUNG":5.925791349,"A673_BONE":6.030320749,"ABC1_LUNG":4.026516093,"ACCMESO1_PLEURA":5.376133888,"AGS_STOMACH":6.167878473,"AML193_HAEMATOPOIETIC_AND_LYMPHOID_TISSUE":6.107430552,"AMO1_HAEMATOPOIETIC_AND_LYMPHOID_TISSUE":5.899362163,"ASPC1_PANCREAS":6.122255972,"AU565_BREAST":6.089861802,"BC3C_URINARY_TRACT":5.463490694,"BFTC905_URINARY_TRACT":5.924425713,"BFTC909_KIDNEY":4.972644031,"BHY_UPPER_AERODIGESTIVE_TRACT":6.211654779,"BICR16_UPPER_AERODIGESTIVE_TRACT":5.695664814,"BICR22_UPPER_AERODIGESTIVE_TRACT":-20,"BICR31_UPPER_AERODIGESTIVE_TRACT":5.475338453,"BICR56_UPPER_AERODIGESTIVE_TRACT":-20,"BICR6_UPPER_AERODIGESTIVE_TRACT":3.729663521,"BICR78_UPPER_AERODIGESTIVE_TRACT":4.302048206,"BIN67_OVARY":6.090507076,"BL70_HAEMATOPOIETIC_AND_LYMPHOID_TISSUE":6.211810626,"BLUE1_HAEMATOPOIETIC_AND_LYMPHOID_TISSUE":5.922849618,"BT12_SOFT_TISSUE":-0.673177816,"BT16_SOFT_TISSUE":4.707205809,"BT549_BREAST":6.199052977,"C2BBE1_LARGE_INTESTINE":5.702112562,"C32_SKIN":6.123461161,"C8166_HAEMATOPOIETIC_AND_LYMPHOID_TISSUE":5.938663558,"CADOES1_BONE":6.217303983,"CAKI1_KIDNEY":6.21737719,"CAKI2_KIDNEY":4.815710071,"CAL27_UPPER_AERODIGESTIVE_TRACT":4.583302154,"CAL29_URINARY_TRACT":-20,"CAL33_UPPER_AERODIGESTIVE_TRACT":-13.85145996,"CAL51_BREAST":5.560139679,"CAL78_BONE":5.254483121,"CALU1_LUNG":6.207000605,"CALU6_LUNG":6.081855918,"CAMA1_BREAST":5.887143466,"CAOV3_OVARY":5.903731167,"CAS1_CENTRAL_NERVOUS_SYSTEM":5.4695851,"CASKI_CERVIX":6.205394151,"CCFSTTG1_CENTRAL_NERVOUS_SYSTEM":6.214549105,"CCK81_LARGE_INTESTINE":6.216562294,"CCLFPEDS0001T_KIDNEY":6.074583259,"CCLFPEDS0003T_SOFT_TISSUE":5.735356663,"CFPAC1_PANCREAS":6.022625956,"CH157MN_CENTRAL_NERVOUS_SYSTEM":3.937623752,"CHAGOK1_LUNG":6.194765702,"CHLA06ATRT_SOFT_TISSUE":6.205967487,"CHLA15_AUTONOMIC_GANGLIA":6.085377658,"CHLA266_SOFT_TISSUE":4.993299389,"CHP212_AUTONOMIC_GANGLIA":5.565559729,"CJM_SKIN":5.778116249,"CL40_LARGE_INTESTINE":-0.98584636,"CME1_SOFT_TISSUE":6.007001463,"CMLT1_HAEMATOPOIETIC_AND_LYMPHOID_TISSUE":4.808682215,"COGAR359_SOFT_TISSUE":5.816081288,"COGE352_BONE":6.118337079,"COGN278_AUTONOMIC_GANGLIA":5.954971628,"COGN305_AUTONOMIC_GANGLIA":6.042323503,"COLO201_LARGE_INTESTINE":5.894465499,"COLO678_LARGE_INTESTINE":5.832230012,"COLO679_SKIN":4.464535318,"COLO792_SKIN":6.077436374,"COLO800_SKIN":3.525283765,"CORL23_LUNG":-4.951827394,"CORL279_LUNG":6.141784994,"CORL47_LUNG":4.600699964,"COV318_OVARY":5.412238996,"COV362_OVARY":5.780797757,"COV434_OVARY":6.176649509,"COV504_OVARY":5.928332439,"COV644_OVARY":5.856980171,"CW9019_SOFT_TISSUE":6.033634299,"D283MED_CENTRAL_NERVOUS_SYSTEM":6.178046764,"D341MED_CENTRAL_NERVOUS_SYSTEM":5.5393249,"D425_CENTRAL_NERVOUS_SYSTEM":6.194105502,"D458_CENTRAL_NERVOUS_SYSTEM":5.58779819,"DANG_PANCREAS":5.8790113,"DAOY_CENTRAL_NERVOUS_SYSTEM":6.120254452,"DB_HAEMATOPOIETIC_AND_LYMPHOID_TISSUE":5.788680579,"DEL_HAEMATOPOIETIC_AND_LYMPHOID_TISSUE":6.206615916,"DETROIT562_UPPER_AERODIGESTIVE_TRACT":1.695747357,"DKMG_CENTRAL_NERVOUS_SYSTEM":5.74130011,"DLD1_LARGE_INTESTINE":5.330157381,"DU4475_BREAST":4.531084819,"EFE184_ENDOMETRIUM":5.0580992,"EFM19_BREAST":6.100935831,"EFO21_OVARY":5.146871624,"EFO27_OVARY":6.089185916,"EJM_HAEMATOPOIETIC_AND_LYMPHOID_TISSUE":5.470765724,"EKVX_LUNG":5.940170318,"EM2_HAEMATOPOIETIC_AND_LYMPHOID_TISSUE":3.748584842,"EN_ENDOMETRIUM":5.721467102,"EOL1_HAEMATOPOIETIC_AND_LYMPHOID_TISSUE":5.0256581,"EPLC272H_LUNG":6.108894049,"ES2_OVARY":6.144237492,"ESO26_OESOPHAGUS":4.603674255,"ESS1_ENDOMETRIUM":6.032151121,"EW8_BONE":5.747016828,"EWS502_BONE":5.552104432,"F36P_HAEMATOPOIETIC_AND_LYMPHOID_TISSUE":6.110543337,"F5_CENTRAL_NERVOUS_SYSTEM":5.153463126,"FADU_UPPER_AERODIGESTIVE_TRACT":5.697772574,"FLO1_OESOPHAGUS":6.066311477,"FU97_STOMACH":6.172080981,"G292CLONEA141B1_BONE":6.205159492,"G402_SOFT_TISSUE":5.096460589,"GAMG_CENTRAL_NERVOUS_SYSTEM":6.216412038,"GB1_CENTRAL_NERVOUS_SYSTEM":5.854761822,"GCIY_STOMACH":5.430967589,"GCT_SOFT_TISSUE":6.160074625,"GI1_CENTRAL_NERVOUS_SYSTEM":6.025804158,"GSS_STOMACH":6.163098969,"GSU_STOMACH":5.293789208,"H103_UPPER_AERODIGESTIVE_TRACT":4.544845834,"H4_CENTRAL_NERVOUS_SYSTEM":3.316807249,"HARA_LUNG":6.192703488,"HB1119_HAEMATOPOIETIC_AND_LYMPHOID_TISSUE":6.217899524,"HCC1143_BREAST":6.196958956,"HCC1359_LUNG":6.198221225,"HCC1395_BREAST":5.945933378,"HCC1419_BREAST":5.369231467,"HCC1428_BREAST":6.122020358,"HCC15_LUNG":6.217881652,"HCC1806_BREAST":6.212573312,"HCC1937_BREAST":6.1862365,"HCC1954_BREAST":5.947609924,"HCC202_BREAST":5.799605765,"HCC2429_LUNG":5.702324475,"HCC2935_LUNG":4.388992909,"HCC366_LUNG":1.584616382,"HCC461_LUNG":6.16367752,"HCC515_LUNG":4.807488033,"HCC56_LARGE_INTESTINE":6.205522695,"HCC827_LUNG":5.656604183,"HCC95_LUNG":5.71127593,"HDMYZ_HAEMATOPOIETIC_AND_LYMPHOID_TISSUE":5.90381186,"HEC151_ENDOMETRIUM":4.757369543,"HEC1A_ENDOMETRIUM":5.169410694,"HEC1B_ENDOMETRIUM":6.210916226,"HEC251_ENDOMETRIUM":5.950250537,"HEC265_ENDOMETRIUM":5.552202606,"HEC50B_ENDOMETRIUM":6.032718797,"HEC59_ENDOMETRIUM":4.869026259,"HEC6_ENDOMETRIUM":6.213980807,"HEL_HAEMATOPOIETIC_AND_LYMPHOID_TISSUE":5.496046205,"HEL9217_HAEMATOPOIETIC_AND_LYMPHOID_TISSUE":4.484342393,"HEYA8_OVARY":6.190848822,"HGC27_STOMACH":5.658876716,"HLF_LIVER":6.213672577,"HMC18_BREAST":6.213825708,"HOP62_LUNG":6.190025065,"HS294T_SKIN":5.432698254,"HS578T_BREAST":6.193733751,"HS683_CENTRAL_NERVOUS_SYSTEM":2.423570939,"HS695T_SKIN":5.854346771,"HS729_SOFT_TISSUE":5.774263991,"HS746T_STOMACH":5.400480853,"HS766T_PANCREAS":6.150950344,"HS852T_SKIN":5.806051712,"HS944T_SKIN":6.202219639,"HSB2_HAEMATOPOIETIC_AND_LYMPHOID_TISSUE":5.924564681,"HSC1_SKIN":5.244191277,"HSC2_UPPER_AERODIGESTIVE_TRACT":6.214556135,"HSC3_UPPER_AERODIGESTIVE_TRACT":1.66152919,"HT1080_SOFT_TISSUE":6.181712415,"HT115_LARGE_INTESTINE":5.924485709,"HT1197_URINARY_TRACT":2.287576063,"HT1376_URINARY_TRACT":6.153789583,"HT144_SKIN":6.176135919,"HT29_LARGE_INTESTINE":5.547672456,"HT55_LARGE_INTESTINE":6.071673112,"HUH1_LIVER":6.217060337,"HUH6_LIVER":6.082507216,"HUH7_LIVER":5.180467613,"HUNS1_HAEMATOPOIETIC_AND_LYMPHOID_TISSUE":5.106731234,"HUPT3_PANCREAS":6.183779951,"IALM_LUNG":5.74797853,"IGR1_SKIN":6.158781262,"IGR39_SKIN":6.151303371,"IMR32_AUTONOMIC_GANGLIA":5.68699064,"INA6_HAEMATOPOIETIC_AND_LYMPHOID_TISSUE":4.538014763,"IPC298_SKIN":5.456995947,"ISTMES1_PLEURA":5.198643795,"ISTMES2_PLEURA":5.836623502,"J82_URINARY_TRACT":5.732289949,"JHH1_LIVER":6.205445663,"JHH4_LIVER":5.892068356,"JHH5_LIVER":6.187595723,"JHH7_LIVER":6.217897226,"JHOC5_OVARY":-9.122502248,"JHOM1_OVARY":6.182957585,"JHOS2_OVARY":5.980185947,"JHOS4_OVARY":5.875613239,"JHUEM1_ENDOMETRIUM":5.994440839,"JHUEM7_ENDOMETRIUM":6.070470576,"JIMT1_BREAST":6.217697598,"JJN3_HAEMATOPOIETIC_AND_LYMPHOID_TISSUE":6.192853156,"JMSU1_URINARY_TRACT":5.892556227,"JMURTK2_SOFT_TISSUE":6.050698353,"JOPACA1_PANCREAS":5.925832497,"JR_SOFT_TISSUE":5.740697501,"K029AX_SKIN":4.346202321,"KALS1_CENTRAL_NERVOUS_SYSTEM":3.930235735,"KARPAS299_HAEMATOPOIETIC_AND_LYMPHOID_TISSUE":6.099184297,"KARPAS422_HAEMATOPOIETIC_AND_LYMPHOID_TISSUE":5.34338391,"KASUMI1_HAEMATOPOIETIC_AND_LYMPHOID_TISSUE":6.16662007,"KE39_STOMACH":5.988465977,"KE97_HAEMATOPOIETIC_AND_LYMPHOID_TISSUE":5.251326802,"KELLY_AUTONOMIC_GANGLIA":6.196538205,"KIJK_HAEMATOPOIETIC_AND_LYMPHOID_TISSUE":6.036339408,"KLE_ENDOMETRIUM":6.065003201,"KM12_LARGE_INTESTINE":6.216099321,"KMBC2_URINARY_TRACT":6.123357552,