{"scores":{"127399_SOFT_TISSUE":-1.806565142,"143B_BONE":-3.121199355,"2313287_STOMACH":-2.47371505,"253J_URINARY_TRACT":11.38725859,"42MGBA_CENTRAL_NERVOUS_SYSTEM":-3.123711684,"5637_URINARY_TRACT":-2.623403764,"59M_OVARY":-2.885358273,"639V_URINARY_TRACT":-1.939951558,"647V_URINARY_TRACT":-3.114998904,"697_HAEMATOPOIETIC_AND_LYMPHOID_TISSUE":2.384278796,"769P_KIDNEY":9.650612942,"786O_KIDNEY":0.834802416,"8305C_THYROID":-3.148304792,"8MGBA_CENTRAL_NERVOUS_SYSTEM":-3.097104488,"A2058_SKIN":-3.139159002,"A2780_OVARY":-1.675131896,"A3KAW_HAEMATOPOIETIC_AND_LYMPHOID_TISSUE":-3.077266707,"A427_LUNG":-2.871639319,"A431_SKIN":-3.089882453,"A549_LUNG":9.78374472,"A673_BONE":-2.797422849,"ABC1_LUNG":-2.755521843,"ACCMESO1_PLEURA":-2.8031037,"AGS_STOMACH":5.188931335,"AML193_HAEMATOPOIETIC_AND_LYMPHOID_TISSUE":-2.562157896,"AMO1_HAEMATOPOIETIC_AND_LYMPHOID_TISSUE":0.946105568,"ASPC1_PANCREAS":-2.596842505,"AU565_BREAST":-3.101183421,"BC3C_URINARY_TRACT":-1.040684157,"BFTC905_URINARY_TRACT":-3.139538876,"BFTC909_KIDNEY":-3.056021472,"BHY_UPPER_AERODIGESTIVE_TRACT":-2.997898323,"BICR16_UPPER_AERODIGESTIVE_TRACT":-3.122801918,"BICR22_UPPER_AERODIGESTIVE_TRACT":-3.148100859,"BICR31_UPPER_AERODIGESTIVE_TRACT":-3.10514865,"BICR56_UPPER_AERODIGESTIVE_TRACT":-3.011577825,"BICR6_UPPER_AERODIGESTIVE_TRACT":-2.591368716,"BICR78_UPPER_AERODIGESTIVE_TRACT":-2.285514616,"BIN67_OVARY":20,"BL70_HAEMATOPOIETIC_AND_LYMPHOID_TISSUE":-3.14832893,"BLUE1_HAEMATOPOIETIC_AND_LYMPHOID_TISSUE":-1.794822964,"BT12_SOFT_TISSUE":-2.991218304,"BT16_SOFT_TISSUE":20,"BT549_BREAST":-3.059838663,"C2BBE1_LARGE_INTESTINE":-2.896299441,"C32_SKIN":17.94470136,"C8166_HAEMATOPOIETIC_AND_LYMPHOID_TISSUE":-2.673930193,"CADOES1_BONE":-1.887212654,"CAKI1_KIDNEY":4.017941003,"CAKI2_KIDNEY":0.229849133,"CAL27_UPPER_AERODIGESTIVE_TRACT":-2.482195608,"CAL29_URINARY_TRACT":-3.126667153,"CAL33_UPPER_AERODIGESTIVE_TRACT":-2.92339967,"CAL51_BREAST":-2.387481334,"CAL78_BONE":-2.546113385,"CALU1_LUNG":-1.475668881,"CALU6_LUNG":-2.677159744,"CAMA1_BREAST":-3.145505298,"CAOV3_OVARY":-2.085152445,"CAS1_CENTRAL_NERVOUS_SYSTEM":-3.131776156,"CASKI_CERVIX":-2.750387993,"CCFSTTG1_CENTRAL_NERVOUS_SYSTEM":-0.352767711,"CCK81_LARGE_INTESTINE":-1.694927957,"CCLFPEDS0001T_KIDNEY":-3.06496705,"CCLFPEDS0003T_SOFT_TISSUE":20,"CFPAC1_PANCREAS":-3.017952962,"CH157MN_CENTRAL_NERVOUS_SYSTEM":-2.651249626,"CHAGOK1_LUNG":-2.678965871,"CHLA06ATRT_SOFT_TISSUE":-3.119097958,"CHLA15_AUTONOMIC_GANGLIA":-2.590986728,"CHLA266_SOFT_TISSUE":19.09978614,"CHP212_AUTONOMIC_GANGLIA":-0.290161575,"CJM_SKIN":-2.878259528,"CL40_LARGE_INTESTINE":-3.11922459,"CME1_SOFT_TISSUE":-3.14832893,"CMLT1_HAEMATOPOIETIC_AND_LYMPHOID_TISSUE":-2.206148562,"COGAR359_SOFT_TISSUE":11.18533389,"COGE352_BONE":-2.921739598,"COGN278_AUTONOMIC_GANGLIA":-1.516744854,"COGN305_AUTONOMIC_GANGLIA":-1.941480956,"COLO201_LARGE_INTESTINE":-3.047999307,"COLO678_LARGE_INTESTINE":-2.267121191,"COLO679_SKIN":17.3791486,"COLO792_SKIN":0.71623475,"COLO800_SKIN":-3.127817414,"CORL23_LUNG":-3.057237114,"CORL279_LUNG":-2.242415632,"CORL47_LUNG":-2.711332395,"COV318_OVARY":-3.142490647,"COV362_OVARY":-3.148272674,"COV434_OVARY":5.206259164,"COV504_OVARY":-2.700605929,"COV644_OVARY":-1.732638,"CW9019_SOFT_TISSUE":19.53699065,"D283MED_CENTRAL_NERVOUS_SYSTEM":-2.294098262,"D341MED_CENTRAL_NERVOUS_SYSTEM":-2.716500551,"D425_CENTRAL_NERVOUS_SYSTEM":-3.103429587,"D458_CENTRAL_NERVOUS_SYSTEM":-2.497147887,"DANG_PANCREAS":-3.147992889,"DAOY_CENTRAL_NERVOUS_SYSTEM":-2.697435845,"DB_HAEMATOPOIETIC_AND_LYMPHOID_TISSUE":-2.76553925,"DEL_HAEMATOPOIETIC_AND_LYMPHOID_TISSUE":-3.064544487,"DETROIT562_UPPER_AERODIGESTIVE_TRACT":-2.891054314,"DKMG_CENTRAL_NERVOUS_SYSTEM":20,"DLD1_LARGE_INTESTINE":-3.143952176,"DU4475_BREAST":-3.13379154,"EFE184_ENDOMETRIUM":-2.53643737,"EFM19_BREAST":-3.143190208,"EFO21_OVARY":-2.067421307,"EFO27_OVARY":-3.110332007,"EJM_HAEMATOPOIETIC_AND_LYMPHOID_TISSUE":-3.147987048,"EKVX_LUNG":-3.034763843,"EM2_HAEMATOPOIETIC_AND_LYMPHOID_TISSUE":-1.656876007,"EN_ENDOMETRIUM":-3.103607251,"EOL1_HAEMATOPOIETIC_AND_LYMPHOID_TISSUE":-0.554612033,"EPLC272H_LUNG":-3.054655433,"ES2_OVARY":-2.204540716,"ESO26_OESOPHAGUS":-2.948544043,"ESS1_ENDOMETRIUM":-3.147759998,"EW8_BONE":-3.053574165,"EWS502_BONE":-3.138552137,"F36P_HAEMATOPOIETIC_AND_LYMPHOID_TISSUE":-3.134202142,"F5_CENTRAL_NERVOUS_SYSTEM":17.26409729,"FADU_UPPER_AERODIGESTIVE_TRACT":-3.09455416,"FLO1_OESOPHAGUS":-2.424505385,"FU97_STOMACH":-3.148083221,"G292CLONEA141B1_BONE":-2.784297161,"G402_SOFT_TISSUE":20,"GAMG_CENTRAL_NERVOUS_SYSTEM":-2.867261253,"GB1_CENTRAL_NERVOUS_SYSTEM":-3.140568994,"GCIY_STOMACH":-3.142462399,"GCT_SOFT_TISSUE":-3.147841998,"GI1_CENTRAL_NERVOUS_SYSTEM":-3.095196638,"GSS_STOMACH":-3.068132778,"GSU_STOMACH":1.066547936,"H103_UPPER_AERODIGESTIVE_TRACT":-3.146788015,"H4_CENTRAL_NERVOUS_SYSTEM":16.96563711,"HARA_LUNG":-3.148184957,"HB1119_HAEMATOPOIETIC_AND_LYMPHOID_TISSUE":-2.509041451,"HCC1143_BREAST":-3.14832893,"HCC1359_LUNG":-2.363461793,"HCC1395_BREAST":-2.742405512,"HCC1419_BREAST":-2.095325542,"HCC1428_BREAST":-2.939513552,"HCC15_LUNG":-3.14832893,"HCC1806_BREAST":-2.883602995,"HCC1937_BREAST":-2.854364269,"HCC1954_BREAST":-3.058765247,"HCC202_BREAST":-3.140762589,"HCC2429_LUNG":-3.021717278,"HCC2935_LUNG":-3.09212868,"HCC366_LUNG":-3.092496317,"HCC461_LUNG":-2.919106071,"HCC515_LUNG":-3.148325179,"HCC56_LARGE_INTESTINE":-3.147073113,"HCC827_LUNG":-3.090541776,"HCC95_LUNG":-2.66802667,"HDMYZ_HAEMATOPOIETIC_AND_LYMPHOID_TISSUE":-2.272147824,"HEC151_ENDOMETRIUM":-1.335418192,"HEC1A_ENDOMETRIUM":-2.651398977,"HEC1B_ENDOMETRIUM":-3.135629228,"HEC251_ENDOMETRIUM":-1.98349687,"HEC265_ENDOMETRIUM":-3.121897439,"HEC50B_ENDOMETRIUM":-3.121717957,"HEC59_ENDOMETRIUM":-2.825088603,"HEC6_ENDOMETRIUM":-3.09615453,"HEL_HAEMATOPOIETIC_AND_LYMPHOID_TISSUE":-2.869589528,"HEL9217_HAEMATOPOIETIC_AND_LYMPHOID_TISSUE":-3.111579455,"HEYA8_OVARY":2.776699705,"HGC27_STOMACH":-2.9772796,"HLF_LIVER":-3.022235694,"HMC18_BREAST":-3.074438754,"HOP62_LUNG":-3.123357988,"HS294T_SKIN":16.05989145,"HS578T_BREAST":-1.963670831,"HS683_CENTRAL_NERVOUS_SYSTEM":-3.14197494,"HS695T_SKIN":-2.478807876,"HS729_SOFT_TISSUE":-3.099335224,"HS746T_STOMACH":-3.140907262,"HS766T_PANCREAS":-3.006867612,"HS852T_SKIN":8.912692942,"HS944T_SKIN":-0.219653286,"HSB2_HAEMATOPOIETIC_AND_LYMPHOID_TISSUE":-0.725045125,"HSC1_SKIN":-3.015711171,"HSC2_UPPER_AERODIGESTIVE_TRACT":-2.609033295,"HSC3_UPPER_AERODIGESTIVE_TRACT":-3.127036747,"HT1080_SOFT_TISSUE":9.647140668,"HT115_LARGE_INTESTINE":-3.146609002,"HT1197_URINARY_TRACT":4.577574652,"HT1376_URINARY_TRACT":-1.939416561,"HT144_SKIN":-2.820075733,"HT29_LARGE_INTESTINE":-3.137394874,"HT55_LARGE_INTESTINE":-3.073005874,"HUH1_LIVER":-2.876041864,"HUH6_LIVER":-3.014131807,"HUH7_LIVER":-2.732993022,"HUNS1_HAEMATOPOIETIC_AND_LYMPHOID_TISSUE":-2.969722996,"HUPT3_PANCREAS":-2.923433461,"IALM_LUNG":-0.945482462,"IGR1_SKIN":-1.738675091,"IGR39_SKIN":-2.778869925,"IMR32_AUTONOMIC_GANGLIA":0.355237339,"INA6_HAEMATOPOIETIC_AND_LYMPHOID_TISSUE":-1.74154166,"IPC298_SKIN":-1.521934045,"ISTMES1_PLEURA":10.03267014,"ISTMES2_PLEURA":-3.044071541,"J82_URINARY_TRACT":-2.734656152,"JHH1_LIVER":2.565499098,"JHH4_LIVER":-3.130812637,"JHH5_LIVER":-2.57459957,"JHH7_LIVER":-2.784708068,"JHOC5_OVARY":-0.003393124,"JHOM1_OVARY":-2.621574629,"JHOS2_OVARY":-2.246820347,"JHOS4_OVARY":-2.506151979,"JHUEM1_ENDOMETRIUM":-0.746684861,"JHUEM7_ENDOMETRIUM":0.789343932,"JIMT1_BREAST":-3.085612286,"JJN3_HAEMATOPOIETIC_AND_LYMPHOID_TISSUE":-3.073659597,"JMSU1_URINARY_TRACT":-3.137111951,"JMURTK2_SOFT_TISSUE":20,"JOPACA1_PANCREAS":-2.448017899,"JR_SOFT_TISSUE":-2.992672004,"K029AX_SKIN":7.691554191,"KALS1_CENTRAL_NERVOUS_SYSTEM":-2.940289841,"KARPAS299_HAEMATOPOIETIC_AND_LYMPHOID_TISSUE":-0.987834276,"KARPAS422_HAEMATOPOIETIC_AND_LYMPHOID_TISSUE":-2.565457196,"KASUMI1_HAEMATOPOIETIC_AND_LYMPHOID_TISSUE":-0.553385407,"KE39_STOMACH":-3.143496073,"KE97_HAEMATOPOIETIC_AND_LYMPHOID_TISSUE":-0.220291957,"KELLY_AUTONOMIC_GANGLIA":-1.438323235,