{"scores":{"127399_SOFT_TISSUE":0.029679249,"143B_BONE":-0.048548399,"2313287_STOMACH":1.293034717,"253J_URINARY_TRACT":0.829114595,"42MGBA_CENTRAL_NERVOUS_SYSTEM":1.469109649,"5637_URINARY_TRACT":1.623684256,"59M_OVARY":0.64657265,"639V_URINARY_TRACT":0.100561536,"647V_URINARY_TRACT":1.667090198,"697_HAEMATOPOIETIC_AND_LYMPHOID_TISSUE":0.017708104,"769P_KIDNEY":1.34770612,"786O_KIDNEY":1.528871142,"8305C_THYROID":1.57179112,"8MGBA_CENTRAL_NERVOUS_SYSTEM":-5.030275408,"A2058_SKIN":1.558041314,"A2780_OVARY":1.457163435,"A3KAW_HAEMATOPOIETIC_AND_LYMPHOID_TISSUE":1.595964046,"A427_LUNG":1.165395065,"A431_SKIN":1.531706894,"A549_LUNG":0.886357623,"A673_BONE":1.609691136,"ABC1_LUNG":-1.494055812,"ACCMESO1_PLEURA":1.66455849,"AGS_STOMACH":1.63387762,"AML193_HAEMATOPOIETIC_AND_LYMPHOID_TISSUE":1.279928169,"AMO1_HAEMATOPOIETIC_AND_LYMPHOID_TISSUE":-1.953383805,"ASPC1_PANCREAS":0.818193512,"AU565_BREAST":1.246334824,"BC3C_URINARY_TRACT":1.574220442,"BFTC905_URINARY_TRACT":-0.420956296,"BFTC909_KIDNEY":1.579488424,"BHY_UPPER_AERODIGESTIVE_TRACT":-0.308435055,"BICR16_UPPER_AERODIGESTIVE_TRACT":0.555589966,"BICR22_UPPER_AERODIGESTIVE_TRACT":-1.448156128,"BICR31_UPPER_AERODIGESTIVE_TRACT":0.845491095,"BICR56_UPPER_AERODIGESTIVE_TRACT":-0.822963173,"BICR6_UPPER_AERODIGESTIVE_TRACT":1.292605734,"BICR78_UPPER_AERODIGESTIVE_TRACT":-1.158543864,"BIN67_OVARY":0.035447482,"BL70_HAEMATOPOIETIC_AND_LYMPHOID_TISSUE":1.334923513,"BLUE1_HAEMATOPOIETIC_AND_LYMPHOID_TISSUE":1.667090198,"BT12_SOFT_TISSUE":-0.865696965,"BT16_SOFT_TISSUE":-0.208803834,"BT549_BREAST":1.456338349,"C2BBE1_LARGE_INTESTINE":1.54653405,"C32_SKIN":1.65306064,"C8166_HAEMATOPOIETIC_AND_LYMPHOID_TISSUE":1.532227607,"CADOES1_BONE":1.441171109,"CAKI1_KIDNEY":0.100430342,"CAKI2_KIDNEY":1.435392451,"CAL27_UPPER_AERODIGESTIVE_TRACT":1.309917007,"CAL29_URINARY_TRACT":-0.193318563,"CAL33_UPPER_AERODIGESTIVE_TRACT":1.043096722,"CAL51_BREAST":1.660752929,"CAL78_BONE":-1.61358877,"CALU1_LUNG":1.509427274,"CALU6_LUNG":-1.706234578,"CAMA1_BREAST":-6.873331867,"CAOV3_OVARY":-6.66545712,"CAS1_CENTRAL_NERVOUS_SYSTEM":0.246926766,"CASKI_CERVIX":0.547864739,"CCFSTTG1_CENTRAL_NERVOUS_SYSTEM":1.069558026,"CCK81_LARGE_INTESTINE":1.660931007,"CCLFPEDS0001T_KIDNEY":1.628843256,"CCLFPEDS0003T_SOFT_TISSUE":1.509888917,"CFPAC1_PANCREAS":-2.625875314,"CH157MN_CENTRAL_NERVOUS_SYSTEM":1.118794787,"CHAGOK1_LUNG":1.572035216,"CHLA06ATRT_SOFT_TISSUE":1.368086056,"CHLA15_AUTONOMIC_GANGLIA":1.659789287,"CHLA266_SOFT_TISSUE":-1.87001615,"CHP212_AUTONOMIC_GANGLIA":0.499701876,"CJM_SKIN":0.224771715,"CL40_LARGE_INTESTINE":1.086774227,"CME1_SOFT_TISSUE":1.607745669,"CMLT1_HAEMATOPOIETIC_AND_LYMPHOID_TISSUE":1.448080956,"COGAR359_SOFT_TISSUE":1.644090405,"COGE352_BONE":1.665451182,"COGN278_AUTONOMIC_GANGLIA":0.965774157,"COGN305_AUTONOMIC_GANGLIA":1.400870158,"COLO201_LARGE_INTESTINE":1.663345788,"COLO678_LARGE_INTESTINE":1.030197749,"COLO679_SKIN":1.664701102,"COLO792_SKIN":1.658815481,"COLO800_SKIN":1.492072976,"CORL23_LUNG":1.659740759,"CORL279_LUNG":1.644557422,"CORL47_LUNG":1.597875358,"COV318_OVARY":-2.150003047,"COV362_OVARY":1.156094945,"COV434_OVARY":1.664309885,"COV504_OVARY":1.643876365,"COV644_OVARY":0.520072851,"CW9019_SOFT_TISSUE":1.627996556,"D283MED_CENTRAL_NERVOUS_SYSTEM":1.664682778,"D341MED_CENTRAL_NERVOUS_SYSTEM":1.520800809,"D425_CENTRAL_NERVOUS_SYSTEM":1.593294472,"D458_CENTRAL_NERVOUS_SYSTEM":1.657842372,"DANG_PANCREAS":1.320890749,"DAOY_CENTRAL_NERVOUS_SYSTEM":-5.596786317,"DB_HAEMATOPOIETIC_AND_LYMPHOID_TISSUE":1.389276517,"DEL_HAEMATOPOIETIC_AND_LYMPHOID_TISSUE":1.651585513,"DETROIT562_UPPER_AERODIGESTIVE_TRACT":0.494831437,"DKMG_CENTRAL_NERVOUS_SYSTEM":1.459825019,"DLD1_LARGE_INTESTINE":1.663293689,"DU4475_BREAST":1.663934743,"EFE184_ENDOMETRIUM":1.666928291,"EFM19_BREAST":-4.305839902,"EFO21_OVARY":-11.20129584,"EFO27_OVARY":-0.174399764,"EJM_HAEMATOPOIETIC_AND_LYMPHOID_TISSUE":-20,"EKVX_LUNG":1.640625151,"EM2_HAEMATOPOIETIC_AND_LYMPHOID_TISSUE":-1.129998672,"EN_ENDOMETRIUM":1.643229981,"EOL1_HAEMATOPOIETIC_AND_LYMPHOID_TISSUE":1.609770789,"EPLC272H_LUNG":-2.543785397,"ES2_OVARY":1.418886026,"ESO26_OESOPHAGUS":1.611195448,"ESS1_ENDOMETRIUM":-7.998714692,"EW8_BONE":0.72220142,"EWS502_BONE":1.665520364,"F36P_HAEMATOPOIETIC_AND_LYMPHOID_TISSUE":-0.721648747,"F5_CENTRAL_NERVOUS_SYSTEM":1.667090198,"FADU_UPPER_AERODIGESTIVE_TRACT":1.513371277,"FLO1_OESOPHAGUS":1.575511039,"FU97_STOMACH":1.447496414,"G292CLONEA141B1_BONE":1.549017005,"G402_SOFT_TISSUE":1.180905224,"GAMG_CENTRAL_NERVOUS_SYSTEM":0.636789709,"GB1_CENTRAL_NERVOUS_SYSTEM":1.619597087,"GCIY_STOMACH":-1.094725926,"GCT_SOFT_TISSUE":-0.852251529,"GI1_CENTRAL_NERVOUS_SYSTEM":1.388302268,"GSS_STOMACH":1.591568505,"GSU_STOMACH":1.661448581,"H103_UPPER_AERODIGESTIVE_TRACT":0.987614475,"H4_CENTRAL_NERVOUS_SYSTEM":1.665286249,"HARA_LUNG":1.640963661,"HB1119_HAEMATOPOIETIC_AND_LYMPHOID_TISSUE":-7.480601148,"HCC1143_BREAST":-5.051825733,"HCC1359_LUNG":1.660837299,"HCC1395_BREAST":-1.911562644,"HCC1419_BREAST":0.732681817,"HCC1428_BREAST":1.640364355,"HCC15_LUNG":0.862450103,"HCC1806_BREAST":-4.311050553,"HCC1937_BREAST":1.218338258,"HCC1954_BREAST":1.575589282,"HCC202_BREAST":1.33429941,"HCC2429_LUNG":1.664016429,"HCC2935_LUNG":0.097636911,"HCC366_LUNG":-0.178199017,"HCC461_LUNG":1.110882088,"HCC515_LUNG":0.21610044,"HCC56_LARGE_INTESTINE":1.542745336,"HCC827_LUNG":1.624506915,"HCC95_LUNG":1.623327053,"HDMYZ_HAEMATOPOIETIC_AND_LYMPHOID_TISSUE":1.652079173,"HEC151_ENDOMETRIUM":1.39136082,"HEC1A_ENDOMETRIUM":1.166998543,"HEC1B_ENDOMETRIUM":1.480077574,"HEC251_ENDOMETRIUM":0.857519547,"HEC265_ENDOMETRIUM":-2.302925116,"HEC50B_ENDOMETRIUM":1.621240634,"HEC59_ENDOMETRIUM":0.720383933,"HEC6_ENDOMETRIUM":1.312617035,"HEL_HAEMATOPOIETIC_AND_LYMPHOID_TISSUE":0.631815706,"HEL9217_HAEMATOPOIETIC_AND_LYMPHOID_TISSUE":1.147235743,"HEYA8_OVARY":1.297391248,"HGC27_STOMACH":-0.930216974,"HLF_LIVER":0.350236078,"HMC18_BREAST":1.66082658,"HOP62_LUNG":-0.187770575,"HS294T_SKIN":1.653424703,"HS578T_BREAST":1.66704672,"HS683_CENTRAL_NERVOUS_SYSTEM":1.663603936,"HS695T_SKIN":1.413448347,"HS729_SOFT_TISSUE":0.493475432,"HS746T_STOMACH":1.590779678,"HS766T_PANCREAS":1.266627501,"HS852T_SKIN":1.24429118,"HS944T_SKIN":1.025433542,"HSB2_HAEMATOPOIETIC_AND_LYMPHOID_TISSUE":1.198692081,"HSC1_SKIN":-0.752946269,"HSC2_UPPER_AERODIGESTIVE_TRACT":-0.128421984,"HSC3_UPPER_AERODIGESTIVE_TRACT":-0.542032276,"HT1080_SOFT_TISSUE":1.665509105,"HT115_LARGE_INTESTINE":1.666579941,"HT1197_URINARY_TRACT":1.59510022,"HT1376_URINARY_TRACT":1.569159202,"HT144_SKIN":1.637162682,"HT29_LARGE_INTESTINE":1.506364719,"HT55_LARGE_INTESTINE":1.665617672,"HUH1_LIVER":1.520355947,"HUH6_LIVER":1.488231436,"HUH7_LIVER":1.663313177,"HUNS1_HAEMATOPOIETIC_AND_LYMPHOID_TISSUE":1.54928331,"HUPT3_PANCREAS":-0.060161655,"IALM_LUNG":0.911790397,"IGR1_SKIN":1.663876507,"IGR39_SKIN":1.624502435,"IMR32_AUTONOMIC_GANGLIA":1.665760936,"INA6_HAEMATOPOIETIC_AND_LYMPHOID_TISSUE":1.208131819,"IPC298_SKIN":1.112635633,"ISTMES1_PLEURA":1.660550015,"ISTMES2_PLEURA":1.201805789,"J82_URINARY_TRACT":-0.418108823,"JHH1_LIVER":-0.971164361,"JHH4_LIVER":0.342804045,"JHH5_LIVER":1.592665734,"JHH7_LIVER":1.436761916,"JHOC5_OVARY":1.252388754,"JHOM1_OVARY":0.463266716,"JHOS2_OVARY":1.211382485,"JHOS4_OVARY":-10.97538654,"JHUEM1_ENDOMETRIUM":1.478101322,"JHUEM7_ENDOMETRIUM":1.607267022,"JIMT1_BREAST":1.373722107,"JJN3_HAEMATOPOIETIC_AND_LYMPHOID_TISSUE":1.232641591,"JMSU1_URINARY_TRACT":1.459673625,"JMURTK2_SOFT_TISSUE":-1.468157531,"JOPACA1_PANCREAS":1.099051512,"JR_SOFT_TISSUE":1.54978768,"K029AX_SKIN":1.624621442,"KALS1_CENTRAL_NERVOUS_SYSTEM":1.660895445,"KARPAS299_HAEMATOPOIETIC_AND_LYMPHOID_TISSUE":-1.143548617,"KARPAS422_HAEMATOPOIETIC_AND_LYMPHOID_TISSUE":1.638241362,"KASUMI1_HAEMATOPOIETIC_AND_LYMPHOID_TISSUE":0.084295725,"KE39_STOMACH":0.020813495,"KE97_HAEMATOPOIETIC_AND_LYMPHOID_TISSUE":0.491001085,"KELLY_AUTONOMIC_GANGLIA":1.619441652,"KIJK_HAEMATOPOIETIC_AND_LYMPHOID_TISSUE":1.643037379,"KLE_ENDOMETRIUM":1.406152022,