{"scores":{"127399_SOFT_TISSUE":1.500550277,"143B_BONE":1.619772785,"2313287_STOMACH":2.167265752,"253J_URINARY_TRACT":0.369428743,"42MGBA_CENTRAL_NERVOUS_SYSTEM":1.104546356,"5637_URINARY_TRACT":1.931421117,"59M_OVARY":2.208087784,"639V_URINARY_TRACT":0.371566537,"647V_URINARY_TRACT":1.497470097,"697_HAEMATOPOIETIC_AND_LYMPHOID_TISSUE":1.768390292,"769P_KIDNEY":2.095610064,"786O_KIDNEY":0.771295419,"8305C_THYROID":0.803427698,"8MGBA_CENTRAL_NERVOUS_SYSTEM":1.92383038,"A2058_SKIN":2.225878967,"A2780_OVARY":0.930378314,"A3KAW_HAEMATOPOIETIC_AND_LYMPHOID_TISSUE":2.158610822,"A427_LUNG":1.73396466,"A431_SKIN":1.693836111,"A549_LUNG":1.146956116,"A673_BONE":2.177301222,"ABC1_LUNG":2.111031096,"ACCMESO1_PLEURA":1.674660203,"AGS_STOMACH":2.198186633,"AML193_HAEMATOPOIETIC_AND_LYMPHOID_TISSUE":1.941370906,"AMO1_HAEMATOPOIETIC_AND_LYMPHOID_TISSUE":1.182900373,"ASPC1_PANCREAS":1.951512356,"AU565_BREAST":2.156667344,"BC3C_URINARY_TRACT":2.197258552,"BFTC905_URINARY_TRACT":2.185043808,"BFTC909_KIDNEY":1.785972427,"BHY_UPPER_AERODIGESTIVE_TRACT":0.540076154,"BICR16_UPPER_AERODIGESTIVE_TRACT":2.203487349,"BICR22_UPPER_AERODIGESTIVE_TRACT":1.794608038,"BICR31_UPPER_AERODIGESTIVE_TRACT":1.860939101,"BICR56_UPPER_AERODIGESTIVE_TRACT":0.701770724,"BICR6_UPPER_AERODIGESTIVE_TRACT":1.894110708,"BICR78_UPPER_AERODIGESTIVE_TRACT":2.175471013,"BIN67_OVARY":2.101676047,"BL70_HAEMATOPOIETIC_AND_LYMPHOID_TISSUE":2.232534595,"BLUE1_HAEMATOPOIETIC_AND_LYMPHOID_TISSUE":1.806597287,"BT12_SOFT_TISSUE":2.106421593,"BT16_SOFT_TISSUE":0.434817636,"BT549_BREAST":2.182053762,"C2BBE1_LARGE_INTESTINE":2.087837136,"C32_SKIN":1.034435117,"C8166_HAEMATOPOIETIC_AND_LYMPHOID_TISSUE":1.918288632,"CADOES1_BONE":2.234045184,"CAKI1_KIDNEY":-8.344314996,"CAKI2_KIDNEY":2.060725928,"CAL27_UPPER_AERODIGESTIVE_TRACT":2.179626473,"CAL29_URINARY_TRACT":1.709796251,"CAL33_UPPER_AERODIGESTIVE_TRACT":0.71848748,"CAL51_BREAST":2.179325082,"CAL78_BONE":-2.453478287,"CALU1_LUNG":-4.760903816,"CALU6_LUNG":2.234017741,"CAMA1_BREAST":2.233974246,"CAOV3_OVARY":1.911701272,"CAS1_CENTRAL_NERVOUS_SYSTEM":2.234045184,"CASKI_CERVIX":2.231881241,"CCFSTTG1_CENTRAL_NERVOUS_SYSTEM":-2.531709345,"CCK81_LARGE_INTESTINE":2.209875429,"CCLFPEDS0001T_KIDNEY":-1.244855934,"CCLFPEDS0003T_SOFT_TISSUE":2.2335368,"CFPAC1_PANCREAS":2.178890607,"CH157MN_CENTRAL_NERVOUS_SYSTEM":-14.1334809,"CHAGOK1_LUNG":2.01317742,"CHLA06ATRT_SOFT_TISSUE":1.943994606,"CHLA15_AUTONOMIC_GANGLIA":2.049269232,"CHLA266_SOFT_TISSUE":2.153584603,"CHP212_AUTONOMIC_GANGLIA":1.749204646,"CJM_SKIN":-0.48986315,"CL40_LARGE_INTESTINE":2.142163207,"CME1_SOFT_TISSUE":-0.423942809,"CMLT1_HAEMATOPOIETIC_AND_LYMPHOID_TISSUE":-0.466516295,"COGAR359_SOFT_TISSUE":1.815348542,"COGE352_BONE":2.068817163,"COGN278_AUTONOMIC_GANGLIA":1.756793491,"COGN305_AUTONOMIC_GANGLIA":1.608058503,"COLO201_LARGE_INTESTINE":2.226637117,"COLO678_LARGE_INTESTINE":1.992546662,"COLO679_SKIN":2.232938694,"COLO792_SKIN":-4.039172259,"COLO800_SKIN":2.211269884,"CORL23_LUNG":1.730253315,"CORL279_LUNG":1.654778228,"CORL47_LUNG":1.936188903,"COV318_OVARY":2.217345062,"COV362_OVARY":1.781629434,"COV434_OVARY":2.188523712,"COV504_OVARY":1.33193334,"COV644_OVARY":2.191894362,"CW9019_SOFT_TISSUE":-20,"D283MED_CENTRAL_NERVOUS_SYSTEM":1.897374388,"D341MED_CENTRAL_NERVOUS_SYSTEM":1.89959201,"D425_CENTRAL_NERVOUS_SYSTEM":0.745680868,"D458_CENTRAL_NERVOUS_SYSTEM":1.658719287,"DANG_PANCREAS":2.097603037,"DAOY_CENTRAL_NERVOUS_SYSTEM":2.136267217,"DB_HAEMATOPOIETIC_AND_LYMPHOID_TISSUE":0.196397017,"DEL_HAEMATOPOIETIC_AND_LYMPHOID_TISSUE":1.712596813,"DETROIT562_UPPER_AERODIGESTIVE_TRACT":1.723734472,"DKMG_CENTRAL_NERVOUS_SYSTEM":-1.564767539,"DLD1_LARGE_INTESTINE":2.116835131,"DU4475_BREAST":2.155321364,"EFE184_ENDOMETRIUM":1.118595013,"EFM19_BREAST":2.190431754,"EFO21_OVARY":1.850690536,"EFO27_OVARY":2.200261445,"EJM_HAEMATOPOIETIC_AND_LYMPHOID_TISSUE":0.34123115,"EKVX_LUNG":1.686124371,"EM2_HAEMATOPOIETIC_AND_LYMPHOID_TISSUE":-0.373710292,"EN_ENDOMETRIUM":2.234045184,"EOL1_HAEMATOPOIETIC_AND_LYMPHOID_TISSUE":2.056895425,"EPLC272H_LUNG":0.089663904,"ES2_OVARY":1.978352278,"ESO26_OESOPHAGUS":2.055176738,"ESS1_ENDOMETRIUM":2.233317178,"EW8_BONE":0.377199065,"EWS502_BONE":2.198372015,"F36P_HAEMATOPOIETIC_AND_LYMPHOID_TISSUE":2.132182119,"F5_CENTRAL_NERVOUS_SYSTEM":-4.104909484,"FADU_UPPER_AERODIGESTIVE_TRACT":2.003997381,"FLO1_OESOPHAGUS":2.104894415,"FU97_STOMACH":2.037927318,"G292CLONEA141B1_BONE":1.969527632,"G402_SOFT_TISSUE":1.628388566,"GAMG_CENTRAL_NERVOUS_SYSTEM":-4.860610943,"GB1_CENTRAL_NERVOUS_SYSTEM":-0.712377345,"GCIY_STOMACH":1.974734932,"GCT_SOFT_TISSUE":-8.176322214,"GI1_CENTRAL_NERVOUS_SYSTEM":1.710234435,"GSS_STOMACH":2.221600919,"GSU_STOMACH":2.179366344,"H103_UPPER_AERODIGESTIVE_TRACT":2.072215346,"H4_CENTRAL_NERVOUS_SYSTEM":-5.219388796,"HARA_LUNG":2.126430273,"HB1119_HAEMATOPOIETIC_AND_LYMPHOID_TISSUE":2.219877479,"HCC1143_BREAST":1.968513579,"HCC1359_LUNG":2.233983072,"HCC1395_BREAST":1.953621399,"HCC1419_BREAST":1.769891725,"HCC1428_BREAST":2.035530461,"HCC15_LUNG":2.045147802,"HCC1806_BREAST":1.87390142,"HCC1937_BREAST":1.833835425,"HCC1954_BREAST":2.059413346,"HCC202_BREAST":1.855766386,"HCC2429_LUNG":2.111126494,"HCC2935_LUNG":1.957501779,"HCC366_LUNG":-4.135277982,"HCC461_LUNG":2.232150304,"HCC515_LUNG":1.698115521,"HCC56_LARGE_INTESTINE":1.456485443,"HCC827_LUNG":2.223052157,"HCC95_LUNG":1.527309994,"HDMYZ_HAEMATOPOIETIC_AND_LYMPHOID_TISSUE":1.69788667,"HEC151_ENDOMETRIUM":2.234045184,"HEC1A_ENDOMETRIUM":-0.176485338,"HEC1B_ENDOMETRIUM":1.357767067,"HEC251_ENDOMETRIUM":2.094209021,"HEC265_ENDOMETRIUM":2.234045184,"HEC50B_ENDOMETRIUM":2.192959432,"HEC59_ENDOMETRIUM":1.622989587,"HEC6_ENDOMETRIUM":2.108806836,"HEL_HAEMATOPOIETIC_AND_LYMPHOID_TISSUE":2.112301165,"HEL9217_HAEMATOPOIETIC_AND_LYMPHOID_TISSUE":1.892249923,"HEYA8_OVARY":2.161452041,"HGC27_STOMACH":2.232456328,"HLF_LIVER":1.739028565,"HMC18_BREAST":2.136695248,"HOP62_LUNG":-0.54313827,"HS294T_SKIN":2.044069973,"HS578T_BREAST":2.130595772,"HS683_CENTRAL_NERVOUS_SYSTEM":-7.712381096,"HS695T_SKIN":1.946292616,"HS729_SOFT_TISSUE":-1.402175555,"HS746T_STOMACH":2.052893938,"HS766T_PANCREAS":1.902977568,"HS852T_SKIN":1.30011584,"HS944T_SKIN":1.970266665,"HSB2_HAEMATOPOIETIC_AND_LYMPHOID_TISSUE":1.745527603,"HSC1_SKIN":1.205354885,"HSC2_UPPER_AERODIGESTIVE_TRACT":2.093488305,"HSC3_UPPER_AERODIGESTIVE_TRACT":2.233965441,"HT1080_SOFT_TISSUE":1.388992896,"HT115_LARGE_INTESTINE":1.572381697,"HT1197_URINARY_TRACT":-1.320913128,"HT1376_URINARY_TRACT":-2.067721617,"HT144_SKIN":1.612332245,"HT29_LARGE_INTESTINE":2.074290042,"HT55_LARGE_INTESTINE":2.226146425,"HUH1_LIVER":2.104361522,"HUH6_LIVER":0.210706871,"HUH7_LIVER":1.851598237,"HUNS1_HAEMATOPOIETIC_AND_LYMPHOID_TISSUE":1.928249223,"HUPT3_PANCREAS":1.355837699,"IALM_LUNG":1.472886721,"IGR1_SKIN":-0.371270172,"IGR39_SKIN":-3.648264076,"IMR32_AUTONOMIC_GANGLIA":1.888963564,"INA6_HAEMATOPOIETIC_AND_LYMPHOID_TISSUE":1.783979444,"IPC298_SKIN":-1.028418219,"ISTMES1_PLEURA":2.095407097,"ISTMES2_PLEURA":2.058592211,"J82_URINARY_TRACT":1.152222207,"JHH1_LIVER":2.217025064,"JHH4_LIVER":1.365838374,"JHH5_LIVER":1.91101567,"JHH7_LIVER":1.741900828,"JHOC5_OVARY":2.215497562,"JHOM1_OVARY":2.002167247,"JHOS2_OVARY":-5.759693081,"JHOS4_OVARY":1.961657494,"JHUEM1_ENDOMETRIUM":2.090120306,"JHUEM7_ENDOMETRIUM":2.23403519,"JIMT1_BREAST":2.209727068,"JJN3_HAEMATOPOIETIC_AND_LYMPHOID_TISSUE":1.993289287,"JMSU1_URINARY_TRACT":0.979853774,"JMURTK2_SOFT_TISSUE":2.170131829,"JOPACA1_PANCREAS":2.136907736,"JR_SOFT_TISSUE":-2.806869062,"K029AX_SKIN":1.689348614,"KALS1_CENTRAL_NERVOUS_SYSTEM":2.121352978,"KARPAS299_HAEMATOPOIETIC_AND_LYMPHOID_TISSUE":2.150830189,"KARPAS422_HAEMATOPOIETIC_AND_LYMPHOID_TISSUE":2.210324929,"KASUMI1_HAEMATOPOIETIC_AND_LYMPHOID_TISSUE":2.173183024,"KE39_STOMACH":2.195271999,"KE97_HAEMATOPOIETIC_AND_LYMPHOID_TISSUE":-2.672670723,"KELLY_AUTONOMIC_GANGLIA":0.823693734,"KIJK_HAEMATOPOIETIC_AND_LYMPHOID_TISSUE":2.170627169,"KLE_ENDOMETRIUM":2.233717041,"KM12_LARGE_INTESTINE":2.17138878,