{"scores":{"127399_SOFT_TISSUE":2.871032345,"143B_BONE":3.708428476,"2313287_STOMACH":3.540970924,"253J_URINARY_TRACT":3.662110962,"42MGBA_CENTRAL_NERVOUS_SYSTEM":3.157989752,"5637_URINARY_TRACT":3.667078167,"59M_OVARY":3.674759494,"639V_URINARY_TRACT":3.576418973,"647V_URINARY_TRACT":3.352465319,"697_HAEMATOPOIETIC_AND_LYMPHOID_TISSUE":1.175701444,"769P_KIDNEY":-5.729948322,"786O_KIDNEY":3.653793075,"8305C_THYROID":2.053010057,"8MGBA_CENTRAL_NERVOUS_SYSTEM":3.661412959,"A2058_SKIN":3.59769741,"A2780_OVARY":3.62896463,"A3KAW_HAEMATOPOIETIC_AND_LYMPHOID_TISSUE":2.036167594,"A427_LUNG":3.736059901,"A431_SKIN":3.462530163,"A549_LUNG":3.302242865,"A673_BONE":3.739450671,"ABC1_LUNG":3.716339932,"ACCMESO1_PLEURA":3.669383067,"AGS_STOMACH":3.587339046,"AML193_HAEMATOPOIETIC_AND_LYMPHOID_TISSUE":3.714398085,"AMO1_HAEMATOPOIETIC_AND_LYMPHOID_TISSUE":3.238760832,"ASPC1_PANCREAS":3.560453056,"AU565_BREAST":-8.272716417,"BC3C_URINARY_TRACT":2.91545372,"BFTC905_URINARY_TRACT":3.63071003,"BFTC909_KIDNEY":3.494385244,"BHY_UPPER_AERODIGESTIVE_TRACT":3.73725684,"BICR16_UPPER_AERODIGESTIVE_TRACT":3.6746226,"BICR22_UPPER_AERODIGESTIVE_TRACT":3.416852706,"BICR31_UPPER_AERODIGESTIVE_TRACT":2.709463336,"BICR56_UPPER_AERODIGESTIVE_TRACT":3.70681104,"BICR6_UPPER_AERODIGESTIVE_TRACT":3.739154583,"BICR78_UPPER_AERODIGESTIVE_TRACT":3.585629221,"BIN67_OVARY":2.74229388,"BL70_HAEMATOPOIETIC_AND_LYMPHOID_TISSUE":3.245913025,"BLUE1_HAEMATOPOIETIC_AND_LYMPHOID_TISSUE":3.413686662,"BT12_SOFT_TISSUE":3.73301988,"BT16_SOFT_TISSUE":3.735407148,"BT549_BREAST":2.538924422,"C2BBE1_LARGE_INTESTINE":3.700222304,"C32_SKIN":3.581781933,"C8166_HAEMATOPOIETIC_AND_LYMPHOID_TISSUE":3.716706883,"CADOES1_BONE":2.149517575,"CAKI1_KIDNEY":-1.19059418,"CAKI2_KIDNEY":3.732045959,"CAL27_UPPER_AERODIGESTIVE_TRACT":3.266435084,"CAL29_URINARY_TRACT":3.151722492,"CAL33_UPPER_AERODIGESTIVE_TRACT":0.428485595,"CAL51_BREAST":3.72925129,"CAL78_BONE":1.999292268,"CALU1_LUNG":3.520458573,"CALU6_LUNG":3.670672731,"CAMA1_BREAST":-20,"CAOV3_OVARY":3.019080771,"CAS1_CENTRAL_NERVOUS_SYSTEM":1.995000005,"CASKI_CERVIX":2.898472188,"CCFSTTG1_CENTRAL_NERVOUS_SYSTEM":3.481230961,"CCK81_LARGE_INTESTINE":2.317045608,"CCLFPEDS0001T_KIDNEY":3.663392048,"CCLFPEDS0003T_SOFT_TISSUE":1.152502576,"CFPAC1_PANCREAS":3.507955762,"CH157MN_CENTRAL_NERVOUS_SYSTEM":3.739379493,"CHAGOK1_LUNG":3.251271702,"CHLA06ATRT_SOFT_TISSUE":3.57031946,"CHLA15_AUTONOMIC_GANGLIA":3.712203181,"CHLA266_SOFT_TISSUE":3.554434812,"CHP212_AUTONOMIC_GANGLIA":3.459809898,"CJM_SKIN":3.568270636,"CL40_LARGE_INTESTINE":0.786874074,"CME1_SOFT_TISSUE":3.732669088,"CMLT1_HAEMATOPOIETIC_AND_LYMPHOID_TISSUE":1.821561284,"COGAR359_SOFT_TISSUE":3.461450181,"COGE352_BONE":3.674537782,"COGN278_AUTONOMIC_GANGLIA":3.6662232,"COGN305_AUTONOMIC_GANGLIA":1.098678692,"COLO201_LARGE_INTESTINE":3.317453441,"COLO678_LARGE_INTESTINE":2.744106697,"COLO679_SKIN":3.245954674,"COLO792_SKIN":3.24756266,"COLO800_SKIN":3.740275184,"CORL23_LUNG":3.482886621,"CORL279_LUNG":3.370517556,"CORL47_LUNG":3.669285403,"COV318_OVARY":1.401528083,"COV362_OVARY":3.72746009,"COV434_OVARY":3.339131437,"COV504_OVARY":3.736691925,"COV644_OVARY":3.731985367,"CW9019_SOFT_TISSUE":3.497810276,"D283MED_CENTRAL_NERVOUS_SYSTEM":1.481798492,"D341MED_CENTRAL_NERVOUS_SYSTEM":3.546742628,"D425_CENTRAL_NERVOUS_SYSTEM":3.716236741,"D458_CENTRAL_NERVOUS_SYSTEM":3.362239773,"DANG_PANCREAS":3.734077836,"DAOY_CENTRAL_NERVOUS_SYSTEM":3.736075992,"DB_HAEMATOPOIETIC_AND_LYMPHOID_TISSUE":3.650929468,"DEL_HAEMATOPOIETIC_AND_LYMPHOID_TISSUE":3.688281615,"DETROIT562_UPPER_AERODIGESTIVE_TRACT":3.685810131,"DKMG_CENTRAL_NERVOUS_SYSTEM":-1.109462709,"DLD1_LARGE_INTESTINE":3.713387525,"DU4475_BREAST":3.691376069,"EFE184_ENDOMETRIUM":3.346901129,"EFM19_BREAST":-20,"EFO21_OVARY":3.74027496,"EFO27_OVARY":3.646946557,"EJM_HAEMATOPOIETIC_AND_LYMPHOID_TISSUE":3.371115982,"EKVX_LUNG":3.605291894,"EM2_HAEMATOPOIETIC_AND_LYMPHOID_TISSUE":3.482870822,"EN_ENDOMETRIUM":3.67337251,"EOL1_HAEMATOPOIETIC_AND_LYMPHOID_TISSUE":3.657241285,"EPLC272H_LUNG":3.388331829,"ES2_OVARY":3.692663602,"ESO26_OESOPHAGUS":3.71371339,"ESS1_ENDOMETRIUM":3.720615888,"EW8_BONE":1.355650749,"EWS502_BONE":3.705974995,"F36P_HAEMATOPOIETIC_AND_LYMPHOID_TISSUE":2.661014504,"F5_CENTRAL_NERVOUS_SYSTEM":-1.647804108,"FADU_UPPER_AERODIGESTIVE_TRACT":2.796366988,"FLO1_OESOPHAGUS":3.434066647,"FU97_STOMACH":3.740222921,"G292CLONEA141B1_BONE":-8.803841461,"G402_SOFT_TISSUE":3.606944305,"GAMG_CENTRAL_NERVOUS_SYSTEM":3.470163162,"GB1_CENTRAL_NERVOUS_SYSTEM":-1.109824113,"GCIY_STOMACH":2.95121118,"GCT_SOFT_TISSUE":3.680543274,"GI1_CENTRAL_NERVOUS_SYSTEM":2.968737301,"GSS_STOMACH":3.589430621,"GSU_STOMACH":3.74025011,"H103_UPPER_AERODIGESTIVE_TRACT":3.333531002,"H4_CENTRAL_NERVOUS_SYSTEM":3.036352796,"HARA_LUNG":3.082620026,"HB1119_HAEMATOPOIETIC_AND_LYMPHOID_TISSUE":3.688932827,"HCC1143_BREAST":2.243905606,"HCC1359_LUNG":3.73619785,"HCC1395_BREAST":3.698395418,"HCC1419_BREAST":-20,"HCC1428_BREAST":-20,"HCC15_LUNG":3.087376835,"HCC1806_BREAST":3.735776837,"HCC1937_BREAST":3.382677894,"HCC1954_BREAST":3.03753688,"HCC202_BREAST":-20,"HCC2429_LUNG":-1.071711631,"HCC2935_LUNG":0.526066136,"HCC366_LUNG":3.738969744,"HCC461_LUNG":3.735962859,"HCC515_LUNG":3.304838822,"HCC56_LARGE_INTESTINE":3.351394233,"HCC827_LUNG":3.540328086,"HCC95_LUNG":3.722239976,"HDMYZ_HAEMATOPOIETIC_AND_LYMPHOID_TISSUE":2.949159259,"HEC151_ENDOMETRIUM":3.463004065,"HEC1A_ENDOMETRIUM":3.735486742,"HEC1B_ENDOMETRIUM":3.73966291,"HEC251_ENDOMETRIUM":3.737969254,"HEC265_ENDOMETRIUM":3.66957181,"HEC50B_ENDOMETRIUM":1.468448859,"HEC59_ENDOMETRIUM":3.739691529,"HEC6_ENDOMETRIUM":3.688764341,"HEL_HAEMATOPOIETIC_AND_LYMPHOID_TISSUE":3.284934507,"HEL9217_HAEMATOPOIETIC_AND_LYMPHOID_TISSUE":2.589037653,"HEYA8_OVARY":3.528524718,"HGC27_STOMACH":2.830926861,"HLF_LIVER":3.35187239,"HMC18_BREAST":3.456791003,"HOP62_LUNG":3.736501662,"HS294T_SKIN":2.417565869,"HS578T_BREAST":3.388137862,"HS683_CENTRAL_NERVOUS_SYSTEM":3.715009475,"HS695T_SKIN":3.161755723,"HS729_SOFT_TISSUE":2.418547436,"HS746T_STOMACH":3.677742643,"HS766T_PANCREAS":3.716415758,"HS852T_SKIN":3.673484922,"HS944T_SKIN":3.739680978,"HSB2_HAEMATOPOIETIC_AND_LYMPHOID_TISSUE":3.740275184,"HSC1_SKIN":3.730426173,"HSC2_UPPER_AERODIGESTIVE_TRACT":3.561123212,"HSC3_UPPER_AERODIGESTIVE_TRACT":3.237947272,"HT1080_SOFT_TISSUE":3.379776573,"HT115_LARGE_INTESTINE":3.691099534,"HT1197_URINARY_TRACT":3.320661914,"HT1376_URINARY_TRACT":3.005241803,"HT144_SKIN":3.272295049,"HT29_LARGE_INTESTINE":3.739323765,"HT55_LARGE_INTESTINE":3.612643095,"HUH1_LIVER":3.72124972,"HUH6_LIVER":3.290827337,"HUH7_LIVER":3.663168995,"HUNS1_HAEMATOPOIETIC_AND_LYMPHOID_TISSUE":3.676030719,"HUPT3_PANCREAS":3.686897867,"IALM_LUNG":-4.127248963,"IGR1_SKIN":3.730612233,"IGR39_SKIN":3.740275184,"IMR32_AUTONOMIC_GANGLIA":3.605029973,"INA6_HAEMATOPOIETIC_AND_LYMPHOID_TISSUE":3.636359691,"IPC298_SKIN":3.739913149,"ISTMES1_PLEURA":3.228631406,"ISTMES2_PLEURA":3.72180706,"J82_URINARY_TRACT":2.821498912,"JHH1_LIVER":3.722468891,"JHH4_LIVER":-4.852649346,"JHH5_LIVER":3.70269367,"JHH7_LIVER":3.097049711,"JHOC5_OVARY":3.653997823,"JHOM1_OVARY":3.73812535,"JHOS2_OVARY":3.740200446,"JHOS4_OVARY":3.717119004,"JHUEM1_ENDOMETRIUM":1.103607098,"JHUEM7_ENDOMETRIUM":3.736518364,"JIMT1_BREAST":3.739457678,"JJN3_HAEMATOPOIETIC_AND_LYMPHOID_TISSUE":3.683205517,"JMSU1_URINARY_TRACT":3.049645115,"JMURTK2_SOFT_TISSUE":3.72890272,"JOPACA1_PANCREAS":3.724875204,"JR_SOFT_TISSUE":2.773684914,"K029AX_SKIN":3.357593442,"KALS1_CENTRAL_NERVOUS_SYSTEM":3.736279269,"KARPAS299_HAEMATOPOIETIC_AND_LYMPHOID_TISSUE":3.733201723,"KARPAS422_HAEMATOPOIETIC_AND_LYMPHOID_TISSUE":3.739712202,"KASUMI1_HAEMATOPOIETIC_AND_LYMPHOID_TISSUE":3.39377023,"KE39_STOMACH":-5.175351587,"KE97_HAEMATOPOIETIC_AND_LYMPHOID_TISSUE":0.226650683,"KELLY_AUTONOMIC_GANGLIA":3.703225001,"KIJK_HAEMATOPOIETIC_AND_LYMPHOID_TISSUE":2.68849032,"KLE_ENDOMETRIUM":3.701748581,"KM12_LARGE_INTESTINE":0.767564833,"KMBC2_URINARY_TRACT":3.659603114,