{"scores":{"127399_SOFT_TISSUE":-2.570361841,"143B_BONE":-2.154702163,"2313287_STOMACH":-2.173889508,"253J_URINARY_TRACT":-0.973697527,"42MGBA_CENTRAL_NERVOUS_SYSTEM":-1.386370069,"5637_URINARY_TRACT":-1.316056585,"59M_OVARY":-1.187830628,"639V_URINARY_TRACT":-2.322323565,"647V_URINARY_TRACT":-0.320075788,"697_HAEMATOPOIETIC_AND_LYMPHOID_TISSUE":-2.636248621,"769P_KIDNEY":-2.712235473,"786O_KIDNEY":1.694773134,"8305C_THYROID":-0.171123605,"8MGBA_CENTRAL_NERVOUS_SYSTEM":-2.422882623,"A2058_SKIN":-0.933279738,"A2780_OVARY":-2.177683762,"A3KAW_HAEMATOPOIETIC_AND_LYMPHOID_TISSUE":-2.70974201,"A427_LUNG":-2.611788436,"A431_SKIN":-1.614487045,"A549_LUNG":3.702628505,"A673_BONE":-2.184675354,"ABC1_LUNG":-2.64612774,"ACCMESO1_PLEURA":-1.355664285,"AGS_STOMACH":-2.054108544,"AML193_HAEMATOPOIETIC_AND_LYMPHOID_TISSUE":-2.405329893,"AMO1_HAEMATOPOIETIC_AND_LYMPHOID_TISSUE":-2.684199512,"ASPC1_PANCREAS":-2.440057154,"AU565_BREAST":-2.271305273,"BC3C_URINARY_TRACT":-2.343143956,"BFTC905_URINARY_TRACT":-2.178640622,"BFTC909_KIDNEY":-1.269092748,"BHY_UPPER_AERODIGESTIVE_TRACT":-2.422075063,"BICR16_UPPER_AERODIGESTIVE_TRACT":-2.716288922,"BICR22_UPPER_AERODIGESTIVE_TRACT":-2.418286603,"BICR31_UPPER_AERODIGESTIVE_TRACT":-1.710188173,"BICR56_UPPER_AERODIGESTIVE_TRACT":-2.612361491,"BICR6_UPPER_AERODIGESTIVE_TRACT":-1.374008541,"BICR78_UPPER_AERODIGESTIVE_TRACT":-2.215494104,"BIN67_OVARY":2.397490748,"BL70_HAEMATOPOIETIC_AND_LYMPHOID_TISSUE":-2.670968704,"BLUE1_HAEMATOPOIETIC_AND_LYMPHOID_TISSUE":-2.559256419,"BT12_SOFT_TISSUE":-1.99606861,"BT16_SOFT_TISSUE":-2.637924262,"BT549_BREAST":5.460242023,"C2BBE1_LARGE_INTESTINE":-2.717704976,"C32_SKIN":-2.421913202,"C8166_HAEMATOPOIETIC_AND_LYMPHOID_TISSUE":-1.990090506,"CADOES1_BONE":-2.267633446,"CAKI1_KIDNEY":-1.237052807,"CAKI2_KIDNEY":-2.694247731,"CAL27_UPPER_AERODIGESTIVE_TRACT":-2.621116532,"CAL29_URINARY_TRACT":-2.082584107,"CAL33_UPPER_AERODIGESTIVE_TRACT":-1.011174303,"CAL51_BREAST":0.250364099,"CAL78_BONE":-2.108728271,"CALU1_LUNG":-1.453769618,"CALU6_LUNG":-2.517672222,"CAMA1_BREAST":-2.699173932,"CAOV3_OVARY":-2.716130637,"CAS1_CENTRAL_NERVOUS_SYSTEM":-0.765974875,"CASKI_CERVIX":-2.341909781,"CCFSTTG1_CENTRAL_NERVOUS_SYSTEM":-2.094773618,"CCK81_LARGE_INTESTINE":-1.969447444,"CCLFPEDS0001T_KIDNEY":-2.683092979,"CCLFPEDS0003T_SOFT_TISSUE":10.40582999,"CFPAC1_PANCREAS":-0.770617078,"CH157MN_CENTRAL_NERVOUS_SYSTEM":-1.833005836,"CHAGOK1_LUNG":-1.701769983,"CHLA06ATRT_SOFT_TISSUE":-1.546670199,"CHLA15_AUTONOMIC_GANGLIA":-1.117676321,"CHLA266_SOFT_TISSUE":-2.454590335,"CHP212_AUTONOMIC_GANGLIA":7.06363658,"CJM_SKIN":-1.773767377,"CL40_LARGE_INTESTINE":-2.679883668,"CME1_SOFT_TISSUE":-1.895343901,"CMLT1_HAEMATOPOIETIC_AND_LYMPHOID_TISSUE":-2.661499113,"COGAR359_SOFT_TISSUE":-2.525347926,"COGE352_BONE":-2.306747082,"COGN278_AUTONOMIC_GANGLIA":0.220843976,"COGN305_AUTONOMIC_GANGLIA":13.08413416,"COLO201_LARGE_INTESTINE":-2.716291206,"COLO678_LARGE_INTESTINE":-2.524259573,"COLO679_SKIN":-2.413176055,"COLO792_SKIN":-2.642042258,"COLO800_SKIN":-2.715753819,"CORL23_LUNG":-2.716092715,"CORL279_LUNG":-2.299436831,"CORL47_LUNG":-2.679594378,"COV318_OVARY":-1.833695729,"COV362_OVARY":-1.955226119,"COV434_OVARY":-2.418166437,"COV504_OVARY":-1.872848445,"COV644_OVARY":-2.312765087,"CW9019_SOFT_TISSUE":-2.149413506,"D283MED_CENTRAL_NERVOUS_SYSTEM":-2.711794893,"D341MED_CENTRAL_NERVOUS_SYSTEM":9.885530509,"D425_CENTRAL_NERVOUS_SYSTEM":7.01778488,"D458_CENTRAL_NERVOUS_SYSTEM":-0.272421307,"DANG_PANCREAS":-2.07624897,"DAOY_CENTRAL_NERVOUS_SYSTEM":-2.37289275,"DB_HAEMATOPOIETIC_AND_LYMPHOID_TISSUE":-2.533743943,"DEL_HAEMATOPOIETIC_AND_LYMPHOID_TISSUE":-2.677405308,"DETROIT562_UPPER_AERODIGESTIVE_TRACT":-1.936403414,"DKMG_CENTRAL_NERVOUS_SYSTEM":-2.303118739,"DLD1_LARGE_INTESTINE":-1.758146221,"DU4475_BREAST":-2.653045598,"EFE184_ENDOMETRIUM":-2.657729732,"EFM19_BREAST":-1.626272806,"EFO21_OVARY":-2.56389602,"EFO27_OVARY":-2.496017294,"EJM_HAEMATOPOIETIC_AND_LYMPHOID_TISSUE":-2.696581924,"EKVX_LUNG":-1.542864332,"EM2_HAEMATOPOIETIC_AND_LYMPHOID_TISSUE":-2.542755558,"EN_ENDOMETRIUM":-0.039235341,"EOL1_HAEMATOPOIETIC_AND_LYMPHOID_TISSUE":-2.717446887,"EPLC272H_LUNG":-2.693561433,"ES2_OVARY":-0.047213633,"ESO26_OESOPHAGUS":-2.609371159,"ESS1_ENDOMETRIUM":-2.564648242,"EW8_BONE":-0.895237737,"EWS502_BONE":0.327205996,"F36P_HAEMATOPOIETIC_AND_LYMPHOID_TISSUE":-2.250877509,"F5_CENTRAL_NERVOUS_SYSTEM":-2.262473296,"FADU_UPPER_AERODIGESTIVE_TRACT":-2.689564089,"FLO1_OESOPHAGUS":1.340346408,"FU97_STOMACH":-2.020951181,"G292CLONEA141B1_BONE":0.49543942,"G402_SOFT_TISSUE":-2.457976281,"GAMG_CENTRAL_NERVOUS_SYSTEM":7.834813555,"GB1_CENTRAL_NERVOUS_SYSTEM":-2.101795395,"GCIY_STOMACH":-2.638079031,"GCT_SOFT_TISSUE":-0.15941803,"GI1_CENTRAL_NERVOUS_SYSTEM":-1.864475454,"GSS_STOMACH":-2.692237971,"GSU_STOMACH":-2.708313468,"H103_UPPER_AERODIGESTIVE_TRACT":-2.572843245,"H4_CENTRAL_NERVOUS_SYSTEM":-2.418524612,"HARA_LUNG":-2.712788699,"HB1119_HAEMATOPOIETIC_AND_LYMPHOID_TISSUE":-2.702284942,"HCC1143_BREAST":-0.939156545,"HCC1359_LUNG":-0.926579661,"HCC1395_BREAST":-1.956234186,"HCC1419_BREAST":-2.628789684,"HCC1428_BREAST":-2.041752167,"HCC15_LUNG":-1.91707106,"HCC1806_BREAST":-2.245851281,"HCC1937_BREAST":-2.586591021,"HCC1954_BREAST":-1.589066034,"HCC202_BREAST":-2.231279584,"HCC2429_LUNG":1.01106185,"HCC2935_LUNG":0.465872521,"HCC366_LUNG":-2.446252598,"HCC461_LUNG":-2.113438462,"HCC515_LUNG":-2.717451508,"HCC56_LARGE_INTESTINE":-2.325838206,"HCC827_LUNG":-2.714592271,"HCC95_LUNG":-1.663371863,"HDMYZ_HAEMATOPOIETIC_AND_LYMPHOID_TISSUE":-2.096584854,"HEC151_ENDOMETRIUM":-2.406497568,"HEC1A_ENDOMETRIUM":-2.717561663,"HEC1B_ENDOMETRIUM":-2.643049323,"HEC251_ENDOMETRIUM":-2.705084865,"HEC265_ENDOMETRIUM":-2.652747576,"HEC50B_ENDOMETRIUM":-1.912114748,"HEC59_ENDOMETRIUM":-2.714332454,"HEC6_ENDOMETRIUM":-2.693726357,"HEL_HAEMATOPOIETIC_AND_LYMPHOID_TISSUE":-2.315004676,"HEL9217_HAEMATOPOIETIC_AND_LYMPHOID_TISSUE":-2.342927595,"HEYA8_OVARY":-0.627663611,"HGC27_STOMACH":-1.245101968,"HLF_LIVER":-2.657652103,"HMC18_BREAST":-2.175802587,"HOP62_LUNG":-1.71282834,"HS294T_SKIN":3.348303909,"HS578T_BREAST":-1.721865123,"HS683_CENTRAL_NERVOUS_SYSTEM":-0.413654501,"HS695T_SKIN":-2.710599588,"HS729_SOFT_TISSUE":-1.947732346,"HS746T_STOMACH":-1.589709641,"HS766T_PANCREAS":-2.160740107,"HS852T_SKIN":-1.311256169,"HS944T_SKIN":-1.217465433,"HSB2_HAEMATOPOIETIC_AND_LYMPHOID_TISSUE":-2.654988025,"HSC1_SKIN":-1.048854242,"HSC2_UPPER_AERODIGESTIVE_TRACT":-2.684100007,"HSC3_UPPER_AERODIGESTIVE_TRACT":-2.64275653,"HT1080_SOFT_TISSUE":-2.654184436,"HT115_LARGE_INTESTINE":-2.675652385,"HT1197_URINARY_TRACT":-2.53120518,"HT1376_URINARY_TRACT":-0.286054689,"HT144_SKIN":-2.3858824,"HT29_LARGE_INTESTINE":-2.560721002,"HT55_LARGE_INTESTINE":-2.060169146,"HUH1_LIVER":-0.678116912,"HUH6_LIVER":-2.438862698,"HUH7_LIVER":-1.98625085,"HUNS1_HAEMATOPOIETIC_AND_LYMPHOID_TISSUE":-2.46441467,"HUPT3_PANCREAS":-2.044832548,"IALM_LUNG":-2.306127143,"IGR1_SKIN":-2.611907138,"IGR39_SKIN":0.202495002,"IMR32_AUTONOMIC_GANGLIA":-1.717699688,"INA6_HAEMATOPOIETIC_AND_LYMPHOID_TISSUE":-2.427771628,"IPC298_SKIN":-1.513299493,"ISTMES1_PLEURA":-2.233845704,"ISTMES2_PLEURA":0.923951121,"J82_URINARY_TRACT":-2.640200955,"JHH1_LIVER":-2.667572111,"JHH4_LIVER":-2.330006291,"JHH5_LIVER":-1.331922519,"JHH7_LIVER":-1.507288875,"JHOC5_OVARY":-2.587344478,"JHOM1_OVARY":-2.0749756,"JHOS2_OVARY":-1.201337364,"JHOS4_OVARY":-2.681743166,"JHUEM1_ENDOMETRIUM":-2.186465166,"JHUEM7_ENDOMETRIUM":-2.590046381,"JIMT1_BREAST":-2.105897646,"JJN3_HAEMATOPOIETIC_AND_LYMPHOID_TISSUE":-2.637964237,"JMSU1_URINARY_TRACT":-2.332868709,"JMURTK2_SOFT_TISSUE":-2.517257019,"JOPACA1_PANCREAS":-2.651909128,"JR_SOFT_TISSUE":-2.459188615,"K029AX_SKIN":-2.639091612,"KALS1_CENTRAL_NERVOUS_SYSTEM":-1.916799649,"KARPAS299_HAEMATOPOIETIC_AND_LYMPHOID_TISSUE":-1.553891965,"KARPAS422_HAEMATOPOIETIC_AND_LYMPHOID_TISSUE":-1.295650862,"KASUMI1_HAEMATOPOIETIC_AND_LYMPHOID_TISSUE":-2.699754263,"KE39_STOMACH":-2.45701362,