{"scores":{"127399_SOFT_TISSUE":5.846553827,"143B_BONE":-8.655854921,"2313287_STOMACH":-13.31131564,"253J_URINARY_TRACT":-10.63230285,"42MGBA_CENTRAL_NERVOUS_SYSTEM":3.823157767,"5637_URINARY_TRACT":3.568367194,"59M_OVARY":-0.506200135,"639V_URINARY_TRACT":-7.578624318,"647V_URINARY_TRACT":5.330561897,"697_HAEMATOPOIETIC_AND_LYMPHOID_TISSUE":-5.484203781,"769P_KIDNEY":5.724516995,"786O_KIDNEY":-4.182912704,"8305C_THYROID":5.152560017,"8MGBA_CENTRAL_NERVOUS_SYSTEM":4.725433063,"A2058_SKIN":4.659512586,"A2780_OVARY":8.016039362,"A3KAW_HAEMATOPOIETIC_AND_LYMPHOID_TISSUE":1.690415207,"A427_LUNG":3.873943798,"A431_SKIN":-11.27592956,"A549_LUNG":2.150886653,"A673_BONE":5.430636295,"ABC1_LUNG":7.359345278,"ACCMESO1_PLEURA":5.616126654,"AGS_STOMACH":3.581834981,"AML193_HAEMATOPOIETIC_AND_LYMPHOID_TISSUE":-20,"AMO1_HAEMATOPOIETIC_AND_LYMPHOID_TISSUE":7.387187368,"ASPC1_PANCREAS":-5.596814414,"AU565_BREAST":-3.723068222,"BC3C_URINARY_TRACT":-3.531721148,"BFTC905_URINARY_TRACT":6.400028113,"BFTC909_KIDNEY":-5.059794882,"BHY_UPPER_AERODIGESTIVE_TRACT":-13.58744916,"BICR16_UPPER_AERODIGESTIVE_TRACT":4.725279874,"BICR22_UPPER_AERODIGESTIVE_TRACT":-7.824024413,"BICR31_UPPER_AERODIGESTIVE_TRACT":4.151038256,"BICR56_UPPER_AERODIGESTIVE_TRACT":-6.286102781,"BICR6_UPPER_AERODIGESTIVE_TRACT":6.347810199,"BICR78_UPPER_AERODIGESTIVE_TRACT":2.379379901,"BIN67_OVARY":6.921054922,"BL70_HAEMATOPOIETIC_AND_LYMPHOID_TISSUE":0.449078205,"BLUE1_HAEMATOPOIETIC_AND_LYMPHOID_TISSUE":7.920471109,"BT12_SOFT_TISSUE":1.325694995,"BT16_SOFT_TISSUE":1.995138466,"BT549_BREAST":4.902348856,"C2BBE1_LARGE_INTESTINE":5.349897898,"C32_SKIN":5.616287043,"C8166_HAEMATOPOIETIC_AND_LYMPHOID_TISSUE":-2.262203885,"CADOES1_BONE":2.271538432,"CAKI1_KIDNEY":7.559823004,"CAKI2_KIDNEY":1.678575007,"CAL27_UPPER_AERODIGESTIVE_TRACT":-9.522911841,"CAL29_URINARY_TRACT":3.928180352,"CAL33_UPPER_AERODIGESTIVE_TRACT":3.977706494,"CAL51_BREAST":-1.27517064,"CAL78_BONE":4.370200273,"CALU1_LUNG":6.374466014,"CALU6_LUNG":5.88957531,"CAMA1_BREAST":8.061151194,"CAOV3_OVARY":-7.855756199,"CAS1_CENTRAL_NERVOUS_SYSTEM":4.829993965,"CASKI_CERVIX":5.294571749,"CCFSTTG1_CENTRAL_NERVOUS_SYSTEM":1.946572256,"CCK81_LARGE_INTESTINE":-13.32779894,"CCLFPEDS0001T_KIDNEY":6.638798415,"CCLFPEDS0003T_SOFT_TISSUE":2.740838463,"CFPAC1_PANCREAS":-12.49038274,"CH157MN_CENTRAL_NERVOUS_SYSTEM":0.624256568,"CHAGOK1_LUNG":-4.528246995,"CHLA06ATRT_SOFT_TISSUE":8.077619833,"CHLA15_AUTONOMIC_GANGLIA":-11.45771678,"CHLA266_SOFT_TISSUE":6.262832961,"CHP212_AUTONOMIC_GANGLIA":4.491230407,"CJM_SKIN":6.261763565,"CL40_LARGE_INTESTINE":6.104761782,"CME1_SOFT_TISSUE":4.753153421,"CMLT1_HAEMATOPOIETIC_AND_LYMPHOID_TISSUE":-0.496726981,"COGAR359_SOFT_TISSUE":6.90103851,"COGE352_BONE":2.511731126,"COGN278_AUTONOMIC_GANGLIA":3.364595934,"COGN305_AUTONOMIC_GANGLIA":2.261819835,"COLO201_LARGE_INTESTINE":-6.864472748,"COLO678_LARGE_INTESTINE":3.885710225,"COLO679_SKIN":-4.780499899,"COLO792_SKIN":6.425346063,"COLO800_SKIN":-4.004183443,"CORL23_LUNG":3.798646264,"CORL279_LUNG":5.027597594,"CORL47_LUNG":5.765848264,"COV318_OVARY":5.341587423,"COV362_OVARY":5.916476399,"COV434_OVARY":0.180465371,"COV504_OVARY":7.39707559,"COV644_OVARY":-8.45826761,"CW9019_SOFT_TISSUE":3.106716016,"D283MED_CENTRAL_NERVOUS_SYSTEM":4.620775204,"D341MED_CENTRAL_NERVOUS_SYSTEM":-7.934988363,"D425_CENTRAL_NERVOUS_SYSTEM":-6.621721425,"D458_CENTRAL_NERVOUS_SYSTEM":-9.310622886,"DANG_PANCREAS":6.007528506,"DAOY_CENTRAL_NERVOUS_SYSTEM":6.216573203,"DB_HAEMATOPOIETIC_AND_LYMPHOID_TISSUE":7.385871377,"DEL_HAEMATOPOIETIC_AND_LYMPHOID_TISSUE":3.140980517,"DETROIT562_UPPER_AERODIGESTIVE_TRACT":-9.735370454,"DKMG_CENTRAL_NERVOUS_SYSTEM":1.442470037,"DLD1_LARGE_INTESTINE":9.097365506,"DU4475_BREAST":4.116795978,"EFE184_ENDOMETRIUM":0.89099564,"EFM19_BREAST":5.98539385,"EFO21_OVARY":6.545677857,"EFO27_OVARY":-3.338533382,"EJM_HAEMATOPOIETIC_AND_LYMPHOID_TISSUE":-3.218345265,"EKVX_LUNG":-11.00089642,"EM2_HAEMATOPOIETIC_AND_LYMPHOID_TISSUE":-6.162099774,"EN_ENDOMETRIUM":7.188902106,"EOL1_HAEMATOPOIETIC_AND_LYMPHOID_TISSUE":8.39829083,"EPLC272H_LUNG":-12.92117606,"ES2_OVARY":4.312029584,"ESO26_OESOPHAGUS":5.408778464,"ESS1_ENDOMETRIUM":7.082023709,"EW8_BONE":-1.267131187,"EWS502_BONE":-11.08846231,"F36P_HAEMATOPOIETIC_AND_LYMPHOID_TISSUE":8.021605022,"F5_CENTRAL_NERVOUS_SYSTEM":7.222741112,"FADU_UPPER_AERODIGESTIVE_TRACT":5.954964491,"FLO1_OESOPHAGUS":-2.388410762,"FU97_STOMACH":7.090184455,"G292CLONEA141B1_BONE":4.63536315,"G402_SOFT_TISSUE":3.232524562,"GAMG_CENTRAL_NERVOUS_SYSTEM":6.610315055,"GB1_CENTRAL_NERVOUS_SYSTEM":5.423006617,"GCIY_STOMACH":7.809323517,"GCT_SOFT_TISSUE":-0.461155154,"GI1_CENTRAL_NERVOUS_SYSTEM":6.03412442,"GSS_STOMACH":-0.090115221,"GSU_STOMACH":-7.598920561,"H103_UPPER_AERODIGESTIVE_TRACT":0.137303179,"H4_CENTRAL_NERVOUS_SYSTEM":-1.365199676,"HARA_LUNG":-11.2590057,"HB1119_HAEMATOPOIETIC_AND_LYMPHOID_TISSUE":-5.752821597,"HCC1143_BREAST":-7.59550081,"HCC1359_LUNG":1.497250388,"HCC1395_BREAST":-6.327552207,"HCC1419_BREAST":5.886182668,"HCC1428_BREAST":1.402611731,"HCC15_LUNG":2.526722866,"HCC1806_BREAST":-9.956768328,"HCC1937_BREAST":6.026526292,"HCC1954_BREAST":-5.374769596,"HCC202_BREAST":-4.182594606,"HCC2429_LUNG":6.095126223,"HCC2935_LUNG":3.75657023,"HCC366_LUNG":1.61499868,"HCC461_LUNG":4.750776302,"HCC515_LUNG":-3.311136337,"HCC56_LARGE_INTESTINE":-5.760891811,"HCC827_LUNG":-10.0956709,"HCC95_LUNG":-2.981134344,"HDMYZ_HAEMATOPOIETIC_AND_LYMPHOID_TISSUE":2.326000706,"HEC151_ENDOMETRIUM":3.766646677,"HEC1A_ENDOMETRIUM":8.865932057,"HEC1B_ENDOMETRIUM":5.307994211,"HEC251_ENDOMETRIUM":8.233201529,"HEC265_ENDOMETRIUM":6.8034521,"HEC50B_ENDOMETRIUM":-2.171795209,"HEC59_ENDOMETRIUM":-8.451201153,"HEC6_ENDOMETRIUM":2.497848007,"HEL_HAEMATOPOIETIC_AND_LYMPHOID_TISSUE":-13.34210683,"HEL9217_HAEMATOPOIETIC_AND_LYMPHOID_TISSUE":-20,"HEYA8_OVARY":5.379584967,"HGC27_STOMACH":5.775897562,"HLF_LIVER":4.050905841,"HMC18_BREAST":7.574754178,"HOP62_LUNG":6.776482498,"HS294T_SKIN":-11.68849951,"HS578T_BREAST":5.28649295,"HS683_CENTRAL_NERVOUS_SYSTEM":-6.748551623,"HS695T_SKIN":6.581935937,"HS729_SOFT_TISSUE":0.044039655,"HS746T_STOMACH":5.786423511,"HS766T_PANCREAS":5.641917274,"HS852T_SKIN":3.002142898,"HS944T_SKIN":-14.07557662,"HSB2_HAEMATOPOIETIC_AND_LYMPHOID_TISSUE":-8.26013609,"HSC1_SKIN":-11.76251694,"HSC2_UPPER_AERODIGESTIVE_TRACT":4.459812127,"HSC3_UPPER_AERODIGESTIVE_TRACT":1.34425836,"HT1080_SOFT_TISSUE":5.803016801,"HT115_LARGE_INTESTINE":2.428068674,"HT1197_URINARY_TRACT":3.041542638,"HT1376_URINARY_TRACT":3.420422535,"HT144_SKIN":3.257311234,"HT29_LARGE_INTESTINE":7.485969035,"HT55_LARGE_INTESTINE":6.693799681,"HUH1_LIVER":3.546218455,"HUH6_LIVER":4.843294656,"HUH7_LIVER":3.866479383,"HUNS1_HAEMATOPOIETIC_AND_LYMPHOID_TISSUE":7.233731823,"HUPT3_PANCREAS":7.091505117,"IALM_LUNG":0.399948851,"IGR1_SKIN":-7.024979295,"IGR39_SKIN":-11.79955048,"IMR32_AUTONOMIC_GANGLIA":3.571216075,"INA6_HAEMATOPOIETIC_AND_LYMPHOID_TISSUE":-9.216231741,"IPC298_SKIN":-8.588114297,"ISTMES1_PLEURA":7.415274269,"ISTMES2_PLEURA":7.75190775,"J82_URINARY_TRACT":-2.529238617,"JHH1_LIVER":0.150707285,"JHH4_LIVER":5.668936654,"JHH5_LIVER":-5.378909519,"JHH7_LIVER":-1.048062219,"JHOC5_OVARY":3.23734826,"JHOM1_OVARY":7.552244527,"JHOS2_OVARY":6.821698559,"JHOS4_OVARY":6.608868536,"JHUEM1_ENDOMETRIUM":5.141596141,"JHUEM7_ENDOMETRIUM":7.464392737,"JIMT1_BREAST":-4.562584703,"JJN3_HAEMATOPOIETIC_AND_LYMPHOID_TISSUE":-5.224879217,"JMSU1_URINARY_TRACT":-4.969578664,"JMURTK2_SOFT_TISSUE":8.231845314,"JOPACA1_PANCREAS":-11.25320016,"JR_SOFT_TISSUE":-7.333972245,"K029AX_SKIN":-0.541831327,"KALS1_CENTRAL_NERVOUS_SYSTEM":6.112526031,"KARPAS299_HAEMATOPOIETIC_AND_LYMPHOID_TISSUE":5.568918635,"KARPAS422_HAEMATOPOIETIC_AND_LYMPHOID_TISSUE":8.07100905,"KASUMI1_HAEMATOPOIETIC_AND_LYMPHOID_TISSUE":1.159130811,"KE39_STOMACH":-7.245657843,"KE97_HAEMATOPOIETIC_AND_LYMPHOID_TISSUE":-6.441981581,"KELLY_AUTONOMIC_GANGLIA":-11.74423089,"KIJK_HAEMATOPOIETIC_AND_LYMPHOID_TISSUE":6.510753291,"KLE_ENDOMETRIUM":5.065861088,