{"scores":{"127399_SOFT_TISSUE":-1.274014784,"143B_BONE":-1.330278363,"2313287_STOMACH":-1.927392458,"253J_URINARY_TRACT":-2.069148804,"42MGBA_CENTRAL_NERVOUS_SYSTEM":5.928304641,"5637_URINARY_TRACT":-2.487244203,"59M_OVARY":-1.923791257,"639V_URINARY_TRACT":-2.624267515,"647V_URINARY_TRACT":-2.482593263,"697_HAEMATOPOIETIC_AND_LYMPHOID_TISSUE":-2.357602254,"769P_KIDNEY":-0.503887684,"786O_KIDNEY":-2.059074433,"8305C_THYROID":-2.675405284,"8MGBA_CENTRAL_NERVOUS_SYSTEM":-2.817821734,"A2058_SKIN":-2.486630646,"A2780_OVARY":-1.198074982,"A3KAW_HAEMATOPOIETIC_AND_LYMPHOID_TISSUE":-1.886081405,"A427_LUNG":3.058628521,"A431_SKIN":1.183893731,"A549_LUNG":-0.836163603,"A673_BONE":-2.862423078,"ABC1_LUNG":-1.291766723,"ACCMESO1_PLEURA":-1.360186019,"AGS_STOMACH":-1.309380672,"AML193_HAEMATOPOIETIC_AND_LYMPHOID_TISSUE":7.603683157,"AMO1_HAEMATOPOIETIC_AND_LYMPHOID_TISSUE":-0.092222477,"ASPC1_PANCREAS":3.191091529,"AU565_BREAST":-1.513867057,"BC3C_URINARY_TRACT":0.389645796,"BFTC905_URINARY_TRACT":-2.9891853,"BFTC909_KIDNEY":-2.284565655,"BHY_UPPER_AERODIGESTIVE_TRACT":-2.026474768,"BICR16_UPPER_AERODIGESTIVE_TRACT":-3.097010412,"BICR22_UPPER_AERODIGESTIVE_TRACT":-2.542009711,"BICR31_UPPER_AERODIGESTIVE_TRACT":-2.689192273,"BICR56_UPPER_AERODIGESTIVE_TRACT":-1.603583053,"BICR6_UPPER_AERODIGESTIVE_TRACT":-2.129991932,"BICR78_UPPER_AERODIGESTIVE_TRACT":-3.100788995,"BIN67_OVARY":1.038979334,"BL70_HAEMATOPOIETIC_AND_LYMPHOID_TISSUE":0.515591663,"BLUE1_HAEMATOPOIETIC_AND_LYMPHOID_TISSUE":-0.854613312,"BT12_SOFT_TISSUE":0.090892461,"BT16_SOFT_TISSUE":1.130321727,"BT549_BREAST":-1.501566926,"C2BBE1_LARGE_INTESTINE":14.86267089,"C32_SKIN":2.218655416,"C8166_HAEMATOPOIETIC_AND_LYMPHOID_TISSUE":-2.894452936,"CADOES1_BONE":-3.068630501,"CAKI1_KIDNEY":3.412501251,"CAKI2_KIDNEY":-0.972229491,"CAL27_UPPER_AERODIGESTIVE_TRACT":-3.056272521,"CAL29_URINARY_TRACT":-0.945564109,"CAL33_UPPER_AERODIGESTIVE_TRACT":-2.58482452,"CAL51_BREAST":-1.633158819,"CAL78_BONE":-0.352951024,"CALU1_LUNG":-1.867688794,"CALU6_LUNG":-1.82834201,"CAMA1_BREAST":-1.405838172,"CAOV3_OVARY":-2.958454474,"CAS1_CENTRAL_NERVOUS_SYSTEM":-2.685227545,"CASKI_CERVIX":-2.837179484,"CCFSTTG1_CENTRAL_NERVOUS_SYSTEM":0.258636687,"CCK81_LARGE_INTESTINE":1.98522378,"CCLFPEDS0001T_KIDNEY":-2.406354858,"CCLFPEDS0003T_SOFT_TISSUE":-2.448983369,"CFPAC1_PANCREAS":-1.605414566,"CH157MN_CENTRAL_NERVOUS_SYSTEM":-2.431971569,"CHAGOK1_LUNG":1.917021281,"CHLA06ATRT_SOFT_TISSUE":-1.644992458,"CHLA15_AUTONOMIC_GANGLIA":2.053348246,"CHLA266_SOFT_TISSUE":-2.953551304,"CHP212_AUTONOMIC_GANGLIA":-2.906711768,"CJM_SKIN":-1.71144473,"CL40_LARGE_INTESTINE":-0.6740387,"CME1_SOFT_TISSUE":-1.048272897,"CMLT1_HAEMATOPOIETIC_AND_LYMPHOID_TISSUE":-1.975942985,"COGAR359_SOFT_TISSUE":0.013284854,"COGE352_BONE":-3.0051971,"COGN278_AUTONOMIC_GANGLIA":5.289037058,"COGN305_AUTONOMIC_GANGLIA":6.414185434,"COLO201_LARGE_INTESTINE":-1.178368469,"COLO678_LARGE_INTESTINE":-1.597970092,"COLO679_SKIN":-2.274958138,"COLO792_SKIN":6.861420355,"COLO800_SKIN":-2.247145578,"CORL23_LUNG":-3.063809329,"CORL279_LUNG":-1.303204488,"CORL47_LUNG":6.99552545,"COV318_OVARY":-2.400133432,"COV362_OVARY":-3.107935163,"COV434_OVARY":-1.055867161,"COV504_OVARY":-0.062293198,"COV644_OVARY":4.730955492,"CW9019_SOFT_TISSUE":0.404565438,"D283MED_CENTRAL_NERVOUS_SYSTEM":-1.131176241,"D341MED_CENTRAL_NERVOUS_SYSTEM":1.470828582,"D425_CENTRAL_NERVOUS_SYSTEM":-2.995241917,"D458_CENTRAL_NERVOUS_SYSTEM":-2.803598048,"DANG_PANCREAS":-3.021451252,"DAOY_CENTRAL_NERVOUS_SYSTEM":-2.849840496,"DB_HAEMATOPOIETIC_AND_LYMPHOID_TISSUE":2.360163224,"DEL_HAEMATOPOIETIC_AND_LYMPHOID_TISSUE":-2.602775282,"DETROIT562_UPPER_AERODIGESTIVE_TRACT":-1.600065043,"DKMG_CENTRAL_NERVOUS_SYSTEM":5.428387642,"DLD1_LARGE_INTESTINE":2.541167259,"DU4475_BREAST":0.060199285,"EFE184_ENDOMETRIUM":-2.391818772,"EFM19_BREAST":-2.83053888,"EFO21_OVARY":-2.80579851,"EFO27_OVARY":-1.798106817,"EJM_HAEMATOPOIETIC_AND_LYMPHOID_TISSUE":-2.303455006,"EKVX_LUNG":-0.658222735,"EM2_HAEMATOPOIETIC_AND_LYMPHOID_TISSUE":-1.518143436,"EN_ENDOMETRIUM":2.41121247,"EOL1_HAEMATOPOIETIC_AND_LYMPHOID_TISSUE":-1.863002089,"EPLC272H_LUNG":-1.544633975,"ES2_OVARY":-2.048217677,"ESO26_OESOPHAGUS":0.910802192,"ESS1_ENDOMETRIUM":-3.007771927,"EW8_BONE":-2.530357727,"EWS502_BONE":-3.108336242,"F36P_HAEMATOPOIETIC_AND_LYMPHOID_TISSUE":-0.563327042,"F5_CENTRAL_NERVOUS_SYSTEM":-0.383210118,"FADU_UPPER_AERODIGESTIVE_TRACT":-2.234938874,"FLO1_OESOPHAGUS":0.087419995,"FU97_STOMACH":-0.832105163,"G292CLONEA141B1_BONE":0.953359282,"G402_SOFT_TISSUE":0.517609397,"GAMG_CENTRAL_NERVOUS_SYSTEM":0.091988543,"GB1_CENTRAL_NERVOUS_SYSTEM":-2.357593289,"GCIY_STOMACH":-0.433374362,"GCT_SOFT_TISSUE":-2.5693123,"GI1_CENTRAL_NERVOUS_SYSTEM":-1.439107666,"GSS_STOMACH":4.515226384,"GSU_STOMACH":-1.329032025,"H103_UPPER_AERODIGESTIVE_TRACT":-2.640033523,"H4_CENTRAL_NERVOUS_SYSTEM":-1.134185135,"HARA_LUNG":-0.177782007,"HB1119_HAEMATOPOIETIC_AND_LYMPHOID_TISSUE":-2.549552778,"HCC1143_BREAST":-3.119110293,"HCC1359_LUNG":-2.49348001,"HCC1395_BREAST":-3.069858224,"HCC1419_BREAST":1.45196912,"HCC1428_BREAST":-0.480571254,"HCC15_LUNG":-3.034466309,"HCC1806_BREAST":-2.467444552,"HCC1937_BREAST":-1.862353327,"HCC1954_BREAST":-3.109917337,"HCC202_BREAST":-0.567432016,"HCC2429_LUNG":-2.742592769,"HCC2935_LUNG":-2.73124864,"HCC366_LUNG":-2.852835361,"HCC461_LUNG":-0.977162448,"HCC515_LUNG":-1.538920278,"HCC56_LARGE_INTESTINE":1.796208263,"HCC827_LUNG":1.070459695,"HCC95_LUNG":-1.771907161,"HDMYZ_HAEMATOPOIETIC_AND_LYMPHOID_TISSUE":5.289063025,"HEC151_ENDOMETRIUM":-1.524762068,"HEC1A_ENDOMETRIUM":-3.078568758,"HEC1B_ENDOMETRIUM":3.146153463,"HEC251_ENDOMETRIUM":1.306716085,"HEC265_ENDOMETRIUM":-1.737405862,"HEC50B_ENDOMETRIUM":-2.848405692,"HEC59_ENDOMETRIUM":-2.581628082,"HEC6_ENDOMETRIUM":0.172869257,"HEL_HAEMATOPOIETIC_AND_LYMPHOID_TISSUE":-2.770472427,"HEL9217_HAEMATOPOIETIC_AND_LYMPHOID_TISSUE":1.685128854,"HEYA8_OVARY":-2.009586582,"HGC27_STOMACH":-3.016154411,"HLF_LIVER":-0.195112644,"HMC18_BREAST":-2.094754806,"HOP62_LUNG":-2.897844207,"HS294T_SKIN":-1.634387541,"HS578T_BREAST":-0.976023187,"HS683_CENTRAL_NERVOUS_SYSTEM":-2.641956262,"HS695T_SKIN":-2.907164886,"HS729_SOFT_TISSUE":-2.190473889,"HS746T_STOMACH":-2.835982371,"HS766T_PANCREAS":-2.36783954,"HS852T_SKIN":4.632043939,"HS944T_SKIN":-2.678580035,"HSB2_HAEMATOPOIETIC_AND_LYMPHOID_TISSUE":-1.804963699,"HSC1_SKIN":-2.896606171,"HSC2_UPPER_AERODIGESTIVE_TRACT":-1.72870511,"HSC3_UPPER_AERODIGESTIVE_TRACT":-0.388075592,"HT1080_SOFT_TISSUE":0.387344148,"HT115_LARGE_INTESTINE":-2.421204208,"HT1197_URINARY_TRACT":-2.489934695,"HT1376_URINARY_TRACT":2.718747617,"HT144_SKIN":-2.124977359,"HT29_LARGE_INTESTINE":-2.338831932,"HT55_LARGE_INTESTINE":0.769949248,"HUH1_LIVER":0.07964323,"HUH6_LIVER":-1.729085791,"HUH7_LIVER":0.675129404,"HUNS1_HAEMATOPOIETIC_AND_LYMPHOID_TISSUE":-1.239220904,"HUPT3_PANCREAS":-2.423495296,"IALM_LUNG":-2.663712184,"IGR1_SKIN":-1.542521737,"IGR39_SKIN":-2.391595156,"IMR32_AUTONOMIC_GANGLIA":3.291919334,"INA6_HAEMATOPOIETIC_AND_LYMPHOID_TISSUE":-2.508818714,"IPC298_SKIN":4.936461501,"ISTMES1_PLEURA":-2.233036312,"ISTMES2_PLEURA":-1.57163178,"J82_URINARY_TRACT":-2.275424539,"JHH1_LIVER":-0.178132968,"JHH4_LIVER":0.863073833,"JHH5_LIVER":-1.669772975,"JHH7_LIVER":-2.210053235,"JHOC5_OVARY":-2.041680772,"JHOM1_OVARY":-2.803709289,"JHOS2_OVARY":-0.877060252,"JHOS4_OVARY":-2.955824366,"JHUEM1_ENDOMETRIUM":2.14091761,"JHUEM7_ENDOMETRIUM":-1.191869728,"JIMT1_BREAST":-0.227582238,"JJN3_HAEMATOPOIETIC_AND_LYMPHOID_TISSUE":-2.429531183,"JMSU1_URINARY_TRACT":-2.488946008,"JMURTK2_SOFT_TISSUE":0.0270007,"JOPACA1_PANCREAS":-1.202906889,"JR_SOFT_TISSUE":-0.128858104,"K029AX_SKIN":-2.774815704,"KALS1_CENTRAL_NERVOUS_SYSTEM":-2.642721618,"KARPAS299_HAEMATOPOIETIC_AND_LYMPHOID_TISSUE":-2.108371526,"KARPAS422_HAEMATOPOIETIC_AND_LYMPHOID_TISSUE":-1.412350499,"KASUMI1_HAEMATOPOIETIC_AND_LYMPHOID_TISSUE":2.643068759,"KE39_STOMACH":-1.880803247,"KE97_HAEMATOPOIETIC_AND_LYMPHOID_TISSUE":10.65808331,