{"scores":{"127399_SOFT_TISSUE":-2.702451942,"143B_BONE":0.572830173,"2313287_STOMACH":-1.341960349,"253J_URINARY_TRACT":1.062593726,"42MGBA_CENTRAL_NERVOUS_SYSTEM":1.165098046,"5637_URINARY_TRACT":-1.225277497,"59M_OVARY":2.54423348,"639V_URINARY_TRACT":0.538829489,"647V_URINARY_TRACT":0.431975413,"697_HAEMATOPOIETIC_AND_LYMPHOID_TISSUE":0.395965254,"769P_KIDNEY":2.33545906,"786O_KIDNEY":-0.493491328,"8305C_THYROID":-0.984048799,"8MGBA_CENTRAL_NERVOUS_SYSTEM":0.321354478,"A2058_SKIN":1.887028786,"A2780_OVARY":-1.134262612,"A3KAW_HAEMATOPOIETIC_AND_LYMPHOID_TISSUE":1.654590167,"A427_LUNG":2.015119237,"A431_SKIN":-3.598544058,"A549_LUNG":-3.853210315,"A673_BONE":0.239106437,"ABC1_LUNG":2.684410725,"ACCMESO1_PLEURA":1.061402681,"AGS_STOMACH":-0.823704867,"AML193_HAEMATOPOIETIC_AND_LYMPHOID_TISSUE":1.416085787,"AMO1_HAEMATOPOIETIC_AND_LYMPHOID_TISSUE":2.195374482,"ASPC1_PANCREAS":-1.08897101,"AU565_BREAST":2.092028056,"BC3C_URINARY_TRACT":-2.981786193,"BFTC905_URINARY_TRACT":-2.686109251,"BFTC909_KIDNEY":0.475644402,"BHY_UPPER_AERODIGESTIVE_TRACT":0.079118552,"BICR16_UPPER_AERODIGESTIVE_TRACT":0.893573843,"BICR22_UPPER_AERODIGESTIVE_TRACT":-3.485729519,"BICR31_UPPER_AERODIGESTIVE_TRACT":1.00665543,"BICR56_UPPER_AERODIGESTIVE_TRACT":-2.561392447,"BICR6_UPPER_AERODIGESTIVE_TRACT":-5.011621299,"BICR78_UPPER_AERODIGESTIVE_TRACT":-10.14153105,"BIN67_OVARY":0.697268248,"BL70_HAEMATOPOIETIC_AND_LYMPHOID_TISSUE":1.617954763,"BLUE1_HAEMATOPOIETIC_AND_LYMPHOID_TISSUE":0.314442997,"BT12_SOFT_TISSUE":2.347729686,"BT16_SOFT_TISSUE":1.292552067,"BT549_BREAST":-0.359431555,"C2BBE1_LARGE_INTESTINE":-0.072819097,"C32_SKIN":1.629243241,"C8166_HAEMATOPOIETIC_AND_LYMPHOID_TISSUE":-0.891733473,"CADOES1_BONE":0.458992297,"CAKI1_KIDNEY":0.508710079,"CAKI2_KIDNEY":0.899783907,"CAL27_UPPER_AERODIGESTIVE_TRACT":2.081493268,"CAL29_URINARY_TRACT":-3.323664979,"CAL33_UPPER_AERODIGESTIVE_TRACT":0.281733035,"CAL51_BREAST":1.512896712,"CAL78_BONE":1.541712941,"CALU1_LUNG":1.147177597,"CALU6_LUNG":1.269945338,"CAMA1_BREAST":1.044370369,"CAOV3_OVARY":-2.392804263,"CAS1_CENTRAL_NERVOUS_SYSTEM":1.585692699,"CASKI_CERVIX":-1.279129288,"CCFSTTG1_CENTRAL_NERVOUS_SYSTEM":1.354585573,"CCK81_LARGE_INTESTINE":-2.359266923,"CCLFPEDS0001T_KIDNEY":2.377455541,"CCLFPEDS0003T_SOFT_TISSUE":2.71215034,"CFPAC1_PANCREAS":0.673390422,"CH157MN_CENTRAL_NERVOUS_SYSTEM":-1.350680567,"CHAGOK1_LUNG":2.743973131,"CHLA06ATRT_SOFT_TISSUE":-2.185372374,"CHLA15_AUTONOMIC_GANGLIA":0.715955316,"CHLA266_SOFT_TISSUE":1.277252409,"CHP212_AUTONOMIC_GANGLIA":-1.391169041,"CJM_SKIN":-5.352239062,"CL40_LARGE_INTESTINE":2.263256676,"CME1_SOFT_TISSUE":0.702410951,"CMLT1_HAEMATOPOIETIC_AND_LYMPHOID_TISSUE":-2.142445124,"COGAR359_SOFT_TISSUE":-0.03534145,"COGE352_BONE":1.996215791,"COGN278_AUTONOMIC_GANGLIA":2.007262323,"COGN305_AUTONOMIC_GANGLIA":2.513107843,"COLO201_LARGE_INTESTINE":0.782459315,"COLO678_LARGE_INTESTINE":1.765994427,"COLO679_SKIN":2.485330062,"COLO792_SKIN":1.230072989,"COLO800_SKIN":0.006339633,"CORL23_LUNG":2.701568515,"CORL279_LUNG":1.264941062,"CORL47_LUNG":1.572554753,"COV318_OVARY":1.679638366,"COV362_OVARY":0.389371056,"COV434_OVARY":0.001311315,"COV504_OVARY":-1.346155805,"COV644_OVARY":1.283175081,"CW9019_SOFT_TISSUE":0.586117871,"D283MED_CENTRAL_NERVOUS_SYSTEM":-2.68874701,"D341MED_CENTRAL_NERVOUS_SYSTEM":0.162887689,"D425_CENTRAL_NERVOUS_SYSTEM":1.81633749,"D458_CENTRAL_NERVOUS_SYSTEM":0.460580329,"DANG_PANCREAS":-0.070473178,"DAOY_CENTRAL_NERVOUS_SYSTEM":2.151608387,"DB_HAEMATOPOIETIC_AND_LYMPHOID_TISSUE":0.916212136,"DEL_HAEMATOPOIETIC_AND_LYMPHOID_TISSUE":2.345120398,"DETROIT562_UPPER_AERODIGESTIVE_TRACT":-0.022396182,"DKMG_CENTRAL_NERVOUS_SYSTEM":2.647015412,"DLD1_LARGE_INTESTINE":-2.801231039,"DU4475_BREAST":-1.160004493,"EFE184_ENDOMETRIUM":-3.589612586,"EFM19_BREAST":1.51695427,"EFO21_OVARY":1.358103589,"EFO27_OVARY":2.006493359,"EJM_HAEMATOPOIETIC_AND_LYMPHOID_TISSUE":2.00513827,"EKVX_LUNG":1.724163676,"EM2_HAEMATOPOIETIC_AND_LYMPHOID_TISSUE":1.983939006,"EN_ENDOMETRIUM":2.245944327,"EOL1_HAEMATOPOIETIC_AND_LYMPHOID_TISSUE":-3.152368635,"EPLC272H_LUNG":0.323839069,"ES2_OVARY":-3.078182634,"ESO26_OESOPHAGUS":-14.3424787,"ESS1_ENDOMETRIUM":-0.027822736,"EW8_BONE":-3.626966231,"EWS502_BONE":0.601887296,"F36P_HAEMATOPOIETIC_AND_LYMPHOID_TISSUE":-3.722949702,"F5_CENTRAL_NERVOUS_SYSTEM":0.673973251,"FADU_UPPER_AERODIGESTIVE_TRACT":2.239422914,"FLO1_OESOPHAGUS":2.500294126,"FU97_STOMACH":2.170096849,"G292CLONEA141B1_BONE":0.458783318,"G402_SOFT_TISSUE":0.011489257,"GAMG_CENTRAL_NERVOUS_SYSTEM":-2.835142032,"GB1_CENTRAL_NERVOUS_SYSTEM":-0.865147341,"GCIY_STOMACH":2.006619434,"GCT_SOFT_TISSUE":-1.311138967,"GI1_CENTRAL_NERVOUS_SYSTEM":0.208352957,"GSS_STOMACH":0.892667646,"GSU_STOMACH":1.495326252,"H103_UPPER_AERODIGESTIVE_TRACT":-5.830151165,"H4_CENTRAL_NERVOUS_SYSTEM":2.779118991,"HARA_LUNG":-3.235951291,"HB1119_HAEMATOPOIETIC_AND_LYMPHOID_TISSUE":-0.904392036,"HCC1143_BREAST":1.223409757,"HCC1359_LUNG":-0.275103029,"HCC1395_BREAST":1.76590351,"HCC1419_BREAST":0.871815368,"HCC1428_BREAST":0.276269398,"HCC15_LUNG":-1.557071138,"HCC1806_BREAST":2.072312346,"HCC1937_BREAST":1.866601703,"HCC1954_BREAST":1.664337784,"HCC202_BREAST":-0.123636964,"HCC2429_LUNG":-0.690703568,"HCC2935_LUNG":1.294289048,"HCC366_LUNG":0.387297113,"HCC461_LUNG":0.931642554,"HCC515_LUNG":1.446269534,"HCC56_LARGE_INTESTINE":-0.974856506,"HCC827_LUNG":-4.097549398,"HCC95_LUNG":0.355070563,"HDMYZ_HAEMATOPOIETIC_AND_LYMPHOID_TISSUE":-2.485627326,"HEC151_ENDOMETRIUM":1.933713074,"HEC1A_ENDOMETRIUM":-1.714798504,"HEC1B_ENDOMETRIUM":0.935887809,"HEC251_ENDOMETRIUM":2.236977567,"HEC265_ENDOMETRIUM":2.619041785,"HEC50B_ENDOMETRIUM":-1.008772568,"HEC59_ENDOMETRIUM":1.766415774,"HEC6_ENDOMETRIUM":1.424578891,"HEL_HAEMATOPOIETIC_AND_LYMPHOID_TISSUE":0.498241008,"HEL9217_HAEMATOPOIETIC_AND_LYMPHOID_TISSUE":2.538781904,"HEYA8_OVARY":-2.628978498,"HGC27_STOMACH":-1.300822197,"HLF_LIVER":2.211252149,"HMC18_BREAST":2.409238616,"HOP62_LUNG":0.116651153,"HS294T_SKIN":1.903873012,"HS578T_BREAST":1.764841418,"HS683_CENTRAL_NERVOUS_SYSTEM":-0.083623807,"HS695T_SKIN":1.763650492,"HS729_SOFT_TISSUE":0.441216579,"HS746T_STOMACH":-1.086633034,"HS766T_PANCREAS":-1.301813536,"HS852T_SKIN":2.336330007,"HS944T_SKIN":-1.37633364,"HSB2_HAEMATOPOIETIC_AND_LYMPHOID_TISSUE":2.250591472,"HSC1_SKIN":-9.916030248,"HSC2_UPPER_AERODIGESTIVE_TRACT":1.965768505,"HSC3_UPPER_AERODIGESTIVE_TRACT":1.042134452,"HT1080_SOFT_TISSUE":2.33722092,"HT115_LARGE_INTESTINE":1.235029072,"HT1197_URINARY_TRACT":-2.280145449,"HT1376_URINARY_TRACT":2.437720413,"HT144_SKIN":-1.13431276,"HT29_LARGE_INTESTINE":-0.255758023,"HT55_LARGE_INTESTINE":0.524269263,"HUH1_LIVER":2.56103672,"HUH6_LIVER":1.70664781,"HUH7_LIVER":-1.152337188,"HUNS1_HAEMATOPOIETIC_AND_LYMPHOID_TISSUE":0.80354187,"HUPT3_PANCREAS":2.232013673,"IALM_LUNG":1.624456116,"IGR1_SKIN":1.982096555,"IGR39_SKIN":-0.063057344,"IMR32_AUTONOMIC_GANGLIA":1.645757061,"INA6_HAEMATOPOIETIC_AND_LYMPHOID_TISSUE":0.602501014,"IPC298_SKIN":2.366100046,"ISTMES1_PLEURA":2.55938456,"ISTMES2_PLEURA":1.488770156,"J82_URINARY_TRACT":0.496892475,"JHH1_LIVER":1.589731003,"JHH4_LIVER":2.265122161,"JHH5_LIVER":-4.086728267,"JHH7_LIVER":2.564124749,"JHOC5_OVARY":-5.396161569,"JHOM1_OVARY":0.694262981,"JHOS2_OVARY":-2.764174148,"JHOS4_OVARY":2.397544809,"JHUEM1_ENDOMETRIUM":-1.212642668,"JHUEM7_ENDOMETRIUM":-2.010294619,"JIMT1_BREAST":2.582543188,"JJN3_HAEMATOPOIETIC_AND_LYMPHOID_TISSUE":2.412580433,"JMSU1_URINARY_TRACT":-2.46138776,"JMURTK2_SOFT_TISSUE":-0.39882716,"JOPACA1_PANCREAS":0.547597164,"JR_SOFT_TISSUE":-0.861464235,"K029AX_SKIN":2.768441072,"KALS1_CENTRAL_NERVOUS_SYSTEM":-3.723290948,"KARPAS299_HAEMATOPOIETIC_AND_LYMPHOID_TISSUE":1.838096112,"KARPAS422_HAEMATOPOIETIC_AND_LYMPHOID_TISSUE":-1.055262823,"KASUMI1_HAEMATOPOIETIC_AND_LYMPHOID_TISSUE":2.708280483,"KE39_STOMACH":-3.825183216,"KE97_HAEMATOPOIETIC_AND_LYMPHOID_TISSUE":-1.914183095,"KELLY_AUTONOMIC_GANGLIA":1.347613225,"KIJK_HAEMATOPOIETIC_AND_LYMPHOID_TISSUE":2.575389008,