{"scores":{"127399_SOFT_TISSUE":3.782044649,"143B_BONE":3.672689125,"2313287_STOMACH":-20,"253J_URINARY_TRACT":3.071921182,"42MGBA_CENTRAL_NERVOUS_SYSTEM":3.786691749,"5637_URINARY_TRACT":3.650422864,"59M_OVARY":1.558183314,"639V_URINARY_TRACT":3.630233428,"647V_URINARY_TRACT":3.742498373,"697_HAEMATOPOIETIC_AND_LYMPHOID_TISSUE":3.502841775,"769P_KIDNEY":-1.808367361,"786O_KIDNEY":3.790543741,"8305C_THYROID":2.866805188,"8MGBA_CENTRAL_NERVOUS_SYSTEM":3.715135943,"A2058_SKIN":3.765313294,"A2780_OVARY":3.463721292,"A3KAW_HAEMATOPOIETIC_AND_LYMPHOID_TISSUE":0.456760814,"A427_LUNG":2.563373517,"A431_SKIN":3.076422364,"A549_LUNG":3.732868684,"A673_BONE":3.790840072,"ABC1_LUNG":3.755408429,"ACCMESO1_PLEURA":3.714197631,"AGS_STOMACH":3.09709722,"AML193_HAEMATOPOIETIC_AND_LYMPHOID_TISSUE":2.943131749,"AMO1_HAEMATOPOIETIC_AND_LYMPHOID_TISSUE":3.739245031,"ASPC1_PANCREAS":3.522325242,"AU565_BREAST":3.758206994,"BC3C_URINARY_TRACT":3.786048933,"BFTC905_URINARY_TRACT":3.787166331,"BFTC909_KIDNEY":3.340585046,"BHY_UPPER_AERODIGESTIVE_TRACT":2.27670781,"BICR16_UPPER_AERODIGESTIVE_TRACT":1.766146658,"BICR22_UPPER_AERODIGESTIVE_TRACT":0.880462023,"BICR31_UPPER_AERODIGESTIVE_TRACT":2.768822702,"BICR56_UPPER_AERODIGESTIVE_TRACT":3.066629666,"BICR6_UPPER_AERODIGESTIVE_TRACT":3.354715155,"BICR78_UPPER_AERODIGESTIVE_TRACT":3.769598132,"BIN67_OVARY":2.973334536,"BL70_HAEMATOPOIETIC_AND_LYMPHOID_TISSUE":3.768150092,"BLUE1_HAEMATOPOIETIC_AND_LYMPHOID_TISSUE":2.624867729,"BT12_SOFT_TISSUE":3.790486682,"BT16_SOFT_TISSUE":3.573152601,"BT549_BREAST":3.754108618,"C2BBE1_LARGE_INTESTINE":2.836618863,"C32_SKIN":-3.84947437,"C8166_HAEMATOPOIETIC_AND_LYMPHOID_TISSUE":1.26949275,"CADOES1_BONE":2.27044313,"CAKI1_KIDNEY":3.790891863,"CAKI2_KIDNEY":3.315301868,"CAL27_UPPER_AERODIGESTIVE_TRACT":3.618874597,"CAL29_URINARY_TRACT":3.330246133,"CAL33_UPPER_AERODIGESTIVE_TRACT":-0.609907039,"CAL51_BREAST":0.478058739,"CAL78_BONE":2.128778934,"CALU1_LUNG":2.893083023,"CALU6_LUNG":3.708597814,"CAMA1_BREAST":3.628851405,"CAOV3_OVARY":3.785538191,"CAS1_CENTRAL_NERVOUS_SYSTEM":2.31952905,"CASKI_CERVIX":3.779793439,"CCFSTTG1_CENTRAL_NERVOUS_SYSTEM":3.290382629,"CCK81_LARGE_INTESTINE":-0.955546321,"CCLFPEDS0001T_KIDNEY":3.424309324,"CCLFPEDS0003T_SOFT_TISSUE":2.909703222,"CFPAC1_PANCREAS":3.787214659,"CH157MN_CENTRAL_NERVOUS_SYSTEM":3.061482225,"CHAGOK1_LUNG":3.426380206,"CHLA06ATRT_SOFT_TISSUE":3.763183429,"CHLA15_AUTONOMIC_GANGLIA":3.191633695,"CHLA266_SOFT_TISSUE":3.580558517,"CHP212_AUTONOMIC_GANGLIA":3.426874788,"CJM_SKIN":3.110732501,"CL40_LARGE_INTESTINE":0.55314737,"CME1_SOFT_TISSUE":3.389178251,"CMLT1_HAEMATOPOIETIC_AND_LYMPHOID_TISSUE":1.40569627,"COGAR359_SOFT_TISSUE":3.219331987,"COGE352_BONE":3.376604547,"COGN278_AUTONOMIC_GANGLIA":1.978512137,"COGN305_AUTONOMIC_GANGLIA":2.969772921,"COLO201_LARGE_INTESTINE":3.790911794,"COLO678_LARGE_INTESTINE":3.708666837,"COLO679_SKIN":3.79058835,"COLO792_SKIN":3.756159227,"COLO800_SKIN":3.790691213,"CORL23_LUNG":3.582099037,"CORL279_LUNG":3.769561705,"CORL47_LUNG":3.578152199,"COV318_OVARY":-0.462136858,"COV362_OVARY":2.557948432,"COV434_OVARY":3.534519448,"COV504_OVARY":3.784540636,"COV644_OVARY":3.111567202,"CW9019_SOFT_TISSUE":3.712583035,"D283MED_CENTRAL_NERVOUS_SYSTEM":-5.898104942,"D341MED_CENTRAL_NERVOUS_SYSTEM":3.494518414,"D425_CENTRAL_NERVOUS_SYSTEM":3.715862972,"D458_CENTRAL_NERVOUS_SYSTEM":3.539103359,"DANG_PANCREAS":3.297880336,"DAOY_CENTRAL_NERVOUS_SYSTEM":3.513786095,"DB_HAEMATOPOIETIC_AND_LYMPHOID_TISSUE":3.317567433,"DEL_HAEMATOPOIETIC_AND_LYMPHOID_TISSUE":3.31749485,"DETROIT562_UPPER_AERODIGESTIVE_TRACT":3.671249859,"DKMG_CENTRAL_NERVOUS_SYSTEM":3.585083446,"DLD1_LARGE_INTESTINE":3.729341902,"DU4475_BREAST":3.304077662,"EFE184_ENDOMETRIUM":3.784550521,"EFM19_BREAST":2.938377709,"EFO21_OVARY":3.78583003,"EFO27_OVARY":-0.89849833,"EJM_HAEMATOPOIETIC_AND_LYMPHOID_TISSUE":3.450733395,"EKVX_LUNG":3.715436,"EM2_HAEMATOPOIETIC_AND_LYMPHOID_TISSUE":3.179095216,"EN_ENDOMETRIUM":3.571549165,"EOL1_HAEMATOPOIETIC_AND_LYMPHOID_TISSUE":3.504181087,"EPLC272H_LUNG":3.790483998,"ES2_OVARY":2.673646135,"ESO26_OESOPHAGUS":3.54457239,"ESS1_ENDOMETRIUM":3.126828765,"EW8_BONE":3.419624537,"EWS502_BONE":3.719122841,"F36P_HAEMATOPOIETIC_AND_LYMPHOID_TISSUE":3.74939366,"F5_CENTRAL_NERVOUS_SYSTEM":3.693786891,"FADU_UPPER_AERODIGESTIVE_TRACT":3.773396386,"FLO1_OESOPHAGUS":2.14072978,"FU97_STOMACH":3.74685048,"G292CLONEA141B1_BONE":2.486172155,"G402_SOFT_TISSUE":0.982405287,"GAMG_CENTRAL_NERVOUS_SYSTEM":3.785921647,"GB1_CENTRAL_NERVOUS_SYSTEM":3.765738095,"GCIY_STOMACH":3.774838659,"GCT_SOFT_TISSUE":3.76604966,"GI1_CENTRAL_NERVOUS_SYSTEM":3.731055659,"GSS_STOMACH":3.773613291,"GSU_STOMACH":3.788401482,"H103_UPPER_AERODIGESTIVE_TRACT":1.323544302,"H4_CENTRAL_NERVOUS_SYSTEM":3.783538616,"HARA_LUNG":3.784958773,"HB1119_HAEMATOPOIETIC_AND_LYMPHOID_TISSUE":3.77229178,"HCC1143_BREAST":3.399155087,"HCC1359_LUNG":3.783762559,"HCC1395_BREAST":3.718805531,"HCC1419_BREAST":3.40738439,"HCC1428_BREAST":2.253719366,"HCC15_LUNG":3.660818734,"HCC1806_BREAST":-11.40096644,"HCC1937_BREAST":3.45386293,"HCC1954_BREAST":3.426281901,"HCC202_BREAST":2.852808206,"HCC2429_LUNG":3.001738356,"HCC2935_LUNG":3.670159096,"HCC366_LUNG":3.784074213,"HCC461_LUNG":3.736642129,"HCC515_LUNG":3.620690811,"HCC56_LARGE_INTESTINE":3.742916317,"HCC827_LUNG":2.386171029,"HCC95_LUNG":2.366929766,"HDMYZ_HAEMATOPOIETIC_AND_LYMPHOID_TISSUE":1.38746059,"HEC151_ENDOMETRIUM":-16.06955169,"HEC1A_ENDOMETRIUM":2.835570604,"HEC1B_ENDOMETRIUM":3.790888533,"HEC251_ENDOMETRIUM":3.745304455,"HEC265_ENDOMETRIUM":-20,"HEC50B_ENDOMETRIUM":3.779008763,"HEC59_ENDOMETRIUM":-4.843783443,"HEC6_ENDOMETRIUM":-20,"HEL_HAEMATOPOIETIC_AND_LYMPHOID_TISSUE":3.664131597,"HEL9217_HAEMATOPOIETIC_AND_LYMPHOID_TISSUE":3.56259152,"HEYA8_OVARY":3.286813431,"HGC27_STOMACH":3.310192498,"HLF_LIVER":3.633940141,"HMC18_BREAST":3.397096375,"HOP62_LUNG":3.360533121,"HS294T_SKIN":3.349557223,"HS578T_BREAST":2.266284209,"HS683_CENTRAL_NERVOUS_SYSTEM":3.779253991,"HS695T_SKIN":3.533963485,"HS729_SOFT_TISSUE":2.248067471,"HS746T_STOMACH":2.88916226,"HS766T_PANCREAS":3.724364433,"HS852T_SKIN":2.915232458,"HS944T_SKIN":3.647159708,"HSB2_HAEMATOPOIETIC_AND_LYMPHOID_TISSUE":3.790911794,"HSC1_SKIN":3.695129064,"HSC2_UPPER_AERODIGESTIVE_TRACT":3.599598197,"HSC3_UPPER_AERODIGESTIVE_TRACT":3.463118385,"HT1080_SOFT_TISSUE":3.767622728,"HT115_LARGE_INTESTINE":3.730910606,"HT1197_URINARY_TRACT":2.64657664,"HT1376_URINARY_TRACT":3.721286081,"HT144_SKIN":3.710643909,"HT29_LARGE_INTESTINE":3.760563881,"HT55_LARGE_INTESTINE":3.598638091,"HUH1_LIVER":-0.987399538,"HUH6_LIVER":3.698706291,"HUH7_LIVER":3.63010845,"HUNS1_HAEMATOPOIETIC_AND_LYMPHOID_TISSUE":3.402255272,"HUPT3_PANCREAS":2.872446946,"IALM_LUNG":2.302205301,"IGR1_SKIN":3.790622506,"IGR39_SKIN":3.63710597,"IMR32_AUTONOMIC_GANGLIA":3.790904661,"INA6_HAEMATOPOIETIC_AND_LYMPHOID_TISSUE":1.416391688,"IPC298_SKIN":3.790339608,"ISTMES1_PLEURA":2.042956581,"ISTMES2_PLEURA":3.652141573,"J82_URINARY_TRACT":3.051953111,"JHH1_LIVER":-11.72174125,"JHH4_LIVER":0.792114741,"JHH5_LIVER":3.727928471,"JHH7_LIVER":3.67683324,"JHOC5_OVARY":3.659560628,"JHOM1_OVARY":1.314947718,"JHOS2_OVARY":3.419662054,"JHOS4_OVARY":2.530792804,"JHUEM1_ENDOMETRIUM":-2.053945717,"JHUEM7_ENDOMETRIUM":3.745434716,"JIMT1_BREAST":3.474524947,"JJN3_HAEMATOPOIETIC_AND_LYMPHOID_TISSUE":3.356269703,"JMSU1_URINARY_TRACT":3.781236634,"JMURTK2_SOFT_TISSUE":2.737835366,"JOPACA1_PANCREAS":3.264732333,"JR_SOFT_TISSUE":3.379422345,"K029AX_SKIN":1.251002757,"KALS1_CENTRAL_NERVOUS_SYSTEM":3.763955838,"KARPAS299_HAEMATOPOIETIC_AND_LYMPHOID_TISSUE":3.589045773,"KARPAS422_HAEMATOPOIETIC_AND_LYMPHOID_TISSUE":3.34961983,"KASUMI1_HAEMATOPOIETIC_AND_LYMPHOID_TISSUE":3.787007749,"KE39_STOMACH":3.776291077,"KE97_HAEMATOPOIETIC_AND_LYMPHOID_TISSUE":2.800859047,"KELLY_AUTONOMIC_GANGLIA":3.692835504,"KIJK_HAEMATOPOIETIC_AND_LYMPHOID_TISSUE":2.825895369,"KLE_ENDOMETRIUM":2.541403756,"KM12_LARGE_INTESTINE":-20,"KMBC2_URINARY_TRACT":3.790832524,