{"scores":{"127399_SOFT_TISSUE":3.474353282,"143B_BONE":3.48503026,"2313287_STOMACH":3.03907954,"253J_URINARY_TRACT":-7.31144105,"42MGBA_CENTRAL_NERVOUS_SYSTEM":0.184932808,"5637_URINARY_TRACT":3.384881867,"59M_OVARY":2.743866043,"639V_URINARY_TRACT":3.303054999,"647V_URINARY_TRACT":3.054994378,"697_HAEMATOPOIETIC_AND_LYMPHOID_TISSUE":-0.338436647,"769P_KIDNEY":-10.31867352,"786O_KIDNEY":-1.506776914,"8305C_THYROID":1.883405331,"8MGBA_CENTRAL_NERVOUS_SYSTEM":2.704154688,"A2058_SKIN":3.234100041,"A2780_OVARY":1.381193204,"A3KAW_HAEMATOPOIETIC_AND_LYMPHOID_TISSUE":-8.031851976,"A427_LUNG":3.186990901,"A431_SKIN":2.951002852,"A549_LUNG":3.457785148,"A673_BONE":-0.604954612,"ABC1_LUNG":-20,"ACCMESO1_PLEURA":2.307528187,"AGS_STOMACH":2.255328288,"AML193_HAEMATOPOIETIC_AND_LYMPHOID_TISSUE":-0.539150573,"AMO1_HAEMATOPOIETIC_AND_LYMPHOID_TISSUE":2.62799921,"ASPC1_PANCREAS":3.467485705,"AU565_BREAST":-0.236510438,"BC3C_URINARY_TRACT":2.813824369,"BFTC905_URINARY_TRACT":2.934411467,"BFTC909_KIDNEY":-0.41356391,"BHY_UPPER_AERODIGESTIVE_TRACT":-7.474194852,"BICR16_UPPER_AERODIGESTIVE_TRACT":1.782918427,"BICR22_UPPER_AERODIGESTIVE_TRACT":-5.475361766,"BICR31_UPPER_AERODIGESTIVE_TRACT":2.050768842,"BICR56_UPPER_AERODIGESTIVE_TRACT":2.666005691,"BICR6_UPPER_AERODIGESTIVE_TRACT":3.354024689,"BICR78_UPPER_AERODIGESTIVE_TRACT":2.709688616,"BIN67_OVARY":0.47907835,"BL70_HAEMATOPOIETIC_AND_LYMPHOID_TISSUE":2.355192925,"BLUE1_HAEMATOPOIETIC_AND_LYMPHOID_TISSUE":1.552311363,"BT12_SOFT_TISSUE":3.495550678,"BT16_SOFT_TISSUE":-4.241761149,"BT549_BREAST":-2.343405588,"C2BBE1_LARGE_INTESTINE":-7.222228706,"C32_SKIN":3.477590631,"C8166_HAEMATOPOIETIC_AND_LYMPHOID_TISSUE":3.396192084,"CADOES1_BONE":1.690343116,"CAKI1_KIDNEY":0.126408942,"CAKI2_KIDNEY":0.463213544,"CAL27_UPPER_AERODIGESTIVE_TRACT":-6.154721312,"CAL29_URINARY_TRACT":2.908893094,"CAL33_UPPER_AERODIGESTIVE_TRACT":3.384004916,"CAL51_BREAST":2.779119283,"CAL78_BONE":3.313433517,"CALU1_LUNG":2.967999186,"CALU6_LUNG":2.305858941,"CAMA1_BREAST":-0.735328414,"CAOV3_OVARY":-2.08260401,"CAS1_CENTRAL_NERVOUS_SYSTEM":3.500153449,"CASKI_CERVIX":2.362719813,"CCFSTTG1_CENTRAL_NERVOUS_SYSTEM":3.325939854,"CCK81_LARGE_INTESTINE":3.528591972,"CCLFPEDS0001T_KIDNEY":3.504221326,"CCLFPEDS0003T_SOFT_TISSUE":-6.250411326,"CFPAC1_PANCREAS":3.594468786,"CH157MN_CENTRAL_NERVOUS_SYSTEM":2.925268137,"CHAGOK1_LUNG":-20,"CHLA06ATRT_SOFT_TISSUE":2.721980154,"CHLA15_AUTONOMIC_GANGLIA":2.296026747,"CHLA266_SOFT_TISSUE":1.981581022,"CHP212_AUTONOMIC_GANGLIA":-1.783841452,"CJM_SKIN":2.85068976,"CL40_LARGE_INTESTINE":3.515320193,"CME1_SOFT_TISSUE":-1.936694752,"CMLT1_HAEMATOPOIETIC_AND_LYMPHOID_TISSUE":1.537815717,"COGAR359_SOFT_TISSUE":3.543534429,"COGE352_BONE":-0.67411737,"COGN278_AUTONOMIC_GANGLIA":0.96224495,"COGN305_AUTONOMIC_GANGLIA":-7.672601427,"COLO201_LARGE_INTESTINE":-0.063137316,"COLO678_LARGE_INTESTINE":-3.500837193,"COLO679_SKIN":3.519731268,"COLO792_SKIN":-1.023985818,"COLO800_SKIN":3.561448215,"CORL23_LUNG":2.150089607,"CORL279_LUNG":1.487586743,"CORL47_LUNG":3.485888309,"COV318_OVARY":3.315044314,"COV362_OVARY":0.269231012,"COV434_OVARY":2.510309804,"COV504_OVARY":3.588833914,"COV644_OVARY":3.490378691,"CW9019_SOFT_TISSUE":-20,"D283MED_CENTRAL_NERVOUS_SYSTEM":0.592522752,"D341MED_CENTRAL_NERVOUS_SYSTEM":-5.306737887,"D425_CENTRAL_NERVOUS_SYSTEM":-9.199030237,"D458_CENTRAL_NERVOUS_SYSTEM":-4.673386628,"DANG_PANCREAS":3.529966459,"DAOY_CENTRAL_NERVOUS_SYSTEM":1.006178908,"DB_HAEMATOPOIETIC_AND_LYMPHOID_TISSUE":3.29741265,"DEL_HAEMATOPOIETIC_AND_LYMPHOID_TISSUE":-9.973326455,"DETROIT562_UPPER_AERODIGESTIVE_TRACT":-1.369639366,"DKMG_CENTRAL_NERVOUS_SYSTEM":3.530397813,"DLD1_LARGE_INTESTINE":0.139896956,"DU4475_BREAST":-1.378884034,"EFE184_ENDOMETRIUM":3.103370526,"EFM19_BREAST":-3.386793665,"EFO21_OVARY":3.479791445,"EFO27_OVARY":2.067504477,"EJM_HAEMATOPOIETIC_AND_LYMPHOID_TISSUE":2.776015806,"EKVX_LUNG":1.971611689,"EM2_HAEMATOPOIETIC_AND_LYMPHOID_TISSUE":-2.145313389,"EN_ENDOMETRIUM":2.378565179,"EOL1_HAEMATOPOIETIC_AND_LYMPHOID_TISSUE":3.597237619,"EPLC272H_LUNG":2.22407767,"ES2_OVARY":2.519260166,"ESO26_OESOPHAGUS":-1.46176008,"ESS1_ENDOMETRIUM":2.68178649,"EW8_BONE":2.301891675,"EWS502_BONE":2.7414028,"F36P_HAEMATOPOIETIC_AND_LYMPHOID_TISSUE":-11.47396082,"F5_CENTRAL_NERVOUS_SYSTEM":2.973874723,"FADU_UPPER_AERODIGESTIVE_TRACT":3.577911397,"FLO1_OESOPHAGUS":3.541974493,"FU97_STOMACH":-1.749927286,"G292CLONEA141B1_BONE":3.204856989,"G402_SOFT_TISSUE":3.017042061,"GAMG_CENTRAL_NERVOUS_SYSTEM":3.370530561,"GB1_CENTRAL_NERVOUS_SYSTEM":2.985654537,"GCIY_STOMACH":2.634187516,"GCT_SOFT_TISSUE":3.407805101,"GI1_CENTRAL_NERVOUS_SYSTEM":1.949466334,"GSS_STOMACH":2.095039946,"GSU_STOMACH":3.313535762,"H103_UPPER_AERODIGESTIVE_TRACT":1.904485198,"H4_CENTRAL_NERVOUS_SYSTEM":3.597017605,"HARA_LUNG":3.378762327,"HB1119_HAEMATOPOIETIC_AND_LYMPHOID_TISSUE":3.326389081,"HCC1143_BREAST":3.593450575,"HCC1359_LUNG":2.696712723,"HCC1395_BREAST":-4.988583222,"HCC1419_BREAST":-0.874461717,"HCC1428_BREAST":1.360310508,"HCC15_LUNG":3.589654748,"HCC1806_BREAST":-4.378346689,"HCC1937_BREAST":2.206046169,"HCC1954_BREAST":2.438454795,"HCC202_BREAST":-3.979585943,"HCC2429_LUNG":1.605700754,"HCC2935_LUNG":-0.276677186,"HCC366_LUNG":-2.113530884,"HCC461_LUNG":2.896083913,"HCC515_LUNG":2.186577354,"HCC56_LARGE_INTESTINE":-0.18418925,"HCC827_LUNG":3.418307999,"HCC95_LUNG":-5.031899867,"HDMYZ_HAEMATOPOIETIC_AND_LYMPHOID_TISSUE":2.473936446,"HEC151_ENDOMETRIUM":-2.521992824,"HEC1A_ENDOMETRIUM":3.217762032,"HEC1B_ENDOMETRIUM":2.433808459,"HEC251_ENDOMETRIUM":-9.128612804,"HEC265_ENDOMETRIUM":3.538041142,"HEC50B_ENDOMETRIUM":3.523928189,"HEC59_ENDOMETRIUM":2.924120415,"HEC6_ENDOMETRIUM":2.331722264,"HEL_HAEMATOPOIETIC_AND_LYMPHOID_TISSUE":2.894885323,"HEL9217_HAEMATOPOIETIC_AND_LYMPHOID_TISSUE":2.930747905,"HEYA8_OVARY":2.74769978,"HGC27_STOMACH":-6.056468581,"HLF_LIVER":0.178581298,"HMC18_BREAST":3.34400926,"HOP62_LUNG":1.278684826,"HS294T_SKIN":2.238678478,"HS578T_BREAST":3.219307952,"HS683_CENTRAL_NERVOUS_SYSTEM":3.152420194,"HS695T_SKIN":1.345040926,"HS729_SOFT_TISSUE":-2.488314593,"HS746T_STOMACH":0.793944727,"HS766T_PANCREAS":-0.296292323,"HS852T_SKIN":-7.891155289,"HS944T_SKIN":2.2202826,"HSB2_HAEMATOPOIETIC_AND_LYMPHOID_TISSUE":2.64675661,"HSC1_SKIN":1.579311627,"HSC2_UPPER_AERODIGESTIVE_TRACT":2.716966412,"HSC3_UPPER_AERODIGESTIVE_TRACT":3.113238618,"HT1080_SOFT_TISSUE":2.401566004,"HT115_LARGE_INTESTINE":2.112619156,"HT1197_URINARY_TRACT":-3.160585877,"HT1376_URINARY_TRACT":3.207794139,"HT144_SKIN":3.343215011,"HT29_LARGE_INTESTINE":3.47320277,"HT55_LARGE_INTESTINE":2.956934511,"HUH1_LIVER":1.280545427,"HUH6_LIVER":0.368972062,"HUH7_LIVER":2.544922952,"HUNS1_HAEMATOPOIETIC_AND_LYMPHOID_TISSUE":3.330204919,"HUPT3_PANCREAS":3.54227147,"IALM_LUNG":1.717194166,"IGR1_SKIN":3.448508888,"IGR39_SKIN":1.6899896,"IMR32_AUTONOMIC_GANGLIA":1.256685138,"INA6_HAEMATOPOIETIC_AND_LYMPHOID_TISSUE":-14.08699613,"IPC298_SKIN":0.862670777,"ISTMES1_PLEURA":-3.78744677,"ISTMES2_PLEURA":2.316295521,"J82_URINARY_TRACT":-2.718263811,"JHH1_LIVER":1.170027145,"JHH4_LIVER":3.050591159,"JHH5_LIVER":3.345282807,"JHH7_LIVER":3.366394908,"JHOC5_OVARY":-2.379868793,"JHOM1_OVARY":3.376498896,"JHOS2_OVARY":-0.18732731,"JHOS4_OVARY":3.368438668,"JHUEM1_ENDOMETRIUM":3.548136745,"JHUEM7_ENDOMETRIUM":1.983169338,"JIMT1_BREAST":-5.467737122,"JJN3_HAEMATOPOIETIC_AND_LYMPHOID_TISSUE":3.219515879,"JMSU1_URINARY_TRACT":-3.26347676,"JMURTK2_SOFT_TISSUE":1.542227247,"JOPACA1_PANCREAS":3.079554971,"JR_SOFT_TISSUE":-0.812106039,"K029AX_SKIN":3.531764107,"KALS1_CENTRAL_NERVOUS_SYSTEM":-4.235812296,"KARPAS299_HAEMATOPOIETIC_AND_LYMPHOID_TISSUE":1.6311668,"KARPAS422_HAEMATOPOIETIC_AND_LYMPHOID_TISSUE":0.507582282,"KASUMI1_HAEMATOPOIETIC_AND_LYMPHOID_TISSUE":-2.301516954,"KE39_STOMACH":2.022309327,"KE97_HAEMATOPOIETIC_AND_LYMPHOID_TISSUE":3.39303132,"KELLY_AUTONOMIC_GANGLIA":-10.26546507,"KIJK_HAEMATOPOIETIC_AND_LYMPHOID_TISSUE":-8.368127856,"KLE_ENDOMETRIUM":2.84770011,"KM12_LARGE_INTESTINE":-5.054749232,