{"scores":{"127399_SOFT_TISSUE":-4.796910143,"143B_BONE":4.123569449,"2313287_STOMACH":-9.367762107,"253J_URINARY_TRACT":-6.438989951,"42MGBA_CENTRAL_NERVOUS_SYSTEM":2.878655589,"5637_URINARY_TRACT":-4.061279051,"59M_OVARY":-7.816447678,"639V_URINARY_TRACT":1.322083772,"647V_URINARY_TRACT":-11.12554015,"697_HAEMATOPOIETIC_AND_LYMPHOID_TISSUE":-7.005756075,"769P_KIDNEY":-8.870316287,"786O_KIDNEY":-8.207005381,"8305C_THYROID":3.730231224,"8MGBA_CENTRAL_NERVOUS_SYSTEM":4.87794138,"A2058_SKIN":-9.644918128,"A2780_OVARY":5.11753065,"A3KAW_HAEMATOPOIETIC_AND_LYMPHOID_TISSUE":-1.746921291,"A427_LUNG":5.230694273,"A431_SKIN":-5.510556307,"A549_LUNG":-6.471932358,"A673_BONE":3.973463128,"ABC1_LUNG":2.872707794,"ACCMESO1_PLEURA":5.366825986,"AGS_STOMACH":-6.437670327,"AML193_HAEMATOPOIETIC_AND_LYMPHOID_TISSUE":-14.71132339,"AMO1_HAEMATOPOIETIC_AND_LYMPHOID_TISSUE":-11.22482785,"ASPC1_PANCREAS":-3.898720479,"AU565_BREAST":-6.329197154,"BC3C_URINARY_TRACT":-9.572504335,"BFTC905_URINARY_TRACT":0.984812617,"BFTC909_KIDNEY":-4.11906873,"BHY_UPPER_AERODIGESTIVE_TRACT":-7.315942894,"BICR16_UPPER_AERODIGESTIVE_TRACT":-3.465428323,"BICR22_UPPER_AERODIGESTIVE_TRACT":-7.371202199,"BICR31_UPPER_AERODIGESTIVE_TRACT":3.944916258,"BICR56_UPPER_AERODIGESTIVE_TRACT":-1.144318161,"BICR6_UPPER_AERODIGESTIVE_TRACT":6.164270495,"BICR78_UPPER_AERODIGESTIVE_TRACT":0.661249831,"BIN67_OVARY":-3.443268306,"BL70_HAEMATOPOIETIC_AND_LYMPHOID_TISSUE":-5.768653103,"BLUE1_HAEMATOPOIETIC_AND_LYMPHOID_TISSUE":-8.986073654,"BT12_SOFT_TISSUE":2.630231875,"BT16_SOFT_TISSUE":5.399738819,"BT549_BREAST":-3.72902189,"C2BBE1_LARGE_INTESTINE":-11.44995857,"C32_SKIN":-12.12052464,"C8166_HAEMATOPOIETIC_AND_LYMPHOID_TISSUE":-6.501483358,"CADOES1_BONE":-3.028118771,"CAKI1_KIDNEY":-2.822836445,"CAKI2_KIDNEY":-16.06074171,"CAL27_UPPER_AERODIGESTIVE_TRACT":-6.282127456,"CAL29_URINARY_TRACT":-4.158040832,"CAL33_UPPER_AERODIGESTIVE_TRACT":-9.841340041,"CAL51_BREAST":-7.739812231,"CAL78_BONE":5.213709337,"CALU1_LUNG":-5.405749066,"CALU6_LUNG":1.515760595,"CAMA1_BREAST":-14.17838371,"CAOV3_OVARY":-3.351287094,"CAS1_CENTRAL_NERVOUS_SYSTEM":5.86556704,"CASKI_CERVIX":-5.295636214,"CCFSTTG1_CENTRAL_NERVOUS_SYSTEM":0.276618612,"CCK81_LARGE_INTESTINE":-5.446806652,"CCLFPEDS0001T_KIDNEY":-8.671024027,"CCLFPEDS0003T_SOFT_TISSUE":-3.234704751,"CFPAC1_PANCREAS":-8.189645662,"CH157MN_CENTRAL_NERVOUS_SYSTEM":-0.603273782,"CHAGOK1_LUNG":-9.067672899,"CHLA06ATRT_SOFT_TISSUE":-2.489004619,"CHLA15_AUTONOMIC_GANGLIA":-6.664901675,"CHLA266_SOFT_TISSUE":-6.766465591,"CHP212_AUTONOMIC_GANGLIA":-4.584135636,"CJM_SKIN":-7.429551181,"CL40_LARGE_INTESTINE":-7.177139665,"CME1_SOFT_TISSUE":3.314518031,"CMLT1_HAEMATOPOIETIC_AND_LYMPHOID_TISSUE":-10.20234045,"COGAR359_SOFT_TISSUE":-5.090062117,"COGE352_BONE":-3.095540772,"COGN278_AUTONOMIC_GANGLIA":0.605864573,"COGN305_AUTONOMIC_GANGLIA":-20,"COLO201_LARGE_INTESTINE":-9.119946671,"COLO678_LARGE_INTESTINE":-11.99048118,"COLO679_SKIN":-7.950284063,"COLO792_SKIN":-8.905950417,"COLO800_SKIN":-8.524853424,"CORL23_LUNG":-8.194909485,"CORL279_LUNG":-8.710817247,"CORL47_LUNG":-6.929159721,"COV318_OVARY":-0.383328442,"COV362_OVARY":-6.526100123,"COV434_OVARY":-0.39609334,"COV504_OVARY":-5.762420596,"COV644_OVARY":-0.119171192,"CW9019_SOFT_TISSUE":-10.70764236,"D283MED_CENTRAL_NERVOUS_SYSTEM":-4.406748911,"D341MED_CENTRAL_NERVOUS_SYSTEM":1.766788109,"D425_CENTRAL_NERVOUS_SYSTEM":-1.261455029,"D458_CENTRAL_NERVOUS_SYSTEM":-3.710500375,"DANG_PANCREAS":-4.11107223,"DAOY_CENTRAL_NERVOUS_SYSTEM":8.158289375,"DB_HAEMATOPOIETIC_AND_LYMPHOID_TISSUE":-8.240686592,"DEL_HAEMATOPOIETIC_AND_LYMPHOID_TISSUE":-5.989857712,"DETROIT562_UPPER_AERODIGESTIVE_TRACT":-3.758143917,"DKMG_CENTRAL_NERVOUS_SYSTEM":0.069570289,"DLD1_LARGE_INTESTINE":-3.589654646,"DU4475_BREAST":-6.082663214,"EFE184_ENDOMETRIUM":-5.925477812,"EFM19_BREAST":-7.253230535,"EFO21_OVARY":-11.06346423,"EFO27_OVARY":-5.790437224,"EJM_HAEMATOPOIETIC_AND_LYMPHOID_TISSUE":-16.93228885,"EKVX_LUNG":-10.04420794,"EM2_HAEMATOPOIETIC_AND_LYMPHOID_TISSUE":-12.29203069,"EN_ENDOMETRIUM":-13.55346212,"EOL1_HAEMATOPOIETIC_AND_LYMPHOID_TISSUE":-6.819154633,"EPLC272H_LUNG":-10.24017762,"ES2_OVARY":-9.310469909,"ESO26_OESOPHAGUS":-5.243793895,"ESS1_ENDOMETRIUM":-9.454122494,"EW8_BONE":1.261437998,"EWS502_BONE":-2.162405528,"F36P_HAEMATOPOIETIC_AND_LYMPHOID_TISSUE":-6.969683558,"F5_CENTRAL_NERVOUS_SYSTEM":-3.218600566,"FADU_UPPER_AERODIGESTIVE_TRACT":6.292142038,"FLO1_OESOPHAGUS":-4.559056449,"FU97_STOMACH":-5.571436568,"G292CLONEA141B1_BONE":8.705083396,"G402_SOFT_TISSUE":-6.311943068,"GAMG_CENTRAL_NERVOUS_SYSTEM":6.041060203,"GB1_CENTRAL_NERVOUS_SYSTEM":6.193650262,"GCIY_STOMACH":-4.705731579,"GCT_SOFT_TISSUE":-8.744612528,"GI1_CENTRAL_NERVOUS_SYSTEM":7.134368188,"GSS_STOMACH":-7.32411296,"GSU_STOMACH":-8.553427614,"H103_UPPER_AERODIGESTIVE_TRACT":-8.037136189,"H4_CENTRAL_NERVOUS_SYSTEM":0.216260517,"HARA_LUNG":-9.550884244,"HB1119_HAEMATOPOIETIC_AND_LYMPHOID_TISSUE":-9.258743939,"HCC1143_BREAST":-8.240914581,"HCC1359_LUNG":5.036906663,"HCC1395_BREAST":-4.768541197,"HCC1419_BREAST":-18.11808467,"HCC1428_BREAST":-12.95666683,"HCC15_LUNG":-3.582497643,"HCC1806_BREAST":-8.61997609,"HCC1937_BREAST":-11.65083549,"HCC1954_BREAST":-2.934492117,"HCC202_BREAST":-9.243102389,"HCC2429_LUNG":1.901420655,"HCC2935_LUNG":-0.90005618,"HCC366_LUNG":-8.954748393,"HCC461_LUNG":-6.566949309,"HCC515_LUNG":-3.275405092,"HCC56_LARGE_INTESTINE":-3.253795299,"HCC827_LUNG":-9.225574118,"HCC95_LUNG":-8.583236559,"HDMYZ_HAEMATOPOIETIC_AND_LYMPHOID_TISSUE":1.566697021,"HEC151_ENDOMETRIUM":-5.787481892,"HEC1A_ENDOMETRIUM":-3.605357536,"HEC1B_ENDOMETRIUM":-15.24669566,"HEC251_ENDOMETRIUM":-2.997593672,"HEC265_ENDOMETRIUM":-4.193704199,"HEC50B_ENDOMETRIUM":-4.817887325,"HEC59_ENDOMETRIUM":-10.69111173,"HEC6_ENDOMETRIUM":5.614522766,"HEL_HAEMATOPOIETIC_AND_LYMPHOID_TISSUE":-13.73388247,"HEL9217_HAEMATOPOIETIC_AND_LYMPHOID_TISSUE":-13.5112321,"HEYA8_OVARY":-2.509168876,"HGC27_STOMACH":0.222854111,"HLF_LIVER":6.183424822,"HMC18_BREAST":-5.743929171,"HOP62_LUNG":0.780281815,"HS294T_SKIN":-6.370733002,"HS578T_BREAST":4.530444674,"HS683_CENTRAL_NERVOUS_SYSTEM":2.938144813,"HS695T_SKIN":-5.22164833,"HS729_SOFT_TISSUE":5.601594816,"HS746T_STOMACH":-5.134822181,"HS766T_PANCREAS":-4.003375488,"HS852T_SKIN":-10.82842109,"HS944T_SKIN":-4.469208394,"HSB2_HAEMATOPOIETIC_AND_LYMPHOID_TISSUE":-3.684712897,"HSC1_SKIN":-7.929254042,"HSC2_UPPER_AERODIGESTIVE_TRACT":5.472956376,"HSC3_UPPER_AERODIGESTIVE_TRACT":3.641095768,"HT1080_SOFT_TISSUE":-6.75625131,"HT115_LARGE_INTESTINE":-5.175871213,"HT1197_URINARY_TRACT":0.577672419,"HT1376_URINARY_TRACT":-7.49967398,"HT144_SKIN":-9.187232441,"HT29_LARGE_INTESTINE":-5.907138658,"HT55_LARGE_INTESTINE":-10.33636781,"HUH1_LIVER":0.444694672,"HUH6_LIVER":5.32582844,"HUH7_LIVER":4.210358928,"HUNS1_HAEMATOPOIETIC_AND_LYMPHOID_TISSUE":-6.055978174,"HUPT3_PANCREAS":-2.977416659,"IALM_LUNG":-5.182438475,"IGR1_SKIN":-7.541352889,"IGR39_SKIN":-9.098632452,"IMR32_AUTONOMIC_GANGLIA":-7.693322696,"INA6_HAEMATOPOIETIC_AND_LYMPHOID_TISSUE":-2.034048692,"IPC298_SKIN":-6.865237575,"ISTMES1_PLEURA":2.233957541,"ISTMES2_PLEURA":-5.833241746,"J82_URINARY_TRACT":-1.638886037,"JHH1_LIVER":-11.55488928,"JHH4_LIVER":-1.586902325,"JHH5_LIVER":-7.403209627,"JHH7_LIVER":-5.630187368,"JHOC5_OVARY":-4.51341315,"JHOM1_OVARY":3.902609449,"JHOS2_OVARY":-8.382775614,"JHOS4_OVARY":-10.33296897,"JHUEM1_ENDOMETRIUM":-6.916233356,"JHUEM7_ENDOMETRIUM":-8.43722457,"JIMT1_BREAST":-7.315703372,"JJN3_HAEMATOPOIETIC_AND_LYMPHOID_TISSUE":-7.619916084,"JMSU1_URINARY_TRACT":-9.108157212,"JMURTK2_SOFT_TISSUE":3.489996031,"JOPACA1_PANCREAS":-10.40075405,"JR_SOFT_TISSUE":-6.82840117,"K029AX_SKIN":-9.975324019,"KALS1_CENTRAL_NERVOUS_SYSTEM":5.525084933,"KARPAS299_HAEMATOPOIETIC_AND_LYMPHOID_TISSUE":-7.434184803,"KARPAS422_HAEMATOPOIETIC_AND_LYMPHOID_TISSUE":-6.176125709,"KASUMI1_HAEMATOPOIETIC_AND_LYMPHOID_TISSUE":-14.25520476,"KE39_STOMACH":-10.11174162,"KE97_HAEMATOPOIETIC_AND_LYMPHOID_TISSUE":-19.9023345,