{"scores":{"127399_SOFT_TISSUE":2.700109677,"143B_BONE":2.806752838,"2313287_STOMACH":2.774310849,"253J_URINARY_TRACT":2.322763302,"42MGBA_CENTRAL_NERVOUS_SYSTEM":2.428306249,"5637_URINARY_TRACT":2.509623777,"59M_OVARY":1.908112394,"639V_URINARY_TRACT":2.79961795,"647V_URINARY_TRACT":2.426261752,"697_HAEMATOPOIETIC_AND_LYMPHOID_TISSUE":2.484347493,"769P_KIDNEY":2.580189971,"786O_KIDNEY":2.723454159,"8305C_THYROID":2.777301236,"8MGBA_CENTRAL_NERVOUS_SYSTEM":2.77145624,"A2058_SKIN":2.467989168,"A2780_OVARY":2.505411671,"A3KAW_HAEMATOPOIETIC_AND_LYMPHOID_TISSUE":1.934008057,"A427_LUNG":-1.857002949,"A431_SKIN":2.387310904,"A549_LUNG":2.808314897,"A673_BONE":2.727712069,"ABC1_LUNG":2.406190516,"ACCMESO1_PLEURA":2.736428107,"AGS_STOMACH":2.137009995,"AML193_HAEMATOPOIETIC_AND_LYMPHOID_TISSUE":2.710016985,"AMO1_HAEMATOPOIETIC_AND_LYMPHOID_TISSUE":2.500021803,"ASPC1_PANCREAS":2.16679136,"AU565_BREAST":1.947583889,"BC3C_URINARY_TRACT":2.331331553,"BFTC905_URINARY_TRACT":2.802213676,"BFTC909_KIDNEY":2.802858002,"BHY_UPPER_AERODIGESTIVE_TRACT":2.776034848,"BICR16_UPPER_AERODIGESTIVE_TRACT":-0.844134971,"BICR22_UPPER_AERODIGESTIVE_TRACT":2.801161304,"BICR31_UPPER_AERODIGESTIVE_TRACT":2.738499458,"BICR56_UPPER_AERODIGESTIVE_TRACT":2.649030634,"BICR6_UPPER_AERODIGESTIVE_TRACT":2.470979555,"BICR78_UPPER_AERODIGESTIVE_TRACT":2.678335944,"BIN67_OVARY":2.41929173,"BL70_HAEMATOPOIETIC_AND_LYMPHOID_TISSUE":2.735827222,"BLUE1_HAEMATOPOIETIC_AND_LYMPHOID_TISSUE":-0.153156063,"BT12_SOFT_TISSUE":2.607284533,"BT16_SOFT_TISSUE":2.453432239,"BT549_BREAST":2.806307967,"C2BBE1_LARGE_INTESTINE":2.773342436,"C32_SKIN":-0.607598901,"C8166_HAEMATOPOIETIC_AND_LYMPHOID_TISSUE":0.672112892,"CADOES1_BONE":1.729755811,"CAKI1_KIDNEY":2.797927716,"CAKI2_KIDNEY":2.616119308,"CAL27_UPPER_AERODIGESTIVE_TRACT":2.068791089,"CAL29_URINARY_TRACT":2.709849415,"CAL33_UPPER_AERODIGESTIVE_TRACT":2.231828005,"CAL51_BREAST":2.694252831,"CAL78_BONE":2.686676403,"CALU1_LUNG":2.370664012,"CALU6_LUNG":2.377076677,"CAMA1_BREAST":2.412339967,"CAOV3_OVARY":2.807969726,"CAS1_CENTRAL_NERVOUS_SYSTEM":1.531028464,"CASKI_CERVIX":2.800487696,"CCFSTTG1_CENTRAL_NERVOUS_SYSTEM":2.49851775,"CCK81_LARGE_INTESTINE":2.114641184,"CCLFPEDS0001T_KIDNEY":2.776321936,"CCLFPEDS0003T_SOFT_TISSUE":1.050121298,"CFPAC1_PANCREAS":2.797323432,"CH157MN_CENTRAL_NERVOUS_SYSTEM":-0.950073771,"CHAGOK1_LUNG":2.532502715,"CHLA06ATRT_SOFT_TISSUE":-5.65694743,"CHLA15_AUTONOMIC_GANGLIA":2.805148231,"CHLA266_SOFT_TISSUE":2.578595453,"CHP212_AUTONOMIC_GANGLIA":2.481045527,"CJM_SKIN":1.361987395,"CL40_LARGE_INTESTINE":1.900466719,"CME1_SOFT_TISSUE":2.245857811,"CMLT1_HAEMATOPOIETIC_AND_LYMPHOID_TISSUE":0.715077802,"COGAR359_SOFT_TISSUE":2.739089764,"COGE352_BONE":2.722483543,"COGN278_AUTONOMIC_GANGLIA":2.452231162,"COGN305_AUTONOMIC_GANGLIA":-1.377505026,"COLO201_LARGE_INTESTINE":2.763934076,"COLO678_LARGE_INTESTINE":2.325177314,"COLO679_SKIN":2.222858796,"COLO792_SKIN":2.808279671,"COLO800_SKIN":1.7086972,"CORL23_LUNG":1.661999646,"CORL279_LUNG":2.665515026,"CORL47_LUNG":2.331326383,"COV318_OVARY":2.400064779,"COV362_OVARY":2.442904766,"COV434_OVARY":-4.140035336,"COV504_OVARY":2.624857245,"COV644_OVARY":2.792004753,"CW9019_SOFT_TISSUE":2.186320694,"D283MED_CENTRAL_NERVOUS_SYSTEM":2.590277612,"D341MED_CENTRAL_NERVOUS_SYSTEM":2.552600597,"D425_CENTRAL_NERVOUS_SYSTEM":2.308094287,"D458_CENTRAL_NERVOUS_SYSTEM":2.12951002,"DANG_PANCREAS":2.705721133,"DAOY_CENTRAL_NERVOUS_SYSTEM":0.219497957,"DB_HAEMATOPOIETIC_AND_LYMPHOID_TISSUE":2.647706062,"DEL_HAEMATOPOIETIC_AND_LYMPHOID_TISSUE":2.351966795,"DETROIT562_UPPER_AERODIGESTIVE_TRACT":1.824539678,"DKMG_CENTRAL_NERVOUS_SYSTEM":-3.294837959,"DLD1_LARGE_INTESTINE":2.799071161,"DU4475_BREAST":2.62915373,"EFE184_ENDOMETRIUM":2.654398377,"EFM19_BREAST":2.764468603,"EFO21_OVARY":2.80761417,"EFO27_OVARY":2.719373111,"EJM_HAEMATOPOIETIC_AND_LYMPHOID_TISSUE":-0.609613088,"EKVX_LUNG":2.808783898,"EM2_HAEMATOPOIETIC_AND_LYMPHOID_TISSUE":0.203002603,"EN_ENDOMETRIUM":2.373750338,"EOL1_HAEMATOPOIETIC_AND_LYMPHOID_TISSUE":2.774594442,"EPLC272H_LUNG":1.944914014,"ES2_OVARY":2.526827618,"ESO26_OESOPHAGUS":2.482657599,"ESS1_ENDOMETRIUM":1.810969699,"EW8_BONE":2.266256117,"EWS502_BONE":2.466730412,"F36P_HAEMATOPOIETIC_AND_LYMPHOID_TISSUE":0.390563748,"F5_CENTRAL_NERVOUS_SYSTEM":2.597827771,"FADU_UPPER_AERODIGESTIVE_TRACT":2.315899762,"FLO1_OESOPHAGUS":2.075391896,"FU97_STOMACH":2.210119687,"G292CLONEA141B1_BONE":2.657573129,"G402_SOFT_TISSUE":0.421463916,"GAMG_CENTRAL_NERVOUS_SYSTEM":2.782886486,"GB1_CENTRAL_NERVOUS_SYSTEM":2.795577015,"GCIY_STOMACH":2.759490965,"GCT_SOFT_TISSUE":1.197113944,"GI1_CENTRAL_NERVOUS_SYSTEM":2.180248128,"GSS_STOMACH":2.480817692,"GSU_STOMACH":2.460321584,"H103_UPPER_AERODIGESTIVE_TRACT":2.749833313,"H4_CENTRAL_NERVOUS_SYSTEM":2.6888744,"HARA_LUNG":2.295690151,"HB1119_HAEMATOPOIETIC_AND_LYMPHOID_TISSUE":2.294651072,"HCC1143_BREAST":2.801807107,"HCC1359_LUNG":1.911095737,"HCC1395_BREAST":2.738508841,"HCC1419_BREAST":2.65826484,"HCC1428_BREAST":2.785146373,"HCC15_LUNG":1.560722506,"HCC1806_BREAST":2.380218877,"HCC1937_BREAST":2.622300904,"HCC1954_BREAST":2.809031469,"HCC202_BREAST":2.411374999,"HCC2429_LUNG":2.774729997,"HCC2935_LUNG":2.653797797,"HCC366_LUNG":2.810916793,"HCC461_LUNG":2.325683365,"HCC515_LUNG":2.797486097,"HCC56_LARGE_INTESTINE":0.592849419,"HCC827_LUNG":2.765720897,"HCC95_LUNG":0.484216382,"HDMYZ_HAEMATOPOIETIC_AND_LYMPHOID_TISSUE":0.164776097,"HEC151_ENDOMETRIUM":1.528529578,"HEC1A_ENDOMETRIUM":-5.427805106,"HEC1B_ENDOMETRIUM":2.370459768,"HEC251_ENDOMETRIUM":2.067845976,"HEC265_ENDOMETRIUM":2.070203402,"HEC50B_ENDOMETRIUM":2.135335604,"HEC59_ENDOMETRIUM":2.529348888,"HEC6_ENDOMETRIUM":2.503791459,"HEL_HAEMATOPOIETIC_AND_LYMPHOID_TISSUE":2.579850781,"HEL9217_HAEMATOPOIETIC_AND_LYMPHOID_TISSUE":2.325451045,"HEYA8_OVARY":2.715434309,"HGC27_STOMACH":1.807855517,"HLF_LIVER":2.12034505,"HMC18_BREAST":2.776961877,"HOP62_LUNG":2.65250605,"HS294T_SKIN":2.736149492,"HS578T_BREAST":1.099782818,"HS683_CENTRAL_NERVOUS_SYSTEM":2.607313023,"HS695T_SKIN":1.605149188,"HS729_SOFT_TISSUE":2.809817561,"HS746T_STOMACH":2.686252473,"HS766T_PANCREAS":2.152694846,"HS852T_SKIN":2.175995179,"HS944T_SKIN":0.919508939,"HSB2_HAEMATOPOIETIC_AND_LYMPHOID_TISSUE":1.984904761,"HSC1_SKIN":2.161785439,"HSC2_UPPER_AERODIGESTIVE_TRACT":2.804819011,"HSC3_UPPER_AERODIGESTIVE_TRACT":2.810275536,"HT1080_SOFT_TISSUE":2.194920759,"HT115_LARGE_INTESTINE":1.896721131,"HT1197_URINARY_TRACT":-5.286477621,"HT1376_URINARY_TRACT":2.623530251,"HT144_SKIN":2.602336186,"HT29_LARGE_INTESTINE":1.805166286,"HT55_LARGE_INTESTINE":2.519992207,"HUH1_LIVER":2.75349772,"HUH6_LIVER":2.728118917,"HUH7_LIVER":1.363995104,"HUNS1_HAEMATOPOIETIC_AND_LYMPHOID_TISSUE":2.49229644,"HUPT3_PANCREAS":2.807772613,"IALM_LUNG":2.676767292,"IGR1_SKIN":2.545810587,"IGR39_SKIN":2.670987375,"IMR32_AUTONOMIC_GANGLIA":2.360010573,"INA6_HAEMATOPOIETIC_AND_LYMPHOID_TISSUE":2.571753156,"IPC298_SKIN":2.154948671,"ISTMES1_PLEURA":1.84813309,"ISTMES2_PLEURA":1.930179757,"J82_URINARY_TRACT":2.810916793,"JHH1_LIVER":2.325848132,"JHH4_LIVER":2.75062735,"JHH5_LIVER":2.29203609,"JHH7_LIVER":2.404919648,"JHOC5_OVARY":2.269920453,"JHOM1_OVARY":2.810541322,"JHOS2_OVARY":2.483382173,"JHOS4_OVARY":2.774408309,"JHUEM1_ENDOMETRIUM":2.80823829,"JHUEM7_ENDOMETRIUM":2.494282217,"JIMT1_BREAST":2.757544107,"JJN3_HAEMATOPOIETIC_AND_LYMPHOID_TISSUE":0.198968571,"JMSU1_URINARY_TRACT":2.452861576,"JMURTK2_SOFT_TISSUE":0.513223413,"JOPACA1_PANCREAS":2.769389959,"JR_SOFT_TISSUE":2.682862938,"K029AX_SKIN":0.889758154,"KALS1_CENTRAL_NERVOUS_SYSTEM":2.806642223,"KARPAS299_HAEMATOPOIETIC_AND_LYMPHOID_TISSUE":1.68909413,"KARPAS422_HAEMATOPOIETIC_AND_LYMPHOID_TISSUE":1.301939618,"KASUMI1_HAEMATOPOIETIC_AND_LYMPHOID_TISSUE":2.802966507,"KE39_STOMACH":2.810704159,"KE97_HAEMATOPOIETIC_AND_LYMPHOID_TISSUE":2.253093671,"KELLY_AUTONOMIC_GANGLIA":2.533249031,"KIJK_HAEMATOPOIETIC_AND_LYMPHOID_TISSUE":2.809980613,"KLE_ENDOMETRIUM":2.676982705,"KM12_LARGE_INTESTINE":2.786678082,