{"scores":{"127399_SOFT_TISSUE":0.547874585,"143B_BONE":1.40521363,"2313287_STOMACH":1.680975984,"253J_URINARY_TRACT":1.226379173,"42MGBA_CENTRAL_NERVOUS_SYSTEM":1.814426395,"5637_URINARY_TRACT":1.972263845,"59M_OVARY":1.925404937,"639V_URINARY_TRACT":1.649161966,"647V_URINARY_TRACT":-0.765508932,"697_HAEMATOPOIETIC_AND_LYMPHOID_TISSUE":0.308406548,"769P_KIDNEY":1.196748942,"786O_KIDNEY":-2.530546613,"8305C_THYROID":1.954964967,"8MGBA_CENTRAL_NERVOUS_SYSTEM":-1.352461011,"A2058_SKIN":1.762447258,"A2780_OVARY":1.250121865,"A3KAW_HAEMATOPOIETIC_AND_LYMPHOID_TISSUE":-3.221313479,"A427_LUNG":1.990632516,"A431_SKIN":1.855952875,"A549_LUNG":1.56982788,"A673_BONE":0.093135289,"ABC1_LUNG":1.904071022,"ACCMESO1_PLEURA":1.995385791,"AGS_STOMACH":1.494510113,"AML193_HAEMATOPOIETIC_AND_LYMPHOID_TISSUE":1.884280692,"AMO1_HAEMATOPOIETIC_AND_LYMPHOID_TISSUE":1.995570998,"ASPC1_PANCREAS":1.995593852,"AU565_BREAST":1.940024708,"BC3C_URINARY_TRACT":1.695848643,"BFTC905_URINARY_TRACT":0.511099332,"BFTC909_KIDNEY":1.54571306,"BHY_UPPER_AERODIGESTIVE_TRACT":1.87959108,"BICR16_UPPER_AERODIGESTIVE_TRACT":1.433749422,"BICR22_UPPER_AERODIGESTIVE_TRACT":1.125031552,"BICR31_UPPER_AERODIGESTIVE_TRACT":1.949612868,"BICR56_UPPER_AERODIGESTIVE_TRACT":1.570534985,"BICR6_UPPER_AERODIGESTIVE_TRACT":1.534285876,"BICR78_UPPER_AERODIGESTIVE_TRACT":1.676137719,"BIN67_OVARY":1.744963423,"BL70_HAEMATOPOIETIC_AND_LYMPHOID_TISSUE":1.889292842,"BLUE1_HAEMATOPOIETIC_AND_LYMPHOID_TISSUE":1.134412738,"BT12_SOFT_TISSUE":1.668329125,"BT16_SOFT_TISSUE":1.863132412,"BT549_BREAST":1.955243181,"C2BBE1_LARGE_INTESTINE":1.806430068,"C32_SKIN":1.22746206,"C8166_HAEMATOPOIETIC_AND_LYMPHOID_TISSUE":1.304768099,"CADOES1_BONE":1.800961376,"CAKI1_KIDNEY":1.871504187,"CAKI2_KIDNEY":1.951743133,"CAL27_UPPER_AERODIGESTIVE_TRACT":1.902183785,"CAL29_URINARY_TRACT":0.573814061,"CAL33_UPPER_AERODIGESTIVE_TRACT":1.351555863,"CAL51_BREAST":1.983914866,"CAL78_BONE":1.993383573,"CALU1_LUNG":1.176618204,"CALU6_LUNG":-4.310683254,"CAMA1_BREAST":1.907388753,"CAOV3_OVARY":1.995336305,"CAS1_CENTRAL_NERVOUS_SYSTEM":1.273578774,"CASKI_CERVIX":1.97288082,"CCFSTTG1_CENTRAL_NERVOUS_SYSTEM":1.625454454,"CCK81_LARGE_INTESTINE":1.0532683,"CCLFPEDS0001T_KIDNEY":-0.90086361,"CCLFPEDS0003T_SOFT_TISSUE":1.922934906,"CFPAC1_PANCREAS":1.756334757,"CH157MN_CENTRAL_NERVOUS_SYSTEM":-0.371705764,"CHAGOK1_LUNG":1.991662504,"CHLA06ATRT_SOFT_TISSUE":1.995593304,"CHLA15_AUTONOMIC_GANGLIA":1.433530616,"CHLA266_SOFT_TISSUE":0.121117923,"CHP212_AUTONOMIC_GANGLIA":1.625450094,"CJM_SKIN":1.479891868,"CL40_LARGE_INTESTINE":1.964162884,"CME1_SOFT_TISSUE":1.674720313,"CMLT1_HAEMATOPOIETIC_AND_LYMPHOID_TISSUE":1.909412709,"COGAR359_SOFT_TISSUE":1.827167441,"COGE352_BONE":1.738935891,"COGN278_AUTONOMIC_GANGLIA":1.808704298,"COGN305_AUTONOMIC_GANGLIA":1.859442859,"COLO201_LARGE_INTESTINE":1.06370906,"COLO678_LARGE_INTESTINE":1.750303006,"COLO679_SKIN":1.752900826,"COLO792_SKIN":1.957185558,"COLO800_SKIN":1.186210451,"CORL23_LUNG":-0.076976209,"CORL279_LUNG":0.934059463,"CORL47_LUNG":1.995593852,"COV318_OVARY":0.883722613,"COV362_OVARY":1.994199504,"COV434_OVARY":1.985556487,"COV504_OVARY":1.859146366,"COV644_OVARY":1.933329556,"CW9019_SOFT_TISSUE":1.734162183,"D283MED_CENTRAL_NERVOUS_SYSTEM":1.349258607,"D341MED_CENTRAL_NERVOUS_SYSTEM":1.904404466,"D425_CENTRAL_NERVOUS_SYSTEM":1.095813915,"D458_CENTRAL_NERVOUS_SYSTEM":1.947815853,"DANG_PANCREAS":1.047468216,"DAOY_CENTRAL_NERVOUS_SYSTEM":0.703003116,"DB_HAEMATOPOIETIC_AND_LYMPHOID_TISSUE":-2.273403274,"DEL_HAEMATOPOIETIC_AND_LYMPHOID_TISSUE":0.163537964,"DETROIT562_UPPER_AERODIGESTIVE_TRACT":1.898512708,"DKMG_CENTRAL_NERVOUS_SYSTEM":1.995593852,"DLD1_LARGE_INTESTINE":1.47499792,"DU4475_BREAST":1.90664828,"EFE184_ENDOMETRIUM":1.777941747,"EFM19_BREAST":-4.444832282,"EFO21_OVARY":-6.596177198,"EFO27_OVARY":1.984037801,"EJM_HAEMATOPOIETIC_AND_LYMPHOID_TISSUE":1.970815762,"EKVX_LUNG":1.926523645,"EM2_HAEMATOPOIETIC_AND_LYMPHOID_TISSUE":0.191221889,"EN_ENDOMETRIUM":1.838012757,"EOL1_HAEMATOPOIETIC_AND_LYMPHOID_TISSUE":1.968486371,"EPLC272H_LUNG":0.869839054,"ES2_OVARY":1.751614185,"ESO26_OESOPHAGUS":-1.130695836,"ESS1_ENDOMETRIUM":-0.964071584,"EW8_BONE":0.008947121,"EWS502_BONE":1.548129674,"F36P_HAEMATOPOIETIC_AND_LYMPHOID_TISSUE":1.32659256,"F5_CENTRAL_NERVOUS_SYSTEM":1.995593852,"FADU_UPPER_AERODIGESTIVE_TRACT":-0.140079893,"FLO1_OESOPHAGUS":1.905183758,"FU97_STOMACH":1.984972809,"G292CLONEA141B1_BONE":1.977011997,"G402_SOFT_TISSUE":1.778316967,"GAMG_CENTRAL_NERVOUS_SYSTEM":1.855085718,"GB1_CENTRAL_NERVOUS_SYSTEM":1.978811105,"GCIY_STOMACH":1.990206551,"GCT_SOFT_TISSUE":1.993690486,"GI1_CENTRAL_NERVOUS_SYSTEM":1.989488311,"GSS_STOMACH":1.994690101,"GSU_STOMACH":1.974174232,"H103_UPPER_AERODIGESTIVE_TRACT":1.788519365,"H4_CENTRAL_NERVOUS_SYSTEM":1.245872571,"HARA_LUNG":1.985202252,"HB1119_HAEMATOPOIETIC_AND_LYMPHOID_TISSUE":1.570655028,"HCC1143_BREAST":1.989548314,"HCC1359_LUNG":1.97460442,"HCC1395_BREAST":1.811349671,"HCC1419_BREAST":1.903116322,"HCC1428_BREAST":-0.412407855,"HCC15_LUNG":0.775297022,"HCC1806_BREAST":-1.098932745,"HCC1937_BREAST":-1.425251454,"HCC1954_BREAST":1.813331981,"HCC202_BREAST":-0.350099136,"HCC2429_LUNG":1.98946074,"HCC2935_LUNG":1.606904773,"HCC366_LUNG":-12.60990346,"HCC461_LUNG":1.93621216,"HCC515_LUNG":1.979009098,"HCC56_LARGE_INTESTINE":-3.546084903,"HCC827_LUNG":1.663539882,"HCC95_LUNG":1.812471524,"HDMYZ_HAEMATOPOIETIC_AND_LYMPHOID_TISSUE":0.98655615,"HEC151_ENDOMETRIUM":-0.252142658,"HEC1A_ENDOMETRIUM":1.801895203,"HEC1B_ENDOMETRIUM":1.251520801,"HEC251_ENDOMETRIUM":1.125216735,"HEC265_ENDOMETRIUM":-1.931470955,"HEC50B_ENDOMETRIUM":1.511076532,"HEC59_ENDOMETRIUM":-1.616709709,"HEC6_ENDOMETRIUM":1.994100605,"HEL_HAEMATOPOIETIC_AND_LYMPHOID_TISSUE":0.680881945,"HEL9217_HAEMATOPOIETIC_AND_LYMPHOID_TISSUE":1.992007218,"HEYA8_OVARY":1.294936752,"HGC27_STOMACH":-0.04039426,"HLF_LIVER":1.162915823,"HMC18_BREAST":1.983671132,"HOP62_LUNG":-2.176509961,"HS294T_SKIN":1.956568309,"HS578T_BREAST":1.966400399,"HS683_CENTRAL_NERVOUS_SYSTEM":1.983888185,"HS695T_SKIN":-7.117621304,"HS729_SOFT_TISSUE":0.437569551,"HS746T_STOMACH":1.995593852,"HS766T_PANCREAS":1.964449936,"HS852T_SKIN":1.971094697,"HS944T_SKIN":1.965175236,"HSB2_HAEMATOPOIETIC_AND_LYMPHOID_TISSUE":1.513819476,"HSC1_SKIN":1.111846365,"HSC2_UPPER_AERODIGESTIVE_TRACT":1.984741974,"HSC3_UPPER_AERODIGESTIVE_TRACT":1.990101853,"HT1080_SOFT_TISSUE":1.995102449,"HT115_LARGE_INTESTINE":0.266469705,"HT1197_URINARY_TRACT":1.987806631,"HT1376_URINARY_TRACT":1.745559415,"HT144_SKIN":1.247620197,"HT29_LARGE_INTESTINE":0.951779078,"HT55_LARGE_INTESTINE":1.744369296,"HUH1_LIVER":1.95067306,"HUH6_LIVER":0.074148774,"HUH7_LIVER":-0.364805883,"HUNS1_HAEMATOPOIETIC_AND_LYMPHOID_TISSUE":1.40812172,"HUPT3_PANCREAS":1.686630023,"IALM_LUNG":0.938467566,"IGR1_SKIN":1.053962947,"IGR39_SKIN":1.346067798,"IMR32_AUTONOMIC_GANGLIA":1.181852455,"INA6_HAEMATOPOIETIC_AND_LYMPHOID_TISSUE":1.784020286,"IPC298_SKIN":1.95284676,"ISTMES1_PLEURA":1.5188109,"ISTMES2_PLEURA":1.989798715,"J82_URINARY_TRACT":1.385249345,"JHH1_LIVER":1.876285541,"JHH4_LIVER":-0.608593217,"JHH5_LIVER":1.712013291,"JHH7_LIVER":0.407277583,"JHOC5_OVARY":-4.187494364,"JHOM1_OVARY":1.89882392,"JHOS2_OVARY":1.975990039,"JHOS4_OVARY":0.816812817,"JHUEM1_ENDOMETRIUM":1.798374594,"JHUEM7_ENDOMETRIUM":1.876146084,"JIMT1_BREAST":1.984116612,"JJN3_HAEMATOPOIETIC_AND_LYMPHOID_TISSUE":1.381419979,"JMSU1_URINARY_TRACT":1.9955289,"JMURTK2_SOFT_TISSUE":1.862482578,"JOPACA1_PANCREAS":1.904139417,"JR_SOFT_TISSUE":1.752323933,"K029AX_SKIN":0.795119921,"KALS1_CENTRAL_NERVOUS_SYSTEM":1.351874223,"KARPAS299_HAEMATOPOIETIC_AND_LYMPHOID_TISSUE":1.787423649,"KARPAS422_HAEMATOPOIETIC_AND_LYMPHOID_TISSUE":1.018644989,"KASUMI1_HAEMATOPOIETIC_AND_LYMPHOID_TISSUE":1.99544016,"KE39_STOMACH":-0.969119454,"KE97_HAEMATOPOIETIC_AND_LYMPHOID_TISSUE":1.345168241,"KELLY_AUTONOMIC_GANGLIA":1.564816647,"KIJK_HAEMATOPOIETIC_AND_LYMPHOID_TISSUE":1.89050674,"KLE_ENDOMETRIUM":1.993997313,"KM12_LARGE_INTESTINE":1.739440107,